check_at,fill_at,top_four,held_symbols,selected,equation_id,reason
2022-10-05 09:30:00+00:00,2022-10-05 10:00:00+00:00,,,,,NO_TRIGGER
2022-10-05 11:30:00+00:00,2022-10-05 12:00:00+00:00,,,,,NO_TRIGGER
2022-10-05 13:30:00+00:00,2022-10-05 14:00:00+00:00,,,,,NO_TRIGGER
2022-10-05 15:30:00+00:00,2022-10-05 16:00:00+00:00,,,,,NO_TRIGGER
2022-10-06 01:30:00+00:00,2022-10-06 02:00:00+00:00,,,,,NO_TRIGGER
2022-10-06 05:30:00+00:00,2022-10-06 06:00:00+00:00,,,,,NO_TRIGGER
2022-10-06 09:30:00+00:00,2022-10-06 10:00:00+00:00,,,,,NO_TRIGGER
2022-10-06 11:30:00+00:00,2022-10-06 12:00:00+00:00,,,,,NO_TRIGGER
2022-10-06 13:30:00+00:00,2022-10-06 14:00:00+00:00,,,,,NO_TRIGGER
2022-10-06 15:30:00+00:00,2022-10-06 16:00:00+00:00,,,,,NO_TRIGGER
2022-10-07 01:30:00+00:00,2022-10-07 02:00:00+00:00,,,,,NO_TRIGGER
2022-10-07 05:30:00+00:00,2022-10-07 06:00:00+00:00,,,,,NO_TRIGGER
2022-10-07 09:30:00+00:00,2022-10-07 10:00:00+00:00,,,,,NO_TRIGGER
2022-10-07 11:30:00+00:00,2022-10-07 12:00:00+00:00,,,,,NO_TRIGGER
2022-10-07 13:30:00+00:00,2022-10-07 14:00:00+00:00,,,,,NO_TRIGGER
2022-10-07 15:30:00+00:00,2022-10-07 16:00:00+00:00,,,,,NO_TRIGGER
2022-10-10 01:30:00+00:00,2022-10-10 02:00:00+00:00,,,,,NO_TRIGGER
2022-10-10 05:30:00+00:00,2022-10-10 06:00:00+00:00,,,,,NO_TRIGGER
2022-10-10 09:30:00+00:00,2022-10-10 10:00:00+00:00,,,,,NO_TRIGGER
2022-10-10 11:30:00+00:00,2022-10-10 12:00:00+00:00,,,,,NO_TRIGGER
2022-10-10 13:30:00+00:00,2022-10-10 14:00:00+00:00,,,,,NO_TRIGGER
2022-10-10 15:30:00+00:00,2022-10-10 16:00:00+00:00,,,,,NO_TRIGGER
2022-10-11 01:30:00+00:00,2022-10-11 02:00:00+00:00,,,,,NO_TRIGGER
2022-10-11 05:30:00+00:00,2022-10-11 06:00:00+00:00,,,,,NO_TRIGGER
2022-10-11 09:30:00+00:00,2022-10-11 10:00:00+00:00,,,,,NO_TRIGGER
2022-10-11 11:30:00+00:00,2022-10-11 12:00:00+00:00,,,,,NO_TRIGGER
2022-10-11 13:30:00+00:00,2022-10-11 14:00:00+00:00,,,,,NO_TRIGGER
2022-10-11 15:30:00+00:00,2022-10-11 16:00:00+00:00,,,,,NO_TRIGGER
2022-10-12 01:30:00+00:00,2022-10-12 02:00:00+00:00,,,,,NO_TRIGGER
2022-10-12 05:30:00+00:00,2022-10-12 06:00:00+00:00,,,,,NO_TRIGGER
2022-10-12 09:30:00+00:00,2022-10-12 10:00:00+00:00,"AUDCHF,USDCAD,AUDNZD",,AUDCHF,AUDCHF-10-N1R082E03,ENTRY
2022-10-12 11:30:00+00:00,2022-10-12 12:00:00+00:00,,AUDCHF,,,NO_TRIGGER
2022-10-12 13:30:00+00:00,2022-10-12 14:00:00+00:00,"EURGBP,AUDNZD",,EURGBP,EURGBP-10-R22E8,ENTRY
2022-10-12 15:30:00+00:00,2022-10-12 16:00:00+00:00,EURAUD,EURGBP,EURAUD,EURAUD-10-R05E8,ENTRY
2022-10-13 01:30:00+00:00,2022-10-13 02:00:00+00:00,"CHFJPY,EURAUD",EURAUD,CHFJPY,CHFJPY-10-R53E8,ENTRY
2022-10-13 05:30:00+00:00,2022-10-13 06:00:00+00:00,"USDCHF,USDCAD","CHFJPY,EURAUD",USDCHF,USDCHF-10-R56E7,ENTRY
2022-10-13 09:30:00+00:00,2022-10-13 10:00:00+00:00,"USDCHF,USDJPY","CHFJPY,EURAUD,USDCHF",USDJPY,USDJPY-10-R54E8,ENTRY
2022-10-13 11:30:00+00:00,2022-10-13 12:00:00+00:00,"USDJPY,AUDNZD","CHFJPY,EURAUD,USDCHF,USDJPY",AUDNZD,AUDNZD-10-N1R079E09,ENTRY
2022-10-13 13:30:00+00:00,2022-10-13 14:00:00+00:00,"AUDUSD,USDCAD",USDJPY,AUDUSD,AUDUSD-10-N1R085E10,ENTRY
2022-10-13 15:30:00+00:00,2022-10-13 16:00:00+00:00,AUDNZD,USDJPY,AUDNZD,AUDNZD-10-N1R079E09,ENTRY
2022-10-14 01:30:00+00:00,2022-10-14 02:00:00+00:00,EURAUD,USDJPY,EURAUD,EURAUD-10-R05E8,ENTRY
2022-10-14 05:30:00+00:00,2022-10-14 06:00:00+00:00,USDCHF,"EURAUD,USDJPY",USDCHF,USDCHF-10-R56E7,ENTRY
2022-10-14 09:30:00+00:00,2022-10-14 10:00:00+00:00,,"EURAUD,USDCHF,USDJPY",,,NO_TRIGGER
2022-10-14 11:30:00+00:00,2022-10-14 12:00:00+00:00,,EURAUD,,,NO_TRIGGER
2022-10-14 13:30:00+00:00,2022-10-14 14:00:00+00:00,,EURAUD,,,NO_TRIGGER
2022-10-14 15:30:00+00:00,2022-10-14 16:00:00+00:00,,,,,NO_TRIGGER
2022-10-17 01:30:00+00:00,2022-10-17 02:00:00+00:00,EURNZD,,EURNZD,EURNZD-10-R61E5,ENTRY
2022-10-17 05:30:00+00:00,2022-10-17 06:00:00+00:00,"CHFJPY,NZDUSD,USDCHF",EURNZD,CHFJPY,CHFJPY-10-R53E8,ENTRY
2022-10-17 09:30:00+00:00,2022-10-17 10:00:00+00:00,"NZDCAD,EURAUD","CHFJPY,EURNZD",NZDCAD,NZDCAD-10-R13E4,ENTRY
2022-10-17 11:30:00+00:00,2022-10-17 12:00:00+00:00,"NZDCAD,EURAUD","CHFJPY,EURNZD,NZDCAD",EURAUD,EURAUD-10-R05E8,ENTRY
2022-10-17 13:30:00+00:00,2022-10-17 14:00:00+00:00,"NZDCAD,EURAUD","CHFJPY,EURAUD,NZDCAD",,,TOP_FOUR_HELD
2022-10-17 15:30:00+00:00,2022-10-17 16:00:00+00:00,,"CHFJPY,EURAUD,NZDCAD",,,NO_TRIGGER
2022-10-18 01:30:00+00:00,2022-10-18 02:00:00+00:00,"EURAUD,AUDNZD",EURAUD,AUDNZD,AUDNZD-10-N1R079E09,ENTRY
2022-10-18 05:30:00+00:00,2022-10-18 06:00:00+00:00,"EURAUD,AUDNZD",EURAUD,AUDNZD,AUDNZD-10-N1R079E09,ENTRY
2022-10-18 09:30:00+00:00,2022-10-18 10:00:00+00:00,GBPJPY,EURAUD,GBPJPY,GBPJPY-10-R53E3,ENTRY
2022-10-18 11:30:00+00:00,2022-10-18 12:00:00+00:00,EURAUD,"EURAUD,GBPJPY",,,TOP_FOUR_HELD
2022-10-18 13:30:00+00:00,2022-10-18 14:00:00+00:00,AUDNZD,,AUDNZD,AUDNZD-10-N1R079E09,ENTRY
2022-10-18 15:30:00+00:00,2022-10-18 16:00:00+00:00,USDJPY,,USDJPY,USDJPY-10-R54E8,ENTRY
2022-10-19 01:30:00+00:00,2022-10-19 02:00:00+00:00,AUDNZD,USDJPY,AUDNZD,AUDNZD-10-N1R079E09,ENTRY
2022-10-19 05:30:00+00:00,2022-10-19 06:00:00+00:00,EURGBP,USDJPY,EURGBP,EURGBP-10-R22E8,ENTRY
2022-10-19 09:30:00+00:00,2022-10-19 10:00:00+00:00,,"EURGBP,USDJPY",,,NO_TRIGGER
2022-10-19 11:30:00+00:00,2022-10-19 12:00:00+00:00,,"EURGBP,USDJPY",,,NO_TRIGGER
2022-10-19 13:30:00+00:00,2022-10-19 14:00:00+00:00,GBPUSD,"EURGBP,USDJPY",GBPUSD,GBPUSD-10-N1R082E12,ENTRY
2022-10-19 15:30:00+00:00,2022-10-19 16:00:00+00:00,AUDNZD,"EURGBP,GBPUSD,USDJPY",AUDNZD,AUDNZD-10-N1R079E09,ENTRY
2022-10-20 01:30:00+00:00,2022-10-20 02:00:00+00:00,EURUSD,"EURGBP,GBPUSD",EURUSD,EURUSD-10-R32E3,ENTRY
2022-10-20 05:30:00+00:00,2022-10-20 06:00:00+00:00,"EURUSD,NZDUSD","EURGBP,GBPUSD",EURUSD,EURUSD-10-R32E3,ENTRY
2022-10-20 09:30:00+00:00,2022-10-20 10:00:00+00:00,"EURUSD,GBPUSD","EURUSD,GBPUSD",,,TOP_FOUR_HELD
2022-10-20 11:30:00+00:00,2022-10-20 12:00:00+00:00,"EURCAD,AUDNZD",,EURCAD,EURCAD-10-R29E8,ENTRY
2022-10-20 13:30:00+00:00,2022-10-20 14:00:00+00:00,,EURCAD,,,NO_TRIGGER
2022-10-20 15:30:00+00:00,2022-10-20 16:00:00+00:00,,EURCAD,,,NO_TRIGGER
2022-10-21 01:30:00+00:00,2022-10-21 02:00:00+00:00,"USDCHF,USDJPY",EURCAD,USDCHF,USDCHF-10-R56E7,ENTRY
2022-10-21 05:30:00+00:00,2022-10-21 06:00:00+00:00,,"EURCAD,USDCHF",,,NO_TRIGGER
2022-10-21 09:30:00+00:00,2022-10-21 10:00:00+00:00,"USDCAD,GBPUSD",EURCAD,USDCAD,USDCAD-10-N1R008E12,ENTRY
2022-10-21 11:30:00+00:00,2022-10-21 12:00:00+00:00,GBPUSD,"EURCAD,USDCAD",GBPUSD,GBPUSD-10-N1R082E12,ENTRY
2022-10-21 13:30:00+00:00,2022-10-21 14:00:00+00:00,,"GBPUSD,USDCAD",,,NO_TRIGGER
2022-10-21 15:30:00+00:00,2022-10-21 16:00:00+00:00,,,,,NO_TRIGGER
2022-10-24 01:30:00+00:00,2022-10-24 02:00:00+00:00,,,,,NO_TRIGGER
2022-10-24 05:30:00+00:00,2022-10-24 06:00:00+00:00,,,,,NO_TRIGGER
2022-10-24 09:30:00+00:00,2022-10-24 10:00:00+00:00,,,,,NO_TRIGGER
2022-10-24 11:30:00+00:00,2022-10-24 12:00:00+00:00,,,,,NO_TRIGGER
2022-10-24 13:30:00+00:00,2022-10-24 14:00:00+00:00,,,,,NO_TRIGGER
2022-10-24 15:30:00+00:00,2022-10-24 16:00:00+00:00,,,,,NO_TRIGGER
2022-10-25 01:30:00+00:00,2022-10-25 02:00:00+00:00,EURAUD,,EURAUD,EURAUD-10-R05E8,ENTRY
2022-10-25 05:30:00+00:00,2022-10-25 06:00:00+00:00,EURAUD,EURAUD,,,TOP_FOUR_HELD
2022-10-25 09:30:00+00:00,2022-10-25 10:00:00+00:00,EURAUD,EURAUD,,,TOP_FOUR_HELD
2022-10-25 11:30:00+00:00,2022-10-25 12:00:00+00:00,,EURAUD,,,NO_TRIGGER
2022-10-25 13:30:00+00:00,2022-10-25 14:00:00+00:00,EURAUD,EURAUD,,,TOP_FOUR_HELD
2022-10-25 15:30:00+00:00,2022-10-25 16:00:00+00:00,AUDCAD,EURAUD,AUDCAD,AUDCAD-10-N1R058E03,ENTRY
2022-10-26 01:30:00+00:00,2022-10-26 02:00:00+00:00,,"AUDCAD,EURAUD",,,NO_TRIGGER
2022-10-26 05:30:00+00:00,2022-10-26 06:00:00+00:00,,AUDCAD,,,NO_TRIGGER
2022-10-26 09:30:00+00:00,2022-10-26 10:00:00+00:00,AUDCAD,,AUDCAD,AUDCAD-10-N1R058E03,ENTRY
2022-10-26 11:30:00+00:00,2022-10-26 12:00:00+00:00,AUDCAD,AUDCAD,,,TOP_FOUR_HELD
2022-10-26 13:30:00+00:00,2022-10-26 14:00:00+00:00,AUDCAD,AUDCAD,,,TOP_FOUR_HELD
2022-10-26 15:30:00+00:00,2022-10-26 16:00:00+00:00,AUDCAD,,AUDCAD,AUDCAD-10-N1R058E03,ENTRY
2022-10-27 01:30:00+00:00,2022-10-27 02:00:00+00:00,AUDCAD,AUDCAD,,,TOP_FOUR_HELD
2022-10-27 05:30:00+00:00,2022-10-27 06:00:00+00:00,AUDCAD,AUDCAD,,,TOP_FOUR_HELD
2022-10-27 09:30:00+00:00,2022-10-27 10:00:00+00:00,"AUDJPY,EURJPY",AUDCAD,AUDJPY,AUDJPY-10-R22E5,ENTRY
2022-10-27 11:30:00+00:00,2022-10-27 12:00:00+00:00,EURJPY,AUDJPY,EURJPY,EURJPY-10-N1R107E01,ENTRY
2022-10-27 13:30:00+00:00,2022-10-27 14:00:00+00:00,EURJPY,AUDJPY,EURJPY,EURJPY-10-N1R107E01,ENTRY
2022-10-27 15:30:00+00:00,2022-10-27 16:00:00+00:00,EURJPY,AUDJPY,EURJPY,EURJPY-10-N1R107E01,ENTRY
2022-10-28 01:30:00+00:00,2022-10-28 02:00:00+00:00,EURJPY,,EURJPY,EURJPY-10-N1R107E01,ENTRY
2022-10-28 05:30:00+00:00,2022-10-28 06:00:00+00:00,,,,,NO_TRIGGER
2022-10-28 09:30:00+00:00,2022-10-28 10:00:00+00:00,EURUSD,,EURUSD,EURUSD-10-R32E3,ENTRY
2022-10-28 11:30:00+00:00,2022-10-28 12:00:00+00:00,EURUSD,EURUSD,,,TOP_FOUR_HELD
2022-10-28 13:30:00+00:00,2022-10-28 14:00:00+00:00,"EURUSD,AUDNZD",EURUSD,AUDNZD,AUDNZD-10-N1R079E09,ENTRY
2022-10-28 15:30:00+00:00,2022-10-28 16:00:00+00:00,"EURUSD,AUDNZD",,EURUSD,EURUSD-10-R32E3,ENTRY
2022-10-31 01:30:00+00:00,2022-10-31 02:00:00+00:00,,,,,NO_TRIGGER
2022-10-31 05:30:00+00:00,2022-10-31 06:00:00+00:00,EURUSD,,EURUSD,EURUSD-10-R32E3,ENTRY
2022-10-31 09:30:00+00:00,2022-10-31 10:00:00+00:00,"CHFJPY,EURUSD,USDCAD",EURUSD,CHFJPY,CHFJPY-10-R53E8,ENTRY
2022-10-31 11:30:00+00:00,2022-10-31 12:00:00+00:00,USDCAD,"CHFJPY,EURUSD",USDCAD,USDCAD-10-N1R008E12,ENTRY
2022-10-31 13:30:00+00:00,2022-10-31 14:00:00+00:00,"GBPJPY,USDCAD","CHFJPY,USDCAD",GBPJPY,GBPJPY-10-R53E3,ENTRY
2022-10-31 15:30:00+00:00,2022-10-31 16:00:00+00:00,"EURAUD,NZDUSD,EURCAD","CHFJPY,GBPJPY,USDCAD",EURAUD,EURAUD-10-R05E8,ENTRY
2022-11-01 01:30:00+00:00,2022-11-01 02:00:00+00:00,EURUSD,"CHFJPY,GBPJPY",EURUSD,EURUSD-11-N1R115E06,ENTRY
2022-11-01 05:30:00+00:00,2022-11-01 06:00:00+00:00,EURCAD,"CHFJPY,EURUSD,GBPJPY",EURCAD,EURCAD-11-R25E8,ENTRY
2022-11-01 09:30:00+00:00,2022-11-01 10:00:00+00:00,"EURCAD,USDCAD","CHFJPY,EURCAD",USDCAD,USDCAD-11-N1R100E01,ENTRY
2022-11-01 11:30:00+00:00,2022-11-01 12:00:00+00:00,EURJPY,EURCAD,EURJPY,EURJPY-11-N1R074E12,ENTRY
2022-11-01 13:30:00+00:00,2022-11-01 14:00:00+00:00,,"EURCAD,EURJPY",,,NO_TRIGGER
2022-11-01 15:30:00+00:00,2022-11-01 16:00:00+00:00,"USDJPY,GBPUSD",EURCAD,USDJPY,USDJPY-11-R35E8,ENTRY
2022-11-02 01:30:00+00:00,2022-11-02 02:00:00+00:00,"CHFJPY,EURUSD","EURCAD,USDJPY",CHFJPY,CHFJPY-11-R26E5,ENTRY
2022-11-02 05:30:00+00:00,2022-11-02 06:00:00+00:00,"EURCHF,EURCAD,GBPUSD","CHFJPY,EURCAD",EURCHF,EURCHF-11-R46E4,ENTRY
2022-11-02 09:30:00+00:00,2022-11-02 10:00:00+00:00,"CHFJPY,EURJPY","CHFJPY,EURCHF",EURJPY,EURJPY-11-N1R074E12,ENTRY
2022-11-02 11:30:00+00:00,2022-11-02 12:00:00+00:00,,"CHFJPY,EURCHF,EURJPY",,,NO_TRIGGER
2022-11-02 13:30:00+00:00,2022-11-02 14:00:00+00:00,,"CHFJPY,EURCHF,EURJPY",,,NO_TRIGGER
2022-11-02 15:30:00+00:00,2022-11-02 16:00:00+00:00,GBPUSD,"CHFJPY,EURCHF",GBPUSD,GBPUSD-11-R16E8,ENTRY
2022-11-03 01:30:00+00:00,2022-11-03 02:00:00+00:00,EURUSD,"CHFJPY,GBPUSD",EURUSD,EURUSD-11-N1R115E06,ENTRY
2022-11-03 05:30:00+00:00,2022-11-03 06:00:00+00:00,"CHFJPY,EURUSD,EURJPY","EURUSD,GBPUSD",CHFJPY,CHFJPY-11-R26E5,ENTRY
2022-11-03 09:30:00+00:00,2022-11-03 10:00:00+00:00,"EURNZD,EURCAD,GBPUSD,EURUSD",CHFJPY,EURNZD,EURNZD-11-R15E1,ENTRY
2022-11-03 11:30:00+00:00,2022-11-03 12:00:00+00:00,"CHFJPY,AUDUSD,EURCAD,EURUSD","CHFJPY,EURNZD",AUDUSD,AUDUSD-11-N1R102E10,ENTRY
2022-11-03 13:30:00+00:00,2022-11-03 14:00:00+00:00,"EURNZD,AUDUSD,GBPUSD,EURUSD","AUDUSD,CHFJPY",EURNZD,EURNZD-11-R15E1,ENTRY
2022-11-03 15:30:00+00:00,2022-11-03 16:00:00+00:00,"EURUSD,EURJPY,EURGBP","CHFJPY,EURNZD",EURUSD,EURUSD-11-N1R115E06,ENTRY
2022-11-04 01:30:00+00:00,2022-11-04 02:00:00+00:00,EURCAD,CHFJPY,EURCAD,EURCAD-11-R25E8,ENTRY
2022-11-04 05:30:00+00:00,2022-11-04 06:00:00+00:00,,"CHFJPY,EURCAD",,,NO_TRIGGER
2022-11-04 09:30:00+00:00,2022-11-04 10:00:00+00:00,"AUDCHF,EURCAD,EURJPY",EURCAD,AUDCHF,AUDCHF-11-R08E3,ENTRY
2022-11-04 11:30:00+00:00,2022-11-04 12:00:00+00:00,EURCAD,"AUDCHF,EURCAD",,,TOP_FOUR_HELD
2022-11-04 13:30:00+00:00,2022-11-04 14:00:00+00:00,"AUDCHF,EURCAD,EURAUD,USDCAD",,AUDCHF,AUDCHF-11-R08E3,ENTRY
2022-11-04 15:30:00+00:00,2022-11-04 16:00:00+00:00,"USDCAD,EURGBP",AUDCHF,USDCAD,USDCAD-11-N1R100E01,ENTRY
2022-11-07 01:30:00+00:00,2022-11-07 02:00:00+00:00,EURNZD,,EURNZD,EURNZD-11-R15E1,ENTRY
2022-11-07 05:30:00+00:00,2022-11-07 06:00:00+00:00,AUDJPY,EURNZD,AUDJPY,AUDJPY-11-N1R066E01,ENTRY
2022-11-07 09:30:00+00:00,2022-11-07 10:00:00+00:00,AUDCHF,EURNZD,AUDCHF,AUDCHF-11-R08E3,ENTRY
2022-11-07 11:30:00+00:00,2022-11-07 12:00:00+00:00,"USDCHF,AUDJPY","AUDCHF,EURNZD",USDCHF,USDCHF-11-N1R121E11,ENTRY
2022-11-07 13:30:00+00:00,2022-11-07 14:00:00+00:00,"USDCAD,USDCHF","EURNZD,USDCHF",USDCAD,USDCAD-11-N1R100E01,ENTRY
2022-11-07 15:30:00+00:00,2022-11-07 16:00:00+00:00,,"EURNZD,USDCHF",,,NO_TRIGGER
2022-11-08 01:30:00+00:00,2022-11-08 02:00:00+00:00,,"EURNZD,USDCHF",,,NO_TRIGGER
2022-11-08 05:30:00+00:00,2022-11-08 06:00:00+00:00,,USDCHF,,,NO_TRIGGER
2022-11-08 09:30:00+00:00,2022-11-08 10:00:00+00:00,,,,,NO_TRIGGER
2022-11-08 11:30:00+00:00,2022-11-08 12:00:00+00:00,NZDUSD,,NZDUSD,NZDUSD-11-N1R016E03,ENTRY
2022-11-08 13:30:00+00:00,2022-11-08 14:00:00+00:00,,NZDUSD,,,NO_TRIGGER
2022-11-08 15:30:00+00:00,2022-11-08 16:00:00+00:00,,NZDUSD,,,NO_TRIGGER
2022-11-09 01:30:00+00:00,2022-11-09 02:00:00+00:00,,,,,NO_TRIGGER
2022-11-09 05:30:00+00:00,2022-11-09 06:00:00+00:00,AUDNZD,,AUDNZD,AUDNZD-11-R01E7,ENTRY
2022-11-09 09:30:00+00:00,2022-11-09 10:00:00+00:00,AUDNZD,AUDNZD,,,TOP_FOUR_HELD
2022-11-09 11:30:00+00:00,2022-11-09 12:00:00+00:00,"NZDCAD,AUDNZD,EURGBP",,NZDCAD,NZDCAD-11-R16E4,ENTRY
2022-11-09 13:30:00+00:00,2022-11-09 14:00:00+00:00,AUDNZD,NZDCAD,AUDNZD,AUDNZD-11-R01E7,ENTRY
2022-11-09 15:30:00+00:00,2022-11-09 16:00:00+00:00,,"AUDNZD,NZDCAD",,,NO_TRIGGER
2022-11-10 01:30:00+00:00,2022-11-10 02:00:00+00:00,,,,,NO_TRIGGER
2022-11-10 05:30:00+00:00,2022-11-10 06:00:00+00:00,"EURCHF,AUDCAD",,EURCHF,EURCHF-11-R46E4,ENTRY
2022-11-10 09:30:00+00:00,2022-11-10 10:00:00+00:00,AUDCAD,EURCHF,AUDCAD,AUDCAD-11-N1R098E10,ENTRY
2022-11-10 11:30:00+00:00,2022-11-10 12:00:00+00:00,"GBPJPY,EURJPY,AUDCAD","AUDCAD,EURCHF",GBPJPY,GBPJPY-11-R59E5,ENTRY
2022-11-10 13:30:00+00:00,2022-11-10 14:00:00+00:00,"AUDNZD,EURUSD,EURJPY","AUDCAD,GBPJPY",AUDNZD,AUDNZD-11-R01E7,ENTRY
2022-11-10 15:30:00+00:00,2022-11-10 16:00:00+00:00,"AUDNZD,USDCHF",AUDNZD,USDCHF,USDCHF-11-N1R121E11,ENTRY
2022-11-11 01:30:00+00:00,2022-11-11 02:00:00+00:00,"AUDNZD,USDCHF",,AUDNZD,AUDNZD-11-R01E7,ENTRY
2022-11-11 05:30:00+00:00,2022-11-11 06:00:00+00:00,"CHFJPY,AUDNZD",AUDNZD,CHFJPY,CHFJPY-11-R26E5,ENTRY
2022-11-11 09:30:00+00:00,2022-11-11 10:00:00+00:00,"CHFJPY,AUDNZD,USDCAD",CHFJPY,AUDNZD,AUDNZD-11-R01E7,ENTRY
2022-11-11 11:30:00+00:00,2022-11-11 12:00:00+00:00,"CHFJPY,AUDCHF,AUDNZD",,CHFJPY,CHFJPY-11-R26E5,ENTRY
2022-11-11 13:30:00+00:00,2022-11-11 14:00:00+00:00,USDCHF,CHFJPY,USDCHF,USDCHF-11-N1R121E11,ENTRY
2022-11-11 15:30:00+00:00,2022-11-11 16:00:00+00:00,USDCHF,,USDCHF,USDCHF-11-N1R121E11,ENTRY
2022-11-14 01:30:00+00:00,2022-11-14 02:00:00+00:00,USDCHF,,USDCHF,USDCHF-11-N1R121E11,ENTRY
2022-11-14 05:30:00+00:00,2022-11-14 06:00:00+00:00,,,,,NO_TRIGGER
2022-11-14 09:30:00+00:00,2022-11-14 10:00:00+00:00,"GBPJPY,EURCHF,AUDNZD",,GBPJPY,GBPJPY-11-R59E5,ENTRY
2022-11-14 11:30:00+00:00,2022-11-14 12:00:00+00:00,"GBPJPY,EURCHF,AUDNZD",GBPJPY,EURCHF,EURCHF-11-R46E4,ENTRY
2022-11-14 13:30:00+00:00,2022-11-14 14:00:00+00:00,"AUDNZD,EURJPY","EURCHF,GBPJPY",AUDNZD,AUDNZD-11-R01E7,ENTRY
2022-11-14 15:30:00+00:00,2022-11-14 16:00:00+00:00,AUDNZD,"AUDNZD,EURCHF,GBPJPY",,,TOP_FOUR_HELD
2022-11-15 01:30:00+00:00,2022-11-15 02:00:00+00:00,AUDNZD,"AUDNZD,GBPJPY",,,TOP_FOUR_HELD
2022-11-15 05:30:00+00:00,2022-11-15 06:00:00+00:00,AUDJPY,GBPJPY,AUDJPY,AUDJPY-11-N1R066E01,ENTRY
2022-11-15 09:30:00+00:00,2022-11-15 10:00:00+00:00,"EURNZD,NZDUSD",GBPJPY,EURNZD,EURNZD-11-R15E1,ENTRY
2022-11-15 11:30:00+00:00,2022-11-15 12:00:00+00:00,"AUDNZD,USDCHF",,AUDNZD,AUDNZD-11-R01E7,ENTRY
2022-11-15 13:30:00+00:00,2022-11-15 14:00:00+00:00,,AUDNZD,,,NO_TRIGGER
2022-11-15 15:30:00+00:00,2022-11-15 16:00:00+00:00,,AUDNZD,,,NO_TRIGGER
2022-11-16 01:30:00+00:00,2022-11-16 02:00:00+00:00,EURNZD,,EURNZD,EURNZD-11-R15E1,ENTRY
2022-11-16 05:30:00+00:00,2022-11-16 06:00:00+00:00,,EURNZD,,,NO_TRIGGER
2022-11-16 09:30:00+00:00,2022-11-16 10:00:00+00:00,EURNZD,EURNZD,,,TOP_FOUR_HELD
2022-11-16 11:30:00+00:00,2022-11-16 12:00:00+00:00,,,,,NO_TRIGGER
2022-11-16 13:30:00+00:00,2022-11-16 14:00:00+00:00,EURNZD,,EURNZD,EURNZD-11-R15E1,ENTRY
2022-11-16 15:30:00+00:00,2022-11-16 16:00:00+00:00,,,,,NO_TRIGGER
2022-11-17 01:30:00+00:00,2022-11-17 02:00:00+00:00,,,,,NO_TRIGGER
2022-11-17 05:30:00+00:00,2022-11-17 06:00:00+00:00,,,,,NO_TRIGGER
2022-11-17 09:30:00+00:00,2022-11-17 10:00:00+00:00,,,,,NO_TRIGGER
2022-11-17 11:30:00+00:00,2022-11-17 12:00:00+00:00,CHFJPY,,CHFJPY,CHFJPY-11-R26E5,ENTRY
2022-11-17 13:30:00+00:00,2022-11-17 14:00:00+00:00,AUDUSD,CHFJPY,AUDUSD,AUDUSD-11-N1R102E10,ENTRY
2022-11-17 15:30:00+00:00,2022-11-17 16:00:00+00:00,AUDCAD,CHFJPY,AUDCAD,AUDCAD-11-N1R098E10,ENTRY
2022-11-18 01:30:00+00:00,2022-11-18 02:00:00+00:00,,CHFJPY,,,NO_TRIGGER
2022-11-18 05:30:00+00:00,2022-11-18 06:00:00+00:00,,,,,NO_TRIGGER
2022-11-18 09:30:00+00:00,2022-11-18 10:00:00+00:00,,,,,NO_TRIGGER
2022-11-18 11:30:00+00:00,2022-11-18 12:00:00+00:00,AUDCHF,,AUDCHF,AUDCHF-11-R08E3,ENTRY
2022-11-18 13:30:00+00:00,2022-11-18 14:00:00+00:00,"CHFJPY,AUDCHF",AUDCHF,CHFJPY,CHFJPY-11-R26E5,ENTRY
2022-11-18 15:30:00+00:00,2022-11-18 16:00:00+00:00,,CHFJPY,,,NO_TRIGGER
2022-11-21 01:30:00+00:00,2022-11-21 02:00:00+00:00,"CHFJPY,EURUSD",,CHFJPY,CHFJPY-11-R26E5,ENTRY
2022-11-21 05:30:00+00:00,2022-11-21 06:00:00+00:00,"AUDUSD,EURUSD,EURJPY",CHFJPY,AUDUSD,AUDUSD-11-N1R102E10,ENTRY
2022-11-21 09:30:00+00:00,2022-11-21 10:00:00+00:00,"EURCAD,EURUSD,AUDCAD",,EURCAD,EURCAD-11-R25E8,ENTRY
2022-11-21 11:30:00+00:00,2022-11-21 12:00:00+00:00,"USDJPY,AUDUSD,EURCAD,EURUSD",EURCAD,USDJPY,USDJPY-11-R35E8,ENTRY
2022-11-21 13:30:00+00:00,2022-11-21 14:00:00+00:00,"USDJPY,AUDUSD,EURUSD,AUDCAD","EURCAD,USDJPY",AUDUSD,AUDUSD-11-N1R102E10,ENTRY
2022-11-21 15:30:00+00:00,2022-11-21 16:00:00+00:00,"USDJPY,EURNZD,EURUSD","AUDUSD,EURCAD,USDJPY",EURNZD,EURNZD-11-R15E1,ENTRY
2022-11-22 01:30:00+00:00,2022-11-22 02:00:00+00:00,EURCHF,"EURCAD,USDJPY",EURCHF,EURCHF-11-R46E4,ENTRY
2022-11-22 05:30:00+00:00,2022-11-22 06:00:00+00:00,,"EURCAD,EURCHF,USDJPY",,,NO_TRIGGER
2022-11-22 09:30:00+00:00,2022-11-22 10:00:00+00:00,GBPUSD,"EURCAD,EURCHF,USDJPY",GBPUSD,GBPUSD-11-R16E8,ENTRY
2022-11-22 11:30:00+00:00,2022-11-22 12:00:00+00:00,EURCAD,"EURCHF,GBPUSD,USDJPY",EURCAD,EURCAD-11-R25E8,ENTRY
2022-11-22 13:30:00+00:00,2022-11-22 14:00:00+00:00,EURCAD,"EURCAD,EURCHF,GBPUSD",,,TOP_FOUR_HELD
2022-11-22 15:30:00+00:00,2022-11-22 16:00:00+00:00,,"EURCAD,GBPUSD",,,NO_TRIGGER
2022-11-23 01:30:00+00:00,2022-11-23 02:00:00+00:00,"EURCHF,EURNZD",EURCAD,EURCHF,EURCHF-11-R46E4,ENTRY
2022-11-23 05:30:00+00:00,2022-11-23 06:00:00+00:00,"EURCHF,EURNZD","EURCAD,EURCHF",EURNZD,EURNZD-11-R15E1,ENTRY
2022-11-23 09:30:00+00:00,2022-11-23 10:00:00+00:00,,EURCHF,,,NO_TRIGGER
2022-11-23 11:30:00+00:00,2022-11-23 12:00:00+00:00,,EURCHF,,,NO_TRIGGER
2022-11-23 13:30:00+00:00,2022-11-23 14:00:00+00:00,,EURCHF,,,NO_TRIGGER
2022-11-23 15:30:00+00:00,2022-11-23 16:00:00+00:00,,EURCHF,,,NO_TRIGGER
2022-11-24 01:30:00+00:00,2022-11-24 02:00:00+00:00,USDCHF,,USDCHF,USDCHF-11-N1R121E11,ENTRY
2022-11-24 05:30:00+00:00,2022-11-24 06:00:00+00:00,EURNZD,USDCHF,EURNZD,EURNZD-11-R15E1,ENTRY
2022-11-24 09:30:00+00:00,2022-11-24 10:00:00+00:00,AUDCHF,,AUDCHF,AUDCHF-11-R08E3,ENTRY
2022-11-24 11:30:00+00:00,2022-11-24 12:00:00+00:00,CHFJPY,AUDCHF,CHFJPY,CHFJPY-11-R26E5,ENTRY
2022-11-24 13:30:00+00:00,2022-11-24 14:00:00+00:00,"AUDCHF,EURAUD","AUDCHF,CHFJPY",EURAUD,EURAUD-11-N1R083E06,ENTRY
2022-11-24 15:30:00+00:00,2022-11-24 16:00:00+00:00,AUDCHF,CHFJPY,AUDCHF,AUDCHF-11-R08E3,ENTRY
2022-11-25 01:30:00+00:00,2022-11-25 02:00:00+00:00,EURNZD,"AUDCHF,CHFJPY",EURNZD,EURNZD-11-R15E1,ENTRY
2022-11-25 05:30:00+00:00,2022-11-25 06:00:00+00:00,CHFJPY,"AUDCHF,CHFJPY",,,TOP_FOUR_HELD
2022-11-25 09:30:00+00:00,2022-11-25 10:00:00+00:00,EURNZD,CHFJPY,EURNZD,EURNZD-11-R15E1,ENTRY
2022-11-25 11:30:00+00:00,2022-11-25 12:00:00+00:00,"AUDNZD,EURNZD",EURNZD,AUDNZD,AUDNZD-11-R01E7,ENTRY
2022-11-25 13:30:00+00:00,2022-11-25 14:00:00+00:00,"AUDNZD,EURAUD",AUDNZD,EURAUD,EURAUD-11-N1R083E06,ENTRY
2022-11-25 15:30:00+00:00,2022-11-25 16:00:00+00:00,AUDCHF,"AUDNZD,EURAUD",AUDCHF,AUDCHF-11-R08E3,ENTRY
2022-11-28 01:30:00+00:00,2022-11-28 02:00:00+00:00,,,,,NO_TRIGGER
2022-11-28 05:30:00+00:00,2022-11-28 06:00:00+00:00,,,,,NO_TRIGGER
2022-11-28 09:30:00+00:00,2022-11-28 10:00:00+00:00,,,,,NO_TRIGGER
2022-11-28 11:30:00+00:00,2022-11-28 12:00:00+00:00,EURGBP,,EURGBP,EURGBP-11-N1R015E01,ENTRY
2022-11-28 13:30:00+00:00,2022-11-28 14:00:00+00:00,,EURGBP,,,NO_TRIGGER
2022-11-28 15:30:00+00:00,2022-11-28 16:00:00+00:00,,,,,NO_TRIGGER
2022-11-29 01:30:00+00:00,2022-11-29 02:00:00+00:00,EURUSD,,EURUSD,EURUSD-11-N1R115E06,ENTRY
2022-11-29 05:30:00+00:00,2022-11-29 06:00:00+00:00,EURUSD,,EURUSD,EURUSD-11-N1R115E06,ENTRY
2022-11-29 09:30:00+00:00,2022-11-29 10:00:00+00:00,"CHFJPY,EURJPY",,CHFJPY,CHFJPY-11-R26E5,ENTRY
2022-11-29 11:30:00+00:00,2022-11-29 12:00:00+00:00,EURJPY,CHFJPY,EURJPY,EURJPY-11-N1R074E12,ENTRY
2022-11-29 13:30:00+00:00,2022-11-29 14:00:00+00:00,,"CHFJPY,EURJPY",,,NO_TRIGGER
2022-11-29 15:30:00+00:00,2022-11-29 16:00:00+00:00,EURNZD,"CHFJPY,EURJPY",EURNZD,EURNZD-11-R15E1,ENTRY
2022-11-30 01:30:00+00:00,2022-11-30 02:00:00+00:00,EURUSD,"CHFJPY,EURJPY",EURUSD,EURUSD-11-N1R115E06,ENTRY
2022-11-30 05:30:00+00:00,2022-11-30 06:00:00+00:00,,"CHFJPY,EURUSD",,,NO_TRIGGER
2022-11-30 09:30:00+00:00,2022-11-30 10:00:00+00:00,"GBPJPY,EURAUD",,GBPJPY,GBPJPY-11-R59E5,ENTRY
2022-11-30 11:30:00+00:00,2022-11-30 12:00:00+00:00,"GBPJPY,GBPUSD",GBPJPY,GBPUSD,GBPUSD-11-R16E8,ENTRY
2022-11-30 13:30:00+00:00,2022-11-30 14:00:00+00:00,,"GBPJPY,GBPUSD",,,NO_TRIGGER
2022-11-30 15:30:00+00:00,2022-11-30 16:00:00+00:00,EURNZD,GBPUSD,EURNZD,EURNZD-11-R15E1,ENTRY
2022-12-01 01:30:00+00:00,2022-12-01 02:00:00+00:00,USDCHF,,USDCHF,USDCHF-12-N1R120E10,ENTRY
2022-12-01 05:30:00+00:00,2022-12-01 06:00:00+00:00,"CHFJPY,USDCHF",USDCHF,CHFJPY,CHFJPY-12-N1R099E01,ENTRY
2022-12-01 09:30:00+00:00,2022-12-01 10:00:00+00:00,"GBPJPY,CHFJPY",,GBPJPY,GBPJPY-12-R53E4,ENTRY
2022-12-01 11:30:00+00:00,2022-12-01 12:00:00+00:00,"GBPJPY,EURGBP,AUDNZD,GBPUSD",GBPJPY,EURGBP,EURGBP-12-N1R118E09,ENTRY
2022-12-01 13:30:00+00:00,2022-12-01 14:00:00+00:00,"EURGBP,GBPUSD",GBPJPY,EURGBP,EURGBP-12-N1R118E09,ENTRY
2022-12-01 15:30:00+00:00,2022-12-01 16:00:00+00:00,"USDCHF,GBPUSD",,USDCHF,USDCHF-12-N1R120E10,ENTRY
2022-12-02 01:30:00+00:00,2022-12-02 02:00:00+00:00,EURCAD,,EURCAD,EURCAD-12-N1R022E06,ENTRY
2022-12-02 05:30:00+00:00,2022-12-02 06:00:00+00:00,"GBPJPY,AUDJPY,CHFJPY,GBPUSD",EURCAD,GBPJPY,GBPJPY-12-R53E4,ENTRY
2022-12-02 09:30:00+00:00,2022-12-02 10:00:00+00:00,"AUDJPY,USDCHF,EURCAD,EURAUD",,AUDJPY,AUDJPY-12-N1R122E07,ENTRY
2022-12-02 11:30:00+00:00,2022-12-02 12:00:00+00:00,"AUDJPY,CHFJPY,USDCHF,EURCAD",AUDJPY,CHFJPY,CHFJPY-12-N1R099E01,ENTRY
2022-12-02 13:30:00+00:00,2022-12-02 14:00:00+00:00,"GBPJPY,AUDJPY,USDCHF,EURCAD","AUDJPY,CHFJPY",GBPJPY,GBPJPY-12-R53E4,ENTRY
2022-12-02 15:30:00+00:00,2022-12-02 16:00:00+00:00,"GBPJPY,EURAUD",GBPJPY,EURAUD,EURAUD-12-N1R004E07,ENTRY
2022-12-05 01:30:00+00:00,2022-12-05 02:00:00+00:00,GBPJPY,,GBPJPY,GBPJPY-12-R53E4,ENTRY
2022-12-05 05:30:00+00:00,2022-12-05 06:00:00+00:00,,GBPJPY,,,NO_TRIGGER
2022-12-05 09:30:00+00:00,2022-12-05 10:00:00+00:00,"AUDJPY,EURAUD",GBPJPY,AUDJPY,AUDJPY-12-N1R122E07,ENTRY
2022-12-05 11:30:00+00:00,2022-12-05 12:00:00+00:00,,"AUDJPY,GBPJPY",,,NO_TRIGGER
2022-12-05 13:30:00+00:00,2022-12-05 14:00:00+00:00,"EURAUD,AUDNZD","AUDJPY,GBPJPY",EURAUD,EURAUD-12-N1R004E07,ENTRY
2022-12-05 15:30:00+00:00,2022-12-05 16:00:00+00:00,"AUDCHF,EURJPY,EURAUD",EURAUD,AUDCHF,AUDCHF-12-N1R089E11,ENTRY
2022-12-06 01:30:00+00:00,2022-12-06 02:00:00+00:00,"EURNZD,EURCAD",AUDCHF,EURNZD,EURNZD-12-R19E5,ENTRY
2022-12-06 05:30:00+00:00,2022-12-06 06:00:00+00:00,"EURNZD,AUDJPY,AUDUSD","AUDCHF,EURNZD",AUDJPY,AUDJPY-12-N1R122E07,ENTRY
2022-12-06 09:30:00+00:00,2022-12-06 10:00:00+00:00,"AUDJPY,EURAUD","AUDCHF,EURNZD",AUDJPY,AUDJPY-12-N1R122E07,ENTRY
2022-12-06 11:30:00+00:00,2022-12-06 12:00:00+00:00,"USDCAD,AUDJPY,EURCAD","AUDCHF,AUDJPY,EURNZD",USDCAD,USDCAD-12-N1R014E02,ENTRY
2022-12-06 13:30:00+00:00,2022-12-06 14:00:00+00:00,"EURNZD,AUDJPY,AUDUSD,EURCAD","AUDCHF,AUDJPY,EURNZD,USDCAD",AUDUSD,AUDUSD-12-R13E8,ENTRY
2022-12-06 15:30:00+00:00,2022-12-06 16:00:00+00:00,"EURNZD,EURCAD","AUDCHF,AUDJPY,AUDUSD,EURNZD",EURCAD,EURCAD-12-N1R022E06,ENTRY
2022-12-07 01:30:00+00:00,2022-12-07 02:00:00+00:00,AUDJPY,"AUDUSD,EURNZD",AUDJPY,AUDJPY-12-N1R122E07,ENTRY
2022-12-07 05:30:00+00:00,2022-12-07 06:00:00+00:00,"AUDJPY,EURJPY,EURAUD","AUDJPY,AUDUSD",EURJPY,EURJPY-12-N1R016E11,ENTRY
2022-12-07 09:30:00+00:00,2022-12-07 10:00:00+00:00,"EURAUD,AUDNZD","AUDUSD,EURJPY",EURAUD,EURAUD-12-N1R004E07,ENTRY
2022-12-07 11:30:00+00:00,2022-12-07 12:00:00+00:00,"USDCAD,EURJPY,EURAUD","AUDUSD,EURAUD",USDCAD,USDCAD-12-N1R014E02,ENTRY
2022-12-07 13:30:00+00:00,2022-12-07 14:00:00+00:00,AUDUSD,AUDUSD,,,TOP_FOUR_HELD
2022-12-07 15:30:00+00:00,2022-12-07 16:00:00+00:00,AUDUSD,,AUDUSD,AUDUSD-12-R13E8,ENTRY
2022-12-08 01:30:00+00:00,2022-12-08 02:00:00+00:00,,AUDUSD,,,NO_TRIGGER
2022-12-08 05:30:00+00:00,2022-12-08 06:00:00+00:00,,AUDUSD,,,NO_TRIGGER
2022-12-08 09:30:00+00:00,2022-12-08 10:00:00+00:00,EURAUD,AUDUSD,EURAUD,EURAUD-12-N1R004E07,ENTRY
2022-12-08 11:30:00+00:00,2022-12-08 12:00:00+00:00,,AUDUSD,,,NO_TRIGGER
2022-12-08 13:30:00+00:00,2022-12-08 14:00:00+00:00,,AUDUSD,,,NO_TRIGGER
2022-12-08 15:30:00+00:00,2022-12-08 16:00:00+00:00,,,,,NO_TRIGGER
2022-12-09 01:30:00+00:00,2022-12-09 02:00:00+00:00,USDCHF,,USDCHF,USDCHF-12-N1R120E10,ENTRY
2022-12-09 05:30:00+00:00,2022-12-09 06:00:00+00:00,"USDCHF,GBPUSD",USDCHF,GBPUSD,GBPUSD-12-N1R006E08,ENTRY
2022-12-09 09:30:00+00:00,2022-12-09 10:00:00+00:00,USDCHF,"GBPUSD,USDCHF",,,TOP_FOUR_HELD
2022-12-09 11:30:00+00:00,2022-12-09 12:00:00+00:00,USDCHF,GBPUSD,USDCHF,USDCHF-12-N1R120E10,ENTRY
2022-12-09 13:30:00+00:00,2022-12-09 14:00:00+00:00,"USDCHF,GBPUSD","GBPUSD,USDCHF",,,TOP_FOUR_HELD
2022-12-09 15:30:00+00:00,2022-12-09 16:00:00+00:00,USDCHF,,USDCHF,USDCHF-12-N1R120E10,ENTRY
2022-12-12 01:30:00+00:00,2022-12-12 02:00:00+00:00,,,,,NO_TRIGGER
2022-12-12 05:30:00+00:00,2022-12-12 06:00:00+00:00,,,,,NO_TRIGGER
2022-12-12 09:30:00+00:00,2022-12-12 10:00:00+00:00,,,,,NO_TRIGGER
2022-12-12 11:30:00+00:00,2022-12-12 12:00:00+00:00,EURJPY,,EURJPY,EURJPY-12-N1R016E11,ENTRY
2022-12-12 13:30:00+00:00,2022-12-12 14:00:00+00:00,"EURCHF,EURJPY",EURJPY,EURCHF,EURCHF-12-N1R139E11,ENTRY
2022-12-12 15:30:00+00:00,2022-12-12 16:00:00+00:00,"USDJPY,EURCAD",EURCHF,USDJPY,USDJPY-12-N1R030E11,ENTRY
2022-12-13 01:30:00+00:00,2022-12-13 02:00:00+00:00,AUDNZD,EURCHF,AUDNZD,AUDNZD-12-N1R136E12,ENTRY
2022-12-13 05:30:00+00:00,2022-12-13 06:00:00+00:00,EURAUD,"AUDNZD,EURCHF",EURAUD,EURAUD-12-N1R004E07,ENTRY
2022-12-13 09:30:00+00:00,2022-12-13 10:00:00+00:00,,AUDNZD,,,NO_TRIGGER
2022-12-13 11:30:00+00:00,2022-12-13 12:00:00+00:00,,AUDNZD,,,NO_TRIGGER
2022-12-13 13:30:00+00:00,2022-12-13 14:00:00+00:00,,AUDNZD,,,NO_TRIGGER
2022-12-13 15:30:00+00:00,2022-12-13 16:00:00+00:00,"USDCHF,GBPUSD",,USDCHF,USDCHF-12-N1R120E10,ENTRY
2022-12-14 01:30:00+00:00,2022-12-14 02:00:00+00:00,USDCHF,,USDCHF,USDCHF-12-N1R120E10,ENTRY
2022-12-14 05:30:00+00:00,2022-12-14 06:00:00+00:00,USDCHF,USDCHF,,,TOP_FOUR_HELD
2022-12-14 09:30:00+00:00,2022-12-14 10:00:00+00:00,USDCHF,USDCHF,,,TOP_FOUR_HELD
2022-12-14 11:30:00+00:00,2022-12-14 12:00:00+00:00,"USDCHF,EURCAD,GBPUSD",,USDCHF,USDCHF-12-N1R120E10,ENTRY
2022-12-14 13:30:00+00:00,2022-12-14 14:00:00+00:00,"USDCHF,EURCAD",USDCHF,EURCAD,EURCAD-12-N1R022E06,ENTRY
2022-12-14 15:30:00+00:00,2022-12-14 16:00:00+00:00,"GBPJPY,EURNZD",EURCAD,GBPJPY,GBPJPY-12-R53E4,ENTRY
2022-12-15 01:30:00+00:00,2022-12-15 02:00:00+00:00,,,,,NO_TRIGGER
2022-12-15 05:30:00+00:00,2022-12-15 06:00:00+00:00,,,,,NO_TRIGGER
2022-12-15 09:30:00+00:00,2022-12-15 10:00:00+00:00,AUDCHF,,AUDCHF,AUDCHF-12-N1R089E11,ENTRY
2022-12-15 11:30:00+00:00,2022-12-15 12:00:00+00:00,"NZDUSD,AUDCHF,EURJPY,EURAUD",AUDCHF,NZDUSD,NZDUSD-12-N1R086E05,ENTRY
2022-12-15 13:30:00+00:00,2022-12-15 14:00:00+00:00,"AUDJPY,AUDCHF,EURAUD","AUDCHF,NZDUSD",AUDJPY,AUDJPY-12-N1R122E07,ENTRY
2022-12-15 15:30:00+00:00,2022-12-15 16:00:00+00:00,"AUDJPY,AUDCHF,EURCAD","AUDJPY,NZDUSD",AUDCHF,AUDCHF-12-N1R089E11,ENTRY
2022-12-16 01:30:00+00:00,2022-12-16 02:00:00+00:00,AUDCHF,"AUDCHF,NZDUSD",,,TOP_FOUR_HELD
2022-12-16 05:30:00+00:00,2022-12-16 06:00:00+00:00,"EURNZD,AUDJPY,EURAUD,AUDNZD","AUDCHF,NZDUSD",EURNZD,EURNZD-12-R19E5,ENTRY
2022-12-16 09:30:00+00:00,2022-12-16 10:00:00+00:00,"USDCAD,AUDJPY,EURCAD,EURAUD","EURNZD,NZDUSD",USDCAD,USDCAD-12-N1R014E02,ENTRY
2022-12-16 11:30:00+00:00,2022-12-16 12:00:00+00:00,"GBPJPY,USDCAD,EURCAD","EURNZD,NZDUSD,USDCAD",GBPJPY,GBPJPY-12-R53E4,ENTRY
2022-12-16 13:30:00+00:00,2022-12-16 14:00:00+00:00,,"EURNZD,GBPJPY",,,NO_TRIGGER
2022-12-16 15:30:00+00:00,2022-12-16 16:00:00+00:00,"GBPJPY,AUDUSD","EURNZD,GBPJPY",AUDUSD,AUDUSD-12-R13E8,ENTRY
2022-12-19 01:30:00+00:00,2022-12-19 02:00:00+00:00,AUDUSD,,AUDUSD,AUDUSD-12-R13E8,ENTRY
2022-12-19 05:30:00+00:00,2022-12-19 06:00:00+00:00,"AUDUSD,EURAUD,AUDNZD",AUDUSD,EURAUD,EURAUD-12-N1R004E07,ENTRY
2022-12-19 09:30:00+00:00,2022-12-19 10:00:00+00:00,"GBPJPY,AUDJPY,AUDUSD","AUDUSD,EURAUD",GBPJPY,GBPJPY-12-R53E4,ENTRY
2022-12-19 11:30:00+00:00,2022-12-19 12:00:00+00:00,"GBPJPY,AUDUSD,EURUSD","AUDUSD,GBPJPY",EURUSD,EURUSD-12-N1R137E06,ENTRY
2022-12-19 13:30:00+00:00,2022-12-19 14:00:00+00:00,"GBPJPY,AUDJPY,EURUSD","AUDUSD,EURUSD,GBPJPY",AUDJPY,AUDJPY-12-N1R122E07,ENTRY
2022-12-19 15:30:00+00:00,2022-12-19 16:00:00+00:00,"GBPJPY,AUDJPY,AUDUSD,EURUSD","AUDUSD,EURUSD,GBPJPY",AUDJPY,AUDJPY-12-N1R122E07,ENTRY
2022-12-20 01:30:00+00:00,2022-12-20 02:00:00+00:00,,"AUDUSD,GBPJPY",,,NO_TRIGGER
2022-12-20 05:30:00+00:00,2022-12-20 06:00:00+00:00,"CHFJPY,AUDCHF",,CHFJPY,CHFJPY-12-N1R099E01,ENTRY
2022-12-20 09:30:00+00:00,2022-12-20 10:00:00+00:00,"CHFJPY,AUDUSD",,CHFJPY,CHFJPY-12-N1R099E01,ENTRY
2022-12-20 11:30:00+00:00,2022-12-20 12:00:00+00:00,"GBPJPY,USDCHF",CHFJPY,GBPJPY,GBPJPY-12-R53E4,ENTRY
2022-12-20 13:30:00+00:00,2022-12-20 14:00:00+00:00,,GBPJPY,,,NO_TRIGGER
2022-12-20 15:30:00+00:00,2022-12-20 16:00:00+00:00,USDCHF,GBPJPY,USDCHF,USDCHF-12-N1R120E10,ENTRY
2022-12-21 01:30:00+00:00,2022-12-21 02:00:00+00:00,AUDUSD,GBPJPY,AUDUSD,AUDUSD-12-R13E8,ENTRY
2022-12-21 05:30:00+00:00,2022-12-21 06:00:00+00:00,"GBPJPY,EURNZD,AUDJPY,EURAUD","AUDUSD,GBPJPY",EURNZD,EURNZD-12-R19E5,ENTRY
2022-12-21 09:30:00+00:00,2022-12-21 10:00:00+00:00,"AUDJPY,EURCHF,EURAUD","AUDUSD,EURNZD,GBPJPY",AUDJPY,AUDJPY-12-N1R122E07,ENTRY
2022-12-21 11:30:00+00:00,2022-12-21 12:00:00+00:00,"EURNZD,AUDJPY,EURCHF","AUDUSD,EURNZD,GBPJPY",AUDJPY,AUDJPY-12-N1R122E07,ENTRY
2022-12-21 13:30:00+00:00,2022-12-21 14:00:00+00:00,"GBPJPY,AUDJPY,AUDUSD","AUDUSD,EURNZD",GBPJPY,GBPJPY-12-R53E4,ENTRY
2022-12-21 15:30:00+00:00,2022-12-21 16:00:00+00:00,"GBPJPY,AUDCAD","AUDUSD,EURNZD,GBPJPY",AUDCAD,AUDCAD-12-N1R136E10,ENTRY
2022-12-22 01:30:00+00:00,2022-12-22 02:00:00+00:00,,"EURNZD,GBPJPY",,,NO_TRIGGER
2022-12-22 05:30:00+00:00,2022-12-22 06:00:00+00:00,"EURNZD,CHFJPY","EURNZD,GBPJPY",CHFJPY,CHFJPY-12-N1R099E01,ENTRY
2022-12-22 09:30:00+00:00,2022-12-22 10:00:00+00:00,GBPJPY,GBPJPY,,,TOP_FOUR_HELD
2022-12-22 11:30:00+00:00,2022-12-22 12:00:00+00:00,NZDUSD,GBPJPY,NZDUSD,NZDUSD-12-N1R086E05,ENTRY
2022-12-22 13:30:00+00:00,2022-12-22 14:00:00+00:00,,NZDUSD,,,NO_TRIGGER
2022-12-22 15:30:00+00:00,2022-12-22 16:00:00+00:00,"NZDUSD,CHFJPY",NZDUSD,CHFJPY,CHFJPY-12-N1R099E01,ENTRY
2022-12-23 01:30:00+00:00,2022-12-23 02:00:00+00:00,"GBPJPY,AUDJPY",,GBPJPY,GBPJPY-12-R53E4,ENTRY
2022-12-23 05:30:00+00:00,2022-12-23 06:00:00+00:00,AUDJPY,GBPJPY,AUDJPY,AUDJPY-12-N1R122E07,ENTRY
2022-12-23 09:30:00+00:00,2022-12-23 10:00:00+00:00,"AUDJPY,AUDUSD,AUDCAD",GBPJPY,AUDJPY,AUDJPY-12-N1R122E07,ENTRY
2022-12-23 11:30:00+00:00,2022-12-23 12:00:00+00:00,"AUDJPY,AUDUSD",GBPJPY,AUDJPY,AUDJPY-12-N1R122E07,ENTRY
2022-12-23 13:30:00+00:00,2022-12-23 14:00:00+00:00,"AUDJPY,EURAUD,AUDCAD","AUDJPY,GBPJPY",EURAUD,EURAUD-12-N1R004E07,ENTRY
2022-12-23 15:30:00+00:00,2022-12-23 16:00:00+00:00,,"EURAUD,GBPJPY",,,NO_TRIGGER
2022-12-26 01:30:00+00:00,2022-12-26 02:00:00+00:00,EURNZD,,EURNZD,EURNZD-12-R19E5,ENTRY
2022-12-26 05:30:00+00:00,2022-12-26 06:00:00+00:00,GBPJPY,EURNZD,GBPJPY,GBPJPY-12-R53E4,ENTRY
2022-12-26 09:30:00+00:00,2022-12-26 10:00:00+00:00,,GBPJPY,,,NO_TRIGGER
2022-12-26 11:30:00+00:00,2022-12-26 12:00:00+00:00,"USDJPY,EURJPY",,USDJPY,USDJPY-12-N1R030E11,ENTRY
2022-12-26 13:30:00+00:00,2022-12-26 14:00:00+00:00,EURNZD,USDJPY,EURNZD,EURNZD-12-R19E5,ENTRY
2022-12-26 15:30:00+00:00,2022-12-26 16:00:00+00:00,,"EURNZD,USDJPY",,,NO_TRIGGER
2022-12-27 01:30:00+00:00,2022-12-27 02:00:00+00:00,,EURNZD,,,NO_TRIGGER
2022-12-27 05:30:00+00:00,2022-12-27 06:00:00+00:00,,EURNZD,,,NO_TRIGGER
2022-12-27 09:30:00+00:00,2022-12-27 10:00:00+00:00,,EURNZD,,,NO_TRIGGER
2022-12-27 11:30:00+00:00,2022-12-27 12:00:00+00:00,USDCHF,EURNZD,USDCHF,USDCHF-12-N1R120E10,ENTRY
2022-12-27 13:30:00+00:00,2022-12-27 14:00:00+00:00,,"EURNZD,USDCHF",,,NO_TRIGGER
2022-12-27 15:30:00+00:00,2022-12-27 16:00:00+00:00,USDJPY,,USDJPY,USDJPY-12-N1R030E11,ENTRY
2022-12-28 01:30:00+00:00,2022-12-28 02:00:00+00:00,,,,,NO_TRIGGER
2022-12-28 05:30:00+00:00,2022-12-28 06:00:00+00:00,USDJPY,,USDJPY,USDJPY-12-N1R030E11,ENTRY
2022-12-28 09:30:00+00:00,2022-12-28 10:00:00+00:00,,,,,NO_TRIGGER
2022-12-28 11:30:00+00:00,2022-12-28 12:00:00+00:00,,,,,NO_TRIGGER
2022-12-28 13:30:00+00:00,2022-12-28 14:00:00+00:00,,,,,NO_TRIGGER
2022-12-28 15:30:00+00:00,2022-12-28 16:00:00+00:00,USDCHF,,USDCHF,USDCHF-12-N1R120E10,ENTRY
2022-12-29 01:30:00+00:00,2022-12-29 02:00:00+00:00,EURCAD,,EURCAD,EURCAD-12-N1R022E06,ENTRY
2022-12-29 05:30:00+00:00,2022-12-29 06:00:00+00:00,,EURCAD,,,NO_TRIGGER
2022-12-29 09:30:00+00:00,2022-12-29 10:00:00+00:00,,,,,NO_TRIGGER
2022-12-29 11:30:00+00:00,2022-12-29 12:00:00+00:00,"EURCAD,EURJPY",,EURCAD,EURCAD-12-N1R022E06,ENTRY
2022-12-29 13:30:00+00:00,2022-12-29 14:00:00+00:00,"AUDCHF,EURCAD,EURAUD",,AUDCHF,AUDCHF-12-N1R089E11,ENTRY
2022-12-29 15:30:00+00:00,2022-12-29 16:00:00+00:00,,AUDCHF,,,NO_TRIGGER
2022-12-30 01:30:00+00:00,2022-12-30 02:00:00+00:00,AUDJPY,,AUDJPY,AUDJPY-12-N1R122E07,ENTRY
2022-12-30 05:30:00+00:00,2022-12-30 06:00:00+00:00,AUDJPY,,AUDJPY,AUDJPY-12-N1R122E07,ENTRY
2022-12-30 09:30:00+00:00,2022-12-30 10:00:00+00:00,"AUDJPY,CHFJPY",,AUDJPY,AUDJPY-12-N1R122E07,ENTRY
2022-12-30 11:30:00+00:00,2022-12-30 12:00:00+00:00,"CHFJPY,USDCHF,EURCHF",AUDJPY,CHFJPY,CHFJPY-12-N1R099E01,ENTRY
2022-12-30 13:30:00+00:00,2022-12-30 14:00:00+00:00,,"AUDJPY,CHFJPY",,,NO_TRIGGER
2022-12-30 15:30:00+00:00,2022-12-30 16:00:00+00:00,"GBPJPY,AUDJPY",AUDJPY,GBPJPY,GBPJPY-12-R53E4,ENTRY
2023-01-02 01:30:00+00:00,2023-01-02 02:00:00+00:00,"AUDCAD,NZDCAD",,AUDCAD,AUDCAD-01-R05E7,ENTRY
2023-01-02 05:30:00+00:00,2023-01-02 06:00:00+00:00,,AUDCAD,,,NO_TRIGGER
2023-01-02 09:30:00+00:00,2023-01-02 10:00:00+00:00,,AUDCAD,,,NO_TRIGGER
2023-01-02 11:30:00+00:00,2023-01-02 12:00:00+00:00,NZDUSD,AUDCAD,NZDUSD,NZDUSD-01-R42E4,ENTRY
2023-01-02 13:30:00+00:00,2023-01-02 14:00:00+00:00,"AUDNZD,AUDCHF",NZDUSD,AUDNZD,AUDNZD-01-N1R016E02,ENTRY
2023-01-02 15:30:00+00:00,2023-01-02 16:00:00+00:00,,"AUDNZD,NZDUSD",,,NO_TRIGGER
2023-01-03 01:30:00+00:00,2023-01-03 02:00:00+00:00,"GBPJPY,AUDCAD",NZDUSD,GBPJPY,GBPJPY-01-R56E5,ENTRY
2023-01-03 05:30:00+00:00,2023-01-03 06:00:00+00:00,"NZDCAD,AUDCHF",GBPJPY,NZDCAD,NZDCAD-01-R41E7,ENTRY
2023-01-03 09:30:00+00:00,2023-01-03 10:00:00+00:00,"GBPJPY,GBPUSD,EURCAD,USDCAD",,GBPJPY,GBPJPY-01-R56E5,ENTRY
2023-01-03 11:30:00+00:00,2023-01-03 12:00:00+00:00,"EURCAD,USDCAD",GBPJPY,EURCAD,EURCAD-01-N1R088E03,ENTRY
2023-01-03 13:30:00+00:00,2023-01-03 14:00:00+00:00,EURCAD,,EURCAD,EURCAD-01-N1R088E03,ENTRY
2023-01-03 15:30:00+00:00,2023-01-03 16:00:00+00:00,EURUSD,EURCAD,EURUSD,EURUSD-01-R32E4,ENTRY
2023-01-04 01:30:00+00:00,2023-01-04 02:00:00+00:00,EURUSD,EURUSD,,,TOP_FOUR_HELD
2023-01-04 05:30:00+00:00,2023-01-04 06:00:00+00:00,"EURUSD,EURAUD",EURUSD,EURAUD,EURAUD-01-N1R099E11,ENTRY
2023-01-04 09:30:00+00:00,2023-01-04 10:00:00+00:00,"EURAUD,EURNZD",,EURAUD,EURAUD-01-N1R099E11,ENTRY
2023-01-04 11:30:00+00:00,2023-01-04 12:00:00+00:00,"EURAUD,USDCAD",EURAUD,USDCAD,USDCAD-01-N1R065E10,ENTRY
2023-01-04 13:30:00+00:00,2023-01-04 14:00:00+00:00,"EURAUD,AUDJPY,USDCAD",USDCAD,EURAUD,EURAUD-01-N1R099E11,ENTRY
2023-01-04 15:30:00+00:00,2023-01-04 16:00:00+00:00,AUDJPY,,AUDJPY,AUDJPY-01-N1R055E07,ENTRY
2023-01-05 01:30:00+00:00,2023-01-05 02:00:00+00:00,EURJPY,,EURJPY,EURJPY-01-N1R034E08,ENTRY
2023-01-05 05:30:00+00:00,2023-01-05 06:00:00+00:00,"EURJPY,USDJPY",EURJPY,USDJPY,USDJPY-01-N1R050E01,ENTRY
2023-01-05 09:30:00+00:00,2023-01-05 10:00:00+00:00,"USDCHF,USDJPY",EURJPY,USDCHF,USDCHF-01-N1R086E04,ENTRY
2023-01-05 11:30:00+00:00,2023-01-05 12:00:00+00:00,"AUDCHF,USDCHF,CHFJPY,EURJPY","EURJPY,USDCHF",AUDCHF,AUDCHF-01-N1R069E03,ENTRY
2023-01-05 13:30:00+00:00,2023-01-05 14:00:00+00:00,"AUDCHF,CHFJPY,EURJPY,USDJPY","AUDCHF,EURJPY",CHFJPY,CHFJPY-01-N1R040E10,ENTRY
2023-01-05 15:30:00+00:00,2023-01-05 16:00:00+00:00,"GBPUSD,EURCAD,CHFJPY,EURJPY",AUDCHF,GBPUSD,GBPUSD-01-R14E8,ENTRY
2023-01-06 01:30:00+00:00,2023-01-06 02:00:00+00:00,"EURUSD,EURCAD,AUDUSD,USDJPY",GBPUSD,EURUSD,EURUSD-01-R32E4,ENTRY
2023-01-06 05:30:00+00:00,2023-01-06 06:00:00+00:00,"EURUSD,CHFJPY,USDJPY","EURUSD,GBPUSD",CHFJPY,CHFJPY-01-N1R040E10,ENTRY
2023-01-06 09:30:00+00:00,2023-01-06 10:00:00+00:00,"EURUSD,CHFJPY,USDJPY,USDCAD","EURUSD,GBPUSD",CHFJPY,CHFJPY-01-N1R040E10,ENTRY
2023-01-06 11:30:00+00:00,2023-01-06 12:00:00+00:00,"EURUSD,EURGBP,CHFJPY,AUDUSD","CHFJPY,EURUSD,GBPUSD",EURGBP,EURGBP-01-N1R066E01,ENTRY
2023-01-06 13:30:00+00:00,2023-01-06 14:00:00+00:00,"EURUSD,CHFJPY,AUDUSD,USDJPY","EURUSD,GBPUSD",CHFJPY,CHFJPY-01-N1R040E10,ENTRY
2023-01-06 15:30:00+00:00,2023-01-06 16:00:00+00:00,,EURUSD,,,NO_TRIGGER
2023-01-09 01:30:00+00:00,2023-01-09 02:00:00+00:00,EURNZD,,EURNZD,EURNZD-01-N1R117E11,ENTRY
2023-01-09 05:30:00+00:00,2023-01-09 06:00:00+00:00,"AUDJPY,EURNZD",,AUDJPY,AUDJPY-01-N1R055E07,ENTRY
2023-01-09 09:30:00+00:00,2023-01-09 10:00:00+00:00,"AUDJPY,USDCHF,CHFJPY",AUDJPY,USDCHF,USDCHF-01-N1R086E04,ENTRY
2023-01-09 11:30:00+00:00,2023-01-09 12:00:00+00:00,"AUDCAD,AUDJPY,CHFJPY","AUDJPY,USDCHF",AUDCAD,AUDCAD-01-R05E7,ENTRY
2023-01-09 13:30:00+00:00,2023-01-09 14:00:00+00:00,"AUDCAD,AUDJPY,NZDCAD,CHFJPY","AUDCAD,AUDJPY,USDCHF",NZDCAD,NZDCAD-01-R41E7,ENTRY
2023-01-09 15:30:00+00:00,2023-01-09 16:00:00+00:00,"NZDCAD,USDCHF,CHFJPY","AUDJPY,NZDCAD",USDCHF,USDCHF-01-N1R086E04,ENTRY
2023-01-10 01:30:00+00:00,2023-01-10 02:00:00+00:00,"AUDCAD,EURCHF",,AUDCAD,AUDCAD-01-R05E7,ENTRY
2023-01-10 05:30:00+00:00,2023-01-10 06:00:00+00:00,"AUDCAD,EURCHF",AUDCAD,EURCHF,EURCHF-01-N1R048E03,ENTRY
2023-01-10 09:30:00+00:00,2023-01-10 10:00:00+00:00,,,,,NO_TRIGGER
2023-01-10 11:30:00+00:00,2023-01-10 12:00:00+00:00,CHFJPY,,CHFJPY,CHFJPY-01-N1R040E10,ENTRY
2023-01-10 13:30:00+00:00,2023-01-10 14:00:00+00:00,"NZDCAD,EURGBP,CHFJPY",CHFJPY,NZDCAD,NZDCAD-01-R41E7,ENTRY
2023-01-10 15:30:00+00:00,2023-01-10 16:00:00+00:00,CHFJPY,,CHFJPY,CHFJPY-01-N1R040E10,ENTRY
2023-01-11 01:30:00+00:00,2023-01-11 02:00:00+00:00,"CHFJPY,EURJPY",,CHFJPY,CHFJPY-01-N1R040E10,ENTRY
2023-01-11 05:30:00+00:00,2023-01-11 06:00:00+00:00,"AUDJPY,CHFJPY",,AUDJPY,AUDJPY-01-N1R055E07,ENTRY
2023-01-11 09:30:00+00:00,2023-01-11 10:00:00+00:00,"CHFJPY,EURJPY,USDJPY",,CHFJPY,CHFJPY-01-N1R040E10,ENTRY
2023-01-11 11:30:00+00:00,2023-01-11 12:00:00+00:00,"EURGBP,CHFJPY,EURJPY",CHFJPY,EURGBP,EURGBP-01-N1R066E01,ENTRY
2023-01-11 13:30:00+00:00,2023-01-11 14:00:00+00:00,"NZDUSD,AUDCAD,NZDCAD,CHFJPY",,NZDUSD,NZDUSD-01-R42E4,ENTRY
2023-01-11 15:30:00+00:00,2023-01-11 16:00:00+00:00,"NZDCAD,EURJPY",NZDUSD,NZDCAD,NZDCAD-01-R41E7,ENTRY
2023-01-12 01:30:00+00:00,2023-01-12 02:00:00+00:00,,"NZDCAD,NZDUSD",,,NO_TRIGGER
2023-01-12 05:30:00+00:00,2023-01-12 06:00:00+00:00,,NZDUSD,,,NO_TRIGGER
2023-01-12 09:30:00+00:00,2023-01-12 10:00:00+00:00,"AUDCAD,EURCHF",NZDUSD,AUDCAD,AUDCAD-01-R05E7,ENTRY
2023-01-12 11:30:00+00:00,2023-01-12 12:00:00+00:00,AUDCAD,"AUDCAD,NZDUSD",,,TOP_FOUR_HELD
2023-01-12 13:30:00+00:00,2023-01-12 14:00:00+00:00,"GBPJPY,AUDCAD","AUDCAD,NZDUSD",GBPJPY,GBPJPY-01-R56E5,ENTRY
2023-01-12 15:30:00+00:00,2023-01-12 16:00:00+00:00,"GBPJPY,AUDCAD",GBPJPY,AUDCAD,AUDCAD-01-R05E7,ENTRY
2023-01-13 01:30:00+00:00,2023-01-13 02:00:00+00:00,,GBPJPY,,,NO_TRIGGER
2023-01-13 05:30:00+00:00,2023-01-13 06:00:00+00:00,EURCHF,GBPJPY,EURCHF,EURCHF-01-N1R048E03,ENTRY
2023-01-13 09:30:00+00:00,2023-01-13 10:00:00+00:00,,,,,NO_TRIGGER
2023-01-13 11:30:00+00:00,2023-01-13 12:00:00+00:00,,,,,NO_TRIGGER
2023-01-13 13:30:00+00:00,2023-01-13 14:00:00+00:00,"GBPJPY,AUDCAD",,GBPJPY,GBPJPY-01-R56E5,ENTRY
2023-01-13 15:30:00+00:00,2023-01-13 16:00:00+00:00,GBPJPY,GBPJPY,,,TOP_FOUR_HELD
2023-01-16 01:30:00+00:00,2023-01-16 02:00:00+00:00,,,,,NO_TRIGGER
2023-01-16 05:30:00+00:00,2023-01-16 06:00:00+00:00,,,,,NO_TRIGGER
2023-01-16 09:30:00+00:00,2023-01-16 10:00:00+00:00,"NZDUSD,AUDCAD",,NZDUSD,NZDUSD-01-R42E4,ENTRY
2023-01-16 11:30:00+00:00,2023-01-16 12:00:00+00:00,AUDCAD,NZDUSD,AUDCAD,AUDCAD-01-R05E7,ENTRY
2023-01-16 13:30:00+00:00,2023-01-16 14:00:00+00:00,"AUDCAD,AUDCHF","AUDCAD,NZDUSD",AUDCHF,AUDCHF-01-N1R069E03,ENTRY
2023-01-16 15:30:00+00:00,2023-01-16 16:00:00+00:00,AUDCAD,"AUDCAD,AUDCHF,NZDUSD",,,TOP_FOUR_HELD
2023-01-17 01:30:00+00:00,2023-01-17 02:00:00+00:00,,"AUDCAD,AUDCHF,NZDUSD",,,NO_TRIGGER
2023-01-17 05:30:00+00:00,2023-01-17 06:00:00+00:00,"EURAUD,NZDCAD","AUDCAD,AUDCHF,NZDUSD",EURAUD,EURAUD-01-N1R099E11,ENTRY
2023-01-17 09:30:00+00:00,2023-01-17 10:00:00+00:00,"USDCHF,EURNZD","AUDCAD,EURAUD,NZDUSD",USDCHF,USDCHF-01-N1R086E04,ENTRY
2023-01-17 11:30:00+00:00,2023-01-17 12:00:00+00:00,"AUDCAD,NZDCAD,USDCAD","AUDCAD,USDCHF",NZDCAD,NZDCAD-01-R41E7,ENTRY
2023-01-17 13:30:00+00:00,2023-01-17 14:00:00+00:00,"NZDCAD,USDCHF,CHFJPY","NZDCAD,USDCHF",CHFJPY,CHFJPY-01-N1R040E10,ENTRY
2023-01-17 15:30:00+00:00,2023-01-17 16:00:00+00:00,"NZDCAD,CHFJPY",NZDCAD,CHFJPY,CHFJPY-01-N1R040E10,ENTRY
2023-01-18 01:30:00+00:00,2023-01-18 02:00:00+00:00,"EURUSD,EURCAD,EURNZD",,EURUSD,EURUSD-01-R32E4,ENTRY
2023-01-18 05:30:00+00:00,2023-01-18 06:00:00+00:00,"EURUSD,AUDJPY,NZDCAD,EURCAD",EURUSD,AUDJPY,AUDJPY-01-N1R055E07,ENTRY
2023-01-18 09:30:00+00:00,2023-01-18 10:00:00+00:00,USDCHF,,USDCHF,USDCHF-01-N1R086E04,ENTRY
2023-01-18 11:30:00+00:00,2023-01-18 12:00:00+00:00,,USDCHF,,,NO_TRIGGER
2023-01-18 13:30:00+00:00,2023-01-18 14:00:00+00:00,,USDCHF,,,NO_TRIGGER
2023-01-18 15:30:00+00:00,2023-01-18 16:00:00+00:00,"EURAUD,NZDCAD",,EURAUD,EURAUD-01-N1R099E11,ENTRY
2023-01-19 01:30:00+00:00,2023-01-19 02:00:00+00:00,"NZDUSD,AUDCAD,NZDCAD",,NZDUSD,NZDUSD-01-R42E4,ENTRY
2023-01-19 05:30:00+00:00,2023-01-19 06:00:00+00:00,,NZDUSD,,,NO_TRIGGER
2023-01-19 09:30:00+00:00,2023-01-19 10:00:00+00:00,AUDUSD,NZDUSD,AUDUSD,AUDUSD-01-N1R106E06,ENTRY
2023-01-19 11:30:00+00:00,2023-01-19 12:00:00+00:00,"NZDCAD,AUDUSD",AUDUSD,NZDCAD,NZDCAD-01-R41E7,ENTRY
2023-01-19 13:30:00+00:00,2023-01-19 14:00:00+00:00,AUDUSD,"AUDUSD,NZDCAD",,,TOP_FOUR_HELD
2023-01-19 15:30:00+00:00,2023-01-19 16:00:00+00:00,"NZDCAD,CHFJPY,AUDUSD",NZDCAD,CHFJPY,CHFJPY-01-N1R040E10,ENTRY
2023-01-20 01:30:00+00:00,2023-01-20 02:00:00+00:00,USDCAD,,USDCAD,USDCAD-01-N1R065E10,ENTRY
2023-01-20 05:30:00+00:00,2023-01-20 06:00:00+00:00,"CHFJPY,USDCAD",USDCAD,CHFJPY,CHFJPY-01-N1R040E10,ENTRY
2023-01-20 09:30:00+00:00,2023-01-20 10:00:00+00:00,"CHFJPY,EURJPY",USDCAD,CHFJPY,CHFJPY-01-N1R040E10,ENTRY
2023-01-20 11:30:00+00:00,2023-01-20 12:00:00+00:00,"EURCHF,CHFJPY,EURJPY,USDJPY",,EURCHF,EURCHF-01-N1R048E03,ENTRY
2023-01-20 13:30:00+00:00,2023-01-20 14:00:00+00:00,"EURCHF,CHFJPY,EURJPY,USDJPY",EURCHF,CHFJPY,CHFJPY-01-N1R040E10,ENTRY
2023-01-20 15:30:00+00:00,2023-01-20 16:00:00+00:00,"AUDJPY,CHFJPY,EURJPY,USDJPY",EURCHF,AUDJPY,AUDJPY-01-N1R055E07,ENTRY
2023-01-23 01:30:00+00:00,2023-01-23 02:00:00+00:00,"AUDJPY,NZDCAD,EURJPY",,AUDJPY,AUDJPY-01-N1R055E07,ENTRY
2023-01-23 05:30:00+00:00,2023-01-23 06:00:00+00:00,"NZDCAD,EURCHF,EURJPY",AUDJPY,NZDCAD,NZDCAD-01-R41E7,ENTRY
2023-01-23 09:30:00+00:00,2023-01-23 10:00:00+00:00,"AUDJPY,EURJPY",NZDCAD,AUDJPY,AUDJPY-01-N1R055E07,ENTRY
2023-01-23 11:30:00+00:00,2023-01-23 12:00:00+00:00,"EURAUD,AUDJPY,AUDCHF,EURJPY","AUDJPY,NZDCAD",EURAUD,EURAUD-01-N1R099E11,ENTRY
2023-01-23 13:30:00+00:00,2023-01-23 14:00:00+00:00,"EURAUD,AUDJPY","AUDJPY,EURAUD,NZDCAD",,,TOP_FOUR_HELD
2023-01-23 15:30:00+00:00,2023-01-23 16:00:00+00:00,"NZDUSD,AUDJPY,NZDCAD,CHFJPY",AUDJPY,NZDUSD,NZDUSD-01-R42E4,ENTRY
2023-01-24 01:30:00+00:00,2023-01-24 02:00:00+00:00,"CHFJPY,EURJPY,USDJPY",NZDUSD,CHFJPY,CHFJPY-01-N1R040E10,ENTRY
2023-01-24 05:30:00+00:00,2023-01-24 06:00:00+00:00,USDJPY,NZDUSD,USDJPY,USDJPY-01-N1R050E01,ENTRY
2023-01-24 09:30:00+00:00,2023-01-24 10:00:00+00:00,"AUDCAD,AUDJPY",NZDUSD,AUDCAD,AUDCAD-01-R05E7,ENTRY
2023-01-24 11:30:00+00:00,2023-01-24 12:00:00+00:00,"AUDCAD,EURCAD","AUDCAD,NZDUSD",EURCAD,EURCAD-01-N1R088E03,ENTRY
2023-01-24 13:30:00+00:00,2023-01-24 14:00:00+00:00,"NZDUSD,GBPUSD,AUDCAD","AUDCAD,NZDUSD",GBPUSD,GBPUSD-01-R14E8,ENTRY
2023-01-24 15:30:00+00:00,2023-01-24 16:00:00+00:00,"NZDUSD,GBPUSD,NZDCAD","AUDCAD,GBPUSD,NZDUSD",NZDCAD,NZDCAD-01-R41E7,ENTRY
2023-01-25 01:30:00+00:00,2023-01-25 02:00:00+00:00,"NZDCAD,EURGBP",GBPUSD,NZDCAD,NZDCAD-01-R41E7,ENTRY
2023-01-25 05:30:00+00:00,2023-01-25 06:00:00+00:00,"EURAUD,AUDJPY,NZDCAD,CHFJPY","GBPUSD,NZDCAD",EURAUD,EURAUD-01-N1R099E11,ENTRY
2023-01-25 09:30:00+00:00,2023-01-25 10:00:00+00:00,"NZDCAD,EURCHF","GBPUSD,NZDCAD",EURCHF,EURCHF-01-N1R048E03,ENTRY
2023-01-25 11:30:00+00:00,2023-01-25 12:00:00+00:00,,"GBPUSD,NZDCAD",,,NO_TRIGGER
2023-01-25 13:30:00+00:00,2023-01-25 14:00:00+00:00,,"GBPUSD,NZDCAD",,,NO_TRIGGER
2023-01-25 15:30:00+00:00,2023-01-25 16:00:00+00:00,AUDCAD,,AUDCAD,AUDCAD-01-R05E7,ENTRY
2023-01-26 01:30:00+00:00,2023-01-26 02:00:00+00:00,EURGBP,,EURGBP,EURGBP-01-N1R066E01,ENTRY
2023-01-26 05:30:00+00:00,2023-01-26 06:00:00+00:00,,EURGBP,,,NO_TRIGGER
2023-01-26 09:30:00+00:00,2023-01-26 10:00:00+00:00,,,,,NO_TRIGGER
2023-01-26 11:30:00+00:00,2023-01-26 12:00:00+00:00,,,,,NO_TRIGGER
2023-01-26 13:30:00+00:00,2023-01-26 14:00:00+00:00,AUDCAD,,AUDCAD,AUDCAD-01-R05E7,ENTRY
2023-01-26 15:30:00+00:00,2023-01-26 16:00:00+00:00,"AUDCAD,AUDJPY",,AUDCAD,AUDCAD-01-R05E7,ENTRY
2023-01-27 01:30:00+00:00,2023-01-27 02:00:00+00:00,EURCAD,AUDCAD,EURCAD,EURCAD-01-N1R088E03,ENTRY
2023-01-27 05:30:00+00:00,2023-01-27 06:00:00+00:00,EURCAD,"AUDCAD,EURCAD",,,TOP_FOUR_HELD
2023-01-27 09:30:00+00:00,2023-01-27 10:00:00+00:00,,"AUDCAD,EURCAD",,,NO_TRIGGER
2023-01-27 11:30:00+00:00,2023-01-27 12:00:00+00:00,EURUSD,"AUDCAD,EURCAD",EURUSD,EURUSD-01-R32E4,ENTRY
2023-01-27 13:30:00+00:00,2023-01-27 14:00:00+00:00,"EURUSD,EURCAD","AUDCAD,EURCAD,EURUSD",,,TOP_FOUR_HELD
2023-01-27 15:30:00+00:00,2023-01-27 16:00:00+00:00,"EURUSD,EURCAD",AUDCAD,EURUSD,EURUSD-01-R32E4,ENTRY
2023-01-30 01:30:00+00:00,2023-01-30 02:00:00+00:00,,,,,NO_TRIGGER
2023-01-30 05:30:00+00:00,2023-01-30 06:00:00+00:00,,,,,NO_TRIGGER
2023-01-30 09:30:00+00:00,2023-01-30 10:00:00+00:00,AUDCHF,,AUDCHF,AUDCHF-01-N1R069E03,ENTRY
2023-01-30 11:30:00+00:00,2023-01-30 12:00:00+00:00,,AUDCHF,,,NO_TRIGGER
2023-01-30 13:30:00+00:00,2023-01-30 14:00:00+00:00,,AUDCHF,,,NO_TRIGGER
2023-01-30 15:30:00+00:00,2023-01-30 16:00:00+00:00,AUDUSD,,AUDUSD,AUDUSD-01-N1R106E06,ENTRY
2023-01-31 01:30:00+00:00,2023-01-31 02:00:00+00:00,"EURUSD,AUDUSD",,EURUSD,EURUSD-01-R32E4,ENTRY
2023-01-31 05:30:00+00:00,2023-01-31 06:00:00+00:00,"EURUSD,AUDUSD,USDJPY",EURUSD,AUDUSD,AUDUSD-01-N1R106E06,ENTRY
2023-01-31 09:30:00+00:00,2023-01-31 10:00:00+00:00,"GBPUSD,AUDUSD",,GBPUSD,GBPUSD-01-R14E8,ENTRY
2023-01-31 11:30:00+00:00,2023-01-31 12:00:00+00:00,,GBPUSD,,,NO_TRIGGER
2023-01-31 13:30:00+00:00,2023-01-31 14:00:00+00:00,"GBPJPY,GBPUSD",GBPUSD,GBPJPY,GBPJPY-01-R56E5,ENTRY
2023-01-31 15:30:00+00:00,2023-01-31 16:00:00+00:00,GBPJPY,"GBPJPY,GBPUSD",,,TOP_FOUR_HELD
2023-02-01 01:30:00+00:00,2023-02-01 02:00:00+00:00,"AUDNZD,USDCHF,AUDJPY",GBPUSD,AUDNZD,AUDNZD-02-R57E7,ENTRY
2023-02-01 05:30:00+00:00,2023-02-01 06:00:00+00:00,,"AUDNZD,GBPUSD",,,NO_TRIGGER
2023-02-01 09:30:00+00:00,2023-02-01 10:00:00+00:00,EURGBP,"AUDNZD,GBPUSD",EURGBP,EURGBP-02-N1R032E05,ENTRY
2023-02-01 11:30:00+00:00,2023-02-01 12:00:00+00:00,"EURUSD,EURGBP,USDCHF,AUDJPY",EURGBP,EURUSD,EURUSD-02-N1R032E11,ENTRY
2023-02-01 13:30:00+00:00,2023-02-01 14:00:00+00:00,"EURUSD,AUDJPY","EURGBP,EURUSD",AUDJPY,AUDJPY-02-N1R087E02,ENTRY
2023-02-01 15:30:00+00:00,2023-02-01 16:00:00+00:00,"EURUSD,AUDJPY","AUDJPY,EURGBP,EURUSD",,,TOP_FOUR_HELD
2023-02-02 01:30:00+00:00,2023-02-02 02:00:00+00:00,EURJPY,,EURJPY,EURJPY-02-R33E2,ENTRY
2023-02-02 05:30:00+00:00,2023-02-02 06:00:00+00:00,,EURJPY,,,NO_TRIGGER
2023-02-02 09:30:00+00:00,2023-02-02 10:00:00+00:00,USDJPY,EURJPY,USDJPY,USDJPY-02-R15E5,ENTRY
2023-02-02 11:30:00+00:00,2023-02-02 12:00:00+00:00,USDJPY,"EURJPY,USDJPY",,,TOP_FOUR_HELD
2023-02-02 13:30:00+00:00,2023-02-02 14:00:00+00:00,EURAUD,USDJPY,EURAUD,EURAUD-02-N1R028E06,ENTRY
2023-02-02 15:30:00+00:00,2023-02-02 16:00:00+00:00,AUDJPY,USDJPY,AUDJPY,AUDJPY-02-N1R087E02,ENTRY
2023-02-03 01:30:00+00:00,2023-02-03 02:00:00+00:00,AUDJPY,USDJPY,AUDJPY,AUDJPY-02-N1R087E02,ENTRY
2023-02-03 05:30:00+00:00,2023-02-03 06:00:00+00:00,"USDCHF,EURNZD,AUDJPY",USDJPY,USDCHF,USDCHF-02-R27E8,ENTRY
2023-02-03 09:30:00+00:00,2023-02-03 10:00:00+00:00,USDCAD,"USDCHF,USDJPY",USDCAD,USDCAD-02-N1R067E02,ENTRY
2023-02-03 11:30:00+00:00,2023-02-03 12:00:00+00:00,"EURGBP,EURAUD,USDCHF,AUDJPY","USDCAD,USDCHF",EURGBP,EURGBP-02-N1R032E05,ENTRY
2023-02-03 13:30:00+00:00,2023-02-03 14:00:00+00:00,"EURAUD,AUDJPY","EURGBP,USDCHF",EURAUD,EURAUD-02-N1R028E06,ENTRY
2023-02-03 15:30:00+00:00,2023-02-03 16:00:00+00:00,"CHFJPY,NZDUSD,AUDJPY,USDCAD",,CHFJPY,CHFJPY-02-R60E8,ENTRY
2023-02-06 01:30:00+00:00,2023-02-06 02:00:00+00:00,"EURCAD,EURJPY",,EURCAD,EURCAD-02-N1R077E12,ENTRY
2023-02-06 05:30:00+00:00,2023-02-06 06:00:00+00:00,,EURCAD,,,NO_TRIGGER
2023-02-06 09:30:00+00:00,2023-02-06 10:00:00+00:00,"AUDNZD,AUDCHF,AUDJPY",EURCAD,AUDNZD,AUDNZD-02-R57E7,ENTRY
2023-02-06 11:30:00+00:00,2023-02-06 12:00:00+00:00,"EURJPY,EURAUD,AUDCHF,NZDUSD","AUDNZD,EURCAD",EURJPY,EURJPY-02-R33E2,ENTRY
2023-02-06 13:30:00+00:00,2023-02-06 14:00:00+00:00,"EURAUD,GBPJPY","AUDNZD,EURCAD,EURJPY",EURAUD,EURAUD-02-N1R028E06,ENTRY
2023-02-06 15:30:00+00:00,2023-02-06 16:00:00+00:00,"EURJPY,GBPJPY","AUDNZD,EURAUD,EURCAD,EURJPY",GBPJPY,GBPJPY-02-N1R037E11,ENTRY
2023-02-07 01:30:00+00:00,2023-02-07 02:00:00+00:00,GBPJPY,"AUDNZD,EURCAD,EURJPY",GBPJPY,GBPJPY-02-N1R037E11,ENTRY
2023-02-07 05:30:00+00:00,2023-02-07 06:00:00+00:00,"EURJPY,USDCAD","EURJPY,GBPJPY",USDCAD,USDCAD-02-N1R067E02,ENTRY
2023-02-07 09:30:00+00:00,2023-02-07 10:00:00+00:00,"EURCAD,AUDNZD,USDCAD",,EURCAD,EURCAD-02-N1R077E12,ENTRY
2023-02-07 11:30:00+00:00,2023-02-07 12:00:00+00:00,"EURCAD,AUDCHF,USDCAD",EURCAD,AUDCHF,AUDCHF-02-N1R138E09,ENTRY
2023-02-07 13:30:00+00:00,2023-02-07 14:00:00+00:00,USDCAD,EURCAD,USDCAD,USDCAD-02-N1R067E02,ENTRY
2023-02-07 15:30:00+00:00,2023-02-07 16:00:00+00:00,USDCAD,"EURCAD,USDCAD",,,TOP_FOUR_HELD
2023-02-08 01:30:00+00:00,2023-02-08 02:00:00+00:00,USDCAD,,USDCAD,USDCAD-02-N1R067E02,ENTRY
2023-02-08 05:30:00+00:00,2023-02-08 06:00:00+00:00,,USDCAD,,,NO_TRIGGER
2023-02-08 09:30:00+00:00,2023-02-08 10:00:00+00:00,,,,,NO_TRIGGER
2023-02-08 11:30:00+00:00,2023-02-08 12:00:00+00:00,,,,,NO_TRIGGER
2023-02-08 13:30:00+00:00,2023-02-08 14:00:00+00:00,USDJPY,,USDJPY,USDJPY-02-R15E5,ENTRY
2023-02-08 15:30:00+00:00,2023-02-08 16:00:00+00:00,USDJPY,USDJPY,,,TOP_FOUR_HELD
2023-02-09 01:30:00+00:00,2023-02-09 02:00:00+00:00,,USDJPY,,,NO_TRIGGER
2023-02-09 05:30:00+00:00,2023-02-09 06:00:00+00:00,"GBPJPY,AUDCAD",,GBPJPY,GBPJPY-02-N1R037E11,ENTRY
2023-02-09 09:30:00+00:00,2023-02-09 10:00:00+00:00,GBPJPY,,GBPJPY,GBPJPY-02-N1R037E11,ENTRY
2023-02-09 11:30:00+00:00,2023-02-09 12:00:00+00:00,"GBPJPY,USDCAD",GBPJPY,USDCAD,USDCAD-02-N1R067E02,ENTRY
2023-02-09 13:30:00+00:00,2023-02-09 14:00:00+00:00,"GBPJPY,USDCAD",GBPJPY,USDCAD,USDCAD-02-N1R067E02,ENTRY
2023-02-09 15:30:00+00:00,2023-02-09 16:00:00+00:00,"EURUSD,GBPJPY",GBPJPY,EURUSD,EURUSD-02-N1R032E11,ENTRY
2023-02-10 01:30:00+00:00,2023-02-10 02:00:00+00:00,GBPJPY,,GBPJPY,GBPJPY-02-N1R037E11,ENTRY
2023-02-10 05:30:00+00:00,2023-02-10 06:00:00+00:00,"EURJPY,EURAUD,GBPJPY",GBPJPY,EURJPY,EURJPY-02-R33E2,ENTRY
2023-02-10 09:30:00+00:00,2023-02-10 10:00:00+00:00,"EURNZD,AUDJPY",,EURNZD,EURNZD-02-N1R137E06,ENTRY
2023-02-10 11:30:00+00:00,2023-02-10 12:00:00+00:00,"AUDJPY,USDCAD",EURNZD,AUDJPY,AUDJPY-02-N1R087E02,ENTRY
2023-02-10 13:30:00+00:00,2023-02-10 14:00:00+00:00,"EURCAD,AUDJPY,USDCAD","AUDJPY,EURNZD",EURCAD,EURCAD-02-N1R077E12,ENTRY
2023-02-10 15:30:00+00:00,2023-02-10 16:00:00+00:00,EURCAD,EURCAD,,,TOP_FOUR_HELD
2023-02-13 01:30:00+00:00,2023-02-13 02:00:00+00:00,AUDJPY,,AUDJPY,AUDJPY-02-N1R087E02,ENTRY
2023-02-13 05:30:00+00:00,2023-02-13 06:00:00+00:00,EURNZD,,EURNZD,EURNZD-02-N1R137E06,ENTRY
2023-02-13 09:30:00+00:00,2023-02-13 10:00:00+00:00,"GBPJPY,EURNZD",,GBPJPY,GBPJPY-02-N1R037E11,ENTRY
2023-02-13 11:30:00+00:00,2023-02-13 12:00:00+00:00,"EURJPY,GBPJPY",GBPJPY,EURJPY,EURJPY-02-R33E2,ENTRY
2023-02-13 13:30:00+00:00,2023-02-13 14:00:00+00:00,"EURJPY,GBPJPY",EURJPY,GBPJPY,GBPJPY-02-N1R037E11,ENTRY
2023-02-13 15:30:00+00:00,2023-02-13 16:00:00+00:00,"EURJPY,GBPJPY",GBPJPY,EURJPY,EURJPY-02-R33E2,ENTRY
2023-02-14 01:30:00+00:00,2023-02-14 02:00:00+00:00,GBPJPY,,GBPJPY,GBPJPY-02-N1R037E11,ENTRY
2023-02-14 05:30:00+00:00,2023-02-14 06:00:00+00:00,EURNZD,GBPJPY,EURNZD,EURNZD-02-N1R137E06,ENTRY
2023-02-14 09:30:00+00:00,2023-02-14 10:00:00+00:00,EURJPY,,EURJPY,EURJPY-02-R33E2,ENTRY
2023-02-14 11:30:00+00:00,2023-02-14 12:00:00+00:00,"EURJPY,EURUSD",EURJPY,EURUSD,EURUSD-02-N1R032E11,ENTRY
2023-02-14 13:30:00+00:00,2023-02-14 14:00:00+00:00,"EURUSD,GBPJPY","EURJPY,EURUSD",GBPJPY,GBPJPY-02-N1R037E11,ENTRY
2023-02-14 15:30:00+00:00,2023-02-14 16:00:00+00:00,"EURJPY,USDCHF,GBPJPY",,EURJPY,EURJPY-02-R33E2,ENTRY
2023-02-15 01:30:00+00:00,2023-02-15 02:00:00+00:00,GBPJPY,,GBPJPY,GBPJPY-02-N1R037E11,ENTRY
2023-02-15 05:30:00+00:00,2023-02-15 06:00:00+00:00,,,,,NO_TRIGGER
2023-02-15 09:30:00+00:00,2023-02-15 10:00:00+00:00,"EURJPY,EURAUD",,EURJPY,EURJPY-02-R33E2,ENTRY
2023-02-15 11:30:00+00:00,2023-02-15 12:00:00+00:00,EURAUD,EURJPY,EURAUD,EURAUD-02-N1R028E06,ENTRY
2023-02-15 13:30:00+00:00,2023-02-15 14:00:00+00:00,EURAUD,"EURAUD,EURJPY",,,TOP_FOUR_HELD
2023-02-15 15:30:00+00:00,2023-02-15 16:00:00+00:00,,EURJPY,,,NO_TRIGGER
2023-02-16 01:30:00+00:00,2023-02-16 02:00:00+00:00,"EURAUD,AUDCHF,NZDUSD,GBPJPY",,EURAUD,EURAUD-02-N1R028E06,ENTRY
2023-02-16 05:30:00+00:00,2023-02-16 06:00:00+00:00,USDCAD,,USDCAD,USDCAD-02-N1R067E02,ENTRY
2023-02-16 09:30:00+00:00,2023-02-16 10:00:00+00:00,USDCAD,,USDCAD,USDCAD-02-N1R067E02,ENTRY
2023-02-16 11:30:00+00:00,2023-02-16 12:00:00+00:00,USDCAD,USDCAD,,,TOP_FOUR_HELD
2023-02-16 13:30:00+00:00,2023-02-16 14:00:00+00:00,USDCAD,,USDCAD,USDCAD-02-N1R067E02,ENTRY
2023-02-16 15:30:00+00:00,2023-02-16 16:00:00+00:00,"EURJPY,EURGBP,EURAUD,USDCAD",,EURJPY,EURJPY-02-R33E2,ENTRY
2023-02-17 01:30:00+00:00,2023-02-17 02:00:00+00:00,EURJPY,,EURJPY,EURJPY-02-R33E2,ENTRY
2023-02-17 05:30:00+00:00,2023-02-17 06:00:00+00:00,"EURJPY,EURAUD",EURJPY,EURAUD,EURAUD-02-N1R028E06,ENTRY
2023-02-17 09:30:00+00:00,2023-02-17 10:00:00+00:00,"EURAUD,AUDJPY",EURJPY,EURAUD,EURAUD-02-N1R028E06,ENTRY
2023-02-17 11:30:00+00:00,2023-02-17 12:00:00+00:00,"EURCHF,EURAUD,AUDJPY","EURAUD,EURJPY",EURCHF,EURCHF-02-N1R030E03,ENTRY
2023-02-17 13:30:00+00:00,2023-02-17 14:00:00+00:00,"EURJPY,EURAUD,AUDJPY",,EURJPY,EURJPY-02-R33E2,ENTRY
2023-02-17 15:30:00+00:00,2023-02-17 16:00:00+00:00,"EURJPY,AUDJPY",EURJPY,AUDJPY,AUDJPY-02-N1R087E02,ENTRY
2023-02-20 01:30:00+00:00,2023-02-20 02:00:00+00:00,"EURJPY,GBPJPY,USDCAD",,EURJPY,EURJPY-02-R33E2,ENTRY
2023-02-20 05:30:00+00:00,2023-02-20 06:00:00+00:00,"EURJPY,AUDNZD,GBPJPY,USDCAD",,EURJPY,EURJPY-02-R33E2,ENTRY
2023-02-20 09:30:00+00:00,2023-02-20 10:00:00+00:00,"EURJPY,AUDCAD",EURJPY,AUDCAD,AUDCAD-02-N1R032E11,ENTRY
2023-02-20 11:30:00+00:00,2023-02-20 12:00:00+00:00,"EURJPY,AUDNZD,USDCAD","AUDCAD,EURJPY",AUDNZD,AUDNZD-02-R57E7,ENTRY
2023-02-20 13:30:00+00:00,2023-02-20 14:00:00+00:00,"EURJPY,AUDNZD,USDCAD","AUDCAD,AUDNZD",EURJPY,EURJPY-02-R33E2,ENTRY
2023-02-20 15:30:00+00:00,2023-02-20 16:00:00+00:00,"EURJPY,USDCAD","AUDCAD,AUDNZD,EURJPY",USDCAD,USDCAD-02-N1R067E02,ENTRY
2023-02-21 01:30:00+00:00,2023-02-21 02:00:00+00:00,"EURJPY,GBPJPY,USDCAD","AUDCAD,AUDNZD,USDCAD",EURJPY,EURJPY-02-R33E2,ENTRY
2023-02-21 05:30:00+00:00,2023-02-21 06:00:00+00:00,"EURJPY,USDCHF,GBPJPY","AUDCAD,AUDNZD",EURJPY,EURJPY-02-R33E2,ENTRY
2023-02-21 09:30:00+00:00,2023-02-21 10:00:00+00:00,"EURJPY,AUDNZD",AUDNZD,EURJPY,EURJPY-02-R33E2,ENTRY
2023-02-21 11:30:00+00:00,2023-02-21 12:00:00+00:00,"EURJPY,GBPUSD,GBPJPY",EURJPY,GBPUSD,GBPUSD-02-N1R070E09,ENTRY
2023-02-21 13:30:00+00:00,2023-02-21 14:00:00+00:00,"EURJPY,USDCHF,GBPJPY",,EURJPY,EURJPY-02-R33E2,ENTRY
2023-02-21 15:30:00+00:00,2023-02-21 16:00:00+00:00,"EURJPY,NZDUSD,GBPJPY,USDCAD",,EURJPY,EURJPY-02-R33E2,ENTRY
2023-02-22 01:30:00+00:00,2023-02-22 02:00:00+00:00,"EURJPY,GBPJPY",,EURJPY,EURJPY-02-R33E2,ENTRY
2023-02-22 05:30:00+00:00,2023-02-22 06:00:00+00:00,"EURJPY,GBPJPY,AUDJPY",EURJPY,GBPJPY,GBPJPY-02-N1R037E11,ENTRY
2023-02-22 09:30:00+00:00,2023-02-22 10:00:00+00:00,"EURJPY,AUDJPY",EURJPY,AUDJPY,AUDJPY-02-N1R087E02,ENTRY
2023-02-22 11:30:00+00:00,2023-02-22 12:00:00+00:00,"EURJPY,AUDJPY",AUDJPY,EURJPY,EURJPY-02-R33E2,ENTRY
2023-02-22 13:30:00+00:00,2023-02-22 14:00:00+00:00,AUDJPY,AUDJPY,,,TOP_FOUR_HELD
2023-02-22 15:30:00+00:00,2023-02-22 16:00:00+00:00,,AUDJPY,,,NO_TRIGGER
2023-02-23 01:30:00+00:00,2023-02-23 02:00:00+00:00,GBPUSD,,GBPUSD,GBPUSD-02-N1R070E09,ENTRY
2023-02-23 05:30:00+00:00,2023-02-23 06:00:00+00:00,,GBPUSD,,,NO_TRIGGER
2023-02-23 09:30:00+00:00,2023-02-23 10:00:00+00:00,EURAUD,,EURAUD,EURAUD-02-N1R028E06,ENTRY
2023-02-23 11:30:00+00:00,2023-02-23 12:00:00+00:00,"EURCAD,AUDCHF,USDCAD",EURAUD,EURCAD,EURCAD-02-N1R077E12,ENTRY
2023-02-23 13:30:00+00:00,2023-02-23 14:00:00+00:00,,"EURAUD,EURCAD",,,NO_TRIGGER
2023-02-23 15:30:00+00:00,2023-02-23 16:00:00+00:00,USDCAD,EURCAD,USDCAD,USDCAD-02-N1R067E02,ENTRY
2023-02-24 01:30:00+00:00,2023-02-24 02:00:00+00:00,,EURCAD,,,NO_TRIGGER
2023-02-24 05:30:00+00:00,2023-02-24 06:00:00+00:00,USDCAD,EURCAD,USDCAD,USDCAD-02-N1R067E02,ENTRY
2023-02-24 09:30:00+00:00,2023-02-24 10:00:00+00:00,"EURAUD,AUDJPY,USDCAD",EURCAD,EURAUD,EURAUD-02-N1R028E06,ENTRY
2023-02-24 11:30:00+00:00,2023-02-24 12:00:00+00:00,"EURAUD,AUDJPY","EURAUD,EURCAD",AUDJPY,AUDJPY-02-N1R087E02,ENTRY
2023-02-24 13:30:00+00:00,2023-02-24 14:00:00+00:00,"CHFJPY,EURAUD,NZDUSD,AUDJPY",AUDJPY,CHFJPY,CHFJPY-02-R60E8,ENTRY
2023-02-24 15:30:00+00:00,2023-02-24 16:00:00+00:00,"CHFJPY,AUDJPY",CHFJPY,AUDJPY,AUDJPY-02-N1R087E02,ENTRY
2023-02-27 01:30:00+00:00,2023-02-27 02:00:00+00:00,"EURJPY,GBPJPY",,EURJPY,EURJPY-02-R33E2,ENTRY
2023-02-27 05:30:00+00:00,2023-02-27 06:00:00+00:00,"AUDCHF,NZDUSD,GBPJPY,AUDJPY",EURJPY,AUDCHF,AUDCHF-02-N1R138E09,ENTRY
2023-02-27 09:30:00+00:00,2023-02-27 10:00:00+00:00,"EURJPY,EURAUD,AUDJPY",EURJPY,EURAUD,EURAUD-02-N1R028E06,ENTRY
2023-02-27 11:30:00+00:00,2023-02-27 12:00:00+00:00,,"EURAUD,EURJPY",,,NO_TRIGGER
2023-02-27 13:30:00+00:00,2023-02-27 14:00:00+00:00,"EURJPY,GBPJPY",EURJPY,GBPJPY,GBPJPY-02-N1R037E11,ENTRY
2023-02-27 15:30:00+00:00,2023-02-27 16:00:00+00:00,"EURAUD,GBPJPY,AUDJPY","EURJPY,GBPJPY",EURAUD,EURAUD-02-N1R028E06,ENTRY
2023-02-28 01:30:00+00:00,2023-02-28 02:00:00+00:00,"GBPJPY,USDCAD",,GBPJPY,GBPJPY-02-N1R037E11,ENTRY
2023-02-28 05:30:00+00:00,2023-02-28 06:00:00+00:00,"GBPJPY,AUDJPY",GBPJPY,AUDJPY,AUDJPY-02-N1R087E02,ENTRY
2023-02-28 09:30:00+00:00,2023-02-28 10:00:00+00:00,"EURJPY,EURAUD,GBPUSD,GBPJPY",,EURJPY,EURJPY-02-R33E2,ENTRY
2023-02-28 11:30:00+00:00,2023-02-28 12:00:00+00:00,"EURUSD,GBPUSD,GBPJPY",EURJPY,EURUSD,EURUSD-02-N1R032E11,ENTRY
2023-02-28 13:30:00+00:00,2023-02-28 14:00:00+00:00,"EURUSD,GBPJPY","EURJPY,EURUSD",GBPJPY,GBPJPY-02-N1R037E11,ENTRY
2023-02-28 15:30:00+00:00,2023-02-28 16:00:00+00:00,"EURJPY,GBPJPY,USDCAD","EURUSD,GBPJPY",EURJPY,EURJPY-02-R33E2,ENTRY
2023-03-01 01:30:00+00:00,2023-03-01 02:00:00+00:00,AUDNZD,,AUDNZD,AUDNZD-03-N1R104E02,ENTRY
2023-03-01 05:30:00+00:00,2023-03-01 06:00:00+00:00,"AUDCAD,EURCHF,AUDNZD",AUDNZD,AUDCAD,AUDCAD-03-N1R002E02,ENTRY
2023-03-01 09:30:00+00:00,2023-03-01 10:00:00+00:00,"NZDUSD,EURUSD,EURJPY,AUDCAD",AUDCAD,NZDUSD,NZDUSD-03-N1R038E03,ENTRY
2023-03-01 11:30:00+00:00,2023-03-01 12:00:00+00:00,"NZDUSD,EURCAD,EURUSD,EURJPY",NZDUSD,EURCAD,EURCAD-03-N1R034E04,ENTRY
2023-03-01 13:30:00+00:00,2023-03-01 14:00:00+00:00,"EURAUD,NZDUSD,EURCAD,EURUSD","EURCAD,NZDUSD",EURAUD,EURAUD-03-R19E8,ENTRY
2023-03-01 15:30:00+00:00,2023-03-01 16:00:00+00:00,"NZDUSD,EURCAD,EURUSD,EURJPY","EURAUD,NZDUSD",EURCAD,EURCAD-03-N1R034E04,ENTRY
2023-03-02 01:30:00+00:00,2023-03-02 02:00:00+00:00,"EURJPY,EURCHF,AUDNZD","EURAUD,EURCAD",EURJPY,EURJPY-03-N1R045E05,ENTRY
2023-03-02 05:30:00+00:00,2023-03-02 06:00:00+00:00,CHFJPY,"EURAUD,EURJPY",CHFJPY,CHFJPY-03-N1R071E12,ENTRY
2023-03-02 09:30:00+00:00,2023-03-02 10:00:00+00:00,CHFJPY,"CHFJPY,EURAUD,EURJPY",,,TOP_FOUR_HELD
2023-03-02 11:30:00+00:00,2023-03-02 12:00:00+00:00,,"CHFJPY,EURAUD,EURJPY",,,NO_TRIGGER
2023-03-02 13:30:00+00:00,2023-03-02 14:00:00+00:00,EURAUD,"EURAUD,EURJPY",,,TOP_FOUR_HELD
2023-03-02 15:30:00+00:00,2023-03-02 16:00:00+00:00,,EURJPY,,,NO_TRIGGER
2023-03-03 01:30:00+00:00,2023-03-03 02:00:00+00:00,,,,,NO_TRIGGER
2023-03-03 05:30:00+00:00,2023-03-03 06:00:00+00:00,,,,,NO_TRIGGER
2023-03-03 09:30:00+00:00,2023-03-03 10:00:00+00:00,,,,,NO_TRIGGER
2023-03-03 11:30:00+00:00,2023-03-03 12:00:00+00:00,,,,,NO_TRIGGER
2023-03-03 13:30:00+00:00,2023-03-03 14:00:00+00:00,,,,,NO_TRIGGER
2023-03-03 15:30:00+00:00,2023-03-03 16:00:00+00:00,,,,,NO_TRIGGER
2023-03-06 01:30:00+00:00,2023-03-06 02:00:00+00:00,GBPUSD,,GBPUSD,GBPUSD-03-N1R061E03,ENTRY
2023-03-06 05:30:00+00:00,2023-03-06 06:00:00+00:00,"EURCAD,EURUSD,AUDCHF,GBPUSD",GBPUSD,EURCAD,EURCAD-03-N1R034E04,ENTRY
2023-03-06 09:30:00+00:00,2023-03-06 10:00:00+00:00,"EURCAD,EURUSD,AUDCHF,GBPUSD","EURCAD,GBPUSD",EURUSD,EURUSD-03-N1R045E07,ENTRY
2023-03-06 11:30:00+00:00,2023-03-06 12:00:00+00:00,"EURCAD,AUDCHF,GBPUSD",EURUSD,EURCAD,EURCAD-03-N1R034E04,ENTRY
2023-03-06 13:30:00+00:00,2023-03-06 14:00:00+00:00,"EURCAD,AUDCHF,GBPUSD","EURCAD,EURUSD",AUDCHF,AUDCHF-03-N1R092E07,ENTRY
2023-03-06 15:30:00+00:00,2023-03-06 16:00:00+00:00,"EURCAD,AUDJPY,AUDCHF,GBPUSD",AUDCHF,EURCAD,EURCAD-03-N1R034E04,ENTRY
2023-03-07 01:30:00+00:00,2023-03-07 02:00:00+00:00,"EURCAD,EURUSD,EURJPY,AUDJPY",EURCAD,EURUSD,EURUSD-03-N1R045E07,ENTRY
2023-03-07 05:30:00+00:00,2023-03-07 06:00:00+00:00,"EURCAD,AUDCHF,GBPJPY","EURCAD,EURUSD",AUDCHF,AUDCHF-03-N1R092E07,ENTRY
2023-03-07 09:30:00+00:00,2023-03-07 10:00:00+00:00,"EURCAD,AUDCHF,AUDNZD",EURCAD,AUDCHF,AUDCHF-03-N1R092E07,ENTRY
2023-03-07 11:30:00+00:00,2023-03-07 12:00:00+00:00,"EURCAD,AUDCHF,AUDNZD","AUDCHF,EURCAD",AUDNZD,AUDNZD-03-N1R104E02,ENTRY
2023-03-07 13:30:00+00:00,2023-03-07 14:00:00+00:00,"AUDCHF,AUDNZD","AUDCHF,AUDNZD,EURCAD",,,TOP_FOUR_HELD
2023-03-07 15:30:00+00:00,2023-03-07 16:00:00+00:00,"AUDCHF,AUDNZD","AUDCHF,AUDNZD,EURCAD",,,TOP_FOUR_HELD
2023-03-08 01:30:00+00:00,2023-03-08 02:00:00+00:00,,,,,NO_TRIGGER
2023-03-08 05:30:00+00:00,2023-03-08 06:00:00+00:00,,,,,NO_TRIGGER
2023-03-08 09:30:00+00:00,2023-03-08 10:00:00+00:00,AUDJPY,,AUDJPY,AUDJPY-03-N1R122E12,ENTRY
2023-03-08 11:30:00+00:00,2023-03-08 12:00:00+00:00,,AUDJPY,,,NO_TRIGGER
2023-03-08 13:30:00+00:00,2023-03-08 14:00:00+00:00,"EURAUD,EURNZD",AUDJPY,EURAUD,EURAUD-03-R19E8,ENTRY
2023-03-08 15:30:00+00:00,2023-03-08 16:00:00+00:00,AUDNZD,"AUDJPY,EURAUD",AUDNZD,AUDNZD-03-N1R104E02,ENTRY
2023-03-09 01:30:00+00:00,2023-03-09 02:00:00+00:00,EURCAD,EURAUD,EURCAD,EURCAD-03-N1R034E04,ENTRY
2023-03-09 05:30:00+00:00,2023-03-09 06:00:00+00:00,"EURCAD,AUDJPY","EURAUD,EURCAD",AUDJPY,AUDJPY-03-N1R122E12,ENTRY
2023-03-09 09:30:00+00:00,2023-03-09 10:00:00+00:00,"EURAUD,EURNZD,EURCAD,AUDJPY","AUDJPY,EURAUD,EURCAD",EURNZD,EURNZD-03-R19E8,ENTRY
2023-03-09 11:30:00+00:00,2023-03-09 12:00:00+00:00,"EURAUD,EURCAD,AUDJPY,CHFJPY","AUDJPY,EURAUD,EURCAD,EURNZD",CHFJPY,CHFJPY-03-N1R071E12,ENTRY
2023-03-09 13:30:00+00:00,2023-03-09 14:00:00+00:00,"EURCAD,AUDCAD,NZDCAD","AUDJPY,CHFJPY,EURAUD,EURCAD,EURNZD",AUDCAD,AUDCAD-03-N1R002E02,ENTRY
2023-03-09 15:30:00+00:00,2023-03-09 16:00:00+00:00,EURGBP,"AUDJPY,CHFJPY,EURCAD,EURNZD",EURGBP,EURGBP-03-N1R102E09,ENTRY
2023-03-10 01:30:00+00:00,2023-03-10 02:00:00+00:00,"EURCAD,AUDCHF,GBPUSD",,EURCAD,EURCAD-03-N1R034E04,ENTRY
2023-03-10 05:30:00+00:00,2023-03-10 06:00:00+00:00,"EURCAD,EURUSD,AUDCHF,GBPUSD",EURCAD,EURUSD,EURUSD-03-N1R045E07,ENTRY
2023-03-10 09:30:00+00:00,2023-03-10 10:00:00+00:00,"EURNZD,EURCAD,GBPUSD",EURCAD,EURNZD,EURNZD-03-R19E8,ENTRY
2023-03-10 11:30:00+00:00,2023-03-10 12:00:00+00:00,"EURCAD,GBPUSD","EURCAD,EURNZD",GBPUSD,GBPUSD-03-N1R061E03,ENTRY
2023-03-10 13:30:00+00:00,2023-03-10 14:00:00+00:00,"EURCAD,AUDCHF,GBPUSD","EURNZD,GBPUSD",EURCAD,EURCAD-03-N1R034E04,ENTRY
2023-03-10 15:30:00+00:00,2023-03-10 16:00:00+00:00,"USDCAD,EURCAD,AUDCHF,GBPUSD",EURNZD,USDCAD,USDCAD-03-R22E8,ENTRY
2023-03-13 01:30:00+00:00,2023-03-13 02:00:00+00:00,"EURUSD,GBPUSD",,EURUSD,EURUSD-03-N1R045E07,ENTRY
2023-03-13 05:30:00+00:00,2023-03-13 06:00:00+00:00,"NZDUSD,EURUSD,GBPUSD",,NZDUSD,NZDUSD-03-N1R038E03,ENTRY
2023-03-13 09:30:00+00:00,2023-03-13 10:00:00+00:00,"NZDUSD,EURUSD,GBPUSD",NZDUSD,EURUSD,EURUSD-03-N1R045E07,ENTRY
2023-03-13 11:30:00+00:00,2023-03-13 12:00:00+00:00,"EURUSD,GBPUSD","EURUSD,NZDUSD",GBPUSD,GBPUSD-03-N1R061E03,ENTRY
2023-03-13 13:30:00+00:00,2023-03-13 14:00:00+00:00,"NZDUSD,NZDCAD,GBPUSD,AUDNZD","EURUSD,GBPUSD,NZDUSD",NZDCAD,NZDCAD-03-N1R007E09,ENTRY
2023-03-13 15:30:00+00:00,2023-03-13 16:00:00+00:00,"NZDUSD,NZDCAD,GBPUSD",,NZDUSD,NZDUSD-03-N1R038E03,ENTRY
2023-03-14 01:30:00+00:00,2023-03-14 02:00:00+00:00,"EURAUD,NZDUSD,EURUSD,AUDJPY",,EURAUD,EURAUD-03-R19E8,ENTRY
2023-03-14 05:30:00+00:00,2023-03-14 06:00:00+00:00,"AUDJPY,GBPUSD,AUDNZD",EURAUD,AUDJPY,AUDJPY-03-N1R122E12,ENTRY
2023-03-14 09:30:00+00:00,2023-03-14 10:00:00+00:00,"AUDJPY,AUDUSD,GBPUSD,EURGBP",EURAUD,AUDJPY,AUDJPY-03-N1R122E12,ENTRY
2023-03-14 11:30:00+00:00,2023-03-14 12:00:00+00:00,"EURAUD,NZDUSD,AUDJPY,GBPUSD","AUDJPY,EURAUD",NZDUSD,NZDUSD-03-N1R038E03,ENTRY
2023-03-14 13:30:00+00:00,2023-03-14 14:00:00+00:00,"GBPUSD,GBPJPY",EURAUD,GBPUSD,GBPUSD-03-N1R061E03,ENTRY
2023-03-14 15:30:00+00:00,2023-03-14 16:00:00+00:00,"AUDUSD,GBPJPY","EURAUD,GBPUSD",AUDUSD,AUDUSD-03-N1R032E07,ENTRY
2023-03-15 01:30:00+00:00,2023-03-15 02:00:00+00:00,GBPJPY,EURAUD,GBPJPY,GBPJPY-03-N1R052E03,ENTRY
2023-03-15 05:30:00+00:00,2023-03-15 06:00:00+00:00,GBPJPY,GBPJPY,,,TOP_FOUR_HELD
2023-03-15 09:30:00+00:00,2023-03-15 10:00:00+00:00,"EURJPY,GBPJPY",,EURJPY,EURJPY-03-N1R045E05,ENTRY
2023-03-15 11:30:00+00:00,2023-03-15 12:00:00+00:00,EURGBP,,EURGBP,EURGBP-03-N1R102E09,ENTRY
2023-03-15 13:30:00+00:00,2023-03-15 14:00:00+00:00,CHFJPY,,CHFJPY,CHFJPY-03-N1R071E12,ENTRY
2023-03-15 15:30:00+00:00,2023-03-15 16:00:00+00:00,CHFJPY,,CHFJPY,CHFJPY-03-N1R071E12,ENTRY
2023-03-16 01:30:00+00:00,2023-03-16 02:00:00+00:00,"EURCHF,CHFJPY",,EURCHF,EURCHF-03-N1R045E06,ENTRY
2023-03-16 05:30:00+00:00,2023-03-16 06:00:00+00:00,"EURCHF,CHFJPY",EURCHF,CHFJPY,CHFJPY-03-N1R071E12,ENTRY
2023-03-16 09:30:00+00:00,2023-03-16 10:00:00+00:00,"AUDJPY,USDJPY",,AUDJPY,AUDJPY-03-N1R122E12,ENTRY
2023-03-16 11:30:00+00:00,2023-03-16 12:00:00+00:00,"AUDJPY,CHFJPY,USDCHF",AUDJPY,CHFJPY,CHFJPY-03-N1R071E12,ENTRY
2023-03-16 13:30:00+00:00,2023-03-16 14:00:00+00:00,"AUDJPY,CHFJPY","AUDJPY,CHFJPY",,,TOP_FOUR_HELD
2023-03-16 15:30:00+00:00,2023-03-16 16:00:00+00:00,CHFJPY,,CHFJPY,CHFJPY-03-N1R071E12,ENTRY
2023-03-17 01:30:00+00:00,2023-03-17 02:00:00+00:00,CHFJPY,,CHFJPY,CHFJPY-03-N1R071E12,ENTRY
2023-03-17 05:30:00+00:00,2023-03-17 06:00:00+00:00,"NZDUSD,AUDCAD,AUDUSD,GBPUSD",CHFJPY,NZDUSD,NZDUSD-03-N1R038E03,ENTRY
2023-03-17 09:30:00+00:00,2023-03-17 10:00:00+00:00,"NZDUSD,GBPUSD,USDJPY",NZDUSD,GBPUSD,GBPUSD-03-N1R061E03,ENTRY
2023-03-17 11:30:00+00:00,2023-03-17 12:00:00+00:00,"NZDUSD,GBPUSD,USDJPY,CHFJPY","GBPUSD,NZDUSD",USDJPY,USDJPY-03-N1R118E11,ENTRY
2023-03-17 13:30:00+00:00,2023-03-17 14:00:00+00:00,"NZDUSD,NZDCAD,GBPUSD,USDJPY","GBPUSD,NZDUSD",NZDCAD,NZDCAD-03-N1R007E09,ENTRY
2023-03-17 15:30:00+00:00,2023-03-17 16:00:00+00:00,"NZDUSD,NZDCAD,GBPUSD,USDJPY",NZDUSD,NZDCAD,NZDCAD-03-N1R007E09,ENTRY
2023-03-20 01:30:00+00:00,2023-03-20 02:00:00+00:00,"NZDUSD,EURUSD,EURCHF,GBPUSD",,NZDUSD,NZDUSD-03-N1R038E03,ENTRY
2023-03-20 05:30:00+00:00,2023-03-20 06:00:00+00:00,"EURCAD,EURUSD,GBPUSD,CHFJPY",NZDUSD,EURCAD,EURCAD-03-N1R034E04,ENTRY
2023-03-20 09:30:00+00:00,2023-03-20 10:00:00+00:00,"GBPUSD,CHFJPY,AUDNZD,EURGBP",,GBPUSD,GBPUSD-03-N1R061E03,ENTRY
2023-03-20 11:30:00+00:00,2023-03-20 12:00:00+00:00,"GBPUSD,EURGBP",GBPUSD,EURGBP,EURGBP-03-N1R102E09,ENTRY
2023-03-20 13:30:00+00:00,2023-03-20 14:00:00+00:00,"EURCAD,GBPUSD",EURGBP,EURCAD,EURCAD-03-N1R034E04,ENTRY
2023-03-20 15:30:00+00:00,2023-03-20 16:00:00+00:00,"EURCHF,GBPUSD","EURCAD,EURGBP",EURCHF,EURCHF-03-N1R045E06,ENTRY
2023-03-21 01:30:00+00:00,2023-03-21 02:00:00+00:00,"AUDJPY,EURCHF,GBPUSD,CHFJPY",EURCAD,AUDJPY,AUDJPY-03-N1R122E12,ENTRY
2023-03-21 05:30:00+00:00,2023-03-21 06:00:00+00:00,"AUDJPY,EURCHF,GBPUSD,USDJPY","AUDJPY,EURCAD",EURCHF,EURCHF-03-N1R045E06,ENTRY
2023-03-21 09:30:00+00:00,2023-03-21 10:00:00+00:00,"EURCAD,AUDJPY,GBPUSD,GBPJPY","EURCAD,EURCHF",AUDJPY,AUDJPY-03-N1R122E12,ENTRY
2023-03-21 11:30:00+00:00,2023-03-21 12:00:00+00:00,"EURCAD,EURJPY,GBPUSD,GBPJPY","AUDJPY,EURCHF",EURCAD,EURCAD-03-N1R034E04,ENTRY
2023-03-21 13:30:00+00:00,2023-03-21 14:00:00+00:00,"EURAUD,EURCAD,EURUSD,EURJPY","AUDJPY,EURCAD",EURAUD,EURAUD-03-R19E8,ENTRY
2023-03-21 15:30:00+00:00,2023-03-21 16:00:00+00:00,"EURCAD,EURUSD,EURJPY,AUDJPY",EURAUD,EURCAD,EURCAD-03-N1R034E04,ENTRY
2023-03-22 01:30:00+00:00,2023-03-22 02:00:00+00:00,"EURCAD,GBPJPY",EURAUD,EURCAD,EURCAD-03-N1R034E04,ENTRY
2023-03-22 05:30:00+00:00,2023-03-22 06:00:00+00:00,"EURNZD,GBPJPY","EURAUD,EURCAD",EURNZD,EURNZD-03-R19E8,ENTRY
2023-03-22 09:30:00+00:00,2023-03-22 10:00:00+00:00,GBPJPY,"EURAUD,EURNZD",GBPJPY,GBPJPY-03-N1R052E03,ENTRY
2023-03-22 11:30:00+00:00,2023-03-22 12:00:00+00:00,"EURAUD,EURNZD,GBPJPY","EURAUD,EURNZD",GBPJPY,GBPJPY-03-N1R052E03,ENTRY
2023-03-22 13:30:00+00:00,2023-03-22 14:00:00+00:00,GBPJPY,"EURAUD,EURNZD,GBPJPY",,,TOP_FOUR_HELD
2023-03-22 15:30:00+00:00,2023-03-22 16:00:00+00:00,"EURUSD,EURJPY,GBPUSD",EURNZD,EURUSD,EURUSD-03-N1R045E07,ENTRY
2023-03-23 01:30:00+00:00,2023-03-23 02:00:00+00:00,"NZDUSD,EURCAD,EURUSD,AUDCAD",,NZDUSD,NZDUSD-03-N1R038E03,ENTRY
2023-03-23 05:30:00+00:00,2023-03-23 06:00:00+00:00,"NZDUSD,EURCAD,EURUSD,AUDCAD",,NZDUSD,NZDUSD-03-N1R038E03,ENTRY
2023-03-23 09:30:00+00:00,2023-03-23 10:00:00+00:00,"EURAUD,NZDUSD,EURNZD,EURCAD",NZDUSD,EURAUD,EURAUD-03-R19E8,ENTRY
2023-03-23 11:30:00+00:00,2023-03-23 12:00:00+00:00,"NZDUSD,EURUSD,AUDJPY,GBPUSD","EURAUD,NZDUSD",EURUSD,EURUSD-03-N1R045E07,ENTRY
2023-03-23 13:30:00+00:00,2023-03-23 14:00:00+00:00,"NZDUSD,EURJPY,AUDJPY,GBPUSD","EURAUD,EURUSD,NZDUSD",EURJPY,EURJPY-03-N1R045E05,ENTRY
2023-03-23 15:30:00+00:00,2023-03-23 16:00:00+00:00,"NZDUSD,EURJPY,AUDJPY,GBPUSD","EURAUD,EURJPY,EURUSD,NZDUSD",AUDJPY,AUDJPY-03-N1R122E12,ENTRY
2023-03-24 01:30:00+00:00,2023-03-24 02:00:00+00:00,"EURNZD,CHFJPY,AUDNZD",EURAUD,EURNZD,EURNZD-03-R19E8,ENTRY
2023-03-24 05:30:00+00:00,2023-03-24 06:00:00+00:00,"AUDCHF,CHFJPY","EURAUD,EURNZD",AUDCHF,AUDCHF-03-N1R092E07,ENTRY
2023-03-24 09:30:00+00:00,2023-03-24 10:00:00+00:00,"USDJPY,CHFJPY","EURAUD,EURNZD",USDJPY,USDJPY-03-N1R118E11,ENTRY
2023-03-24 11:30:00+00:00,2023-03-24 12:00:00+00:00,"AUDCHF,USDJPY,CHFJPY,EURGBP",,AUDCHF,AUDCHF-03-N1R092E07,ENTRY
2023-03-24 13:30:00+00:00,2023-03-24 14:00:00+00:00,"AUDCHF,EURGBP",AUDCHF,EURGBP,EURGBP-03-N1R102E09,ENTRY
2023-03-24 15:30:00+00:00,2023-03-24 16:00:00+00:00,AUDCHF,AUDCHF,,,TOP_FOUR_HELD
2023-03-27 01:30:00+00:00,2023-03-27 02:00:00+00:00,,,,,NO_TRIGGER
2023-03-27 05:30:00+00:00,2023-03-27 06:00:00+00:00,"AUDJPY,CHFJPY",,AUDJPY,AUDJPY-03-N1R122E12,ENTRY
2023-03-27 09:30:00+00:00,2023-03-27 10:00:00+00:00,"EURAUD,AUDCHF",,EURAUD,EURAUD-03-R19E8,ENTRY
2023-03-27 11:30:00+00:00,2023-03-27 12:00:00+00:00,"EURNZD,EURGBP",EURAUD,EURNZD,EURNZD-03-R19E8,ENTRY
2023-03-27 13:30:00+00:00,2023-03-27 14:00:00+00:00,USDCAD,"EURAUD,EURNZD",USDCAD,USDCAD-03-R22E8,ENTRY
2023-03-27 15:30:00+00:00,2023-03-27 16:00:00+00:00,,"EURAUD,EURNZD,USDCAD",,,NO_TRIGGER
2023-03-28 01:30:00+00:00,2023-03-28 02:00:00+00:00,"EURNZD,GBPUSD,GBPJPY","EURAUD,EURNZD",GBPUSD,GBPUSD-03-N1R061E03,ENTRY
2023-03-28 05:30:00+00:00,2023-03-28 06:00:00+00:00,"EURUSD,GBPUSD,EURGBP,GBPJPY","EURAUD,EURNZD,GBPUSD",EURUSD,EURUSD-03-N1R045E07,ENTRY
2023-03-28 09:30:00+00:00,2023-03-28 10:00:00+00:00,"EURUSD,GBPUSD,GBPJPY","EURAUD,EURNZD",EURUSD,EURUSD-03-N1R045E07,ENTRY
2023-03-28 11:30:00+00:00,2023-03-28 12:00:00+00:00,"GBPUSD,GBPJPY","EURNZD,EURUSD",GBPUSD,GBPUSD-03-N1R061E03,ENTRY
2023-03-28 13:30:00+00:00,2023-03-28 14:00:00+00:00,"NZDUSD,EURCHF,GBPUSD",,NZDUSD,NZDUSD-03-N1R038E03,ENTRY
2023-03-28 15:30:00+00:00,2023-03-28 16:00:00+00:00,"NZDUSD,EURCHF,GBPUSD",NZDUSD,EURCHF,EURCHF-03-N1R045E06,ENTRY
2023-03-29 01:30:00+00:00,2023-03-29 02:00:00+00:00,"NZDUSD,EURUSD,EURCHF,GBPUSD",,NZDUSD,NZDUSD-03-N1R038E03,ENTRY
2023-03-29 05:30:00+00:00,2023-03-29 06:00:00+00:00,"NZDUSD,EURJPY,GBPUSD,GBPJPY",NZDUSD,EURJPY,EURJPY-03-N1R045E05,ENTRY
2023-03-29 09:30:00+00:00,2023-03-29 10:00:00+00:00,"EURJPY,GBPUSD,GBPJPY",EURJPY,GBPUSD,GBPUSD-03-N1R061E03,ENTRY
2023-03-29 11:30:00+00:00,2023-03-29 12:00:00+00:00,"EURJPY,GBPJPY",EURJPY,GBPJPY,GBPJPY-03-N1R052E03,ENTRY
2023-03-29 13:30:00+00:00,2023-03-29 14:00:00+00:00,"EURAUD,EURJPY,GBPJPY",GBPJPY,EURAUD,EURAUD-03-R19E8,ENTRY
2023-03-29 15:30:00+00:00,2023-03-29 16:00:00+00:00,"EURAUD,EURJPY,GBPJPY","EURAUD,GBPJPY",EURJPY,EURJPY-03-N1R045E05,ENTRY
2023-03-30 01:30:00+00:00,2023-03-30 02:00:00+00:00,"EURJPY,GBPJPY","EURAUD,EURJPY",GBPJPY,GBPJPY-03-N1R052E03,ENTRY
2023-03-30 05:30:00+00:00,2023-03-30 06:00:00+00:00,"EURNZD,GBPJPY","EURAUD,EURJPY,GBPJPY",EURNZD,EURNZD-03-R19E8,ENTRY
2023-03-30 09:30:00+00:00,2023-03-30 10:00:00+00:00,"AUDUSD,GBPJPY","EURAUD,EURJPY,EURNZD",AUDUSD,AUDUSD-03-N1R032E07,ENTRY
2023-03-30 11:30:00+00:00,2023-03-30 12:00:00+00:00,"EURUSD,AUDUSD,GBPJPY","AUDUSD,EURAUD,EURJPY,EURNZD",EURUSD,EURUSD-03-N1R045E07,ENTRY
2023-03-30 13:30:00+00:00,2023-03-30 14:00:00+00:00,"EURUSD,EURJPY,GBPJPY","EURAUD,EURNZD",EURUSD,EURUSD-03-N1R045E07,ENTRY
2023-03-30 15:30:00+00:00,2023-03-30 16:00:00+00:00,"NZDUSD,EURUSD,EURJPY","EURNZD,EURUSD",NZDUSD,NZDUSD-03-N1R038E03,ENTRY
2023-03-31 01:30:00+00:00,2023-03-31 02:00:00+00:00,"EURAUD,NZDUSD,EURNZD,GBPUSD",EURNZD,EURAUD,EURAUD-03-R19E8,ENTRY
2023-03-31 05:30:00+00:00,2023-03-31 06:00:00+00:00,"NZDUSD,EURJPY,GBPUSD,AUDNZD",EURAUD,NZDUSD,NZDUSD-03-N1R038E03,ENTRY
2023-03-31 09:30:00+00:00,2023-03-31 10:00:00+00:00,"GBPUSD,AUDNZD",EURAUD,GBPUSD,GBPUSD-03-N1R061E03,ENTRY
2023-03-31 11:30:00+00:00,2023-03-31 12:00:00+00:00,"GBPUSD,AUDNZD","EURAUD,GBPUSD",AUDNZD,AUDNZD-03-N1R104E02,ENTRY
2023-03-31 13:30:00+00:00,2023-03-31 14:00:00+00:00,"GBPUSD,AUDNZD","AUDNZD,EURAUD",GBPUSD,GBPUSD-03-N1R061E03,ENTRY
2023-03-31 15:30:00+00:00,2023-03-31 16:00:00+00:00,,EURAUD,,,NO_TRIGGER
2023-04-03 01:30:00+00:00,2023-04-03 02:00:00+00:00,"USDCAD,EURGBP",,USDCAD,USDCAD-04-R27E8,ENTRY
2023-04-03 05:30:00+00:00,2023-04-03 06:00:00+00:00,"USDJPY,EURJPY,AUDJPY,EURGBP",USDCAD,USDJPY,USDJPY-04-N1R033E05,ENTRY
2023-04-03 09:30:00+00:00,2023-04-03 10:00:00+00:00,"USDJPY,EURJPY,AUDJPY,EURAUD","USDCAD,USDJPY",EURJPY,EURJPY-04-N1R005E05,ENTRY
2023-04-03 11:30:00+00:00,2023-04-03 12:00:00+00:00,"USDJPY,AUDJPY,EURAUD,EURGBP","EURJPY,USDCAD,USDJPY",AUDJPY,AUDJPY-04-N1R001E06,ENTRY
2023-04-03 13:30:00+00:00,2023-04-03 14:00:00+00:00,"USDJPY,AUDUSD,AUDJPY,EURGBP","AUDJPY,EURJPY,USDCAD",USDJPY,USDJPY-04-N1R033E05,ENTRY
2023-04-03 15:30:00+00:00,2023-04-03 16:00:00+00:00,"NZDCAD,AUDUSD,EURGBP","AUDJPY,USDCAD",NZDCAD,NZDCAD-04-R57E4,ENTRY
2023-04-04 01:30:00+00:00,2023-04-04 02:00:00+00:00,"AUDUSD,AUDJPY,EURUSD,EURGBP","NZDCAD,USDCAD",AUDUSD,AUDUSD-04-N1R033E11,ENTRY
2023-04-04 05:30:00+00:00,2023-04-04 06:00:00+00:00,"EURGBP,GBPJPY","AUDUSD,NZDCAD",EURGBP,EURGBP-04-N1R123E11,ENTRY
2023-04-04 09:30:00+00:00,2023-04-04 10:00:00+00:00,"USDCHF,EURJPY,EURCHF,EURUSD","EURGBP,NZDCAD",USDCHF,USDCHF-04-N1R079E03,ENTRY
2023-04-04 11:30:00+00:00,2023-04-04 12:00:00+00:00,"EURJPY,EURCHF,AUDJPY,EURUSD","NZDCAD,USDCHF",EURJPY,EURJPY-04-N1R005E05,ENTRY
2023-04-04 13:30:00+00:00,2023-04-04 14:00:00+00:00,"EURCHF,EURGBP,GBPJPY","EURJPY,NZDCAD",EURCHF,EURCHF-04-N1R052E11,ENTRY
2023-04-04 15:30:00+00:00,2023-04-04 16:00:00+00:00,"USDCHF,NZDUSD,EURCHF,EURGBP",EURCHF,USDCHF,USDCHF-04-N1R079E03,ENTRY
2023-04-05 01:30:00+00:00,2023-04-05 02:00:00+00:00,"AUDUSD,EURUSD,EURGBP,AUDCAD",USDCHF,AUDUSD,AUDUSD-04-N1R033E11,ENTRY
2023-04-05 05:30:00+00:00,2023-04-05 06:00:00+00:00,"AUDUSD,AUDCHF","AUDUSD,USDCHF",AUDCHF,AUDCHF-04-N1R078E06,ENTRY
2023-04-05 09:30:00+00:00,2023-04-05 10:00:00+00:00,"USDCHF,AUDCHF",,USDCHF,USDCHF-04-N1R079E03,ENTRY
2023-04-05 11:30:00+00:00,2023-04-05 12:00:00+00:00,AUDCHF,USDCHF,AUDCHF,AUDCHF-04-N1R078E06,ENTRY
2023-04-05 13:30:00+00:00,2023-04-05 14:00:00+00:00,,AUDCHF,,,NO_TRIGGER
2023-04-05 15:30:00+00:00,2023-04-05 16:00:00+00:00,"GBPUSD,NZDUSD",,GBPUSD,GBPUSD-04-R52E5,ENTRY
2023-04-06 01:30:00+00:00,2023-04-06 02:00:00+00:00,"AUDCHF,EURGBP",GBPUSD,AUDCHF,AUDCHF-04-N1R078E06,ENTRY
2023-04-06 05:30:00+00:00,2023-04-06 06:00:00+00:00,"NZDUSD,EURGBP","AUDCHF,GBPUSD",NZDUSD,NZDUSD-04-N1R067E05,ENTRY
2023-04-06 09:30:00+00:00,2023-04-06 10:00:00+00:00,"USDCHF,AUDCHF,EURGBP","GBPUSD,NZDUSD",USDCHF,USDCHF-04-N1R079E03,ENTRY
2023-04-06 11:30:00+00:00,2023-04-06 12:00:00+00:00,"AUDCHF,EURGBP","GBPUSD,NZDUSD,USDCHF",AUDCHF,AUDCHF-04-N1R078E06,ENTRY
2023-04-06 13:30:00+00:00,2023-04-06 14:00:00+00:00,"AUDCHF,EURGBP",USDCHF,AUDCHF,AUDCHF-04-N1R078E06,ENTRY
2023-04-06 15:30:00+00:00,2023-04-06 16:00:00+00:00,"EURNZD,AUDCHF,EURGBP","AUDCHF,USDCHF",EURNZD,EURNZD-04-N1R045E02,ENTRY
2023-04-07 01:30:00+00:00,2023-04-07 02:00:00+00:00,"EURNZD,AUDNZD",USDCHF,EURNZD,EURNZD-04-N1R045E02,ENTRY
2023-04-07 05:30:00+00:00,2023-04-07 06:00:00+00:00,,"EURNZD,USDCHF",,,NO_TRIGGER
2023-04-07 09:30:00+00:00,2023-04-07 10:00:00+00:00,"NZDCAD,AUDCHF",,NZDCAD,NZDCAD-04-R57E4,ENTRY
2023-04-07 11:30:00+00:00,2023-04-07 12:00:00+00:00,,NZDCAD,,,NO_TRIGGER
2023-04-07 13:30:00+00:00,2023-04-07 14:00:00+00:00,"USDJPY,EURJPY",,USDJPY,USDJPY-04-N1R033E05,ENTRY
2023-04-07 15:30:00+00:00,2023-04-07 16:00:00+00:00,"USDJPY,AUDCHF,EURJPY",USDJPY,AUDCHF,AUDCHF-04-N1R078E06,ENTRY
2023-04-10 01:30:00+00:00,2023-04-10 02:00:00+00:00,"USDJPY,EURJPY,GBPJPY",,USDJPY,USDJPY-04-N1R033E05,ENTRY
2023-04-10 05:30:00+00:00,2023-04-10 06:00:00+00:00,"USDJPY,GBPJPY",USDJPY,GBPJPY,GBPJPY-04-N1R049E07,ENTRY
2023-04-10 09:30:00+00:00,2023-04-10 10:00:00+00:00,"CHFJPY,USDJPY,EURNZD,GBPJPY",,CHFJPY,CHFJPY-04-R22E3,ENTRY
2023-04-10 11:30:00+00:00,2023-04-10 12:00:00+00:00,"USDJPY,EURJPY,GBPJPY",CHFJPY,USDJPY,USDJPY-04-N1R033E05,ENTRY
2023-04-10 13:30:00+00:00,2023-04-10 14:00:00+00:00,"USDJPY,AUDCHF,EURJPY,AUDJPY",USDJPY,AUDCHF,AUDCHF-04-N1R078E06,ENTRY
2023-04-10 15:30:00+00:00,2023-04-10 16:00:00+00:00,"USDJPY,EURJPY,AUDJPY,AUDNZD",AUDCHF,USDJPY,USDJPY-04-N1R033E05,ENTRY
2023-04-11 01:30:00+00:00,2023-04-11 02:00:00+00:00,"USDJPY,AUDJPY,GBPJPY",,USDJPY,USDJPY-04-N1R033E05,ENTRY
2023-04-11 05:30:00+00:00,2023-04-11 06:00:00+00:00,"AUDJPY,AUDNZD,GBPJPY",USDJPY,AUDJPY,AUDJPY-04-N1R001E06,ENTRY
2023-04-11 09:30:00+00:00,2023-04-11 10:00:00+00:00,"EURNZD,AUDCHF,AUDNZD,EURGBP",,EURNZD,EURNZD-04-N1R045E02,ENTRY
2023-04-11 11:30:00+00:00,2023-04-11 12:00:00+00:00,"EURNZD,AUDCHF,EURJPY,AUDNZD",EURNZD,AUDCHF,AUDCHF-04-N1R078E06,ENTRY
2023-04-11 13:30:00+00:00,2023-04-11 14:00:00+00:00,"EURNZD,AUDJPY,AUDNZD,GBPJPY",AUDCHF,EURNZD,EURNZD-04-N1R045E02,ENTRY
2023-04-11 15:30:00+00:00,2023-04-11 16:00:00+00:00,"EURNZD,EURJPY,AUDJPY,AUDNZD","AUDCHF,EURNZD",EURJPY,EURJPY-04-N1R005E05,ENTRY
2023-04-12 01:30:00+00:00,2023-04-12 02:00:00+00:00,"USDJPY,USDCAD,EURNZD,EURJPY",EURJPY,USDJPY,USDJPY-04-N1R033E05,ENTRY
2023-04-12 05:30:00+00:00,2023-04-12 06:00:00+00:00,"USDJPY,EURJPY,AUDJPY,EURUSD","EURJPY,USDJPY",AUDJPY,AUDJPY-04-N1R001E06,ENTRY
2023-04-12 09:30:00+00:00,2023-04-12 10:00:00+00:00,"USDJPY,AUDJPY,EURUSD,GBPJPY","EURJPY,USDJPY",AUDJPY,AUDJPY-04-N1R001E06,ENTRY
2023-04-12 11:30:00+00:00,2023-04-12 12:00:00+00:00,"USDJPY,USDCHF,AUDJPY,GBPJPY","AUDJPY,EURJPY,USDJPY",USDCHF,USDCHF-04-N1R079E03,ENTRY
2023-04-12 13:30:00+00:00,2023-04-12 14:00:00+00:00,"GBPUSD,NZDCAD,USDCHF,AUDUSD",,GBPUSD,GBPUSD-04-R52E5,ENTRY
2023-04-12 15:30:00+00:00,2023-04-12 16:00:00+00:00,"GBPUSD,USDCHF,AUDUSD,EURJPY",GBPUSD,USDCHF,USDCHF-04-N1R079E03,ENTRY
2023-04-13 01:30:00+00:00,2023-04-13 02:00:00+00:00,"USDCAD,EURNZD,AUDUSD,EURJPY","GBPUSD,USDCHF",USDCAD,USDCAD-04-R27E8,ENTRY
2023-04-13 05:30:00+00:00,2023-04-13 06:00:00+00:00,"AUDUSD,AUDCAD,GBPJPY","GBPUSD,USDCAD,USDCHF",AUDUSD,AUDUSD-04-N1R033E11,ENTRY
2023-04-13 09:30:00+00:00,2023-04-13 10:00:00+00:00,"USDCHF,NZDUSD,AUDUSD,AUDCHF","AUDUSD,GBPUSD,USDCAD",USDCHF,USDCHF-04-N1R079E03,ENTRY
2023-04-13 11:30:00+00:00,2023-04-13 12:00:00+00:00,"USDCHF,AUDUSD,EURJPY,AUDJPY","AUDUSD,USDCAD,USDCHF",EURJPY,EURJPY-04-N1R005E05,ENTRY
2023-04-13 13:30:00+00:00,2023-04-13 14:00:00+00:00,"USDCHF,AUDUSD,AUDJPY,EURUSD",USDCAD,USDCHF,USDCHF-04-N1R079E03,ENTRY
2023-04-13 15:30:00+00:00,2023-04-13 16:00:00+00:00,"USDCHF,AUDUSD,EURUSD,AUDCAD",USDCAD,USDCHF,USDCHF-04-N1R079E03,ENTRY
2023-04-14 01:30:00+00:00,2023-04-14 02:00:00+00:00,"AUDUSD,EURAUD",,AUDUSD,AUDUSD-04-N1R033E11,ENTRY
2023-04-14 05:30:00+00:00,2023-04-14 06:00:00+00:00,"AUDUSD,EURUSD",AUDUSD,EURUSD,EURUSD-04-N1R021E08,ENTRY
2023-04-14 09:30:00+00:00,2023-04-14 10:00:00+00:00,,,,,NO_TRIGGER
2023-04-14 11:30:00+00:00,2023-04-14 12:00:00+00:00,"EURJPY,AUDJPY",,EURJPY,EURJPY-04-N1R005E05,ENTRY
2023-04-14 13:30:00+00:00,2023-04-14 14:00:00+00:00,"GBPUSD,EURJPY,AUDJPY,AUDNZD",EURJPY,GBPUSD,GBPUSD-04-R52E5,ENTRY
2023-04-14 15:30:00+00:00,2023-04-14 16:00:00+00:00,EURJPY,"EURJPY,GBPUSD",,,TOP_FOUR_HELD
2023-04-17 01:30:00+00:00,2023-04-17 02:00:00+00:00,"USDJPY,EURNZD",,USDJPY,USDJPY-04-N1R033E05,ENTRY
2023-04-17 05:30:00+00:00,2023-04-17 06:00:00+00:00,"USDJPY,AUDJPY,GBPJPY",USDJPY,AUDJPY,AUDJPY-04-N1R001E06,ENTRY
2023-04-17 09:30:00+00:00,2023-04-17 10:00:00+00:00,"USDJPY,AUDCHF,GBPJPY",USDJPY,AUDCHF,AUDCHF-04-N1R078E06,ENTRY
2023-04-17 11:30:00+00:00,2023-04-17 12:00:00+00:00,"USDJPY,AUDJPY","AUDCHF,USDJPY",AUDJPY,AUDJPY-04-N1R001E06,ENTRY
2023-04-17 13:30:00+00:00,2023-04-17 14:00:00+00:00,"USDJPY,GBPJPY","AUDCHF,AUDJPY,USDJPY",GBPJPY,GBPJPY-04-N1R049E07,ENTRY
2023-04-17 15:30:00+00:00,2023-04-17 16:00:00+00:00,"USDJPY,AUDJPY,AUDNZD,GBPJPY","GBPJPY,USDJPY",AUDJPY,AUDJPY-04-N1R001E06,ENTRY
2023-04-18 01:30:00+00:00,2023-04-18 02:00:00+00:00,"USDJPY,EURAUD,GBPJPY","GBPJPY,USDJPY",EURAUD,EURAUD-04-N1R114E10,ENTRY
2023-04-18 05:30:00+00:00,2023-04-18 06:00:00+00:00,"USDJPY,EURAUD,AUDNZD,GBPJPY",,USDJPY,USDJPY-04-N1R033E05,ENTRY
2023-04-18 09:30:00+00:00,2023-04-18 10:00:00+00:00,"EURJPY,EURAUD,GBPJPY",,EURJPY,EURJPY-04-N1R005E05,ENTRY
2023-04-18 11:30:00+00:00,2023-04-18 12:00:00+00:00,"AUDJPY,EURAUD,AUDCAD,GBPJPY",EURJPY,AUDJPY,AUDJPY-04-N1R001E06,ENTRY
2023-04-18 13:30:00+00:00,2023-04-18 14:00:00+00:00,"EURGBP,AUDCAD,GBPJPY",AUDJPY,EURGBP,EURGBP-04-N1R123E11,ENTRY
2023-04-18 15:30:00+00:00,2023-04-18 16:00:00+00:00,"AUDUSD,EURGBP,AUDCAD,GBPJPY","AUDJPY,EURGBP",AUDUSD,AUDUSD-04-N1R033E11,ENTRY
2023-04-19 01:30:00+00:00,2023-04-19 02:00:00+00:00,"EURJPY,AUDJPY,AUDCAD,GBPJPY","AUDUSD,EURGBP",EURJPY,EURJPY-04-N1R005E05,ENTRY
2023-04-19 05:30:00+00:00,2023-04-19 06:00:00+00:00,"USDJPY,AUDUSD,EURCHF,AUDJPY","AUDUSD,EURGBP,EURJPY",USDJPY,USDJPY-04-N1R033E05,ENTRY
2023-04-19 09:30:00+00:00,2023-04-19 10:00:00+00:00,"GBPUSD,USDJPY,EURJPY,EURCHF","AUDUSD,EURGBP,EURJPY",GBPUSD,GBPUSD-04-R52E5,ENTRY
2023-04-19 11:30:00+00:00,2023-04-19 12:00:00+00:00,"USDJPY,GBPJPY","EURGBP,GBPUSD",USDJPY,USDJPY-04-N1R033E05,ENTRY
2023-04-19 13:30:00+00:00,2023-04-19 14:00:00+00:00,"GBPUSD,USDJPY,EURGBP,AUDCAD","EURGBP,GBPUSD,USDJPY",AUDCAD,AUDCAD-04-N1R017E08,ENTRY
2023-04-19 15:30:00+00:00,2023-04-19 16:00:00+00:00,"GBPUSD,USDJPY,EURJPY,AUDJPY",AUDCAD,GBPUSD,GBPUSD-04-R52E5,ENTRY
2023-04-20 01:30:00+00:00,2023-04-20 02:00:00+00:00,"USDJPY,EURNZD,EURJPY,EURGBP","AUDCAD,GBPUSD",USDJPY,USDJPY-04-N1R033E05,ENTRY
2023-04-20 05:30:00+00:00,2023-04-20 06:00:00+00:00,"USDJPY,EURNZD,AUDCHF,EURGBP","GBPUSD,USDJPY",EURNZD,EURNZD-04-N1R045E02,ENTRY
2023-04-20 09:30:00+00:00,2023-04-20 10:00:00+00:00,"EURNZD,AUDCHF,EURJPY,AUDCAD",GBPUSD,EURNZD,EURNZD-04-N1R045E02,ENTRY
2023-04-20 11:30:00+00:00,2023-04-20 12:00:00+00:00,"USDCHF,EURNZD,AUDJPY,AUDCAD","EURNZD,GBPUSD",USDCHF,USDCHF-04-N1R079E03,ENTRY
2023-04-20 13:30:00+00:00,2023-04-20 14:00:00+00:00,"GBPUSD,AUDCAD","EURNZD,GBPUSD",AUDCAD,AUDCAD-04-N1R017E08,ENTRY
2023-04-20 15:30:00+00:00,2023-04-20 16:00:00+00:00,"GBPUSD,USDCHF,AUDUSD,AUDJPY","AUDCAD,GBPUSD",USDCHF,USDCHF-04-N1R079E03,ENTRY
2023-04-21 01:30:00+00:00,2023-04-21 02:00:00+00:00,"AUDNZD,AUDCAD","AUDCAD,USDCHF",AUDNZD,AUDNZD-04-N1R020E12,ENTRY
2023-04-21 05:30:00+00:00,2023-04-21 06:00:00+00:00,"EURNZD,AUDCHF","AUDNZD,USDCHF",EURNZD,EURNZD-04-N1R045E02,ENTRY
2023-04-21 09:30:00+00:00,2023-04-21 10:00:00+00:00,"EURNZD,AUDCHF","AUDNZD,USDCHF",EURNZD,EURNZD-04-N1R045E02,ENTRY
2023-04-21 11:30:00+00:00,2023-04-21 12:00:00+00:00,EURNZD,"AUDNZD,EURNZD,USDCHF",,,TOP_FOUR_HELD
2023-04-21 13:30:00+00:00,2023-04-21 14:00:00+00:00,"NZDCAD,USDCHF,EURNZD,AUDCHF",AUDNZD,NZDCAD,NZDCAD-04-R57E4,ENTRY
2023-04-21 15:30:00+00:00,2023-04-21 16:00:00+00:00,"EURNZD,AUDCAD","AUDNZD,NZDCAD",EURNZD,EURNZD-04-N1R045E02,ENTRY
2023-04-24 01:30:00+00:00,2023-04-24 02:00:00+00:00,"AUDCHF,EURUSD,AUDCAD",,AUDCHF,AUDCHF-04-N1R078E06,ENTRY
2023-04-24 05:30:00+00:00,2023-04-24 06:00:00+00:00,AUDCHF,AUDCHF,,,TOP_FOUR_HELD
2023-04-24 09:30:00+00:00,2023-04-24 10:00:00+00:00,"USDCHF,AUDCHF,EURJPY,EURUSD",,USDCHF,USDCHF-04-N1R079E03,ENTRY
2023-04-24 11:30:00+00:00,2023-04-24 12:00:00+00:00,"AUDCHF,EURJPY,EURUSD,GBPJPY",USDCHF,AUDCHF,AUDCHF-04-N1R078E06,ENTRY
2023-04-24 13:30:00+00:00,2023-04-24 14:00:00+00:00,"USDJPY,EURJPY,EURUSD,GBPJPY","AUDCHF,USDCHF",USDJPY,USDJPY-04-N1R033E05,ENTRY
2023-04-24 15:30:00+00:00,2023-04-24 16:00:00+00:00,"GBPUSD,USDJPY,USDCHF,EURJPY",USDJPY,GBPUSD,GBPUSD-04-R52E5,ENTRY
2023-04-25 01:30:00+00:00,2023-04-25 02:00:00+00:00,"USDCHF,EURJPY,EURUSD,AUDCAD",GBPUSD,USDCHF,USDCHF-04-N1R079E03,ENTRY
2023-04-25 05:30:00+00:00,2023-04-25 06:00:00+00:00,"AUDCHF,GBPJPY","GBPUSD,USDCHF",AUDCHF,AUDCHF-04-N1R078E06,ENTRY
2023-04-25 09:30:00+00:00,2023-04-25 10:00:00+00:00,"USDCHF,AUDCHF,GBPJPY",GBPUSD,USDCHF,USDCHF-04-N1R079E03,ENTRY
2023-04-25 11:30:00+00:00,2023-04-25 12:00:00+00:00,"CHFJPY,GBPUSD,NZDUSD,GBPJPY",GBPUSD,CHFJPY,CHFJPY-04-R22E3,ENTRY
2023-04-25 13:30:00+00:00,2023-04-25 14:00:00+00:00,GBPUSD,"CHFJPY,GBPUSD",,,TOP_FOUR_HELD
2023-04-25 15:30:00+00:00,2023-04-25 16:00:00+00:00,,,,,NO_TRIGGER
2023-04-26 01:30:00+00:00,2023-04-26 02:00:00+00:00,,,,,NO_TRIGGER
2023-04-26 05:30:00+00:00,2023-04-26 06:00:00+00:00,,,,,NO_TRIGGER
2023-04-26 09:30:00+00:00,2023-04-26 10:00:00+00:00,EURNZD,,EURNZD,EURNZD-04-N1R045E02,ENTRY
2023-04-26 11:30:00+00:00,2023-04-26 12:00:00+00:00,EURNZD,,EURNZD,EURNZD-04-N1R045E02,ENTRY
2023-04-26 13:30:00+00:00,2023-04-26 14:00:00+00:00,"EURNZD,EURUSD",,EURNZD,EURNZD-04-N1R045E02,ENTRY
2023-04-26 15:30:00+00:00,2023-04-26 16:00:00+00:00,"EURNZD,EURUSD",,EURNZD,EURNZD-04-N1R045E02,ENTRY
2023-04-27 01:30:00+00:00,2023-04-27 02:00:00+00:00,EURUSD,EURNZD,EURUSD,EURUSD-04-N1R021E08,ENTRY
2023-04-27 05:30:00+00:00,2023-04-27 06:00:00+00:00,"EURCHF,EURUSD",EURUSD,EURCHF,EURCHF-04-N1R052E11,ENTRY
2023-04-27 09:30:00+00:00,2023-04-27 10:00:00+00:00,"GBPUSD,EURCHF,EURUSD,GBPJPY","EURCHF,EURUSD",GBPUSD,GBPUSD-04-R52E5,ENTRY
2023-04-27 11:30:00+00:00,2023-04-27 12:00:00+00:00,"GBPUSD,EURCHF","EURCHF,EURUSD,GBPUSD",,,TOP_FOUR_HELD
2023-04-27 13:30:00+00:00,2023-04-27 14:00:00+00:00,"GBPUSD,EURCHF",EURCHF,GBPUSD,GBPUSD-04-R52E5,ENTRY
2023-04-27 15:30:00+00:00,2023-04-27 16:00:00+00:00,"GBPUSD,EURJPY,GBPJPY","EURCHF,GBPUSD",EURJPY,EURJPY-04-N1R005E05,ENTRY
2023-04-28 01:30:00+00:00,2023-04-28 02:00:00+00:00,"USDJPY,EURJPY,EURGBP,GBPJPY","EURCHF,EURJPY,GBPUSD",USDJPY,USDJPY-04-N1R033E05,ENTRY
2023-04-28 05:30:00+00:00,2023-04-28 06:00:00+00:00,"USDJPY,EURCHF,EURGBP,GBPJPY","EURCHF,GBPUSD",USDJPY,USDJPY-04-N1R033E05,ENTRY
2023-04-28 09:30:00+00:00,2023-04-28 10:00:00+00:00,"GBPUSD,USDJPY,EURJPY,EURGBP","GBPUSD,USDJPY",EURJPY,EURJPY-04-N1R005E05,ENTRY
2023-04-28 11:30:00+00:00,2023-04-28 12:00:00+00:00,"GBPUSD,USDJPY,EURJPY,AUDJPY","EURJPY,GBPUSD",USDJPY,USDJPY-04-N1R033E05,ENTRY
2023-04-28 13:30:00+00:00,2023-04-28 14:00:00+00:00,"GBPUSD,USDJPY,NZDUSD,AUDJPY","EURJPY,GBPUSD,USDJPY",NZDUSD,NZDUSD-04-N1R067E05,ENTRY
2023-04-28 15:30:00+00:00,2023-04-28 16:00:00+00:00,"GBPUSD,USDJPY,NZDUSD,EURJPY","EURJPY,NZDUSD,USDJPY",GBPUSD,GBPUSD-04-R52E5,ENTRY
2023-05-01 01:30:00+00:00,2023-05-01 02:00:00+00:00,"EURUSD,USDJPY,EURJPY,AUDJPY",,EURUSD,EURUSD-05-R46E8,ENTRY
2023-05-01 05:30:00+00:00,2023-05-01 06:00:00+00:00,"USDJPY,EURJPY,AUDJPY,CHFJPY",EURUSD,USDJPY,USDJPY-05-N1R033E08,ENTRY
2023-05-01 09:30:00+00:00,2023-05-01 10:00:00+00:00,"USDJPY,AUDUSD,EURAUD,CHFJPY","EURUSD,USDJPY",AUDUSD,AUDUSD-05-N1R048E10,ENTRY
2023-05-01 11:30:00+00:00,2023-05-01 12:00:00+00:00,"USDJPY,AUDUSD,EURAUD","AUDUSD,EURUSD,USDJPY",EURAUD,EURAUD-05-N1R124E05,ENTRY
2023-05-01 13:30:00+00:00,2023-05-01 14:00:00+00:00,"USDJPY,AUDUSD,EURJPY,AUDJPY","EURAUD,EURUSD,USDJPY",AUDUSD,AUDUSD-05-N1R048E10,ENTRY
2023-05-01 15:30:00+00:00,2023-05-01 16:00:00+00:00,"AUDNZD,USDJPY,AUDUSD,EURJPY","AUDUSD,EURUSD,USDJPY",AUDNZD,AUDNZD-05-R52E7,ENTRY
2023-05-02 01:30:00+00:00,2023-05-02 02:00:00+00:00,"USDJPY,EURJPY,CHFJPY","AUDNZD,EURUSD",USDJPY,USDJPY-05-N1R033E08,ENTRY
2023-05-02 05:30:00+00:00,2023-05-02 06:00:00+00:00,"EURUSD,USDJPY,EURJPY,AUDJPY",USDJPY,EURUSD,EURUSD-05-R46E8,ENTRY
2023-05-02 09:30:00+00:00,2023-05-02 10:00:00+00:00,"AUDCAD,EURUSD,USDJPY,EURJPY","EURUSD,USDJPY",AUDCAD,AUDCAD-05-N1R019E11,ENTRY
2023-05-02 11:30:00+00:00,2023-05-02 12:00:00+00:00,"AUDCAD,EURUSD,USDJPY,EURAUD","AUDCAD,EURUSD,USDJPY",EURAUD,EURAUD-05-N1R124E05,ENTRY
2023-05-02 13:30:00+00:00,2023-05-02 14:00:00+00:00,"AUDCAD,EURUSD,USDJPY,AUDJPY","AUDCAD,EURAUD,EURUSD,USDJPY",AUDJPY,AUDJPY-05-N1R001E05,ENTRY
2023-05-02 15:30:00+00:00,2023-05-02 16:00:00+00:00,AUDCAD,"AUDCAD,EURUSD",,,TOP_FOUR_HELD
2023-05-03 01:30:00+00:00,2023-05-03 02:00:00+00:00,"AUDJPY,USDCHF","AUDCAD,EURUSD",AUDJPY,AUDJPY-05-N1R001E05,ENTRY
2023-05-03 05:30:00+00:00,2023-05-03 06:00:00+00:00,USDCHF,"AUDCAD,AUDJPY",USDCHF,USDCHF-05-N1R111E08,ENTRY
2023-05-03 09:30:00+00:00,2023-05-03 10:00:00+00:00,"USDCAD,USDCHF,CHFJPY",AUDCAD,USDCAD,USDCAD-05-N1R004E11,ENTRY
2023-05-03 11:30:00+00:00,2023-05-03 12:00:00+00:00,"USDCAD,USDCHF",USDCAD,USDCHF,USDCHF-05-N1R111E08,ENTRY
2023-05-03 13:30:00+00:00,2023-05-03 14:00:00+00:00,"USDCAD,USDCHF","USDCAD,USDCHF",,,TOP_FOUR_HELD
2023-05-03 15:30:00+00:00,2023-05-03 16:00:00+00:00,"USDCAD,GBPUSD,USDCHF","USDCAD,USDCHF",GBPUSD,GBPUSD-05-N1R042E08,ENTRY
2023-05-04 01:30:00+00:00,2023-05-04 02:00:00+00:00,"AUDCHF,GBPUSD,USDCHF",,AUDCHF,AUDCHF-05-N1R081E02,ENTRY
2023-05-04 05:30:00+00:00,2023-05-04 06:00:00+00:00,"GBPUSD,USDCHF",,GBPUSD,GBPUSD-05-N1R042E08,ENTRY
2023-05-04 09:30:00+00:00,2023-05-04 10:00:00+00:00,,GBPUSD,,,NO_TRIGGER
2023-05-04 11:30:00+00:00,2023-05-04 12:00:00+00:00,,,,,NO_TRIGGER
2023-05-04 13:30:00+00:00,2023-05-04 14:00:00+00:00,,,,,NO_TRIGGER
2023-05-04 15:30:00+00:00,2023-05-04 16:00:00+00:00,,,,,NO_TRIGGER
2023-05-05 01:30:00+00:00,2023-05-05 02:00:00+00:00,"AUDUSD,EURAUD",,AUDUSD,AUDUSD-05-N1R048E10,ENTRY
2023-05-05 05:30:00+00:00,2023-05-05 06:00:00+00:00,"AUDUSD,EURAUD,USDCHF",,AUDUSD,AUDUSD-05-N1R048E10,ENTRY
2023-05-05 09:30:00+00:00,2023-05-05 10:00:00+00:00,"EURCHF,AUDUSD,EURAUD,EURCAD",AUDUSD,EURCHF,EURCHF-05-R55E5,ENTRY
2023-05-05 11:30:00+00:00,2023-05-05 12:00:00+00:00,"AUDUSD,EURAUD","AUDUSD,EURCHF",EURAUD,EURAUD-05-N1R124E05,ENTRY
2023-05-05 13:30:00+00:00,2023-05-05 14:00:00+00:00,"AUDNZD,EURUSD,AUDUSD,EURAUD",,AUDNZD,AUDNZD-05-R52E7,ENTRY
2023-05-05 15:30:00+00:00,2023-05-05 16:00:00+00:00,"AUDNZD,EURUSD,AUDJPY,EURAUD",AUDNZD,EURUSD,EURUSD-05-R46E8,ENTRY
2023-05-08 01:30:00+00:00,2023-05-08 02:00:00+00:00,"EURUSD,AUDUSD,EURAUD",,EURUSD,EURUSD-05-R46E8,ENTRY
2023-05-08 05:30:00+00:00,2023-05-08 06:00:00+00:00,"AUDUSD,AUDJPY,EURAUD",EURUSD,AUDUSD,AUDUSD-05-N1R048E10,ENTRY
2023-05-08 09:30:00+00:00,2023-05-08 10:00:00+00:00,"AUDUSD,EURJPY,AUDJPY,EURAUD",AUDUSD,EURJPY,EURJPY-05-N1R017E06,ENTRY
2023-05-08 11:30:00+00:00,2023-05-08 12:00:00+00:00,"AUDUSD,EURJPY,AUDJPY,EURAUD",EURJPY,AUDUSD,AUDUSD-05-N1R048E10,ENTRY
2023-05-08 13:30:00+00:00,2023-05-08 14:00:00+00:00,"GBPUSD,USDJPY,AUDUSD,EURJPY","AUDUSD,EURJPY",GBPUSD,GBPUSD-05-N1R042E08,ENTRY
2023-05-08 15:30:00+00:00,2023-05-08 16:00:00+00:00,"USDJPY,AUDUSD,EURAUD",AUDUSD,USDJPY,USDJPY-05-N1R033E08,ENTRY
2023-05-09 01:30:00+00:00,2023-05-09 02:00:00+00:00,"USDJPY,AUDJPY,EURAUD",,USDJPY,USDJPY-05-N1R033E08,ENTRY
2023-05-09 05:30:00+00:00,2023-05-09 06:00:00+00:00,"USDJPY,AUDJPY,EURAUD",USDJPY,AUDJPY,AUDJPY-05-N1R001E05,ENTRY
2023-05-09 09:30:00+00:00,2023-05-09 10:00:00+00:00,,,,,NO_TRIGGER
2023-05-09 11:30:00+00:00,2023-05-09 12:00:00+00:00,AUDJPY,,AUDJPY,AUDJPY-05-N1R001E05,ENTRY
2023-05-09 13:30:00+00:00,2023-05-09 14:00:00+00:00,"EURUSD,AUDJPY",AUDJPY,EURUSD,EURUSD-05-R46E8,ENTRY
2023-05-09 15:30:00+00:00,2023-05-09 16:00:00+00:00,"GBPJPY,AUDJPY","AUDJPY,EURUSD",GBPJPY,GBPJPY-05-R56E3,ENTRY
2023-05-10 01:30:00+00:00,2023-05-10 02:00:00+00:00,"EURUSD,USDJPY,AUDJPY","AUDJPY,EURUSD,GBPJPY",USDJPY,USDJPY-05-N1R033E08,ENTRY
2023-05-10 05:30:00+00:00,2023-05-10 06:00:00+00:00,"USDJPY,AUDJPY,CHFJPY","AUDJPY,EURUSD,GBPJPY,USDJPY",CHFJPY,CHFJPY-05-N1R017E06,ENTRY
2023-05-10 09:30:00+00:00,2023-05-10 10:00:00+00:00,"USDJPY,CHFJPY,EURCAD","AUDJPY,EURUSD,USDJPY",CHFJPY,CHFJPY-05-N1R017E06,ENTRY
2023-05-10 11:30:00+00:00,2023-05-10 12:00:00+00:00,"USDJPY,EURCAD","AUDJPY,CHFJPY,EURUSD,USDJPY",EURCAD,EURCAD-05-N1R137E11,ENTRY
2023-05-10 13:30:00+00:00,2023-05-10 14:00:00+00:00,"AUDJPY,EURAUD",,AUDJPY,AUDJPY-05-N1R001E05,ENTRY
2023-05-10 15:30:00+00:00,2023-05-10 16:00:00+00:00,,,,,NO_TRIGGER
2023-05-11 01:30:00+00:00,2023-05-11 02:00:00+00:00,EURCAD,,EURCAD,EURCAD-05-N1R137E11,ENTRY
2023-05-11 05:30:00+00:00,2023-05-11 06:00:00+00:00,"EURUSD,EURCAD",EURCAD,EURUSD,EURUSD-05-R46E8,ENTRY
2023-05-11 09:30:00+00:00,2023-05-11 10:00:00+00:00,,EURUSD,,,NO_TRIGGER
2023-05-11 11:30:00+00:00,2023-05-11 12:00:00+00:00,,EURUSD,,,NO_TRIGGER
2023-05-11 13:30:00+00:00,2023-05-11 14:00:00+00:00,,EURUSD,,,NO_TRIGGER
2023-05-11 15:30:00+00:00,2023-05-11 16:00:00+00:00,,EURUSD,,,NO_TRIGGER
2023-05-12 01:30:00+00:00,2023-05-12 02:00:00+00:00,NZDUSD,EURUSD,NZDUSD,NZDUSD-05-N1R116E10,ENTRY
2023-05-12 05:30:00+00:00,2023-05-12 06:00:00+00:00,"NZDUSD,NZDCAD",EURUSD,NZDUSD,NZDUSD-05-N1R116E10,ENTRY
2023-05-12 09:30:00+00:00,2023-05-12 10:00:00+00:00,"AUDCHF,USDCAD,EURUSD,NZDUSD",NZDUSD,AUDCHF,AUDCHF-05-N1R081E02,ENTRY
2023-05-12 11:30:00+00:00,2023-05-12 12:00:00+00:00,"USDCAD,EURUSD,NZDUSD,NZDCAD",,USDCAD,USDCAD-05-N1R004E11,ENTRY
2023-05-12 13:30:00+00:00,2023-05-12 14:00:00+00:00,"USDCAD,USDJPY,NZDUSD,NZDCAD",USDCAD,USDJPY,USDJPY-05-N1R033E08,ENTRY
2023-05-12 15:30:00+00:00,2023-05-12 16:00:00+00:00,"USDCAD,USDJPY,NZDUSD,NZDCAD",USDCAD,USDJPY,USDJPY-05-N1R033E08,ENTRY
2023-05-15 01:30:00+00:00,2023-05-15 02:00:00+00:00,"USDJPY,CHFJPY,NZDUSD",,USDJPY,USDJPY-05-N1R033E08,ENTRY
2023-05-15 05:30:00+00:00,2023-05-15 06:00:00+00:00,"EURNZD,USDJPY,EURJPY,CHFJPY",USDJPY,EURNZD,EURNZD-05-R05E6,ENTRY
2023-05-15 09:30:00+00:00,2023-05-15 10:00:00+00:00,"EURNZD,USDJPY,EURJPY,CHFJPY",USDJPY,EURNZD,EURNZD-05-R05E6,ENTRY
2023-05-15 11:30:00+00:00,2023-05-15 12:00:00+00:00,"EURUSD,USDJPY,EURJPY,AUDJPY","EURNZD,USDJPY",EURUSD,EURUSD-05-R46E8,ENTRY
2023-05-15 13:30:00+00:00,2023-05-15 14:00:00+00:00,"USDJPY,EURJPY,CHFJPY","EURNZD,EURUSD,USDJPY",EURJPY,EURJPY-05-N1R017E06,ENTRY
2023-05-15 15:30:00+00:00,2023-05-15 16:00:00+00:00,"EURNZD,USDJPY,AUDJPY,CHFJPY","EURJPY,EURNZD,EURUSD",USDJPY,USDJPY-05-N1R033E08,ENTRY
2023-05-16 01:30:00+00:00,2023-05-16 02:00:00+00:00,EURAUD,"EURUSD,USDJPY",EURAUD,EURAUD-05-N1R124E05,ENTRY
2023-05-16 05:30:00+00:00,2023-05-16 06:00:00+00:00,"EURJPY,CHFJPY",EURUSD,EURJPY,EURJPY-05-N1R017E06,ENTRY
2023-05-16 09:30:00+00:00,2023-05-16 10:00:00+00:00,"AUDJPY,USDCHF,EURCAD",EURUSD,AUDJPY,AUDJPY-05-N1R001E05,ENTRY
2023-05-16 11:30:00+00:00,2023-05-16 12:00:00+00:00,"EURJPY,USDCHF,CHFJPY","AUDJPY,EURUSD",EURJPY,EURJPY-05-N1R017E06,ENTRY
2023-05-16 13:30:00+00:00,2023-05-16 14:00:00+00:00,"GBPJPY,EURJPY,USDCHF,CHFJPY","AUDJPY,EURJPY",GBPJPY,GBPJPY-05-R56E3,ENTRY
2023-05-16 15:30:00+00:00,2023-05-16 16:00:00+00:00,"GBPJPY,EURUSD,USDJPY,EURJPY","AUDJPY,GBPJPY",EURUSD,EURUSD-05-R46E8,ENTRY
2023-05-17 01:30:00+00:00,2023-05-17 02:00:00+00:00,"GBPJPY,USDJPY,EURJPY,CHFJPY","AUDJPY,EURUSD",GBPJPY,GBPJPY-05-R56E3,ENTRY
2023-05-17 05:30:00+00:00,2023-05-17 06:00:00+00:00,"GBPJPY,USDJPY,EURJPY,CHFJPY","AUDJPY,EURUSD,GBPJPY",USDJPY,USDJPY-05-N1R033E08,ENTRY
2023-05-17 09:30:00+00:00,2023-05-17 10:00:00+00:00,"EURUSD,USDJPY,EURJPY,CHFJPY","AUDJPY,EURUSD,GBPJPY,USDJPY",EURJPY,EURJPY-05-N1R017E06,ENTRY
2023-05-17 11:30:00+00:00,2023-05-17 12:00:00+00:00,"GBPJPY,USDJPY,AUDJPY,EURCAD","EURJPY,EURUSD,GBPJPY",USDJPY,USDJPY-05-N1R033E08,ENTRY
2023-05-17 13:30:00+00:00,2023-05-17 14:00:00+00:00,"USDJPY,AUDJPY","EURJPY,EURUSD,USDJPY",AUDJPY,AUDJPY-05-N1R001E05,ENTRY
2023-05-17 15:30:00+00:00,2023-05-17 16:00:00+00:00,"USDJPY,EURJPY,AUDJPY,CHFJPY","AUDJPY,EURUSD",USDJPY,USDJPY-05-N1R033E08,ENTRY
2023-05-18 01:30:00+00:00,2023-05-18 02:00:00+00:00,USDJPY,"AUDJPY,USDJPY",,,TOP_FOUR_HELD
2023-05-18 05:30:00+00:00,2023-05-18 06:00:00+00:00,"USDJPY,AUDJPY,EURCAD",AUDJPY,USDJPY,USDJPY-05-N1R033E08,ENTRY
2023-05-18 09:30:00+00:00,2023-05-18 10:00:00+00:00,"EURUSD,AUDJPY,EURCAD",AUDJPY,EURUSD,EURUSD-05-R46E8,ENTRY
2023-05-18 11:30:00+00:00,2023-05-18 12:00:00+00:00,"USDJPY,EURJPY,AUDJPY,CHFJPY","AUDJPY,EURUSD",USDJPY,USDJPY-05-N1R033E08,ENTRY
2023-05-18 13:30:00+00:00,2023-05-18 14:00:00+00:00,"USDJPY,EURJPY,AUDJPY,CHFJPY","AUDJPY,EURUSD",USDJPY,USDJPY-05-N1R033E08,ENTRY
2023-05-18 15:30:00+00:00,2023-05-18 16:00:00+00:00,"GBPJPY,USDJPY,EURJPY,AUDJPY","EURUSD,USDJPY",GBPJPY,GBPJPY-05-R56E3,ENTRY
2023-05-19 01:30:00+00:00,2023-05-19 02:00:00+00:00,USDJPY,"EURUSD,GBPJPY,USDJPY",,,TOP_FOUR_HELD
2023-05-19 05:30:00+00:00,2023-05-19 06:00:00+00:00,"EURUSD,AUDJPY,EURAUD","EURUSD,GBPJPY",AUDJPY,AUDJPY-05-N1R001E05,ENTRY
2023-05-19 09:30:00+00:00,2023-05-19 10:00:00+00:00,"AUDJPY,EURAUD","AUDJPY,EURUSD",EURAUD,EURAUD-05-N1R124E05,ENTRY
2023-05-19 11:30:00+00:00,2023-05-19 12:00:00+00:00,"EURJPY,AUDJPY,CHFJPY","AUDJPY,EURAUD",EURJPY,EURJPY-05-N1R017E06,ENTRY
2023-05-19 13:30:00+00:00,2023-05-19 14:00:00+00:00,"EURJPY,AUDJPY,EURAUD,CHFJPY","EURAUD,EURJPY",AUDJPY,AUDJPY-05-N1R001E05,ENTRY
2023-05-19 15:30:00+00:00,2023-05-19 16:00:00+00:00,"USDCAD,EURJPY,AUDJPY,EURAUD","AUDJPY,EURAUD,EURJPY",USDCAD,USDCAD-05-N1R004E11,ENTRY
2023-05-22 01:30:00+00:00,2023-05-22 02:00:00+00:00,AUDJPY,,AUDJPY,AUDJPY-05-N1R001E05,ENTRY
2023-05-22 05:30:00+00:00,2023-05-22 06:00:00+00:00,"USDCAD,AUDJPY,USDCHF",AUDJPY,USDCAD,USDCAD-05-N1R004E11,ENTRY
2023-05-22 09:30:00+00:00,2023-05-22 10:00:00+00:00,"AUDCHF,EURJPY,USDCHF,CHFJPY","AUDJPY,USDCAD",AUDCHF,AUDCHF-05-N1R081E02,ENTRY
2023-05-22 11:30:00+00:00,2023-05-22 12:00:00+00:00,"USDCAD,EURJPY,USDCHF,CHFJPY","AUDCHF,AUDJPY,USDCAD",EURJPY,EURJPY-05-N1R017E06,ENTRY
2023-05-22 13:30:00+00:00,2023-05-22 14:00:00+00:00,"USDCAD,USDJPY,EURJPY,AUDJPY","AUDJPY,USDCAD",USDJPY,USDJPY-05-N1R033E08,ENTRY
2023-05-22 15:30:00+00:00,2023-05-22 16:00:00+00:00,"USDCAD,USDJPY,EURJPY,AUDJPY","AUDJPY,USDCAD",USDJPY,USDJPY-05-N1R033E08,ENTRY
2023-05-23 01:30:00+00:00,2023-05-23 02:00:00+00:00,"USDJPY,AUDJPY","USDCAD,USDJPY",AUDJPY,AUDJPY-05-N1R001E05,ENTRY
2023-05-23 05:30:00+00:00,2023-05-23 06:00:00+00:00,"USDCAD,USDJPY,EURJPY","AUDJPY,USDCAD",USDJPY,USDJPY-05-N1R033E08,ENTRY
2023-05-23 09:30:00+00:00,2023-05-23 10:00:00+00:00,USDCAD,USDJPY,USDCAD,USDCAD-05-N1R004E11,ENTRY
2023-05-23 11:30:00+00:00,2023-05-23 12:00:00+00:00,,"USDCAD,USDJPY",,,NO_TRIGGER
2023-05-23 13:30:00+00:00,2023-05-23 14:00:00+00:00,"AUDNZD,EURCHF,EURUSD,AUDJPY",USDJPY,AUDNZD,AUDNZD-05-R52E7,ENTRY
2023-05-23 15:30:00+00:00,2023-05-23 16:00:00+00:00,"AUDNZD,AUDJPY,CHFJPY","AUDNZD,USDJPY",AUDJPY,AUDJPY-05-N1R001E05,ENTRY
2023-05-24 01:30:00+00:00,2023-05-24 02:00:00+00:00,"GBPJPY,EURUSD,CHFJPY",AUDNZD,GBPJPY,GBPJPY-05-R56E3,ENTRY
2023-05-24 05:30:00+00:00,2023-05-24 06:00:00+00:00,"AUDCHF,EURUSD,NZDUSD,NZDCAD",GBPJPY,AUDCHF,AUDCHF-05-N1R081E02,ENTRY
2023-05-24 09:30:00+00:00,2023-05-24 10:00:00+00:00,"USDCAD,NZDUSD,NZDCAD",,USDCAD,USDCAD-05-N1R004E11,ENTRY
2023-05-24 11:30:00+00:00,2023-05-24 12:00:00+00:00,"USDCAD,EURCAD,NZDUSD,NZDCAD",USDCAD,EURCAD,EURCAD-05-N1R137E11,ENTRY
2023-05-24 13:30:00+00:00,2023-05-24 14:00:00+00:00,"USDJPY,NZDUSD,NZDCAD",USDCAD,USDJPY,USDJPY-05-N1R033E08,ENTRY
2023-05-24 15:30:00+00:00,2023-05-24 16:00:00+00:00,"USDJPY,NZDUSD",USDJPY,NZDUSD,NZDUSD-05-N1R116E10,ENTRY
2023-05-25 01:30:00+00:00,2023-05-25 02:00:00+00:00,"GBPJPY,USDJPY,EURJPY,CHFJPY",NZDUSD,GBPJPY,GBPJPY-05-R56E3,ENTRY
2023-05-25 05:30:00+00:00,2023-05-25 06:00:00+00:00,"USDCAD,EURUSD,USDJPY,EURJPY",GBPJPY,USDCAD,USDCAD-05-N1R004E11,ENTRY
2023-05-25 09:30:00+00:00,2023-05-25 10:00:00+00:00,"USDJPY,NZDUSD,NZDCAD","GBPJPY,USDCAD",USDJPY,USDJPY-05-N1R033E08,ENTRY
2023-05-25 11:30:00+00:00,2023-05-25 12:00:00+00:00,"GBPJPY,USDCAD,USDJPY,NZDUSD","GBPJPY,USDCAD,USDJPY",NZDUSD,NZDUSD-05-N1R116E10,ENTRY
2023-05-25 13:30:00+00:00,2023-05-25 14:00:00+00:00,"USDCAD,USDJPY,EURJPY,CHFJPY","GBPJPY,NZDUSD,USDCAD,USDJPY",EURJPY,EURJPY-05-N1R017E06,ENTRY
2023-05-25 15:30:00+00:00,2023-05-25 16:00:00+00:00,"USDJPY,EURJPY,CHFJPY,NZDUSD","GBPJPY,USDCAD,USDJPY",EURJPY,EURJPY-05-N1R017E06,ENTRY
2023-05-26 01:30:00+00:00,2023-05-26 02:00:00+00:00,"USDJPY,CHFJPY",GBPJPY,USDJPY,USDJPY-05-N1R033E08,ENTRY
2023-05-26 05:30:00+00:00,2023-05-26 06:00:00+00:00,,USDJPY,,,NO_TRIGGER
2023-05-26 09:30:00+00:00,2023-05-26 10:00:00+00:00,EURNZD,USDJPY,EURNZD,EURNZD-05-R05E6,ENTRY
2023-05-26 11:30:00+00:00,2023-05-26 12:00:00+00:00,"EURNZD,CHFJPY","EURNZD,USDJPY",CHFJPY,CHFJPY-05-N1R017E06,ENTRY
2023-05-26 13:30:00+00:00,2023-05-26 14:00:00+00:00,"USDCAD,EURJPY,CHFJPY","EURNZD,USDJPY",USDCAD,USDCAD-05-N1R004E11,ENTRY
2023-05-26 15:30:00+00:00,2023-05-26 16:00:00+00:00,"GBPJPY,USDJPY,EURJPY,CHFJPY",USDCAD,GBPJPY,GBPJPY-05-R56E3,ENTRY
2023-05-29 01:30:00+00:00,2023-05-29 02:00:00+00:00,"EURNZD,USDJPY,EURJPY,AUDJPY",,EURNZD,EURNZD-05-R05E6,ENTRY
2023-05-29 05:30:00+00:00,2023-05-29 06:00:00+00:00,"USDCAD,USDJPY",EURNZD,USDCAD,USDCAD-05-N1R004E11,ENTRY
2023-05-29 09:30:00+00:00,2023-05-29 10:00:00+00:00,"EURNZD,EURAUD","EURNZD,USDCAD",EURAUD,EURAUD-05-N1R124E05,ENTRY
2023-05-29 11:30:00+00:00,2023-05-29 12:00:00+00:00,"EURNZD,EURUSD,CHFJPY","EURAUD,USDCAD",EURNZD,EURNZD-05-R05E6,ENTRY
2023-05-29 13:30:00+00:00,2023-05-29 14:00:00+00:00,"EURNZD,EURUSD,EURAUD","EURAUD,EURNZD,USDCAD",EURUSD,EURUSD-05-R46E8,ENTRY
2023-05-29 15:30:00+00:00,2023-05-29 16:00:00+00:00,"EURNZD,EURAUD","EURAUD,EURNZD,EURUSD,USDCAD",,,TOP_FOUR_HELD
2023-05-30 01:30:00+00:00,2023-05-30 02:00:00+00:00,USDJPY,"EURAUD,EURUSD",USDJPY,USDJPY-05-N1R033E08,ENTRY
2023-05-30 05:30:00+00:00,2023-05-30 06:00:00+00:00,NZDCAD,"EURUSD,USDJPY",NZDCAD,NZDCAD-05-N1R096E10,ENTRY
2023-05-30 09:30:00+00:00,2023-05-30 10:00:00+00:00,"EURNZD,EURUSD,AUDJPY",EURUSD,EURNZD,EURNZD-05-R05E6,ENTRY
2023-05-30 11:30:00+00:00,2023-05-30 12:00:00+00:00,"GBPUSD,AUDJPY","EURNZD,EURUSD",GBPUSD,GBPUSD-05-N1R042E08,ENTRY
2023-05-30 13:30:00+00:00,2023-05-30 14:00:00+00:00,GBPUSD,"EURNZD,EURUSD,GBPUSD",,,TOP_FOUR_HELD
2023-05-30 15:30:00+00:00,2023-05-30 16:00:00+00:00,,GBPUSD,,,NO_TRIGGER
2023-05-31 01:30:00+00:00,2023-05-31 02:00:00+00:00,,,,,NO_TRIGGER
2023-05-31 05:30:00+00:00,2023-05-31 06:00:00+00:00,"USDCAD,EURUSD,NZDUSD",,USDCAD,USDCAD-05-N1R004E11,ENTRY
2023-05-31 09:30:00+00:00,2023-05-31 10:00:00+00:00,"USDCAD,NZDUSD,NZDCAD",USDCAD,NZDUSD,NZDUSD-05-N1R116E10,ENTRY
2023-05-31 11:30:00+00:00,2023-05-31 12:00:00+00:00,"USDCAD,NZDUSD","NZDUSD,USDCAD",,,TOP_FOUR_HELD
2023-05-31 13:30:00+00:00,2023-05-31 14:00:00+00:00,NZDUSD,"NZDUSD,USDCAD",,,TOP_FOUR_HELD
2023-05-31 15:30:00+00:00,2023-05-31 16:00:00+00:00,"EURCAD,NZDUSD,NZDCAD",,EURCAD,EURCAD-05-N1R137E11,ENTRY
2023-06-01 01:30:00+00:00,2023-06-01 02:00:00+00:00,"NZDCAD,EURGBP",,NZDCAD,NZDCAD-06-R16E5,ENTRY
2023-06-01 05:30:00+00:00,2023-06-01 06:00:00+00:00,,NZDCAD,,,NO_TRIGGER
2023-06-01 09:30:00+00:00,2023-06-01 10:00:00+00:00,,NZDCAD,,,NO_TRIGGER
2023-06-01 11:30:00+00:00,2023-06-01 12:00:00+00:00,GBPJPY,NZDCAD,GBPJPY,GBPJPY-06-N1R001E04,ENTRY
2023-06-01 13:30:00+00:00,2023-06-01 14:00:00+00:00,"NZDCAD,EURNZD,GBPUSD","GBPJPY,NZDCAD",EURNZD,EURNZD-06-N1R049E08,ENTRY
2023-06-01 15:30:00+00:00,2023-06-01 16:00:00+00:00,"GBPJPY,EURNZD,GBPUSD",NZDCAD,GBPJPY,GBPJPY-06-N1R001E04,ENTRY
2023-06-02 01:30:00+00:00,2023-06-02 02:00:00+00:00,"GBPJPY,AUDJPY","GBPJPY,NZDCAD",AUDJPY,AUDJPY-06-N1R004E08,ENTRY
2023-06-02 05:30:00+00:00,2023-06-02 06:00:00+00:00,"NZDCAD,AUDJPY","AUDJPY,GBPJPY",NZDCAD,NZDCAD-06-R16E5,ENTRY
2023-06-02 09:30:00+00:00,2023-06-02 10:00:00+00:00,"EURUSD,EURJPY,AUDJPY","GBPJPY,NZDCAD",EURUSD,EURUSD-06-N1R028E07,ENTRY
2023-06-02 11:30:00+00:00,2023-06-02 12:00:00+00:00,"NZDCAD,AUDJPY","EURUSD,GBPJPY,NZDCAD",AUDJPY,AUDJPY-06-N1R004E08,ENTRY
2023-06-02 13:30:00+00:00,2023-06-02 14:00:00+00:00,"GBPJPY,EURJPY,AUDJPY","AUDJPY,GBPJPY,NZDCAD",EURJPY,EURJPY-06-N1R001E02,ENTRY
2023-06-02 15:30:00+00:00,2023-06-02 16:00:00+00:00,"NZDCAD,GBPJPY,EURJPY,AUDJPY","EURJPY,GBPJPY,NZDCAD",AUDJPY,AUDJPY-06-N1R004E08,ENTRY
2023-06-05 01:30:00+00:00,2023-06-05 02:00:00+00:00,"GBPJPY,EURJPY,AUDJPY",,GBPJPY,GBPJPY-06-N1R001E04,ENTRY
2023-06-05 05:30:00+00:00,2023-06-05 06:00:00+00:00,,GBPJPY,,,NO_TRIGGER
2023-06-05 09:30:00+00:00,2023-06-05 10:00:00+00:00,"AUDCAD,CHFJPY,EURJPY",,AUDCAD,AUDCAD-06-R62E4,ENTRY
2023-06-05 11:30:00+00:00,2023-06-05 12:00:00+00:00,,AUDCAD,,,NO_TRIGGER
2023-06-05 13:30:00+00:00,2023-06-05 14:00:00+00:00,AUDJPY,AUDCAD,AUDJPY,AUDJPY-06-N1R004E08,ENTRY
2023-06-05 15:30:00+00:00,2023-06-05 16:00:00+00:00,CHFJPY,,CHFJPY,CHFJPY-06-N1R001E08,ENTRY
2023-06-06 01:30:00+00:00,2023-06-06 02:00:00+00:00,CHFJPY,CHFJPY,,,TOP_FOUR_HELD
2023-06-06 05:30:00+00:00,2023-06-06 06:00:00+00:00,,,,,NO_TRIGGER
2023-06-06 09:30:00+00:00,2023-06-06 10:00:00+00:00,,,,,NO_TRIGGER
2023-06-06 11:30:00+00:00,2023-06-06 12:00:00+00:00,,,,,NO_TRIGGER
2023-06-06 13:30:00+00:00,2023-06-06 14:00:00+00:00,,,,,NO_TRIGGER
2023-06-06 15:30:00+00:00,2023-06-06 16:00:00+00:00,,,,,NO_TRIGGER
2023-06-07 01:30:00+00:00,2023-06-07 02:00:00+00:00,AUDJPY,,AUDJPY,AUDJPY-06-N1R004E08,ENTRY
2023-06-07 05:30:00+00:00,2023-06-07 06:00:00+00:00,AUDJPY,,AUDJPY,AUDJPY-06-N1R004E08,ENTRY
2023-06-07 09:30:00+00:00,2023-06-07 10:00:00+00:00,AUDJPY,AUDJPY,,,TOP_FOUR_HELD
2023-06-07 11:30:00+00:00,2023-06-07 12:00:00+00:00,,,,,NO_TRIGGER
2023-06-07 13:30:00+00:00,2023-06-07 14:00:00+00:00,NZDCAD,,NZDCAD,NZDCAD-06-R16E5,ENTRY
2023-06-07 15:30:00+00:00,2023-06-07 16:00:00+00:00,"NZDCAD,GBPUSD",,NZDCAD,NZDCAD-06-R16E5,ENTRY
2023-06-08 01:30:00+00:00,2023-06-08 02:00:00+00:00,EURNZD,NZDCAD,EURNZD,EURNZD-06-N1R049E08,ENTRY
2023-06-08 05:30:00+00:00,2023-06-08 06:00:00+00:00,"EURUSD,EURNZD","EURNZD,NZDCAD",EURUSD,EURUSD-06-N1R028E07,ENTRY
2023-06-08 09:30:00+00:00,2023-06-08 10:00:00+00:00,"EURUSD,GBPJPY,EURNZD,AUDJPY",NZDCAD,EURUSD,EURUSD-06-N1R028E07,ENTRY
2023-06-08 11:30:00+00:00,2023-06-08 12:00:00+00:00,"NZDCAD,EURUSD,GBPJPY,EURNZD","EURUSD,NZDCAD",GBPJPY,GBPJPY-06-N1R001E04,ENTRY
2023-06-08 13:30:00+00:00,2023-06-08 14:00:00+00:00,"EURUSD,CHFJPY,EURNZD",GBPJPY,EURUSD,EURUSD-06-N1R028E07,ENTRY
2023-06-08 15:30:00+00:00,2023-06-08 16:00:00+00:00,"GBPJPY,CHFJPY,USDCHF,EURNZD","EURUSD,GBPJPY",CHFJPY,CHFJPY-06-N1R001E08,ENTRY
2023-06-09 01:30:00+00:00,2023-06-09 02:00:00+00:00,"EURGBP,GBPJPY,CHFJPY,EURJPY","CHFJPY,GBPJPY",EURGBP,EURGBP-06-N1R117E03,ENTRY
2023-06-09 05:30:00+00:00,2023-06-09 06:00:00+00:00,AUDCHF,EURGBP,AUDCHF,AUDCHF-06-N1R087E05,ENTRY
2023-06-09 09:30:00+00:00,2023-06-09 10:00:00+00:00,"GBPJPY,CHFJPY,EURJPY,AUDJPY",EURGBP,GBPJPY,GBPJPY-06-N1R001E04,ENTRY
2023-06-09 11:30:00+00:00,2023-06-09 12:00:00+00:00,,GBPJPY,,,NO_TRIGGER
2023-06-09 13:30:00+00:00,2023-06-09 14:00:00+00:00,"EURGBP,GBPJPY",,EURGBP,EURGBP-06-N1R117E03,ENTRY
2023-06-09 15:30:00+00:00,2023-06-09 16:00:00+00:00,"EURGBP,GBPJPY,CHFJPY,EURJPY",,EURGBP,EURGBP-06-N1R117E03,ENTRY
2023-06-12 01:30:00+00:00,2023-06-12 02:00:00+00:00,USDCHF,,USDCHF,USDCHF-06-N1R136E05,ENTRY
2023-06-12 05:30:00+00:00,2023-06-12 06:00:00+00:00,USDCHF,USDCHF,,,TOP_FOUR_HELD
2023-06-12 09:30:00+00:00,2023-06-12 10:00:00+00:00,"EURUSD,GBPJPY,CHFJPY,EURJPY",USDCHF,EURUSD,EURUSD-06-N1R028E07,ENTRY
2023-06-12 11:30:00+00:00,2023-06-12 12:00:00+00:00,GBPUSD,USDCHF,GBPUSD,GBPUSD-06-N1R029E06,ENTRY
2023-06-12 13:30:00+00:00,2023-06-12 14:00:00+00:00,,GBPUSD,,,NO_TRIGGER
2023-06-12 15:30:00+00:00,2023-06-12 16:00:00+00:00,EURJPY,,EURJPY,EURJPY-06-N1R001E02,ENTRY
2023-06-13 01:30:00+00:00,2023-06-13 02:00:00+00:00,"EURCAD,EURJPY",EURJPY,EURCAD,EURCAD-06-N1R003E03,ENTRY
2023-06-13 05:30:00+00:00,2023-06-13 06:00:00+00:00,"EURUSD,EURCAD,EURJPY,AUDJPY",EURCAD,EURUSD,EURUSD-06-N1R028E07,ENTRY
2023-06-13 09:30:00+00:00,2023-06-13 10:00:00+00:00,"EURUSD,GBPJPY,EURCAD,EURJPY",,EURUSD,EURUSD-06-N1R028E07,ENTRY
2023-06-13 11:30:00+00:00,2023-06-13 12:00:00+00:00,"EURUSD,GBPJPY,EURJPY,GBPUSD",,EURUSD,EURUSD-06-N1R028E07,ENTRY
2023-06-13 13:30:00+00:00,2023-06-13 14:00:00+00:00,GBPUSD,,GBPUSD,GBPUSD-06-N1R029E06,ENTRY
2023-06-13 15:30:00+00:00,2023-06-13 16:00:00+00:00,"GBPJPY,EURJPY,GBPUSD",GBPUSD,GBPJPY,GBPJPY-06-N1R001E04,ENTRY
2023-06-14 01:30:00+00:00,2023-06-14 02:00:00+00:00,EURGBP,GBPJPY,EURGBP,EURGBP-06-N1R117E03,ENTRY
2023-06-14 05:30:00+00:00,2023-06-14 06:00:00+00:00,,"EURGBP,GBPJPY",,,NO_TRIGGER
2023-06-14 09:30:00+00:00,2023-06-14 10:00:00+00:00,"GBPJPY,CHFJPY,EURJPY,AUDJPY","EURGBP,GBPJPY",CHFJPY,CHFJPY-06-N1R001E08,ENTRY
2023-06-14 11:30:00+00:00,2023-06-14 12:00:00+00:00,"EURUSD,GBPJPY,CHFJPY,EURJPY","CHFJPY,GBPJPY",EURUSD,EURUSD-06-N1R028E07,ENTRY
2023-06-14 13:30:00+00:00,2023-06-14 14:00:00+00:00,"EURUSD,GBPJPY,CHFJPY,USDCHF",GBPJPY,EURUSD,EURUSD-06-N1R028E07,ENTRY
2023-06-14 15:30:00+00:00,2023-06-14 16:00:00+00:00,"EURUSD,CHFJPY,EURJPY,GBPUSD","EURUSD,GBPJPY",CHFJPY,CHFJPY-06-N1R001E08,ENTRY
2023-06-15 01:30:00+00:00,2023-06-15 02:00:00+00:00,"GBPJPY,CHFJPY,USDCHF,EURJPY",,GBPJPY,GBPJPY-06-N1R001E04,ENTRY
2023-06-15 05:30:00+00:00,2023-06-15 06:00:00+00:00,"GBPJPY,CHFJPY,EURJPY",GBPJPY,CHFJPY,CHFJPY-06-N1R001E08,ENTRY
2023-06-15 09:30:00+00:00,2023-06-15 10:00:00+00:00,"EURUSD,GBPJPY,CHFJPY,EURJPY",CHFJPY,EURUSD,EURUSD-06-N1R028E07,ENTRY
2023-06-15 11:30:00+00:00,2023-06-15 12:00:00+00:00,"EURUSD,CHFJPY,GBPUSD",CHFJPY,EURUSD,EURUSD-06-N1R028E07,ENTRY
2023-06-15 13:30:00+00:00,2023-06-15 14:00:00+00:00,,CHFJPY,,,NO_TRIGGER
2023-06-15 15:30:00+00:00,2023-06-15 16:00:00+00:00,"GBPJPY,CHFJPY,EURJPY,GBPUSD",,GBPJPY,GBPJPY-06-N1R001E04,ENTRY
2023-06-16 01:30:00+00:00,2023-06-16 02:00:00+00:00,USDJPY,GBPJPY,USDJPY,USDJPY-06-R50E8,ENTRY
2023-06-16 05:30:00+00:00,2023-06-16 06:00:00+00:00,"GBPJPY,CHFJPY,EURNZD,EURJPY","GBPJPY,USDJPY",CHFJPY,CHFJPY-06-N1R001E08,ENTRY
2023-06-16 09:30:00+00:00,2023-06-16 10:00:00+00:00,"EURUSD,GBPJPY,CHFJPY,USDCHF",,EURUSD,EURUSD-06-N1R028E07,ENTRY
2023-06-16 11:30:00+00:00,2023-06-16 12:00:00+00:00,"EURUSD,EURNZD",EURUSD,EURNZD,EURNZD-06-N1R049E08,ENTRY
2023-06-16 13:30:00+00:00,2023-06-16 14:00:00+00:00,"GBPJPY,CHFJPY,EURNZD,EURJPY",EURNZD,GBPJPY,GBPJPY-06-N1R001E04,ENTRY
2023-06-16 15:30:00+00:00,2023-06-16 16:00:00+00:00,"EURGBP,AUDCAD,GBPJPY,CHFJPY",GBPJPY,EURGBP,EURGBP-06-N1R117E03,ENTRY
2023-06-19 01:30:00+00:00,2023-06-19 02:00:00+00:00,"AUDCAD,GBPJPY,EURNZD,EURJPY",,AUDCAD,AUDCAD-06-R62E4,ENTRY
2023-06-19 05:30:00+00:00,2023-06-19 06:00:00+00:00,"EURNZD,EURAUD",AUDCAD,EURNZD,EURNZD-06-N1R049E08,ENTRY
2023-06-19 09:30:00+00:00,2023-06-19 10:00:00+00:00,"GBPJPY,CHFJPY,EURNZD,EURJPY",,GBPJPY,GBPJPY-06-N1R001E04,ENTRY
2023-06-19 11:30:00+00:00,2023-06-19 12:00:00+00:00,"NZDCAD,EURNZD,EURCHF,EURAUD",GBPJPY,NZDCAD,NZDCAD-06-R16E5,ENTRY
2023-06-19 13:30:00+00:00,2023-06-19 14:00:00+00:00,"CHFJPY,EURNZD,EURJPY,EURAUD","GBPJPY,NZDCAD",CHFJPY,CHFJPY-06-N1R001E08,ENTRY
2023-06-19 15:30:00+00:00,2023-06-19 16:00:00+00:00,"EURNZD,EURAUD","CHFJPY,NZDCAD",EURNZD,EURNZD-06-N1R049E08,ENTRY
2023-06-20 01:30:00+00:00,2023-06-20 02:00:00+00:00,"GBPJPY,CHFJPY,EURNZD,EURJPY","CHFJPY,EURNZD,NZDCAD",GBPJPY,GBPJPY-06-N1R001E04,ENTRY
2023-06-20 05:30:00+00:00,2023-06-20 06:00:00+00:00,"AUDCHF,NZDUSD,EURNZD,EURAUD",NZDCAD,AUDCHF,AUDCHF-06-N1R087E05,ENTRY
2023-06-20 09:30:00+00:00,2023-06-20 10:00:00+00:00,"EURUSD,AUDCHF,EURNZD,AUDNZD","AUDCHF,NZDCAD",EURUSD,EURUSD-06-N1R028E07,ENTRY
2023-06-20 11:30:00+00:00,2023-06-20 12:00:00+00:00,"AUDCHF,EURNZD,AUDNZD,EURAUD","AUDCHF,EURUSD,NZDCAD",EURNZD,EURNZD-06-N1R049E08,ENTRY
2023-06-20 13:30:00+00:00,2023-06-20 14:00:00+00:00,"NZDCAD,AUDCHF,NZDUSD,EURNZD","AUDCHF,EURNZD",NZDCAD,NZDCAD-06-R16E5,ENTRY
2023-06-20 15:30:00+00:00,2023-06-20 16:00:00+00:00,"AUDCHF,NZDUSD,EURNZD,EURAUD","AUDCHF,EURNZD,NZDCAD",NZDUSD,NZDUSD-06-N1R088E12,ENTRY
2023-06-21 01:30:00+00:00,2023-06-21 02:00:00+00:00,"EURNZD,EURAUD","AUDCHF,NZDCAD,NZDUSD",EURNZD,EURNZD-06-N1R049E08,ENTRY
2023-06-21 05:30:00+00:00,2023-06-21 06:00:00+00:00,"EURNZD,EURJPY,EURCHF,EURAUD","AUDCHF,EURNZD,NZDCAD,NZDUSD",EURJPY,EURJPY-06-N1R001E02,ENTRY
2023-06-21 09:30:00+00:00,2023-06-21 10:00:00+00:00,"AUDCHF,EURNZD,EURJPY","EURNZD,NZDUSD",AUDCHF,AUDCHF-06-N1R087E05,ENTRY
2023-06-21 11:30:00+00:00,2023-06-21 12:00:00+00:00,AUDCHF,"AUDCHF,EURNZD,NZDUSD",,,TOP_FOUR_HELD
2023-06-21 13:30:00+00:00,2023-06-21 14:00:00+00:00,"AUDCHF,EURJPY,AUDNZD,EURAUD","AUDCHF,EURNZD,NZDUSD",EURJPY,EURJPY-06-N1R001E02,ENTRY
2023-06-21 15:30:00+00:00,2023-06-21 16:00:00+00:00,"AUDCHF,CHFJPY,EURJPY,EURCHF",AUDCHF,CHFJPY,CHFJPY-06-N1R001E08,ENTRY
2023-06-22 01:30:00+00:00,2023-06-22 02:00:00+00:00,"USDJPY,GBPJPY,AUDCHF,CHFJPY","AUDCHF,CHFJPY",USDJPY,USDJPY-06-R50E8,ENTRY
2023-06-22 05:30:00+00:00,2023-06-22 06:00:00+00:00,"NZDCAD,USDJPY,AUDCHF,EURNZD",USDJPY,NZDCAD,NZDCAD-06-R16E5,ENTRY
2023-06-22 09:30:00+00:00,2023-06-22 10:00:00+00:00,"USDJPY,GBPJPY,AUDCHF,EURNZD","NZDCAD,USDJPY",GBPJPY,GBPJPY-06-N1R001E04,ENTRY
2023-06-22 11:30:00+00:00,2023-06-22 12:00:00+00:00,"EURUSD,GBPJPY,CHFJPY,USDCHF","GBPJPY,USDJPY",EURUSD,EURUSD-06-N1R028E07,ENTRY
2023-06-22 13:30:00+00:00,2023-06-22 14:00:00+00:00,"NZDCAD,EURUSD,EURNZD,EURAUD",USDJPY,NZDCAD,NZDCAD-06-R16E5,ENTRY
2023-06-22 15:30:00+00:00,2023-06-22 16:00:00+00:00,"GBPJPY,AUDCHF,CHFJPY,EURNZD",NZDCAD,GBPJPY,GBPJPY-06-N1R001E04,ENTRY
2023-06-23 01:30:00+00:00,2023-06-23 02:00:00+00:00,"AUDCHF,EURNZD,AUDJPY,EURAUD","GBPJPY,NZDCAD",AUDCHF,AUDCHF-06-N1R087E05,ENTRY
2023-06-23 05:30:00+00:00,2023-06-23 06:00:00+00:00,"AUDCHF,NZDUSD,EURNZD,EURAUD","AUDCHF,GBPJPY",NZDUSD,NZDUSD-06-N1R088E12,ENTRY
2023-06-23 09:30:00+00:00,2023-06-23 10:00:00+00:00,"NZDCAD,AUDCHF,NZDUSD,EURNZD","AUDCHF,NZDUSD",NZDCAD,NZDCAD-06-R16E5,ENTRY
2023-06-23 11:30:00+00:00,2023-06-23 12:00:00+00:00,"EURGBP,GBPJPY,NZDUSD,CHFJPY","AUDCHF,NZDCAD,NZDUSD",EURGBP,EURGBP-06-N1R117E03,ENTRY
2023-06-23 13:30:00+00:00,2023-06-23 14:00:00+00:00,"AUDCHF,NZDUSD,CHFJPY,EURNZD","NZDCAD,NZDUSD",AUDCHF,AUDCHF-06-N1R087E05,ENTRY
2023-06-23 15:30:00+00:00,2023-06-23 16:00:00+00:00,"NZDCAD,GBPJPY,AUDCHF,NZDUSD","AUDCHF,NZDCAD,NZDUSD",GBPJPY,GBPJPY-06-N1R001E04,ENTRY
2023-06-26 01:30:00+00:00,2023-06-26 02:00:00+00:00,"GBPJPY,AUDCHF,AUDNZD,EURAUD",,GBPJPY,GBPJPY-06-N1R001E04,ENTRY
2023-06-26 05:30:00+00:00,2023-06-26 06:00:00+00:00,"AUDNZD,EURAUD",GBPJPY,AUDNZD,AUDNZD-06-N1R124E01,ENTRY
2023-06-26 09:30:00+00:00,2023-06-26 10:00:00+00:00,"AUDCHF,AUDNZD,EURAUD",,AUDCHF,AUDCHF-06-N1R087E05,ENTRY
2023-06-26 11:30:00+00:00,2023-06-26 12:00:00+00:00,"AUDCHF,CHFJPY,USDCHF,EURJPY",AUDCHF,CHFJPY,CHFJPY-06-N1R001E08,ENTRY
2023-06-26 13:30:00+00:00,2023-06-26 14:00:00+00:00,"AUDCHF,CHFJPY,EURJPY,AUDNZD","AUDCHF,CHFJPY",EURJPY,EURJPY-06-N1R001E02,ENTRY
2023-06-26 15:30:00+00:00,2023-06-26 16:00:00+00:00,"GBPJPY,AUDCHF,CHFJPY,EURJPY","AUDCHF,CHFJPY,EURJPY",GBPJPY,GBPJPY-06-N1R001E04,ENTRY
2023-06-27 01:30:00+00:00,2023-06-27 02:00:00+00:00,"NZDCAD,EURJPY,EURAUD","EURJPY,GBPJPY",NZDCAD,NZDCAD-06-R16E5,ENTRY
2023-06-27 05:30:00+00:00,2023-06-27 06:00:00+00:00,"GBPJPY,CHFJPY,EURJPY","GBPJPY,NZDCAD",CHFJPY,CHFJPY-06-N1R001E08,ENTRY
2023-06-27 09:30:00+00:00,2023-06-27 10:00:00+00:00,"EURUSD,GBPJPY,AUDCHF,CHFJPY","CHFJPY,GBPJPY",EURUSD,EURUSD-06-N1R028E07,ENTRY
2023-06-27 11:30:00+00:00,2023-06-27 12:00:00+00:00,"EURUSD,GBPJPY,AUDCHF,CHFJPY","EURUSD,GBPJPY",AUDCHF,AUDCHF-06-N1R087E05,ENTRY
2023-06-27 13:30:00+00:00,2023-06-27 14:00:00+00:00,"USDJPY,AUDCHF","AUDCHF,GBPJPY",USDJPY,USDJPY-06-R50E8,ENTRY
2023-06-27 15:30:00+00:00,2023-06-27 16:00:00+00:00,"GBPJPY,AUDCHF,CHFJPY,EURCAD","AUDCHF,USDJPY",GBPJPY,GBPJPY-06-N1R001E04,ENTRY
2023-06-28 01:30:00+00:00,2023-06-28 02:00:00+00:00,"AUDCHF,EURNZD,EURAUD","AUDCHF,USDJPY",EURNZD,EURNZD-06-N1R049E08,ENTRY
2023-06-28 05:30:00+00:00,2023-06-28 06:00:00+00:00,"GBPJPY,AUDCHF,NZDUSD,CHFJPY","EURNZD,USDJPY",GBPJPY,GBPJPY-06-N1R001E04,ENTRY
2023-06-28 09:30:00+00:00,2023-06-28 10:00:00+00:00,"NZDCAD,GBPJPY,NZDUSD,CHFJPY","GBPJPY,USDJPY",NZDCAD,NZDCAD-06-R16E5,ENTRY
2023-06-28 11:30:00+00:00,2023-06-28 12:00:00+00:00,"NZDUSD,EURNZD,EURCAD,EURAUD","NZDCAD,USDJPY",NZDUSD,NZDUSD-06-N1R088E12,ENTRY
2023-06-28 13:30:00+00:00,2023-06-28 14:00:00+00:00,"NZDUSD,EURNZD,EURJPY,EURAUD","NZDCAD,NZDUSD,USDJPY",EURNZD,EURNZD-06-N1R049E08,ENTRY
2023-06-28 15:30:00+00:00,2023-06-28 16:00:00+00:00,"AUDCHF,NZDUSD,CHFJPY,EURNZD","NZDCAD,NZDUSD",AUDCHF,AUDCHF-06-N1R087E05,ENTRY
2023-06-29 01:30:00+00:00,2023-06-29 02:00:00+00:00,"AUDCHF,NZDUSD,EURNZD,EURAUD","AUDCHF,NZDCAD,NZDUSD",EURNZD,EURNZD-06-N1R049E08,ENTRY
2023-06-29 05:30:00+00:00,2023-06-29 06:00:00+00:00,"CHFJPY,EURNZD,EURJPY,EURAUD","AUDCHF,EURNZD,NZDCAD,NZDUSD",CHFJPY,CHFJPY-06-N1R001E08,ENTRY
2023-06-29 09:30:00+00:00,2023-06-29 10:00:00+00:00,"NZDCAD,EURNZD,EURJPY","AUDCHF,CHFJPY,EURNZD,NZDCAD,NZDUSD",EURJPY,EURJPY-06-N1R001E02,ENTRY
2023-06-29 11:30:00+00:00,2023-06-29 12:00:00+00:00,"AUDCHF,CHFJPY,EURJPY","AUDCHF,CHFJPY,EURJPY,EURNZD,NZDUSD",,,TOP_FOUR_HELD
2023-06-29 13:30:00+00:00,2023-06-29 14:00:00+00:00,"NZDCAD,AUDCHF,CHFJPY,EURJPY","AUDCHF,CHFJPY,EURNZD",NZDCAD,NZDCAD-06-R16E5,ENTRY
2023-06-29 15:30:00+00:00,2023-06-29 16:00:00+00:00,,"AUDCHF,CHFJPY,NZDCAD",,,NO_TRIGGER
2023-06-30 01:30:00+00:00,2023-06-30 02:00:00+00:00,"AUDCHF,CHFJPY",NZDCAD,AUDCHF,AUDCHF-06-N1R087E05,ENTRY
2023-06-30 05:30:00+00:00,2023-06-30 06:00:00+00:00,"CHFJPY,AUDJPY",AUDCHF,CHFJPY,CHFJPY-06-N1R001E08,ENTRY
2023-06-30 09:30:00+00:00,2023-06-30 10:00:00+00:00,NZDCAD,,NZDCAD,NZDCAD-06-R16E5,ENTRY
2023-06-30 11:30:00+00:00,2023-06-30 12:00:00+00:00,EURGBP,NZDCAD,EURGBP,EURGBP-06-N1R117E03,ENTRY
2023-06-30 13:30:00+00:00,2023-06-30 14:00:00+00:00,GBPJPY,EURGBP,GBPJPY,GBPJPY-06-N1R001E04,ENTRY
2023-06-30 15:30:00+00:00,2023-06-30 16:00:00+00:00,"GBPJPY,CHFJPY",GBPJPY,CHFJPY,CHFJPY-06-N1R001E08,ENTRY
2023-07-03 01:30:00+00:00,2023-07-03 02:00:00+00:00,"AUDUSD,USDCHF,USDCAD,AUDCAD",,AUDUSD,AUDUSD-07-N1R054E05,ENTRY
2023-07-03 05:30:00+00:00,2023-07-03 06:00:00+00:00,"AUDUSD,USDCHF,NZDCAD,EURUSD",AUDUSD,USDCHF,USDCHF-07-N1R131E12,ENTRY
2023-07-03 09:30:00+00:00,2023-07-03 10:00:00+00:00,"AUDUSD,USDCAD,EURAUD","AUDUSD,USDCHF",USDCAD,USDCAD-07-N1R065E06,ENTRY
2023-07-03 11:30:00+00:00,2023-07-03 12:00:00+00:00,EURCAD,"AUDUSD,USDCAD",EURCAD,EURCAD-07-N1R067E08,ENTRY
2023-07-03 13:30:00+00:00,2023-07-03 14:00:00+00:00,EURCAD,"AUDUSD,EURCAD",,,TOP_FOUR_HELD
2023-07-03 15:30:00+00:00,2023-07-03 16:00:00+00:00,EURAUD,EURCAD,EURAUD,EURAUD-07-N1R091E08,ENTRY
2023-07-04 01:30:00+00:00,2023-07-04 02:00:00+00:00,"AUDNZD,AUDCAD",EURAUD,AUDNZD,AUDNZD-07-N1R135E09,ENTRY
2023-07-04 05:30:00+00:00,2023-07-04 06:00:00+00:00,"EURNZD,AUDNZD",,EURNZD,EURNZD-07-R13E2,ENTRY
2023-07-04 09:30:00+00:00,2023-07-04 10:00:00+00:00,"NZDCAD,EURAUD",,NZDCAD,NZDCAD-07-N1R025E10,ENTRY
2023-07-04 11:30:00+00:00,2023-07-04 12:00:00+00:00,"NZDCAD,EURGBP,EURAUD",NZDCAD,EURGBP,EURGBP-07-N1R120E10,ENTRY
2023-07-04 13:30:00+00:00,2023-07-04 14:00:00+00:00,"USDCHF,NZDCAD,EURGBP,EURAUD","EURGBP,NZDCAD",USDCHF,USDCHF-07-N1R131E12,ENTRY
2023-07-04 15:30:00+00:00,2023-07-04 16:00:00+00:00,"USDCHF,NZDCAD,AUDCAD,EURGBP","EURGBP,USDCHF",NZDCAD,NZDCAD-07-N1R025E10,ENTRY
2023-07-05 01:30:00+00:00,2023-07-05 02:00:00+00:00,"AUDNZD,EURGBP","NZDCAD,USDCHF",AUDNZD,AUDNZD-07-N1R135E09,ENTRY
2023-07-05 05:30:00+00:00,2023-07-05 06:00:00+00:00,"AUDUSD,EURGBP","AUDNZD,USDCHF",AUDUSD,AUDUSD-07-N1R054E05,ENTRY
2023-07-05 09:30:00+00:00,2023-07-05 10:00:00+00:00,"EURNZD,CHFJPY,NZDCAD,EURGBP",,EURNZD,EURNZD-07-R13E2,ENTRY
2023-07-05 11:30:00+00:00,2023-07-05 12:00:00+00:00,"EURNZD,CHFJPY,NZDCAD",EURNZD,CHFJPY,CHFJPY-07-N1R080E04,ENTRY
2023-07-05 13:30:00+00:00,2023-07-05 14:00:00+00:00,"USDJPY,EURNZD,NZDCAD",,USDJPY,USDJPY-07-R16E8,ENTRY
2023-07-05 15:30:00+00:00,2023-07-05 16:00:00+00:00,EURGBP,USDJPY,EURGBP,EURGBP-07-N1R120E10,ENTRY
2023-07-06 01:30:00+00:00,2023-07-06 02:00:00+00:00,"CHFJPY,EURGBP","EURGBP,USDJPY",CHFJPY,CHFJPY-07-N1R080E04,ENTRY
2023-07-06 05:30:00+00:00,2023-07-06 06:00:00+00:00,"USDJPY,CHFJPY,AUDNZD,NZDCAD",USDJPY,CHFJPY,CHFJPY-07-N1R080E04,ENTRY
2023-07-06 09:30:00+00:00,2023-07-06 10:00:00+00:00,"NZDCAD,EURJPY,AUDCAD,EURAUD",USDJPY,NZDCAD,NZDCAD-07-N1R025E10,ENTRY
2023-07-06 11:30:00+00:00,2023-07-06 12:00:00+00:00,"USDJPY,NZDCAD,EURJPY,AUDCAD",USDJPY,NZDCAD,NZDCAD-07-N1R025E10,ENTRY
2023-07-06 13:30:00+00:00,2023-07-06 14:00:00+00:00,"EURNZD,USDCAD,AUDCAD,EURGBP",USDJPY,EURNZD,EURNZD-07-R13E2,ENTRY
2023-07-06 15:30:00+00:00,2023-07-06 16:00:00+00:00,USDCAD,,USDCAD,USDCAD-07-N1R065E06,ENTRY
2023-07-07 01:30:00+00:00,2023-07-07 02:00:00+00:00,USDCHF,,USDCHF,USDCHF-07-N1R131E12,ENTRY
2023-07-07 05:30:00+00:00,2023-07-07 06:00:00+00:00,"USDCHF,NZDCAD,AUDCAD",USDCHF,NZDCAD,NZDCAD-07-N1R025E10,ENTRY
2023-07-07 09:30:00+00:00,2023-07-07 10:00:00+00:00,"USDJPY,CHFJPY,AUDNZD,USDCHF",USDCHF,USDJPY,USDJPY-07-R16E8,ENTRY
2023-07-07 11:30:00+00:00,2023-07-07 12:00:00+00:00,"USDCHF,NZDCAD,EURJPY,AUDCAD","USDCHF,USDJPY",NZDCAD,NZDCAD-07-N1R025E10,ENTRY
2023-07-07 13:30:00+00:00,2023-07-07 14:00:00+00:00,"EURJPY,AUDCAD,EURUSD,AUDCHF","USDCHF,USDJPY",EURJPY,EURJPY-07-N1R115E03,ENTRY
2023-07-07 15:30:00+00:00,2023-07-07 16:00:00+00:00,"USDJPY,CHFJPY,EURJPY,AUDCAD",EURJPY,USDJPY,USDJPY-07-R16E8,ENTRY
2023-07-10 01:30:00+00:00,2023-07-10 02:00:00+00:00,"AUDUSD,USDCHF",,AUDUSD,AUDUSD-07-N1R054E05,ENTRY
2023-07-10 05:30:00+00:00,2023-07-10 06:00:00+00:00,"USDCHF,AUDCHF",AUDUSD,USDCHF,USDCHF-07-N1R131E12,ENTRY
2023-07-10 09:30:00+00:00,2023-07-10 10:00:00+00:00,"GBPJPY,AUDNZD,USDCHF,EURUSD",USDCHF,GBPJPY,GBPJPY-07-R56E8,ENTRY
2023-07-10 11:30:00+00:00,2023-07-10 12:00:00+00:00,"USDCHF,EURCAD,AUDCHF","GBPJPY,USDCHF",EURCAD,EURCAD-07-N1R067E08,ENTRY
2023-07-10 13:30:00+00:00,2023-07-10 14:00:00+00:00,USDCHF,"EURCAD,GBPJPY,USDCHF",,,TOP_FOUR_HELD
2023-07-10 15:30:00+00:00,2023-07-10 16:00:00+00:00,"EURJPY,EURCAD,EURUSD","EURCAD,USDCHF",EURJPY,EURJPY-07-N1R115E03,ENTRY
2023-07-11 01:30:00+00:00,2023-07-11 02:00:00+00:00,"USDCHF,EURJPY,EURUSD",EURJPY,USDCHF,USDCHF-07-N1R131E12,ENTRY
2023-07-11 05:30:00+00:00,2023-07-11 06:00:00+00:00,"USDCHF,AUDCAD,EURUSD",USDCHF,AUDCAD,AUDCAD-07-N1R041E11,ENTRY
2023-07-11 09:30:00+00:00,2023-07-11 10:00:00+00:00,"USDCHF,EURJPY,AUDCHF","AUDCAD,USDCHF",EURJPY,EURJPY-07-N1R115E03,ENTRY
2023-07-11 11:30:00+00:00,2023-07-11 12:00:00+00:00,"CHFJPY,USDCHF,EURJPY,EURGBP","AUDCAD,EURJPY,USDCHF",CHFJPY,CHFJPY-07-N1R080E04,ENTRY
2023-07-11 13:30:00+00:00,2023-07-11 14:00:00+00:00,"USDCHF,EURJPY,EURGBP","CHFJPY,EURJPY,USDCHF",EURGBP,EURGBP-07-N1R120E10,ENTRY
2023-07-11 15:30:00+00:00,2023-07-11 16:00:00+00:00,"USDJPY,USDCHF,EURJPY,EURCAD","EURGBP,EURJPY,USDCHF",USDJPY,USDJPY-07-R16E8,ENTRY
2023-07-12 01:30:00+00:00,2023-07-12 02:00:00+00:00,"USDJPY,USDCHF,EURCAD,EURUSD","EURGBP,USDJPY",USDCHF,USDCHF-07-N1R131E12,ENTRY
2023-07-12 05:30:00+00:00,2023-07-12 06:00:00+00:00,"USDJPY,USDCHF,EURJPY,AUDCAD",USDCHF,USDJPY,USDJPY-07-R16E8,ENTRY
2023-07-12 09:30:00+00:00,2023-07-12 10:00:00+00:00,"USDCHF,EURJPY","USDCHF,USDJPY",EURJPY,EURJPY-07-N1R115E03,ENTRY
2023-07-12 11:30:00+00:00,2023-07-12 12:00:00+00:00,"USDCHF,EURJPY","EURJPY,USDCHF,USDJPY",,,TOP_FOUR_HELD
2023-07-12 13:30:00+00:00,2023-07-12 14:00:00+00:00,"USDJPY,AUDUSD,USDCHF,EURCAD","USDCHF,USDJPY",AUDUSD,AUDUSD-07-N1R054E05,ENTRY
2023-07-12 15:30:00+00:00,2023-07-12 16:00:00+00:00,"USDJPY,AUDUSD,USDCHF,EURCAD",AUDUSD,USDJPY,USDJPY-07-R16E8,ENTRY
2023-07-13 01:30:00+00:00,2023-07-13 02:00:00+00:00,"AUDUSD,USDCHF,AUDCAD,EURUSD","AUDUSD,USDJPY",USDCHF,USDCHF-07-N1R131E12,ENTRY
2023-07-13 05:30:00+00:00,2023-07-13 06:00:00+00:00,"AUDUSD,USDCHF,NZDCAD,AUDCAD","AUDUSD,USDCHF,USDJPY",NZDCAD,NZDCAD-07-N1R025E10,ENTRY
2023-07-13 09:30:00+00:00,2023-07-13 10:00:00+00:00,"AUDUSD,USDCHF,AUDJPY,NZDCAD","USDCHF,USDJPY",AUDUSD,AUDUSD-07-N1R054E05,ENTRY
2023-07-13 11:30:00+00:00,2023-07-13 12:00:00+00:00,"AUDUSD,USDCHF,AUDJPY,NZDCAD","AUDUSD,USDCHF,USDJPY",AUDJPY,AUDJPY-07-N1R002E06,ENTRY
2023-07-13 13:30:00+00:00,2023-07-13 14:00:00+00:00,"AUDUSD,USDCHF,AUDJPY,NZDCAD","AUDJPY,AUDUSD,USDCHF,USDJPY",NZDCAD,NZDCAD-07-N1R025E10,ENTRY
2023-07-13 15:30:00+00:00,2023-07-13 16:00:00+00:00,"AUDUSD,USDCHF,AUDJPY,NZDCAD","AUDUSD,USDJPY",USDCHF,USDCHF-07-N1R131E12,ENTRY
2023-07-14 01:30:00+00:00,2023-07-14 02:00:00+00:00,"USDJPY,AUDUSD,USDCHF","AUDUSD,USDCHF",USDJPY,USDJPY-07-R16E8,ENTRY
2023-07-14 05:30:00+00:00,2023-07-14 06:00:00+00:00,"AUDUSD,USDCHF,NZDCAD,EURUSD","AUDUSD,USDCHF,USDJPY",NZDCAD,NZDCAD-07-N1R025E10,ENTRY
2023-07-14 09:30:00+00:00,2023-07-14 10:00:00+00:00,"EURNZD,USDCHF,EURCAD,EURUSD","AUDUSD,USDCHF",EURNZD,EURNZD-07-R13E2,ENTRY
2023-07-14 11:30:00+00:00,2023-07-14 12:00:00+00:00,"EURNZD,USDCHF","EURNZD,USDCHF",,,TOP_FOUR_HELD
2023-07-14 13:30:00+00:00,2023-07-14 14:00:00+00:00,"EURNZD,AUDNZD,USDCHF","EURNZD,USDCHF",AUDNZD,AUDNZD-07-N1R135E09,ENTRY
2023-07-14 15:30:00+00:00,2023-07-14 16:00:00+00:00,"USDJPY,EURNZD,AUDNZD,USDCHF","EURNZD,USDCHF",USDJPY,USDJPY-07-R16E8,ENTRY
2023-07-17 01:30:00+00:00,2023-07-17 02:00:00+00:00,"USDJPY,AUDCAD,EURCHF",,USDJPY,USDJPY-07-R16E8,ENTRY
2023-07-17 05:30:00+00:00,2023-07-17 06:00:00+00:00,"EURUSD,EURCHF",USDJPY,EURUSD,EURUSD-07-N1R005E12,ENTRY
2023-07-17 09:30:00+00:00,2023-07-17 10:00:00+00:00,"USDJPY,EURCAD,EURUSD","EURUSD,USDJPY",EURCAD,EURCAD-07-N1R067E08,ENTRY
2023-07-17 11:30:00+00:00,2023-07-17 12:00:00+00:00,USDCAD,"EURCAD,EURUSD,USDJPY",USDCAD,USDCAD-07-N1R065E06,ENTRY
2023-07-17 13:30:00+00:00,2023-07-17 14:00:00+00:00,AUDNZD,"EURUSD,USDCAD,USDJPY",AUDNZD,AUDNZD-07-N1R135E09,ENTRY
2023-07-17 15:30:00+00:00,2023-07-17 16:00:00+00:00,,"AUDNZD,EURUSD,USDJPY",,,NO_TRIGGER
2023-07-18 01:30:00+00:00,2023-07-18 02:00:00+00:00,"NZDUSD,USDCAD,AUDCHF",EURUSD,NZDUSD,NZDUSD-07-N1R087E08,ENTRY
2023-07-18 05:30:00+00:00,2023-07-18 06:00:00+00:00,"USDJPY,EURUSD","EURUSD,NZDUSD",USDJPY,USDJPY-07-R16E8,ENTRY
2023-07-18 09:30:00+00:00,2023-07-18 10:00:00+00:00,"NZDUSD,USDCAD",USDJPY,NZDUSD,NZDUSD-07-N1R087E08,ENTRY
2023-07-18 11:30:00+00:00,2023-07-18 12:00:00+00:00,"NZDUSD,EURUSD","NZDUSD,USDJPY",EURUSD,EURUSD-07-N1R005E12,ENTRY
2023-07-18 13:30:00+00:00,2023-07-18 14:00:00+00:00,"USDJPY,NZDUSD,USDCAD","EURUSD,USDJPY",NZDUSD,NZDUSD-07-N1R087E08,ENTRY
2023-07-18 15:30:00+00:00,2023-07-18 16:00:00+00:00,NZDUSD,"EURUSD,NZDUSD",,,TOP_FOUR_HELD
2023-07-19 01:30:00+00:00,2023-07-19 02:00:00+00:00,"USDCHF,GBPUSD",,USDCHF,USDCHF-07-N1R131E12,ENTRY
2023-07-19 05:30:00+00:00,2023-07-19 06:00:00+00:00,"NZDUSD,GBPUSD",USDCHF,NZDUSD,NZDUSD-07-N1R087E08,ENTRY
2023-07-19 09:30:00+00:00,2023-07-19 10:00:00+00:00,"NZDUSD,GBPUSD,EURUSD",NZDUSD,GBPUSD,GBPUSD-07-N1R071E08,ENTRY
2023-07-19 11:30:00+00:00,2023-07-19 12:00:00+00:00,"NZDUSD,GBPUSD","GBPUSD,NZDUSD",,,TOP_FOUR_HELD
2023-07-19 13:30:00+00:00,2023-07-19 14:00:00+00:00,"NZDUSD,GBPUSD","GBPUSD,NZDUSD",,,TOP_FOUR_HELD
2023-07-19 15:30:00+00:00,2023-07-19 16:00:00+00:00,GBPUSD,NZDUSD,GBPUSD,GBPUSD-07-N1R071E08,ENTRY
2023-07-20 01:30:00+00:00,2023-07-20 02:00:00+00:00,GBPJPY,GBPUSD,GBPJPY,GBPJPY-07-R56E8,ENTRY
2023-07-20 05:30:00+00:00,2023-07-20 06:00:00+00:00,GBPUSD,GBPJPY,GBPUSD,GBPUSD-07-N1R071E08,ENTRY
2023-07-20 09:30:00+00:00,2023-07-20 10:00:00+00:00,"NZDUSD,GBPUSD",GBPJPY,NZDUSD,NZDUSD-07-N1R087E08,ENTRY
2023-07-20 11:30:00+00:00,2023-07-20 12:00:00+00:00,"AUDUSD,NZDUSD,AUDJPY,GBPUSD","GBPJPY,NZDUSD",AUDUSD,AUDUSD-07-N1R054E05,ENTRY
2023-07-20 13:30:00+00:00,2023-07-20 14:00:00+00:00,"NZDUSD,GBPUSD,EURAUD","AUDUSD,GBPJPY",NZDUSD,NZDUSD-07-N1R087E08,ENTRY
2023-07-20 15:30:00+00:00,2023-07-20 16:00:00+00:00,"NZDUSD,GBPUSD","GBPJPY,NZDUSD",GBPUSD,GBPUSD-07-N1R071E08,ENTRY
2023-07-21 01:30:00+00:00,2023-07-21 02:00:00+00:00,EURJPY,"GBPJPY,GBPUSD",EURJPY,EURJPY-07-N1R115E03,ENTRY
2023-07-21 05:30:00+00:00,2023-07-21 06:00:00+00:00,"NZDUSD,GBPUSD,EURCHF",EURJPY,NZDUSD,NZDUSD-07-N1R087E08,ENTRY
2023-07-21 09:30:00+00:00,2023-07-21 10:00:00+00:00,"NZDUSD,GBPUSD",,NZDUSD,NZDUSD-07-N1R087E08,ENTRY
2023-07-21 11:30:00+00:00,2023-07-21 12:00:00+00:00,"NZDUSD,GBPUSD",NZDUSD,GBPUSD,GBPUSD-07-N1R071E08,ENTRY
2023-07-21 13:30:00+00:00,2023-07-21 14:00:00+00:00,"NZDUSD,USDCAD,GBPUSD","GBPUSD,NZDUSD",USDCAD,USDCAD-07-N1R065E06,ENTRY
2023-07-21 15:30:00+00:00,2023-07-21 16:00:00+00:00,NZDUSD,USDCAD,NZDUSD,NZDUSD-07-N1R087E08,ENTRY
2023-07-24 01:30:00+00:00,2023-07-24 02:00:00+00:00,NZDUSD,,NZDUSD,NZDUSD-07-N1R087E08,ENTRY
2023-07-24 05:30:00+00:00,2023-07-24 06:00:00+00:00,NZDUSD,NZDUSD,,,TOP_FOUR_HELD
2023-07-24 09:30:00+00:00,2023-07-24 10:00:00+00:00,GBPUSD,,GBPUSD,GBPUSD-07-N1R071E08,ENTRY
2023-07-24 11:30:00+00:00,2023-07-24 12:00:00+00:00,"AUDJPY,USDCAD,GBPUSD,AUDCHF",GBPUSD,AUDJPY,AUDJPY-07-N1R002E06,ENTRY
2023-07-24 13:30:00+00:00,2023-07-24 14:00:00+00:00,"USDCAD,EURGBP,AUDCHF","AUDJPY,GBPUSD",USDCAD,USDCAD-07-N1R065E06,ENTRY
2023-07-24 15:30:00+00:00,2023-07-24 16:00:00+00:00,"USDCAD,GBPUSD","AUDJPY,GBPUSD",USDCAD,USDCAD-07-N1R065E06,ENTRY
2023-07-25 01:30:00+00:00,2023-07-25 02:00:00+00:00,GBPUSD,,GBPUSD,GBPUSD-07-N1R071E08,ENTRY
2023-07-25 05:30:00+00:00,2023-07-25 06:00:00+00:00,"GBPUSD,EURAUD",GBPUSD,EURAUD,EURAUD-07-N1R091E08,ENTRY
2023-07-25 09:30:00+00:00,2023-07-25 10:00:00+00:00,"EURGBP,EURAUD","EURAUD,GBPUSD",EURGBP,EURGBP-07-N1R120E10,ENTRY
2023-07-25 11:30:00+00:00,2023-07-25 12:00:00+00:00,"GBPUSD,EURGBP,EURAUD","EURAUD,EURGBP,GBPUSD",,,TOP_FOUR_HELD
2023-07-25 13:30:00+00:00,2023-07-25 14:00:00+00:00,"AUDJPY,GBPUSD,EURGBP,EURAUD","EURGBP,GBPUSD",AUDJPY,AUDJPY-07-N1R002E06,ENTRY
2023-07-25 15:30:00+00:00,2023-07-25 16:00:00+00:00,"AUDJPY,EURJPY,AUDCAD,EURGBP",AUDJPY,EURJPY,EURJPY-07-N1R115E03,ENTRY
2023-07-26 01:30:00+00:00,2023-07-26 02:00:00+00:00,"AUDUSD,USDCHF,EURJPY,AUDCAD",EURJPY,AUDUSD,AUDUSD-07-N1R054E05,ENTRY
2023-07-26 05:30:00+00:00,2023-07-26 06:00:00+00:00,EURGBP,"AUDUSD,EURJPY",EURGBP,EURGBP-07-N1R120E10,ENTRY
2023-07-26 09:30:00+00:00,2023-07-26 10:00:00+00:00,"USDJPY,EURNZD,USDCHF,NZDCAD","AUDUSD,EURGBP,EURJPY",USDJPY,USDJPY-07-R16E8,ENTRY
2023-07-26 11:30:00+00:00,2023-07-26 12:00:00+00:00,"EURNZD,USDCHF,NZDCAD,USDCAD","AUDUSD,EURGBP,EURJPY,USDJPY",EURNZD,EURNZD-07-R13E2,ENTRY
2023-07-26 13:30:00+00:00,2023-07-26 14:00:00+00:00,"USDJPY,EURNZD,USDCHF,NZDCAD","AUDUSD,EURGBP,EURNZD,USDJPY",USDCHF,USDCHF-07-N1R131E12,ENTRY
2023-07-26 15:30:00+00:00,2023-07-26 16:00:00+00:00,"EURNZD,USDCHF,EURJPY,EURGBP","AUDUSD,EURGBP,USDCHF,USDJPY",EURNZD,EURNZD-07-R13E2,ENTRY
2023-07-27 01:30:00+00:00,2023-07-27 02:00:00+00:00,"AUDNZD,USDCHF","USDCHF,USDJPY",AUDNZD,AUDNZD-07-N1R135E09,ENTRY
2023-07-27 05:30:00+00:00,2023-07-27 06:00:00+00:00,"USDCHF,NZDCAD,AUDCAD,EURAUD","USDCHF,USDJPY",NZDCAD,NZDCAD-07-N1R025E10,ENTRY
2023-07-27 09:30:00+00:00,2023-07-27 10:00:00+00:00,"EURNZD,USDCHF,AUDCAD,EURCAD","NZDCAD,USDJPY",EURNZD,EURNZD-07-R13E2,ENTRY
2023-07-27 11:30:00+00:00,2023-07-27 12:00:00+00:00,"USDCHF,AUDCAD,EURUSD,AUDCHF","EURNZD,NZDCAD",USDCHF,USDCHF-07-N1R131E12,ENTRY
2023-07-27 13:30:00+00:00,2023-07-27 14:00:00+00:00,"AUDNZD,USDCHF,AUDCAD",,AUDNZD,AUDNZD-07-N1R135E09,ENTRY
2023-07-27 15:30:00+00:00,2023-07-27 16:00:00+00:00,"AUDNZD,EURAUD",AUDNZD,EURAUD,EURAUD-07-N1R091E08,ENTRY
2023-07-28 01:30:00+00:00,2023-07-28 02:00:00+00:00,"EURNZD,NZDUSD,EURJPY,GBPUSD",,EURNZD,EURNZD-07-R13E2,ENTRY
2023-07-28 05:30:00+00:00,2023-07-28 06:00:00+00:00,"USDJPY,NZDUSD,EURJPY,GBPUSD",,USDJPY,USDJPY-07-R16E8,ENTRY
2023-07-28 09:30:00+00:00,2023-07-28 10:00:00+00:00,"NZDUSD,USDCAD",USDJPY,NZDUSD,NZDUSD-07-N1R087E08,ENTRY
2023-07-28 11:30:00+00:00,2023-07-28 12:00:00+00:00,NZDUSD,"NZDUSD,USDJPY",,,TOP_FOUR_HELD
2023-07-28 13:30:00+00:00,2023-07-28 14:00:00+00:00,,USDJPY,,,NO_TRIGGER
2023-07-28 15:30:00+00:00,2023-07-28 16:00:00+00:00,"GBPJPY,USDCAD",,GBPJPY,GBPJPY-07-R56E8,ENTRY
2023-07-31 01:30:00+00:00,2023-07-31 02:00:00+00:00,"CHFJPY,EURCHF",,CHFJPY,CHFJPY-07-N1R080E04,ENTRY
2023-07-31 05:30:00+00:00,2023-07-31 06:00:00+00:00,"AUDNZD,GBPUSD,EURCHF",CHFJPY,AUDNZD,AUDNZD-07-N1R135E09,ENTRY
2023-07-31 09:30:00+00:00,2023-07-31 10:00:00+00:00,"GBPUSD,EURCAD,EURCHF",,GBPUSD,GBPUSD-07-N1R071E08,ENTRY
2023-07-31 11:30:00+00:00,2023-07-31 12:00:00+00:00,"AUDJPY,EURCHF",GBPUSD,AUDJPY,AUDJPY-07-N1R002E06,ENTRY
2023-07-31 13:30:00+00:00,2023-07-31 14:00:00+00:00,"AUDJPY,USDCAD,EURCHF","AUDJPY,GBPUSD",USDCAD,USDCAD-07-N1R065E06,ENTRY
2023-07-31 15:30:00+00:00,2023-07-31 16:00:00+00:00,"AUDNZD,AUDJPY",USDCAD,AUDNZD,AUDNZD-07-N1R135E09,ENTRY
2023-08-01 01:30:00+00:00,2023-08-01 02:00:00+00:00,"GBPJPY,EURCHF,AUDCHF,USDCAD",,GBPJPY,GBPJPY-08-N1R069E03,ENTRY
2023-08-01 05:30:00+00:00,2023-08-01 06:00:00+00:00,"EURCHF,EURGBP,USDCAD",,EURCHF,EURCHF-08-R41E7,ENTRY
2023-08-01 09:30:00+00:00,2023-08-01 10:00:00+00:00,"EURNZD,EURGBP",EURCHF,EURNZD,EURNZD-08-N1R135E11,ENTRY
2023-08-01 11:30:00+00:00,2023-08-01 12:00:00+00:00,"EURNZD,EURCHF,EURAUD,AUDCHF","EURCHF,EURNZD",EURAUD,EURAUD-08-N1R050E06,ENTRY
2023-08-01 13:30:00+00:00,2023-08-01 14:00:00+00:00,"EURNZD,EURCHF,EURAUD,USDJPY",EURAUD,EURNZD,EURNZD-08-N1R135E11,ENTRY
2023-08-01 15:30:00+00:00,2023-08-01 16:00:00+00:00,EURAUD,"EURAUD,EURNZD",,,TOP_FOUR_HELD
2023-08-02 01:30:00+00:00,2023-08-02 02:00:00+00:00,"GBPUSD,EURCHF,EURAUD",,GBPUSD,GBPUSD-08-R45E3,ENTRY
2023-08-02 05:30:00+00:00,2023-08-02 06:00:00+00:00,"EURCHF,NZDCAD,EURAUD",GBPUSD,EURCHF,EURCHF-08-R41E7,ENTRY
2023-08-02 09:30:00+00:00,2023-08-02 10:00:00+00:00,"GBPUSD,EURCHF,EURAUD",GBPUSD,EURCHF,EURCHF-08-R41E7,ENTRY
2023-08-02 11:30:00+00:00,2023-08-02 12:00:00+00:00,"GBPUSD,GBPJPY,EURCHF,EURAUD","EURCHF,GBPUSD",GBPJPY,GBPJPY-08-N1R069E03,ENTRY
2023-08-02 13:30:00+00:00,2023-08-02 14:00:00+00:00,"GBPJPY,EURAUD","EURCHF,GBPJPY",EURAUD,EURAUD-08-N1R050E06,ENTRY
2023-08-02 15:30:00+00:00,2023-08-02 16:00:00+00:00,EURAUD,EURAUD,,,TOP_FOUR_HELD
2023-08-03 01:30:00+00:00,2023-08-03 02:00:00+00:00,"GBPUSD,EURAUD",,GBPUSD,GBPUSD-08-R45E3,ENTRY
2023-08-03 05:30:00+00:00,2023-08-03 06:00:00+00:00,USDJPY,GBPUSD,USDJPY,USDJPY-08-N1R016E12,ENTRY
2023-08-03 09:30:00+00:00,2023-08-03 10:00:00+00:00,"EURCAD,EURAUD",,EURCAD,EURCAD-08-R58E8,ENTRY
2023-08-03 11:30:00+00:00,2023-08-03 12:00:00+00:00,EURAUD,EURCAD,EURAUD,EURAUD-08-N1R050E06,ENTRY
2023-08-03 13:30:00+00:00,2023-08-03 14:00:00+00:00,GBPUSD,"EURAUD,EURCAD",GBPUSD,GBPUSD-08-R45E3,ENTRY
2023-08-03 15:30:00+00:00,2023-08-03 16:00:00+00:00,"GBPUSD,EURCAD",EURCAD,GBPUSD,GBPUSD-08-R45E3,ENTRY
2023-08-04 01:30:00+00:00,2023-08-04 02:00:00+00:00,GBPUSD,"EURCAD,GBPUSD",,,TOP_FOUR_HELD
2023-08-04 05:30:00+00:00,2023-08-04 06:00:00+00:00,GBPUSD,"EURCAD,GBPUSD",,,TOP_FOUR_HELD
2023-08-04 09:30:00+00:00,2023-08-04 10:00:00+00:00,GBPUSD,"EURCAD,GBPUSD",,,TOP_FOUR_HELD
2023-08-04 11:30:00+00:00,2023-08-04 12:00:00+00:00,GBPUSD,GBPUSD,,,TOP_FOUR_HELD
2023-08-04 13:30:00+00:00,2023-08-04 14:00:00+00:00,"GBPUSD,CHFJPY",,GBPUSD,GBPUSD-08-R45E3,ENTRY
2023-08-04 15:30:00+00:00,2023-08-04 16:00:00+00:00,"EURUSD,GBPUSD,CHFJPY",GBPUSD,EURUSD,EURUSD-08-R60E7,ENTRY
2023-08-07 01:30:00+00:00,2023-08-07 02:00:00+00:00,CHFJPY,,CHFJPY,CHFJPY-08-N1R118E01,ENTRY
2023-08-07 05:30:00+00:00,2023-08-07 06:00:00+00:00,"EURCHF,CHFJPY,USDCHF",,EURCHF,EURCHF-08-R41E7,ENTRY
2023-08-07 09:30:00+00:00,2023-08-07 10:00:00+00:00,,EURCHF,,,NO_TRIGGER
2023-08-07 11:30:00+00:00,2023-08-07 12:00:00+00:00,EURCAD,EURCHF,EURCAD,EURCAD-08-R58E8,ENTRY
2023-08-07 13:30:00+00:00,2023-08-07 14:00:00+00:00,"EURCHF,AUDCHF","EURCAD,EURCHF",AUDCHF,AUDCHF-08-N1R001E12,ENTRY
2023-08-07 15:30:00+00:00,2023-08-07 16:00:00+00:00,EURCAD,"AUDCHF,EURCAD,EURCHF",,,TOP_FOUR_HELD
2023-08-08 01:30:00+00:00,2023-08-08 02:00:00+00:00,"EURCHF,EURJPY","EURCAD,EURCHF",EURJPY,EURJPY-08-N1R019E08,ENTRY
2023-08-08 05:30:00+00:00,2023-08-08 06:00:00+00:00,"EURCAD,EURJPY","EURCAD,EURCHF,EURJPY",,,TOP_FOUR_HELD
2023-08-08 09:30:00+00:00,2023-08-08 10:00:00+00:00,EURAUD,EURCAD,EURAUD,EURAUD-08-N1R050E06,ENTRY
2023-08-08 11:30:00+00:00,2023-08-08 12:00:00+00:00,"EURAUD,EURGBP","EURAUD,EURCAD",EURGBP,EURGBP-08-N1R090E12,ENTRY
2023-08-08 13:30:00+00:00,2023-08-08 14:00:00+00:00,EURAUD,"EURAUD,EURGBP",,,TOP_FOUR_HELD
2023-08-08 15:30:00+00:00,2023-08-08 16:00:00+00:00,GBPJPY,EURGBP,GBPJPY,GBPJPY-08-N1R069E03,ENTRY
2023-08-09 01:30:00+00:00,2023-08-09 02:00:00+00:00,,EURGBP,,,NO_TRIGGER
2023-08-09 05:30:00+00:00,2023-08-09 06:00:00+00:00,AUDJPY,EURGBP,AUDJPY,AUDJPY-08-N1R029E11,ENTRY
2023-08-09 09:30:00+00:00,2023-08-09 10:00:00+00:00,USDJPY,"AUDJPY,EURGBP",USDJPY,USDJPY-08-N1R016E12,ENTRY
2023-08-09 11:30:00+00:00,2023-08-09 12:00:00+00:00,,"AUDJPY,EURGBP,USDJPY",,,NO_TRIGGER
2023-08-09 13:30:00+00:00,2023-08-09 14:00:00+00:00,,"AUDJPY,USDJPY",,,NO_TRIGGER
2023-08-09 15:30:00+00:00,2023-08-09 16:00:00+00:00,EURJPY,"AUDJPY,USDJPY",EURJPY,EURJPY-08-N1R019E08,ENTRY
2023-08-10 01:30:00+00:00,2023-08-10 02:00:00+00:00,,"AUDJPY,EURJPY",,,NO_TRIGGER
2023-08-10 05:30:00+00:00,2023-08-10 06:00:00+00:00,"EURCAD,EURJPY,AUDJPY",,EURCAD,EURCAD-08-R58E8,ENTRY
2023-08-10 09:30:00+00:00,2023-08-10 10:00:00+00:00,"EURUSD,GBPUSD,EURAUD,EURJPY",EURCAD,EURUSD,EURUSD-08-R60E7,ENTRY
2023-08-10 11:30:00+00:00,2023-08-10 12:00:00+00:00,EURJPY,"EURCAD,EURUSD",EURJPY,EURJPY-08-N1R019E08,ENTRY
2023-08-10 13:30:00+00:00,2023-08-10 14:00:00+00:00,"EURUSD,AUDCAD,AUDUSD,EURJPY","EURCAD,EURJPY",EURUSD,EURUSD-08-R60E7,ENTRY
2023-08-10 15:30:00+00:00,2023-08-10 16:00:00+00:00,"EURJPY,AUDJPY","EURCAD,EURUSD",EURJPY,EURJPY-08-N1R019E08,ENTRY
2023-08-11 01:30:00+00:00,2023-08-11 02:00:00+00:00,GBPJPY,"EURCAD,EURJPY",GBPJPY,GBPJPY-08-N1R069E03,ENTRY
2023-08-11 05:30:00+00:00,2023-08-11 06:00:00+00:00,EURCHF,"EURCAD,GBPJPY",EURCHF,EURCHF-08-R41E7,ENTRY
2023-08-11 09:30:00+00:00,2023-08-11 10:00:00+00:00,,EURCHF,,,NO_TRIGGER
2023-08-11 11:30:00+00:00,2023-08-11 12:00:00+00:00,,EURCHF,,,NO_TRIGGER
2023-08-11 13:30:00+00:00,2023-08-11 14:00:00+00:00,EURAUD,EURCHF,EURAUD,EURAUD-08-N1R050E06,ENTRY
2023-08-11 15:30:00+00:00,2023-08-11 16:00:00+00:00,GBPUSD,"EURAUD,EURCHF",GBPUSD,GBPUSD-08-R45E3,ENTRY
2023-08-14 01:30:00+00:00,2023-08-14 02:00:00+00:00,,,,,NO_TRIGGER
2023-08-14 05:30:00+00:00,2023-08-14 06:00:00+00:00,,,,,NO_TRIGGER
2023-08-14 09:30:00+00:00,2023-08-14 10:00:00+00:00,"GBPUSD,GBPJPY,EURGBP",,GBPUSD,GBPUSD-08-R45E3,ENTRY
2023-08-14 11:30:00+00:00,2023-08-14 12:00:00+00:00,"GBPUSD,GBPJPY,EURGBP",GBPUSD,GBPJPY,GBPJPY-08-N1R069E03,ENTRY
2023-08-14 13:30:00+00:00,2023-08-14 14:00:00+00:00,EURGBP,GBPJPY,EURGBP,EURGBP-08-N1R090E12,ENTRY
2023-08-14 15:30:00+00:00,2023-08-14 16:00:00+00:00,EURGBP,EURGBP,,,TOP_FOUR_HELD
2023-08-15 01:30:00+00:00,2023-08-15 02:00:00+00:00,GBPUSD,EURGBP,GBPUSD,GBPUSD-08-R45E3,ENTRY
2023-08-15 05:30:00+00:00,2023-08-15 06:00:00+00:00,GBPUSD,"EURGBP,GBPUSD",,,TOP_FOUR_HELD
2023-08-15 09:30:00+00:00,2023-08-15 10:00:00+00:00,,"EURGBP,GBPUSD",,,NO_TRIGGER
2023-08-15 11:30:00+00:00,2023-08-15 12:00:00+00:00,,EURGBP,,,NO_TRIGGER
2023-08-15 13:30:00+00:00,2023-08-15 14:00:00+00:00,EURGBP,EURGBP,,,TOP_FOUR_HELD
2023-08-15 15:30:00+00:00,2023-08-15 16:00:00+00:00,,,,,NO_TRIGGER
2023-08-16 01:30:00+00:00,2023-08-16 02:00:00+00:00,EURAUD,,EURAUD,EURAUD-08-N1R050E06,ENTRY
2023-08-16 05:30:00+00:00,2023-08-16 06:00:00+00:00,"GBPJPY,EURAUD",,GBPJPY,GBPJPY-08-N1R069E03,ENTRY
2023-08-16 09:30:00+00:00,2023-08-16 10:00:00+00:00,"GBPJPY,EURGBP,EURJPY",,GBPJPY,GBPJPY-08-N1R069E03,ENTRY
2023-08-16 11:30:00+00:00,2023-08-16 12:00:00+00:00,"EURGBP,USDJPY",GBPJPY,EURGBP,EURGBP-08-N1R090E12,ENTRY
2023-08-16 13:30:00+00:00,2023-08-16 14:00:00+00:00,"EURGBP,USDJPY","EURGBP,GBPJPY",USDJPY,USDJPY-08-N1R016E12,ENTRY
2023-08-16 15:30:00+00:00,2023-08-16 16:00:00+00:00,"EURCAD,EURGBP","EURGBP,GBPJPY,USDJPY",EURCAD,EURCAD-08-R58E8,ENTRY
2023-08-17 01:30:00+00:00,2023-08-17 02:00:00+00:00,EURGBP,"EURCAD,EURGBP",,,TOP_FOUR_HELD
2023-08-17 05:30:00+00:00,2023-08-17 06:00:00+00:00,EURGBP,EURGBP,,,TOP_FOUR_HELD
2023-08-17 09:30:00+00:00,2023-08-17 10:00:00+00:00,EURAUD,EURGBP,EURAUD,EURAUD-08-N1R050E06,ENTRY
2023-08-17 11:30:00+00:00,2023-08-17 12:00:00+00:00,,"EURAUD,EURGBP",,,NO_TRIGGER
2023-08-17 13:30:00+00:00,2023-08-17 14:00:00+00:00,EURGBP,EURAUD,EURGBP,EURGBP-08-N1R090E12,ENTRY
2023-08-17 15:30:00+00:00,2023-08-17 16:00:00+00:00,EURGBP,"EURAUD,EURGBP",,,TOP_FOUR_HELD
2023-08-18 01:30:00+00:00,2023-08-18 02:00:00+00:00,,EURGBP,,,NO_TRIGGER
2023-08-18 05:30:00+00:00,2023-08-18 06:00:00+00:00,GBPJPY,EURGBP,GBPJPY,GBPJPY-08-N1R069E03,ENTRY
2023-08-18 09:30:00+00:00,2023-08-18 10:00:00+00:00,,,,,NO_TRIGGER
2023-08-18 11:30:00+00:00,2023-08-18 12:00:00+00:00,,,,,NO_TRIGGER
2023-08-18 13:30:00+00:00,2023-08-18 14:00:00+00:00,,,,,NO_TRIGGER
2023-08-18 15:30:00+00:00,2023-08-18 16:00:00+00:00,,,,,NO_TRIGGER
2023-08-21 01:30:00+00:00,2023-08-21 02:00:00+00:00,EURCHF,,EURCHF,EURCHF-08-R41E7,ENTRY
2023-08-21 05:30:00+00:00,2023-08-21 06:00:00+00:00,,EURCHF,,,NO_TRIGGER
2023-08-21 09:30:00+00:00,2023-08-21 10:00:00+00:00,,EURCHF,,,NO_TRIGGER
2023-08-21 11:30:00+00:00,2023-08-21 12:00:00+00:00,,EURCHF,,,NO_TRIGGER
2023-08-21 13:30:00+00:00,2023-08-21 14:00:00+00:00,EURJPY,EURCHF,EURJPY,EURJPY-08-N1R019E08,ENTRY
2023-08-21 15:30:00+00:00,2023-08-21 16:00:00+00:00,"EURCAD,EURJPY,USDJPY","EURCHF,EURJPY",EURCAD,EURCAD-08-R58E8,ENTRY
2023-08-22 01:30:00+00:00,2023-08-22 02:00:00+00:00,,"EURCAD,EURCHF,EURJPY",,,NO_TRIGGER
2023-08-22 05:30:00+00:00,2023-08-22 06:00:00+00:00,,EURCAD,,,NO_TRIGGER
2023-08-22 09:30:00+00:00,2023-08-22 10:00:00+00:00,"NZDUSD,EURGBP",EURCAD,NZDUSD,NZDUSD-08-N1R032E03,ENTRY
2023-08-22 11:30:00+00:00,2023-08-22 12:00:00+00:00,EURGBP,"EURCAD,NZDUSD",EURGBP,EURGBP-08-N1R090E12,ENTRY
2023-08-22 13:30:00+00:00,2023-08-22 14:00:00+00:00,"GBPJPY,EURGBP,USDJPY","EURCAD,EURGBP",GBPJPY,GBPJPY-08-N1R069E03,ENTRY
2023-08-22 15:30:00+00:00,2023-08-22 16:00:00+00:00,,"EURCAD,EURGBP,GBPJPY",,,NO_TRIGGER
2023-08-23 01:30:00+00:00,2023-08-23 02:00:00+00:00,AUDCHF,EURGBP,AUDCHF,AUDCHF-08-N1R001E12,ENTRY
2023-08-23 05:30:00+00:00,2023-08-23 06:00:00+00:00,"NZDUSD,CHFJPY,EURGBP,AUDJPY","AUDCHF,EURGBP",NZDUSD,NZDUSD-08-N1R032E03,ENTRY
2023-08-23 09:30:00+00:00,2023-08-23 10:00:00+00:00,"EURNZD,AUDCHF",AUDCHF,EURNZD,EURNZD-08-N1R135E11,ENTRY
2023-08-23 11:30:00+00:00,2023-08-23 12:00:00+00:00,,"AUDCHF,EURNZD",,,NO_TRIGGER
2023-08-23 13:30:00+00:00,2023-08-23 14:00:00+00:00,,"AUDCHF,EURNZD",,,NO_TRIGGER
2023-08-23 15:30:00+00:00,2023-08-23 16:00:00+00:00,AUDCHF,AUDCHF,,,TOP_FOUR_HELD
2023-08-24 01:30:00+00:00,2023-08-24 02:00:00+00:00,"GBPUSD,AUDCAD,USDCHF",AUDCHF,GBPUSD,GBPUSD-08-R45E3,ENTRY
2023-08-24 05:30:00+00:00,2023-08-24 06:00:00+00:00,"EURNZD,AUDCHF,USDCAD,AUDJPY",GBPUSD,EURNZD,EURNZD-08-N1R135E11,ENTRY
2023-08-24 09:30:00+00:00,2023-08-24 10:00:00+00:00,"GBPUSD,AUDCHF,USDCAD",GBPUSD,AUDCHF,AUDCHF-08-N1R001E12,ENTRY
2023-08-24 11:30:00+00:00,2023-08-24 12:00:00+00:00,"EURNZD,GBPUSD,USDCAD","AUDCHF,GBPUSD",EURNZD,EURNZD-08-N1R135E11,ENTRY
2023-08-24 13:30:00+00:00,2023-08-24 14:00:00+00:00,EURNZD,"AUDCHF,EURNZD",,,TOP_FOUR_HELD
2023-08-24 15:30:00+00:00,2023-08-24 16:00:00+00:00,EURNZD,"AUDCHF,EURNZD",,,TOP_FOUR_HELD
2023-08-25 01:30:00+00:00,2023-08-25 02:00:00+00:00,"CHFJPY,AUDCHF",AUDCHF,CHFJPY,CHFJPY-08-N1R118E01,ENTRY
2023-08-25 05:30:00+00:00,2023-08-25 06:00:00+00:00,AUDNZD,AUDCHF,AUDNZD,AUDNZD-08-N1R012E06,ENTRY
2023-08-25 09:30:00+00:00,2023-08-25 10:00:00+00:00,AUDCHF,AUDCHF,,,TOP_FOUR_HELD
2023-08-25 11:30:00+00:00,2023-08-25 12:00:00+00:00,GBPUSD,,GBPUSD,GBPUSD-08-R45E3,ENTRY
2023-08-25 13:30:00+00:00,2023-08-25 14:00:00+00:00,GBPUSD,GBPUSD,,,TOP_FOUR_HELD
2023-08-25 15:30:00+00:00,2023-08-25 16:00:00+00:00,GBPUSD,,GBPUSD,GBPUSD-08-R45E3,ENTRY
2023-08-28 01:30:00+00:00,2023-08-28 02:00:00+00:00,"GBPUSD,EURJPY",,GBPUSD,GBPUSD-08-R45E3,ENTRY
2023-08-28 05:30:00+00:00,2023-08-28 06:00:00+00:00,"GBPUSD,EURJPY,AUDJPY",GBPUSD,EURJPY,EURJPY-08-N1R019E08,ENTRY
2023-08-28 09:30:00+00:00,2023-08-28 10:00:00+00:00,"GBPUSD,USDJPY","EURJPY,GBPUSD",USDJPY,USDJPY-08-N1R016E12,ENTRY
2023-08-28 11:30:00+00:00,2023-08-28 12:00:00+00:00,GBPUSD,"EURJPY,GBPUSD,USDJPY",,,TOP_FOUR_HELD
2023-08-28 13:30:00+00:00,2023-08-28 14:00:00+00:00,GBPJPY,"EURJPY,GBPUSD,USDJPY",GBPJPY,GBPJPY-08-N1R069E03,ENTRY
2023-08-28 15:30:00+00:00,2023-08-28 16:00:00+00:00,"GBPUSD,AUDNZD,AUDJPY","EURJPY,GBPJPY,GBPUSD,USDJPY",AUDNZD,AUDNZD-08-N1R012E06,ENTRY
2023-08-29 01:30:00+00:00,2023-08-29 02:00:00+00:00,"GBPUSD,EURCHF","GBPUSD,USDJPY",EURCHF,EURCHF-08-R41E7,ENTRY
2023-08-29 05:30:00+00:00,2023-08-29 06:00:00+00:00,"GBPUSD,AUDCAD,EURCHF,AUDCHF","EURCHF,USDJPY",GBPUSD,GBPUSD-08-R45E3,ENTRY
2023-08-29 09:30:00+00:00,2023-08-29 10:00:00+00:00,,"EURCHF,GBPUSD,USDJPY",,,NO_TRIGGER
2023-08-29 11:30:00+00:00,2023-08-29 12:00:00+00:00,"EURCHF,AUDCHF,USDJPY",EURCHF,AUDCHF,AUDCHF-08-N1R001E12,ENTRY
2023-08-29 13:30:00+00:00,2023-08-29 14:00:00+00:00,"GBPJPY,EURCHF","AUDCHF,EURCHF",GBPJPY,GBPJPY-08-N1R069E03,ENTRY
2023-08-29 15:30:00+00:00,2023-08-29 16:00:00+00:00,"GBPUSD,AUDCHF","AUDCHF,EURCHF",GBPUSD,GBPUSD-08-R45E3,ENTRY
2023-08-30 01:30:00+00:00,2023-08-30 02:00:00+00:00,"AUDCAD,USDCHF,USDCAD","AUDCHF,EURCHF",AUDCAD,AUDCAD-08-N1R035E05,ENTRY
2023-08-30 05:30:00+00:00,2023-08-30 06:00:00+00:00,"AUDCHF,USDCAD","AUDCAD,AUDCHF",USDCAD,USDCAD-08-N1R123E11,ENTRY
2023-08-30 09:30:00+00:00,2023-08-30 10:00:00+00:00,"EURNZD,USDCAD","AUDCAD,AUDCHF,USDCAD",EURNZD,EURNZD-08-N1R135E11,ENTRY
2023-08-30 11:30:00+00:00,2023-08-30 12:00:00+00:00,"EURCHF,AUDCHF,EURJPY,USDCAD","AUDCAD,AUDCHF,EURNZD,USDCAD",EURCHF,EURCHF-08-R41E7,ENTRY
2023-08-30 13:30:00+00:00,2023-08-30 14:00:00+00:00,"EURUSD,EURNZD,AUDCHF,EURJPY",EURCHF,EURUSD,EURUSD-08-R60E7,ENTRY
2023-08-30 15:30:00+00:00,2023-08-30 16:00:00+00:00,"AUDCHF,USDCAD","EURCHF,EURUSD",AUDCHF,AUDCHF-08-N1R001E12,ENTRY
2023-08-31 01:30:00+00:00,2023-08-31 02:00:00+00:00,"AUDCHF,USDCAD","AUDCHF,EURUSD",USDCAD,USDCAD-08-N1R123E11,ENTRY
2023-08-31 05:30:00+00:00,2023-08-31 06:00:00+00:00,USDCAD,"AUDCHF,EURUSD,USDCAD",,,TOP_FOUR_HELD
2023-08-31 09:30:00+00:00,2023-08-31 10:00:00+00:00,"GBPJPY,EURGBP,AUDCHF,USDCAD","AUDCHF,USDCAD",GBPJPY,GBPJPY-08-N1R069E03,ENTRY
2023-08-31 11:30:00+00:00,2023-08-31 12:00:00+00:00,"EURCHF,USDCAD","AUDCHF,GBPJPY,USDCAD",EURCHF,EURCHF-08-R41E7,ENTRY
2023-08-31 13:30:00+00:00,2023-08-31 14:00:00+00:00,"GBPJPY,AUDCHF,USDCAD","AUDCHF,EURCHF",GBPJPY,GBPJPY-08-N1R069E03,ENTRY
2023-08-31 15:30:00+00:00,2023-08-31 16:00:00+00:00,"GBPJPY,AUDCHF,USDCAD","AUDCHF,EURCHF",GBPJPY,GBPJPY-08-N1R069E03,ENTRY
2023-09-01 01:30:00+00:00,2023-09-01 02:00:00+00:00,"EURCAD,AUDJPY,EURJPY,GBPJPY",EURCHF,EURCAD,EURCAD-09-N1R096E06,ENTRY
2023-09-01 05:30:00+00:00,2023-09-01 06:00:00+00:00,"AUDJPY,EURJPY,GBPJPY","EURCAD,EURCHF",AUDJPY,AUDJPY-09-N1R075E04,ENTRY
2023-09-01 09:30:00+00:00,2023-09-01 10:00:00+00:00,EURJPY,"AUDJPY,EURCHF",EURJPY,EURJPY-09-N1R132E12,ENTRY
2023-09-01 11:30:00+00:00,2023-09-01 12:00:00+00:00,"EURJPY,AUDUSD,GBPJPY","AUDJPY,EURCHF,EURJPY",AUDUSD,AUDUSD-09-N1R065E11,ENTRY
2023-09-01 13:30:00+00:00,2023-09-01 14:00:00+00:00,"EURJPY,AUDUSD,GBPJPY",,EURJPY,EURJPY-09-N1R132E12,ENTRY
2023-09-01 15:30:00+00:00,2023-09-01 16:00:00+00:00,GBPUSD,EURJPY,GBPUSD,GBPUSD-09-N1R087E08,ENTRY
2023-09-04 01:30:00+00:00,2023-09-04 02:00:00+00:00,GBPJPY,,GBPJPY,GBPJPY-09-N1R071E02,ENTRY
2023-09-04 05:30:00+00:00,2023-09-04 06:00:00+00:00,,GBPJPY,,,NO_TRIGGER
2023-09-04 09:30:00+00:00,2023-09-04 10:00:00+00:00,,,,,NO_TRIGGER
2023-09-04 11:30:00+00:00,2023-09-04 12:00:00+00:00,,,,,NO_TRIGGER
2023-09-04 13:30:00+00:00,2023-09-04 14:00:00+00:00,NZDUSD,,NZDUSD,NZDUSD-09-N1R132E12,ENTRY
2023-09-04 15:30:00+00:00,2023-09-04 16:00:00+00:00,GBPUSD,NZDUSD,GBPUSD,GBPUSD-09-N1R087E08,ENTRY
2023-09-05 01:30:00+00:00,2023-09-05 02:00:00+00:00,GBPUSD,"GBPUSD,NZDUSD",,,TOP_FOUR_HELD
2023-09-05 05:30:00+00:00,2023-09-05 06:00:00+00:00,"NZDUSD,GBPUSD",NZDUSD,GBPUSD,GBPUSD-09-N1R087E08,ENTRY
2023-09-05 09:30:00+00:00,2023-09-05 10:00:00+00:00,"AUDJPY,NZDUSD,GBPUSD",,AUDJPY,AUDJPY-09-N1R075E04,ENTRY
2023-09-05 11:30:00+00:00,2023-09-05 12:00:00+00:00,"NZDUSD,GBPUSD",AUDJPY,NZDUSD,NZDUSD-09-N1R132E12,ENTRY
2023-09-05 13:30:00+00:00,2023-09-05 14:00:00+00:00,"USDCAD,NZDUSD,GBPUSD","AUDJPY,NZDUSD",USDCAD,USDCAD-09-R55E7,ENTRY
2023-09-05 15:30:00+00:00,2023-09-05 16:00:00+00:00,"EURAUD,EURNZD,EURCAD,NZDUSD","NZDUSD,USDCAD",EURAUD,EURAUD-09-R07E6,ENTRY
2023-09-06 01:30:00+00:00,2023-09-06 02:00:00+00:00,"NZDCAD,AUDJPY,AUDCHF,NZDUSD","EURAUD,NZDUSD,USDCAD",NZDCAD,NZDCAD-09-N1R140E07,ENTRY
2023-09-06 05:30:00+00:00,2023-09-06 06:00:00+00:00,"EURAUD,USDCAD,EURNZD",NZDUSD,EURAUD,EURAUD-09-R07E6,ENTRY
2023-09-06 09:30:00+00:00,2023-09-06 10:00:00+00:00,AUDCHF,NZDUSD,AUDCHF,AUDCHF-09-N1R135E09,ENTRY
2023-09-06 11:30:00+00:00,2023-09-06 12:00:00+00:00,"USDCAD,AUDCHF,GBPUSD","AUDCHF,NZDUSD",USDCAD,USDCAD-09-R55E7,ENTRY
2023-09-06 13:30:00+00:00,2023-09-06 14:00:00+00:00,"EURUSD,AUDJPY,AUDCHF,GBPUSD","AUDCHF,USDCAD",EURUSD,EURUSD-09-R51E4,ENTRY
2023-09-06 15:30:00+00:00,2023-09-06 16:00:00+00:00,"AUDCHF,GBPUSD","EURUSD,USDCAD",AUDCHF,AUDCHF-09-N1R135E09,ENTRY
2023-09-07 01:30:00+00:00,2023-09-07 02:00:00+00:00,"EURGBP,GBPUSD","EURUSD,USDCAD",EURGBP,EURGBP-09-R23E8,ENTRY
2023-09-07 05:30:00+00:00,2023-09-07 06:00:00+00:00,"EURNZD,AUDJPY,GBPJPY","EURGBP,EURUSD,USDCAD",EURNZD,EURNZD-09-R05E8,ENTRY
2023-09-07 09:30:00+00:00,2023-09-07 10:00:00+00:00,"EURAUD,EURCAD,EURGBP,GBPJPY","EURGBP,EURNZD,EURUSD,USDCAD",EURAUD,EURAUD-09-R07E6,ENTRY
2023-09-07 11:30:00+00:00,2023-09-07 12:00:00+00:00,"AUDJPY,GBPJPY,GBPUSD","EURAUD,EURGBP,EURNZD,EURUSD,USDCAD",AUDJPY,AUDJPY-09-N1R075E04,ENTRY
2023-09-07 13:30:00+00:00,2023-09-07 14:00:00+00:00,"AUDJPY,GBPJPY,GBPUSD",EURGBP,AUDJPY,AUDJPY-09-N1R075E04,ENTRY
2023-09-07 15:30:00+00:00,2023-09-07 16:00:00+00:00,"AUDJPY,EURJPY,GBPUSD","AUDJPY,EURGBP",EURJPY,EURJPY-09-N1R132E12,ENTRY
2023-09-08 01:30:00+00:00,2023-09-08 02:00:00+00:00,"AUDJPY,EURJPY,GBPJPY","AUDJPY,EURGBP,EURJPY",GBPJPY,GBPJPY-09-N1R071E02,ENTRY
2023-09-08 05:30:00+00:00,2023-09-08 06:00:00+00:00,EURUSD,AUDJPY,EURUSD,EURUSD-09-R51E4,ENTRY
2023-09-08 09:30:00+00:00,2023-09-08 10:00:00+00:00,GBPUSD,EURUSD,GBPUSD,GBPUSD-09-N1R087E08,ENTRY
2023-09-08 11:30:00+00:00,2023-09-08 12:00:00+00:00,"USDCAD,EURGBP,GBPJPY,GBPUSD",GBPUSD,USDCAD,USDCAD-09-R55E7,ENTRY
2023-09-08 13:30:00+00:00,2023-09-08 14:00:00+00:00,GBPUSD,GBPUSD,,,TOP_FOUR_HELD
2023-09-08 15:30:00+00:00,2023-09-08 16:00:00+00:00,"EURGBP,GBPUSD",,EURGBP,EURGBP-09-R23E8,ENTRY
2023-09-11 01:30:00+00:00,2023-09-11 02:00:00+00:00,,,,,NO_TRIGGER
2023-09-11 05:30:00+00:00,2023-09-11 06:00:00+00:00,GBPJPY,,GBPJPY,GBPJPY-09-N1R071E02,ENTRY
2023-09-11 09:30:00+00:00,2023-09-11 10:00:00+00:00,"EURCAD,EURJPY",,EURCAD,EURCAD-09-N1R096E06,ENTRY
2023-09-11 11:30:00+00:00,2023-09-11 12:00:00+00:00,,EURCAD,,,NO_TRIGGER
2023-09-11 13:30:00+00:00,2023-09-11 14:00:00+00:00,"USDJPY,GBPJPY",,USDJPY,USDJPY-09-R60E8,ENTRY
2023-09-11 15:30:00+00:00,2023-09-11 16:00:00+00:00,"USDJPY,GBPJPY",USDJPY,GBPJPY,GBPJPY-09-N1R071E02,ENTRY
2023-09-12 01:30:00+00:00,2023-09-12 02:00:00+00:00,,"GBPJPY,USDJPY",,,NO_TRIGGER
2023-09-12 05:30:00+00:00,2023-09-12 06:00:00+00:00,"AUDUSD,AUDCAD",USDJPY,AUDUSD,AUDUSD-09-N1R065E11,ENTRY
2023-09-12 09:30:00+00:00,2023-09-12 10:00:00+00:00,"EURGBP,GBPJPY","AUDUSD,USDJPY",EURGBP,EURGBP-09-R23E8,ENTRY
2023-09-12 11:30:00+00:00,2023-09-12 12:00:00+00:00,"AUDNZD,EURGBP,GBPJPY","AUDUSD,EURGBP,USDJPY",AUDNZD,AUDNZD-09-R20E8,ENTRY
2023-09-12 13:30:00+00:00,2023-09-12 14:00:00+00:00,"AUDNZD,GBPUSD","AUDNZD,AUDUSD,EURGBP,USDJPY",GBPUSD,GBPUSD-09-N1R087E08,ENTRY
2023-09-12 15:30:00+00:00,2023-09-12 16:00:00+00:00,"EURCAD,AUDUSD,GBPUSD","AUDNZD,AUDUSD,EURGBP,GBPUSD",EURCAD,EURCAD-09-N1R096E06,ENTRY
2023-09-13 01:30:00+00:00,2023-09-13 02:00:00+00:00,,"AUDNZD,AUDUSD,EURGBP",,,NO_TRIGGER
2023-09-13 05:30:00+00:00,2023-09-13 06:00:00+00:00,GBPUSD,"AUDNZD,AUDUSD,EURGBP",GBPUSD,GBPUSD-09-N1R087E08,ENTRY
2023-09-13 09:30:00+00:00,2023-09-13 10:00:00+00:00,"EURAUD,CHFJPY,EURNZD,GBPUSD","AUDNZD,EURGBP",EURAUD,EURAUD-09-R07E6,ENTRY
2023-09-13 11:30:00+00:00,2023-09-13 12:00:00+00:00,"EURNZD,GBPUSD","AUDNZD,EURAUD",EURNZD,EURNZD-09-R05E8,ENTRY
2023-09-13 13:30:00+00:00,2023-09-13 14:00:00+00:00,EURNZD,EURNZD,,,TOP_FOUR_HELD
2023-09-13 15:30:00+00:00,2023-09-13 16:00:00+00:00,EURAUD,EURNZD,EURAUD,EURAUD-09-R07E6,ENTRY
2023-09-14 01:30:00+00:00,2023-09-14 02:00:00+00:00,"EURCAD,AUDUSD",,EURCAD,EURCAD-09-N1R096E06,ENTRY
2023-09-14 05:30:00+00:00,2023-09-14 06:00:00+00:00,EURGBP,EURCAD,EURGBP,EURGBP-09-R23E8,ENTRY
2023-09-14 09:30:00+00:00,2023-09-14 10:00:00+00:00,,EURGBP,,,NO_TRIGGER
2023-09-14 11:30:00+00:00,2023-09-14 12:00:00+00:00,"EURCAD,EURGBP,GBPUSD",EURGBP,EURCAD,EURCAD-09-N1R096E06,ENTRY
2023-09-14 13:30:00+00:00,2023-09-14 14:00:00+00:00,"EURCAD,GBPUSD",,EURCAD,EURCAD-09-N1R096E06,ENTRY
2023-09-14 15:30:00+00:00,2023-09-14 16:00:00+00:00,"EURCAD,EURJPY,GBPJPY,GBPUSD",EURCAD,EURJPY,EURJPY-09-N1R132E12,ENTRY
2023-09-15 01:30:00+00:00,2023-09-15 02:00:00+00:00,"EURJPY,GBPJPY",EURJPY,GBPJPY,GBPJPY-09-N1R071E02,ENTRY
2023-09-15 05:30:00+00:00,2023-09-15 06:00:00+00:00,"EURJPY,AUDUSD",EURJPY,AUDUSD,AUDUSD-09-N1R065E11,ENTRY
2023-09-15 09:30:00+00:00,2023-09-15 10:00:00+00:00,,AUDUSD,,,NO_TRIGGER
2023-09-15 11:30:00+00:00,2023-09-15 12:00:00+00:00,GBPJPY,AUDUSD,GBPJPY,GBPJPY-09-N1R071E02,ENTRY
2023-09-15 13:30:00+00:00,2023-09-15 14:00:00+00:00,"GBPJPY,GBPUSD","AUDUSD,GBPJPY",GBPUSD,GBPUSD-09-N1R087E08,ENTRY
2023-09-15 15:30:00+00:00,2023-09-15 16:00:00+00:00,"GBPJPY,GBPUSD",,GBPJPY,GBPJPY-09-N1R071E02,ENTRY
2023-09-18 01:30:00+00:00,2023-09-18 02:00:00+00:00,AUDUSD,,AUDUSD,AUDUSD-09-N1R065E11,ENTRY
2023-09-18 05:30:00+00:00,2023-09-18 06:00:00+00:00,"EURCAD,GBPJPY,GBPUSD",AUDUSD,EURCAD,EURCAD-09-N1R096E06,ENTRY
2023-09-18 09:30:00+00:00,2023-09-18 10:00:00+00:00,"EURGBP,GBPJPY,GBPUSD",AUDUSD,EURGBP,EURGBP-09-R23E8,ENTRY
2023-09-18 11:30:00+00:00,2023-09-18 12:00:00+00:00,GBPUSD,"AUDUSD,EURGBP",GBPUSD,GBPUSD-09-N1R087E08,ENTRY
2023-09-18 13:30:00+00:00,2023-09-18 14:00:00+00:00,GBPJPY,"AUDUSD,EURGBP,GBPUSD",GBPJPY,GBPJPY-09-N1R071E02,ENTRY
2023-09-18 15:30:00+00:00,2023-09-18 16:00:00+00:00,"EURGBP,GBPJPY,GBPUSD","AUDUSD,EURGBP,GBPJPY,GBPUSD",,,TOP_FOUR_HELD
2023-09-19 01:30:00+00:00,2023-09-19 02:00:00+00:00,GBPJPY,EURGBP,GBPJPY,GBPJPY-09-N1R071E02,ENTRY
2023-09-19 05:30:00+00:00,2023-09-19 06:00:00+00:00,"EURAUD,GBPUSD",EURGBP,EURAUD,EURAUD-09-R07E6,ENTRY
2023-09-19 09:30:00+00:00,2023-09-19 10:00:00+00:00,"EURGBP,GBPJPY",EURGBP,GBPJPY,GBPJPY-09-N1R071E02,ENTRY
2023-09-19 11:30:00+00:00,2023-09-19 12:00:00+00:00,,GBPJPY,,,NO_TRIGGER
2023-09-19 13:30:00+00:00,2023-09-19 14:00:00+00:00,EURCAD,,EURCAD,EURCAD-09-N1R096E06,ENTRY
2023-09-19 15:30:00+00:00,2023-09-19 16:00:00+00:00,"EURCAD,GBPJPY",,EURCAD,EURCAD-09-N1R096E06,ENTRY
2023-09-20 01:30:00+00:00,2023-09-20 02:00:00+00:00,"EURGBP,AUDUSD,GBPUSD",,EURGBP,EURGBP-09-R23E8,ENTRY
2023-09-20 05:30:00+00:00,2023-09-20 06:00:00+00:00,GBPUSD,EURGBP,GBPUSD,GBPUSD-09-N1R087E08,ENTRY
2023-09-20 09:30:00+00:00,2023-09-20 10:00:00+00:00,"EURGBP,AUDUSD,GBPUSD",EURGBP,AUDUSD,AUDUSD-09-N1R065E11,ENTRY
2023-09-20 11:30:00+00:00,2023-09-20 12:00:00+00:00,"AUDUSD,GBPUSD","AUDUSD,EURGBP",GBPUSD,GBPUSD-09-N1R087E08,ENTRY
2023-09-20 13:30:00+00:00,2023-09-20 14:00:00+00:00,,"AUDUSD,EURGBP,GBPUSD",,,NO_TRIGGER
2023-09-20 15:30:00+00:00,2023-09-20 16:00:00+00:00,,"AUDUSD,EURGBP",,,NO_TRIGGER
2023-09-21 01:30:00+00:00,2023-09-21 02:00:00+00:00,"GBPJPY,GBPUSD",EURGBP,GBPJPY,GBPJPY-09-N1R071E02,ENTRY
2023-09-21 05:30:00+00:00,2023-09-21 06:00:00+00:00,GBPUSD,,GBPUSD,GBPUSD-09-N1R087E08,ENTRY
2023-09-21 09:30:00+00:00,2023-09-21 10:00:00+00:00,"EURGBP,GBPJPY,GBPUSD",GBPUSD,EURGBP,EURGBP-09-R23E8,ENTRY
2023-09-21 11:30:00+00:00,2023-09-21 12:00:00+00:00,"AUDJPY,EURJPY,GBPJPY,GBPUSD","EURGBP,GBPUSD",AUDJPY,AUDJPY-09-N1R075E04,ENTRY
2023-09-21 13:30:00+00:00,2023-09-21 14:00:00+00:00,"AUDJPY,EURJPY,NZDUSD,GBPJPY","AUDJPY,EURGBP",EURJPY,EURJPY-09-N1R132E12,ENTRY
2023-09-21 15:30:00+00:00,2023-09-21 16:00:00+00:00,"USDCAD,AUDJPY,EURJPY,GBPJPY","AUDJPY,EURGBP,EURJPY",USDCAD,USDCAD-09-R55E7,ENTRY
2023-09-22 01:30:00+00:00,2023-09-22 02:00:00+00:00,"AUDJPY,EURGBP,GBPUSD","AUDJPY,EURGBP,EURJPY,USDCAD",GBPUSD,GBPUSD-09-N1R087E08,ENTRY
2023-09-22 05:30:00+00:00,2023-09-22 06:00:00+00:00,"EURGBP,GBPUSD","EURGBP,GBPUSD,USDCAD",,,TOP_FOUR_HELD
2023-09-22 09:30:00+00:00,2023-09-22 10:00:00+00:00,"EURUSD,EURAUD,EURGBP,GBPJPY","EURGBP,GBPUSD,USDCAD",EURUSD,EURUSD-09-R51E4,ENTRY
2023-09-22 11:30:00+00:00,2023-09-22 12:00:00+00:00,"EURCAD,GBPJPY,GBPUSD","EURUSD,GBPUSD",EURCAD,EURCAD-09-N1R096E06,ENTRY
2023-09-22 13:30:00+00:00,2023-09-22 14:00:00+00:00,GBPUSD,"EURUSD,GBPUSD",,,TOP_FOUR_HELD
2023-09-22 15:30:00+00:00,2023-09-22 16:00:00+00:00,"EURUSD,EURGBP",,EURUSD,EURUSD-09-R51E4,ENTRY
2023-09-25 01:30:00+00:00,2023-09-25 02:00:00+00:00,"EURUSD,AUDUSD",,EURUSD,EURUSD-09-R51E4,ENTRY
2023-09-25 05:30:00+00:00,2023-09-25 06:00:00+00:00,"EURUSD,GBPJPY,GBPUSD,AUDCAD",EURUSD,GBPJPY,GBPJPY-09-N1R071E02,ENTRY
2023-09-25 09:30:00+00:00,2023-09-25 10:00:00+00:00,"GBPJPY,GBPUSD",EURUSD,GBPJPY,GBPJPY-09-N1R071E02,ENTRY
2023-09-25 11:30:00+00:00,2023-09-25 12:00:00+00:00,"EURGBP,GBPUSD",EURUSD,EURGBP,EURGBP-09-R23E8,ENTRY
2023-09-25 13:30:00+00:00,2023-09-25 14:00:00+00:00,"GBPJPY,GBPUSD","EURGBP,EURUSD",GBPJPY,GBPJPY-09-N1R071E02,ENTRY
2023-09-25 15:30:00+00:00,2023-09-25 16:00:00+00:00,"EURCAD,GBPUSD","EURGBP,GBPJPY",EURCAD,EURCAD-09-N1R096E06,ENTRY
2023-09-26 01:30:00+00:00,2023-09-26 02:00:00+00:00,"EURCAD,EURJPY,GBPUSD",EURGBP,EURCAD,EURCAD-09-N1R096E06,ENTRY
2023-09-26 05:30:00+00:00,2023-09-26 06:00:00+00:00,"GBPJPY,GBPUSD",EURGBP,GBPJPY,GBPJPY-09-N1R071E02,ENTRY
2023-09-26 09:30:00+00:00,2023-09-26 10:00:00+00:00,"EURGBP,GBPJPY,GBPUSD",EURGBP,GBPJPY,GBPJPY-09-N1R071E02,ENTRY
2023-09-26 11:30:00+00:00,2023-09-26 12:00:00+00:00,GBPUSD,"EURGBP,GBPJPY",GBPUSD,GBPUSD-09-N1R087E08,ENTRY
2023-09-26 13:30:00+00:00,2023-09-26 14:00:00+00:00,"EURUSD,GBPJPY","GBPJPY,GBPUSD",EURUSD,EURUSD-09-R51E4,ENTRY
2023-09-26 15:30:00+00:00,2023-09-26 16:00:00+00:00,"USDCAD,GBPJPY,GBPUSD","EURUSD,GBPUSD",USDCAD,USDCAD-09-R55E7,ENTRY
2023-09-27 01:30:00+00:00,2023-09-27 02:00:00+00:00,"GBPJPY,GBPUSD",USDCAD,GBPJPY,GBPJPY-09-N1R071E02,ENTRY
2023-09-27 05:30:00+00:00,2023-09-27 06:00:00+00:00,"AUDJPY,NZDUSD,GBPUSD","GBPJPY,USDCAD",AUDJPY,AUDJPY-09-N1R075E04,ENTRY
2023-09-27 09:30:00+00:00,2023-09-27 10:00:00+00:00,"EURJPY,GBPJPY","AUDJPY,USDCAD",EURJPY,EURJPY-09-N1R132E12,ENTRY
2023-09-27 11:30:00+00:00,2023-09-27 12:00:00+00:00,"AUDJPY,NZDUSD","AUDJPY,EURJPY,USDCAD",NZDUSD,NZDUSD-09-N1R132E12,ENTRY
2023-09-27 13:30:00+00:00,2023-09-27 14:00:00+00:00,"EURAUD,USDCAD,EURCAD,NZDUSD","AUDJPY,EURJPY,NZDUSD,USDCAD",EURAUD,EURAUD-09-R07E6,ENTRY
2023-09-27 15:30:00+00:00,2023-09-27 16:00:00+00:00,"USDCAD,EURCAD,GBPUSD","EURAUD,EURJPY,NZDUSD,USDCAD",EURCAD,EURCAD-09-N1R096E06,ENTRY
2023-09-28 01:30:00+00:00,2023-09-28 02:00:00+00:00,,NZDUSD,,,NO_TRIGGER
2023-09-28 05:30:00+00:00,2023-09-28 06:00:00+00:00,"EURCAD,GBPJPY",NZDUSD,EURCAD,EURCAD-09-N1R096E06,ENTRY
2023-09-28 09:30:00+00:00,2023-09-28 10:00:00+00:00,,NZDUSD,,,NO_TRIGGER
2023-09-28 11:30:00+00:00,2023-09-28 12:00:00+00:00,EURUSD,NZDUSD,EURUSD,EURUSD-09-R51E4,ENTRY
2023-09-28 13:30:00+00:00,2023-09-28 14:00:00+00:00,,EURUSD,,,NO_TRIGGER
2023-09-28 15:30:00+00:00,2023-09-28 16:00:00+00:00,,,,,NO_TRIGGER
2023-09-29 01:30:00+00:00,2023-09-29 02:00:00+00:00,,,,,NO_TRIGGER
2023-09-29 05:30:00+00:00,2023-09-29 06:00:00+00:00,,,,,NO_TRIGGER
2023-09-29 09:30:00+00:00,2023-09-29 10:00:00+00:00,USDCHF,,USDCHF,USDCHF-09-N1R102E09,ENTRY
2023-09-29 11:30:00+00:00,2023-09-29 12:00:00+00:00,USDCHF,USDCHF,,,TOP_FOUR_HELD
2023-09-29 13:30:00+00:00,2023-09-29 14:00:00+00:00,,,,,NO_TRIGGER
2023-09-29 15:30:00+00:00,2023-09-29 16:00:00+00:00,CHFJPY,,CHFJPY,CHFJPY-09-R60E8,ENTRY
2023-10-02 01:30:00+00:00,2023-10-02 02:00:00+00:00,"CHFJPY,AUDCAD",,CHFJPY,CHFJPY-10-R53E8,ENTRY
2023-10-02 05:30:00+00:00,2023-10-02 06:00:00+00:00,"CHFJPY,USDJPY,USDCAD,AUDNZD",CHFJPY,USDJPY,USDJPY-10-R54E8,ENTRY
2023-10-02 09:30:00+00:00,2023-10-02 10:00:00+00:00,"EURCHF,USDCAD","CHFJPY,USDJPY",EURCHF,EURCHF-10-N1R139E10,ENTRY
2023-10-02 11:30:00+00:00,2023-10-02 12:00:00+00:00,"AUDJPY,USDCAD,GBPUSD","CHFJPY,EURCHF,USDJPY",AUDJPY,AUDJPY-10-R22E5,ENTRY
2023-10-02 13:30:00+00:00,2023-10-02 14:00:00+00:00,"EURUSD,USDCAD,GBPUSD","AUDJPY,CHFJPY,USDJPY",EURUSD,EURUSD-10-R32E3,ENTRY
2023-10-02 15:30:00+00:00,2023-10-02 16:00:00+00:00,"CHFJPY,EURUSD,USDCAD,GBPUSD","AUDJPY,CHFJPY,EURUSD,USDJPY",USDCAD,USDCAD-10-N1R008E12,ENTRY
2023-10-03 01:30:00+00:00,2023-10-03 02:00:00+00:00,"EURUSD,EURAUD,NZDUSD,USDCHF","CHFJPY,USDCAD,USDJPY",EURUSD,EURUSD-10-R32E3,ENTRY
2023-10-03 05:30:00+00:00,2023-10-03 06:00:00+00:00,"AUDUSD,EURUSD,EURJPY,AUDCHF","EURUSD,USDCAD,USDJPY",AUDUSD,AUDUSD-10-N1R085E10,ENTRY
2023-10-03 09:30:00+00:00,2023-10-03 10:00:00+00:00,"EURUSD,NZDUSD,USDJPY,EURJPY",USDCAD,EURUSD,EURUSD-10-R32E3,ENTRY
2023-10-03 11:30:00+00:00,2023-10-03 12:00:00+00:00,"AUDUSD,EURUSD,NZDUSD,USDCAD","EURUSD,USDCAD",AUDUSD,AUDUSD-10-N1R085E10,ENTRY
2023-10-03 13:30:00+00:00,2023-10-03 14:00:00+00:00,"EURUSD,NZDUSD,EURCHF,AUDNZD",AUDUSD,EURUSD,EURUSD-10-R32E3,ENTRY
2023-10-03 15:30:00+00:00,2023-10-03 16:00:00+00:00,"EURUSD,EURCHF,AUDNZD",AUDUSD,EURUSD,EURUSD-10-R32E3,ENTRY
2023-10-04 01:30:00+00:00,2023-10-04 02:00:00+00:00,"EURAUD,NZDUSD,USDCHF,EURJPY",,EURAUD,EURAUD-10-R05E8,ENTRY
2023-10-04 05:30:00+00:00,2023-10-04 06:00:00+00:00,"EURAUD,NZDUSD",EURAUD,NZDUSD,NZDUSD-10-R37E7,ENTRY
2023-10-04 09:30:00+00:00,2023-10-04 10:00:00+00:00,"EURAUD,NZDUSD,EURCHF","EURAUD,NZDUSD",EURCHF,EURCHF-10-N1R139E10,ENTRY
2023-10-04 11:30:00+00:00,2023-10-04 12:00:00+00:00,,"EURAUD,EURCHF,NZDUSD",,,NO_TRIGGER
2023-10-04 13:30:00+00:00,2023-10-04 14:00:00+00:00,"NZDCAD,NZDUSD,USDCAD","EURAUD,EURCHF,NZDUSD",NZDCAD,NZDCAD-10-R13E4,ENTRY
2023-10-04 15:30:00+00:00,2023-10-04 16:00:00+00:00,NZDUSD,"EURAUD,NZDCAD,NZDUSD",,,TOP_FOUR_HELD
2023-10-05 01:30:00+00:00,2023-10-05 02:00:00+00:00,"EURAUD,AUDCAD",EURAUD,AUDCAD,AUDCAD-10-N1R058E03,ENTRY
2023-10-05 05:30:00+00:00,2023-10-05 06:00:00+00:00,"EURJPY,AUDCAD",AUDCAD,EURJPY,EURJPY-10-N1R107E01,ENTRY
2023-10-05 09:30:00+00:00,2023-10-05 10:00:00+00:00,"EURJPY,AUDCHF,AUDCAD,USDCAD",AUDCAD,EURJPY,EURJPY-10-N1R107E01,ENTRY
2023-10-05 11:30:00+00:00,2023-10-05 12:00:00+00:00,"AUDCAD,AUDNZD","AUDCAD,EURJPY",AUDNZD,AUDNZD-10-N1R079E09,ENTRY
2023-10-05 13:30:00+00:00,2023-10-05 14:00:00+00:00,"EURCHF,AUDCHF",AUDNZD,EURCHF,EURCHF-10-N1R139E10,ENTRY
2023-10-05 15:30:00+00:00,2023-10-05 16:00:00+00:00,EURCHF,"AUDNZD,EURCHF",,,TOP_FOUR_HELD
2023-10-06 01:30:00+00:00,2023-10-06 02:00:00+00:00,,,,,NO_TRIGGER
2023-10-06 05:30:00+00:00,2023-10-06 06:00:00+00:00,USDCAD,,USDCAD,USDCAD-10-N1R008E12,ENTRY
2023-10-06 09:30:00+00:00,2023-10-06 10:00:00+00:00,AUDNZD,USDCAD,AUDNZD,AUDNZD-10-N1R079E09,ENTRY
2023-10-06 11:30:00+00:00,2023-10-06 12:00:00+00:00,AUDNZD,"AUDNZD,USDCAD",,,TOP_FOUR_HELD
2023-10-06 13:30:00+00:00,2023-10-06 14:00:00+00:00,"GBPJPY,AUDCHF,AUDNZD","AUDNZD,USDCAD",GBPJPY,GBPJPY-10-R53E3,ENTRY
2023-10-06 15:30:00+00:00,2023-10-06 16:00:00+00:00,,AUDNZD,,,NO_TRIGGER
2023-10-09 01:30:00+00:00,2023-10-09 02:00:00+00:00,"EURAUD,USDJPY",,EURAUD,EURAUD-10-R05E8,ENTRY
2023-10-09 05:30:00+00:00,2023-10-09 06:00:00+00:00,AUDNZD,EURAUD,AUDNZD,AUDNZD-10-N1R079E09,ENTRY
2023-10-09 09:30:00+00:00,2023-10-09 10:00:00+00:00,"EURAUD,EURCAD,USDJPY","AUDNZD,EURAUD",EURCAD,EURCAD-10-R29E8,ENTRY
2023-10-09 11:30:00+00:00,2023-10-09 12:00:00+00:00,"EURCAD,USDJPY","AUDNZD,EURAUD,EURCAD",USDJPY,USDJPY-10-R54E8,ENTRY
2023-10-09 13:30:00+00:00,2023-10-09 14:00:00+00:00,EURCAD,"EURAUD,EURCAD,USDJPY",,,TOP_FOUR_HELD
2023-10-09 15:30:00+00:00,2023-10-09 16:00:00+00:00,"GBPJPY,AUDNZD","EURAUD,EURCAD",GBPJPY,GBPJPY-10-R53E3,ENTRY
2023-10-10 01:30:00+00:00,2023-10-10 02:00:00+00:00,CHFJPY,EURCAD,CHFJPY,CHFJPY-10-R53E8,ENTRY
2023-10-10 05:30:00+00:00,2023-10-10 06:00:00+00:00,"CHFJPY,EURCAD","CHFJPY,EURCAD",,,TOP_FOUR_HELD
2023-10-10 09:30:00+00:00,2023-10-10 10:00:00+00:00,CHFJPY,"CHFJPY,EURCAD",,,TOP_FOUR_HELD
2023-10-10 11:30:00+00:00,2023-10-10 12:00:00+00:00,CHFJPY,CHFJPY,,,TOP_FOUR_HELD
2023-10-10 13:30:00+00:00,2023-10-10 14:00:00+00:00,AUDNZD,CHFJPY,AUDNZD,AUDNZD-10-N1R079E09,ENTRY
2023-10-10 15:30:00+00:00,2023-10-10 16:00:00+00:00,EURCHF,"AUDNZD,CHFJPY",EURCHF,EURCHF-10-N1R139E10,ENTRY
2023-10-11 01:30:00+00:00,2023-10-11 02:00:00+00:00,CHFJPY,"CHFJPY,EURCHF",,,TOP_FOUR_HELD
2023-10-11 05:30:00+00:00,2023-10-11 06:00:00+00:00,CHFJPY,,CHFJPY,CHFJPY-10-R53E8,ENTRY
2023-10-11 09:30:00+00:00,2023-10-11 10:00:00+00:00,EURCHF,CHFJPY,EURCHF,EURCHF-10-N1R139E10,ENTRY
2023-10-11 11:30:00+00:00,2023-10-11 12:00:00+00:00,,"CHFJPY,EURCHF",,,NO_TRIGGER
2023-10-11 13:30:00+00:00,2023-10-11 14:00:00+00:00,,"CHFJPY,EURCHF",,,NO_TRIGGER
2023-10-11 15:30:00+00:00,2023-10-11 16:00:00+00:00,AUDCHF,CHFJPY,AUDCHF,AUDCHF-10-N1R082E03,ENTRY
2023-10-12 01:30:00+00:00,2023-10-12 02:00:00+00:00,,AUDCHF,,,NO_TRIGGER
2023-10-12 05:30:00+00:00,2023-10-12 06:00:00+00:00,USDJPY,AUDCHF,USDJPY,USDJPY-10-R54E8,ENTRY
2023-10-12 09:30:00+00:00,2023-10-12 10:00:00+00:00,,"AUDCHF,USDJPY",,,NO_TRIGGER
2023-10-12 11:30:00+00:00,2023-10-12 12:00:00+00:00,"NZDUSD,USDJPY,AUDCHF",USDJPY,NZDUSD,NZDUSD-10-R37E7,ENTRY
2023-10-12 13:30:00+00:00,2023-10-12 14:00:00+00:00,GBPJPY,"NZDUSD,USDJPY",GBPJPY,GBPJPY-10-R53E3,ENTRY
2023-10-12 15:30:00+00:00,2023-10-12 16:00:00+00:00,"AUDUSD,NZDUSD","GBPJPY,USDJPY",AUDUSD,AUDUSD-10-N1R085E10,ENTRY
2023-10-13 01:30:00+00:00,2023-10-13 02:00:00+00:00,"EURUSD,NZDUSD,USDJPY",USDJPY,EURUSD,EURUSD-10-R32E3,ENTRY
2023-10-13 05:30:00+00:00,2023-10-13 06:00:00+00:00,"EURNZD,EURUSD,NZDUSD,AUDCHF","EURUSD,USDJPY",EURNZD,EURNZD-10-R61E5,ENTRY
2023-10-13 09:30:00+00:00,2023-10-13 10:00:00+00:00,"EURUSD,NZDUSD","EURNZD,EURUSD",NZDUSD,NZDUSD-10-R37E7,ENTRY
2023-10-13 11:30:00+00:00,2023-10-13 12:00:00+00:00,"EURAUD,NZDUSD,EURCHF,USDCAD","EURNZD,EURUSD,NZDUSD",EURAUD,EURAUD-10-R05E8,ENTRY
2023-10-13 13:30:00+00:00,2023-10-13 14:00:00+00:00,"EURAUD,EURJPY","EURAUD,EURNZD,EURUSD,NZDUSD",EURJPY,EURJPY-10-N1R107E01,ENTRY
2023-10-13 15:30:00+00:00,2023-10-13 16:00:00+00:00,EURJPY,"EURAUD,EURNZD,NZDUSD",EURJPY,EURJPY-10-N1R107E01,ENTRY
2023-10-16 01:30:00+00:00,2023-10-16 02:00:00+00:00,"CHFJPY,EURUSD,NZDUSD,EURJPY",,CHFJPY,CHFJPY-10-R53E8,ENTRY
2023-10-16 05:30:00+00:00,2023-10-16 06:00:00+00:00,"CHFJPY,NZDCAD,EURUSD,EURAUD",CHFJPY,NZDCAD,NZDCAD-10-R13E4,ENTRY
2023-10-16 09:30:00+00:00,2023-10-16 10:00:00+00:00,"CHFJPY,EURUSD,NZDUSD","CHFJPY,NZDCAD",EURUSD,EURUSD-10-R32E3,ENTRY
2023-10-16 11:30:00+00:00,2023-10-16 12:00:00+00:00,"CHFJPY,NZDUSD,EURCHF,USDJPY","CHFJPY,EURUSD,NZDCAD",NZDUSD,NZDUSD-10-R37E7,ENTRY
2023-10-16 13:30:00+00:00,2023-10-16 14:00:00+00:00,"EURAUD,EURCHF,EURCAD","CHFJPY,NZDCAD,NZDUSD",EURAUD,EURAUD-10-R05E8,ENTRY
2023-10-16 15:30:00+00:00,2023-10-16 16:00:00+00:00,"NZDUSD,USDJPY","CHFJPY,EURAUD,NZDCAD,NZDUSD",USDJPY,USDJPY-10-R54E8,ENTRY
2023-10-17 01:30:00+00:00,2023-10-17 02:00:00+00:00,NZDUSD,"CHFJPY,EURAUD,NZDUSD,USDJPY",,,TOP_FOUR_HELD
2023-10-17 05:30:00+00:00,2023-10-17 06:00:00+00:00,"CHFJPY,NZDUSD,USDJPY","NZDUSD,USDJPY",CHFJPY,CHFJPY-10-R53E8,ENTRY
2023-10-17 09:30:00+00:00,2023-10-17 10:00:00+00:00,"CHFJPY,GBPUSD","CHFJPY,USDJPY",GBPUSD,GBPUSD-10-N1R082E12,ENTRY
2023-10-17 11:30:00+00:00,2023-10-17 12:00:00+00:00,AUDCAD,"CHFJPY,GBPUSD",AUDCAD,AUDCAD-10-N1R058E03,ENTRY
2023-10-17 13:30:00+00:00,2023-10-17 14:00:00+00:00,"NZDCAD,AUDCAD","AUDCAD,CHFJPY,GBPUSD",NZDCAD,NZDCAD-10-R13E4,ENTRY
2023-10-17 15:30:00+00:00,2023-10-17 16:00:00+00:00,"NZDCAD,EURCHF,AUDCAD","AUDCAD,CHFJPY,GBPUSD,NZDCAD",EURCHF,EURCHF-10-N1R139E10,ENTRY
2023-10-18 01:30:00+00:00,2023-10-18 02:00:00+00:00,USDJPY,"AUDCAD,CHFJPY,EURCHF,NZDCAD",USDJPY,USDJPY-10-R54E8,ENTRY
2023-10-18 05:30:00+00:00,2023-10-18 06:00:00+00:00,"NZDCAD,NZDUSD,USDJPY,AUDCAD","CHFJPY,NZDCAD,USDJPY",NZDUSD,NZDUSD-10-R37E7,ENTRY
2023-10-18 09:30:00+00:00,2023-10-18 10:00:00+00:00,"CHFJPY,AUDCAD","NZDUSD,USDJPY",CHFJPY,CHFJPY-10-R53E8,ENTRY
2023-10-18 11:30:00+00:00,2023-10-18 12:00:00+00:00,"EURCHF,USDJPY","CHFJPY,NZDUSD,USDJPY",EURCHF,EURCHF-10-N1R139E10,ENTRY
2023-10-18 13:30:00+00:00,2023-10-18 14:00:00+00:00,"USDJPY,USDCAD","CHFJPY,EURCHF,USDJPY",USDCAD,USDCAD-10-N1R008E12,ENTRY
2023-10-18 15:30:00+00:00,2023-10-18 16:00:00+00:00,,"CHFJPY,USDCAD,USDJPY",,,NO_TRIGGER
2023-10-19 01:30:00+00:00,2023-10-19 02:00:00+00:00,"EURNZD,EURUSD","CHFJPY,USDCAD,USDJPY",EURNZD,EURNZD-10-R61E5,ENTRY
2023-10-19 05:30:00+00:00,2023-10-19 06:00:00+00:00,"CHFJPY,EURUSD,NZDUSD,EURCHF","CHFJPY,EURNZD",EURUSD,EURUSD-10-R32E3,ENTRY
2023-10-19 09:30:00+00:00,2023-10-19 10:00:00+00:00,"EURUSD,NZDUSD,EURJPY,USDCAD","CHFJPY,EURNZD",EURUSD,EURUSD-10-R32E3,ENTRY
2023-10-19 11:30:00+00:00,2023-10-19 12:00:00+00:00,"NZDUSD,USDJPY","EURNZD,EURUSD",NZDUSD,NZDUSD-10-R37E7,ENTRY
2023-10-19 13:30:00+00:00,2023-10-19 14:00:00+00:00,"NZDCAD,NZDUSD,USDJPY","EURNZD,NZDUSD",NZDCAD,NZDCAD-10-R13E4,ENTRY
2023-10-19 15:30:00+00:00,2023-10-19 16:00:00+00:00,NZDCAD,"EURNZD,NZDCAD,NZDUSD",,,TOP_FOUR_HELD
2023-10-20 01:30:00+00:00,2023-10-20 02:00:00+00:00,,,,,NO_TRIGGER
2023-10-20 05:30:00+00:00,2023-10-20 06:00:00+00:00,"NZDUSD,USDJPY",,NZDUSD,NZDUSD-10-R37E7,ENTRY
2023-10-20 09:30:00+00:00,2023-10-20 10:00:00+00:00,,NZDUSD,,,NO_TRIGGER
2023-10-20 11:30:00+00:00,2023-10-20 12:00:00+00:00,,NZDUSD,,,NO_TRIGGER
2023-10-20 13:30:00+00:00,2023-10-20 14:00:00+00:00,,NZDUSD,,,NO_TRIGGER
2023-10-20 15:30:00+00:00,2023-10-20 16:00:00+00:00,"USDJPY,EURGBP",NZDUSD,USDJPY,USDJPY-10-R54E8,ENTRY
2023-10-23 01:30:00+00:00,2023-10-23 02:00:00+00:00,"CHFJPY,NZDUSD",,CHFJPY,CHFJPY-10-R53E8,ENTRY
2023-10-23 05:30:00+00:00,2023-10-23 06:00:00+00:00,"CHFJPY,EURCHF,USDCAD",CHFJPY,EURCHF,EURCHF-10-N1R139E10,ENTRY
2023-10-23 09:30:00+00:00,2023-10-23 10:00:00+00:00,"EURNZD,AUDCHF,USDCAD",CHFJPY,EURNZD,EURNZD-10-R61E5,ENTRY
2023-10-23 11:30:00+00:00,2023-10-23 12:00:00+00:00,"NZDUSD,EURCHF,USDCAD","CHFJPY,EURNZD",NZDUSD,NZDUSD-10-R37E7,ENTRY
2023-10-23 13:30:00+00:00,2023-10-23 14:00:00+00:00,USDJPY,"CHFJPY,NZDUSD",USDJPY,USDJPY-10-R54E8,ENTRY
2023-10-23 15:30:00+00:00,2023-10-23 16:00:00+00:00,NZDCAD,"CHFJPY,NZDUSD,USDJPY",NZDCAD,NZDCAD-10-R13E4,ENTRY
2023-10-24 01:30:00+00:00,2023-10-24 02:00:00+00:00,,"CHFJPY,NZDCAD",,,NO_TRIGGER
2023-10-24 05:30:00+00:00,2023-10-24 06:00:00+00:00,"EURAUD,AUDCAD",,EURAUD,EURAUD-10-R05E8,ENTRY
2023-10-24 09:30:00+00:00,2023-10-24 10:00:00+00:00,AUDCAD,EURAUD,AUDCAD,AUDCAD-10-N1R058E03,ENTRY
2023-10-24 11:30:00+00:00,2023-10-24 12:00:00+00:00,"GBPJPY,AUDCAD","AUDCAD,EURAUD",GBPJPY,GBPJPY-10-R53E3,ENTRY
2023-10-24 13:30:00+00:00,2023-10-24 14:00:00+00:00,AUDCAD,"AUDCAD,GBPJPY",,,TOP_FOUR_HELD
2023-10-24 15:30:00+00:00,2023-10-24 16:00:00+00:00,AUDCAD,,AUDCAD,AUDCAD-10-N1R058E03,ENTRY
2023-10-25 01:30:00+00:00,2023-10-25 02:00:00+00:00,AUDCAD,,AUDCAD,AUDCAD-10-N1R058E03,ENTRY
2023-10-25 05:30:00+00:00,2023-10-25 06:00:00+00:00,"AUDCAD,USDCAD",,AUDCAD,AUDCAD-10-N1R058E03,ENTRY
2023-10-25 09:30:00+00:00,2023-10-25 10:00:00+00:00,"EURUSD,USDCAD,GBPUSD",,EURUSD,EURUSD-10-R32E3,ENTRY
2023-10-25 11:30:00+00:00,2023-10-25 12:00:00+00:00,"AUDJPY,EURUSD,NZDUSD,EURCHF",EURUSD,AUDJPY,AUDJPY-10-R22E5,ENTRY
2023-10-25 13:30:00+00:00,2023-10-25 14:00:00+00:00,"AUDJPY,EURUSD,NZDUSD,EURCHF","AUDJPY,EURUSD",NZDUSD,NZDUSD-10-R37E7,ENTRY
2023-10-25 15:30:00+00:00,2023-10-25 16:00:00+00:00,"AUDJPY,EURUSD,USDJPY,EURJPY","AUDJPY,NZDUSD",EURUSD,EURUSD-10-R32E3,ENTRY
2023-10-26 01:30:00+00:00,2023-10-26 02:00:00+00:00,"EURUSD,GBPUSD",,EURUSD,EURUSD-10-R32E3,ENTRY
2023-10-26 05:30:00+00:00,2023-10-26 06:00:00+00:00,"EURUSD,NZDUSD,USDCAD,GBPUSD",EURUSD,NZDUSD,NZDUSD-10-R37E7,ENTRY
2023-10-26 09:30:00+00:00,2023-10-26 10:00:00+00:00,"NZDCAD,EURUSD,EURAUD",NZDUSD,NZDCAD,NZDCAD-10-R13E4,ENTRY
2023-10-26 11:30:00+00:00,2023-10-26 12:00:00+00:00,"NZDCAD,EURUSD,EURAUD,EURJPY","NZDCAD,NZDUSD",EURUSD,EURUSD-10-R32E3,ENTRY
2023-10-26 13:30:00+00:00,2023-10-26 14:00:00+00:00,"NZDUSD,EURJPY,USDCAD",NZDUSD,EURJPY,EURJPY-10-N1R107E01,ENTRY
2023-10-26 15:30:00+00:00,2023-10-26 16:00:00+00:00,"NZDUSD,USDJPY,EURJPY,USDCAD",,NZDUSD,NZDUSD-10-R37E7,ENTRY
2023-10-27 01:30:00+00:00,2023-10-27 02:00:00+00:00,"NZDUSD,AUDCAD",NZDUSD,AUDCAD,AUDCAD-10-N1R058E03,ENTRY
2023-10-27 05:30:00+00:00,2023-10-27 06:00:00+00:00,"USDCHF,AUDCAD","AUDCAD,NZDUSD",USDCHF,USDCHF-10-R56E7,ENTRY
2023-10-27 09:30:00+00:00,2023-10-27 10:00:00+00:00,"EURJPY,AUDCAD","AUDCAD,NZDUSD,USDCHF",EURJPY,EURJPY-10-N1R107E01,ENTRY
2023-10-27 11:30:00+00:00,2023-10-27 12:00:00+00:00,"EURJPY,AUDCAD","AUDCAD,EURJPY,NZDUSD,USDCHF",,,TOP_FOUR_HELD
2023-10-27 13:30:00+00:00,2023-10-27 14:00:00+00:00,"EURJPY,AUDCAD,USDCAD",NZDUSD,EURJPY,EURJPY-10-N1R107E01,ENTRY
2023-10-27 15:30:00+00:00,2023-10-27 16:00:00+00:00,"EURJPY,AUDCAD",,EURJPY,EURJPY-10-N1R107E01,ENTRY
2023-10-30 01:30:00+00:00,2023-10-30 02:00:00+00:00,"EURJPY,AUDCAD",,EURJPY,EURJPY-10-N1R107E01,ENTRY
2023-10-30 05:30:00+00:00,2023-10-30 06:00:00+00:00,"EURJPY,AUDCAD,USDCAD",,EURJPY,EURJPY-10-N1R107E01,ENTRY
2023-10-30 09:30:00+00:00,2023-10-30 10:00:00+00:00,"EURJPY,AUDCAD,GBPUSD",,EURJPY,EURJPY-10-N1R107E01,ENTRY
2023-10-30 11:30:00+00:00,2023-10-30 12:00:00+00:00,"EURJPY,AUDCAD",EURJPY,AUDCAD,AUDCAD-10-N1R058E03,ENTRY
2023-10-30 13:30:00+00:00,2023-10-30 14:00:00+00:00,AUDCAD,AUDCAD,,,TOP_FOUR_HELD
2023-10-30 15:30:00+00:00,2023-10-30 16:00:00+00:00,,AUDCAD,,,NO_TRIGGER
2023-10-31 01:30:00+00:00,2023-10-31 02:00:00+00:00,"USDCHF,EURJPY",,USDCHF,USDCHF-10-R56E7,ENTRY
2023-10-31 05:30:00+00:00,2023-10-31 06:00:00+00:00,"USDCHF,USDCAD",USDCHF,USDCAD,USDCAD-10-N1R008E12,ENTRY
2023-10-31 09:30:00+00:00,2023-10-31 10:00:00+00:00,,"USDCAD,USDCHF",,,NO_TRIGGER
2023-10-31 11:30:00+00:00,2023-10-31 12:00:00+00:00,,"USDCAD,USDCHF",,,NO_TRIGGER
2023-10-31 13:30:00+00:00,2023-10-31 14:00:00+00:00,,"USDCAD,USDCHF",,,NO_TRIGGER
2023-10-31 15:30:00+00:00,2023-10-31 16:00:00+00:00,,USDCAD,,,NO_TRIGGER
2023-11-01 01:30:00+00:00,2023-11-01 02:00:00+00:00,,USDCAD,,,NO_TRIGGER
2023-11-01 05:30:00+00:00,2023-11-01 06:00:00+00:00,AUDJPY,USDCAD,AUDJPY,AUDJPY-11-N1R066E01,ENTRY
2023-11-01 09:30:00+00:00,2023-11-01 10:00:00+00:00,"AUDCHF,EURUSD",,AUDCHF,AUDCHF-11-R08E3,ENTRY
2023-11-01 11:30:00+00:00,2023-11-01 12:00:00+00:00,EURUSD,AUDCHF,EURUSD,EURUSD-11-N1R115E06,ENTRY
2023-11-01 13:30:00+00:00,2023-11-01 14:00:00+00:00,"AUDCHF,EURAUD,EURUSD",AUDCHF,EURAUD,EURAUD-11-N1R083E06,ENTRY
2023-11-01 15:30:00+00:00,2023-11-01 16:00:00+00:00,"AUDCHF,AUDNZD,EURCAD,EURAUD",,AUDCHF,AUDCHF-11-R08E3,ENTRY
2023-11-02 01:30:00+00:00,2023-11-02 02:00:00+00:00,EURAUD,,EURAUD,EURAUD-11-N1R083E06,ENTRY
2023-11-02 05:30:00+00:00,2023-11-02 06:00:00+00:00,EURNZD,EURAUD,EURNZD,EURNZD-11-R15E1,ENTRY
2023-11-02 09:30:00+00:00,2023-11-02 10:00:00+00:00,AUDCHF,EURNZD,AUDCHF,AUDCHF-11-R08E3,ENTRY
2023-11-02 11:30:00+00:00,2023-11-02 12:00:00+00:00,"NZDUSD,AUDJPY",AUDCHF,NZDUSD,NZDUSD-11-N1R016E03,ENTRY
2023-11-02 13:30:00+00:00,2023-11-02 14:00:00+00:00,"EURNZD,USDCAD","AUDCHF,NZDUSD",EURNZD,EURNZD-11-R15E1,ENTRY
2023-11-02 15:30:00+00:00,2023-11-02 16:00:00+00:00,"EURNZD,USDCAD","AUDCHF,EURNZD,NZDUSD",USDCAD,USDCAD-11-N1R100E01,ENTRY
2023-11-03 01:30:00+00:00,2023-11-03 02:00:00+00:00,"AUDNZD,EURNZD,USDCHF",AUDCHF,AUDNZD,AUDNZD-11-R01E7,ENTRY
2023-11-03 05:30:00+00:00,2023-11-03 06:00:00+00:00,"CHFJPY,EURCAD","AUDCHF,AUDNZD",CHFJPY,CHFJPY-11-R26E5,ENTRY
2023-11-03 09:30:00+00:00,2023-11-03 10:00:00+00:00,CHFJPY,CHFJPY,,,TOP_FOUR_HELD
2023-11-03 11:30:00+00:00,2023-11-03 12:00:00+00:00,"AUDCHF,NZDUSD",,AUDCHF,AUDCHF-11-R08E3,ENTRY
2023-11-03 13:30:00+00:00,2023-11-03 14:00:00+00:00,"AUDCHF,NZDUSD",,AUDCHF,AUDCHF-11-R08E3,ENTRY
2023-11-03 15:30:00+00:00,2023-11-03 16:00:00+00:00,USDCAD,,USDCAD,USDCAD-11-N1R100E01,ENTRY
2023-11-06 01:30:00+00:00,2023-11-06 02:00:00+00:00,,,,,NO_TRIGGER
2023-11-06 05:30:00+00:00,2023-11-06 06:00:00+00:00,,,,,NO_TRIGGER
2023-11-06 09:30:00+00:00,2023-11-06 10:00:00+00:00,EURNZD,,EURNZD,EURNZD-11-R15E1,ENTRY
2023-11-06 11:30:00+00:00,2023-11-06 12:00:00+00:00,EURNZD,,EURNZD,EURNZD-11-R15E1,ENTRY
2023-11-06 13:30:00+00:00,2023-11-06 14:00:00+00:00,EURNZD,EURNZD,,,TOP_FOUR_HELD
2023-11-06 15:30:00+00:00,2023-11-06 16:00:00+00:00,,EURNZD,,,NO_TRIGGER
2023-11-07 01:30:00+00:00,2023-11-07 02:00:00+00:00,EURNZD,,EURNZD,EURNZD-11-R15E1,ENTRY
2023-11-07 05:30:00+00:00,2023-11-07 06:00:00+00:00,,,,,NO_TRIGGER
2023-11-07 09:30:00+00:00,2023-11-07 10:00:00+00:00,,,,,NO_TRIGGER
2023-11-07 11:30:00+00:00,2023-11-07 12:00:00+00:00,,,,,NO_TRIGGER
2023-11-07 13:30:00+00:00,2023-11-07 14:00:00+00:00,NZDCAD,,NZDCAD,NZDCAD-11-R16E4,ENTRY
2023-11-07 15:30:00+00:00,2023-11-07 16:00:00+00:00,,NZDCAD,,,NO_TRIGGER
2023-11-08 01:30:00+00:00,2023-11-08 02:00:00+00:00,,,,,NO_TRIGGER
2023-11-08 05:30:00+00:00,2023-11-08 06:00:00+00:00,,,,,NO_TRIGGER
2023-11-08 09:30:00+00:00,2023-11-08 10:00:00+00:00,GBPUSD,,GBPUSD,GBPUSD-11-R16E8,ENTRY
2023-11-08 11:30:00+00:00,2023-11-08 12:00:00+00:00,EURUSD,GBPUSD,EURUSD,EURUSD-11-N1R115E06,ENTRY
2023-11-08 13:30:00+00:00,2023-11-08 14:00:00+00:00,"GBPUSD,EURUSD,AUDCAD","EURUSD,GBPUSD",AUDCAD,AUDCAD-11-N1R098E10,ENTRY
2023-11-08 15:30:00+00:00,2023-11-08 16:00:00+00:00,EURUSD,"AUDCAD,GBPUSD",EURUSD,EURUSD-11-N1R115E06,ENTRY
2023-11-09 01:30:00+00:00,2023-11-09 02:00:00+00:00,AUDCAD,GBPUSD,AUDCAD,AUDCAD-11-N1R098E10,ENTRY
2023-11-09 05:30:00+00:00,2023-11-09 06:00:00+00:00,,"AUDCAD,GBPUSD",,,NO_TRIGGER
2023-11-09 09:30:00+00:00,2023-11-09 10:00:00+00:00,,"AUDCAD,GBPUSD",,,NO_TRIGGER
2023-11-09 11:30:00+00:00,2023-11-09 12:00:00+00:00,"GBPUSD,AUDCAD",AUDCAD,GBPUSD,GBPUSD-11-R16E8,ENTRY
2023-11-09 13:30:00+00:00,2023-11-09 14:00:00+00:00,AUDCAD,GBPUSD,AUDCAD,AUDCAD-11-N1R098E10,ENTRY
2023-11-09 15:30:00+00:00,2023-11-09 16:00:00+00:00,,"AUDCAD,GBPUSD",,,NO_TRIGGER
2023-11-10 01:30:00+00:00,2023-11-10 02:00:00+00:00,EURUSD,GBPUSD,EURUSD,EURUSD-11-N1R115E06,ENTRY
2023-11-10 05:30:00+00:00,2023-11-10 06:00:00+00:00,EURUSD,"EURUSD,GBPUSD",,,TOP_FOUR_HELD
2023-11-10 09:30:00+00:00,2023-11-10 10:00:00+00:00,NZDCAD,GBPUSD,NZDCAD,NZDCAD-11-R16E4,ENTRY
2023-11-10 11:30:00+00:00,2023-11-10 12:00:00+00:00,,"GBPUSD,NZDCAD",,,NO_TRIGGER
2023-11-10 13:30:00+00:00,2023-11-10 14:00:00+00:00,,NZDCAD,,,NO_TRIGGER
2023-11-10 15:30:00+00:00,2023-11-10 16:00:00+00:00,"NZDCAD,GBPUSD",NZDCAD,GBPUSD,GBPUSD-11-R16E8,ENTRY
2023-11-13 01:30:00+00:00,2023-11-13 02:00:00+00:00,,,,,NO_TRIGGER
2023-11-13 05:30:00+00:00,2023-11-13 06:00:00+00:00,,,,,NO_TRIGGER
2023-11-13 09:30:00+00:00,2023-11-13 10:00:00+00:00,NZDCAD,,NZDCAD,NZDCAD-11-R16E4,ENTRY
2023-11-13 11:30:00+00:00,2023-11-13 12:00:00+00:00,,NZDCAD,,,NO_TRIGGER
2023-11-13 13:30:00+00:00,2023-11-13 14:00:00+00:00,"AUDNZD,GBPUSD",NZDCAD,AUDNZD,AUDNZD-11-R01E7,ENTRY
2023-11-13 15:30:00+00:00,2023-11-13 16:00:00+00:00,"NZDCAD,AUDNZD,GBPUSD","AUDNZD,NZDCAD",GBPUSD,GBPUSD-11-R16E8,ENTRY
2023-11-14 01:30:00+00:00,2023-11-14 02:00:00+00:00,AUDNZD,"AUDNZD,NZDCAD",,,TOP_FOUR_HELD
2023-11-14 05:30:00+00:00,2023-11-14 06:00:00+00:00,AUDNZD,"AUDNZD,NZDCAD",,,TOP_FOUR_HELD
2023-11-14 09:30:00+00:00,2023-11-14 10:00:00+00:00,,"AUDNZD,NZDCAD",,,NO_TRIGGER
2023-11-14 11:30:00+00:00,2023-11-14 12:00:00+00:00,"NZDCAD,AUDNZD",AUDNZD,NZDCAD,NZDCAD-11-R16E4,ENTRY
2023-11-14 13:30:00+00:00,2023-11-14 14:00:00+00:00,AUDNZD,"AUDNZD,NZDCAD",,,TOP_FOUR_HELD
2023-11-14 15:30:00+00:00,2023-11-14 16:00:00+00:00,"USDCHF,AUDJPY",,USDCHF,USDCHF-11-N1R121E11,ENTRY
2023-11-15 01:30:00+00:00,2023-11-15 02:00:00+00:00,USDCHF,,USDCHF,USDCHF-11-N1R121E11,ENTRY
2023-11-15 05:30:00+00:00,2023-11-15 06:00:00+00:00,,USDCHF,,,NO_TRIGGER
2023-11-15 09:30:00+00:00,2023-11-15 10:00:00+00:00,NZDUSD,USDCHF,NZDUSD,NZDUSD-11-N1R016E03,ENTRY
2023-11-15 11:30:00+00:00,2023-11-15 12:00:00+00:00,EURAUD,"NZDUSD,USDCHF",EURAUD,EURAUD-11-N1R083E06,ENTRY
2023-11-15 13:30:00+00:00,2023-11-15 14:00:00+00:00,EURAUD,"EURAUD,NZDUSD,USDCHF",,,TOP_FOUR_HELD
2023-11-15 15:30:00+00:00,2023-11-15 16:00:00+00:00,EURNZD,,EURNZD,EURNZD-11-R15E1,ENTRY
2023-11-16 01:30:00+00:00,2023-11-16 02:00:00+00:00,EURNZD,,EURNZD,EURNZD-11-R15E1,ENTRY
2023-11-16 05:30:00+00:00,2023-11-16 06:00:00+00:00,EURCHF,,EURCHF,EURCHF-11-R46E4,ENTRY
2023-11-16 09:30:00+00:00,2023-11-16 10:00:00+00:00,,,,,NO_TRIGGER
2023-11-16 11:30:00+00:00,2023-11-16 12:00:00+00:00,,,,,NO_TRIGGER
2023-11-16 13:30:00+00:00,2023-11-16 14:00:00+00:00,,,,,NO_TRIGGER
2023-11-16 15:30:00+00:00,2023-11-16 16:00:00+00:00,,,,,NO_TRIGGER
2023-11-17 01:30:00+00:00,2023-11-17 02:00:00+00:00,AUDNZD,,AUDNZD,AUDNZD-11-R01E7,ENTRY
2023-11-17 05:30:00+00:00,2023-11-17 06:00:00+00:00,AUDNZD,AUDNZD,,,TOP_FOUR_HELD
2023-11-17 09:30:00+00:00,2023-11-17 10:00:00+00:00,AUDNZD,AUDNZD,,,TOP_FOUR_HELD
2023-11-17 11:30:00+00:00,2023-11-17 12:00:00+00:00,"CHFJPY,AUDNZD",AUDNZD,CHFJPY,CHFJPY-11-R26E5,ENTRY
2023-11-17 13:30:00+00:00,2023-11-17 14:00:00+00:00,AUDNZD,"AUDNZD,CHFJPY",,,TOP_FOUR_HELD
2023-11-17 15:30:00+00:00,2023-11-17 16:00:00+00:00,AUDNZD,"AUDNZD,CHFJPY",,,TOP_FOUR_HELD
2023-11-20 01:30:00+00:00,2023-11-20 02:00:00+00:00,,,,,NO_TRIGGER
2023-11-20 05:30:00+00:00,2023-11-20 06:00:00+00:00,"EURAUD,USDCAD,USDCHF",,EURAUD,EURAUD-11-N1R083E06,ENTRY
2023-11-20 09:30:00+00:00,2023-11-20 10:00:00+00:00,CHFJPY,,CHFJPY,CHFJPY-11-R26E5,ENTRY
2023-11-20 11:30:00+00:00,2023-11-20 12:00:00+00:00,"CHFJPY,AUDNZD",CHFJPY,AUDNZD,AUDNZD-11-R01E7,ENTRY
2023-11-20 13:30:00+00:00,2023-11-20 14:00:00+00:00,AUDNZD,"AUDNZD,CHFJPY",,,TOP_FOUR_HELD
2023-11-20 15:30:00+00:00,2023-11-20 16:00:00+00:00,AUDNZD,"AUDNZD,CHFJPY",,,TOP_FOUR_HELD
2023-11-21 01:30:00+00:00,2023-11-21 02:00:00+00:00,EURJPY,"AUDNZD,CHFJPY",EURJPY,EURJPY-11-N1R074E12,ENTRY
2023-11-21 05:30:00+00:00,2023-11-21 06:00:00+00:00,EURJPY,CHFJPY,EURJPY,EURJPY-11-N1R074E12,ENTRY
2023-11-21 09:30:00+00:00,2023-11-21 10:00:00+00:00,"CHFJPY,AUDCHF,EURAUD",,CHFJPY,CHFJPY-11-R26E5,ENTRY
2023-11-21 11:30:00+00:00,2023-11-21 12:00:00+00:00,AUDCHF,CHFJPY,AUDCHF,AUDCHF-11-R08E3,ENTRY
2023-11-21 13:30:00+00:00,2023-11-21 14:00:00+00:00,,"AUDCHF,CHFJPY",,,NO_TRIGGER
2023-11-21 15:30:00+00:00,2023-11-21 16:00:00+00:00,AUDCHF,"AUDCHF,CHFJPY",,,TOP_FOUR_HELD
2023-11-22 01:30:00+00:00,2023-11-22 02:00:00+00:00,EURJPY,,EURJPY,EURJPY-11-N1R074E12,ENTRY
2023-11-22 05:30:00+00:00,2023-11-22 06:00:00+00:00,EURCHF,EURJPY,EURCHF,EURCHF-11-R46E4,ENTRY
2023-11-22 09:30:00+00:00,2023-11-22 10:00:00+00:00,"EURCHF,EURCAD",EURCHF,EURCAD,EURCAD-11-R25E8,ENTRY
2023-11-22 11:30:00+00:00,2023-11-22 12:00:00+00:00,"AUDCHF,EURCAD,EURAUD,EURJPY","EURCAD,EURCHF",AUDCHF,AUDCHF-11-R08E3,ENTRY
2023-11-22 13:30:00+00:00,2023-11-22 14:00:00+00:00,"AUDNZD,EURJPY","AUDCHF,EURCAD,EURCHF",AUDNZD,AUDNZD-11-R01E7,ENTRY
2023-11-22 15:30:00+00:00,2023-11-22 16:00:00+00:00,"USDJPY,AUDNZD,EURNZD","AUDNZD,EURCAD,EURCHF",USDJPY,USDJPY-11-R35E8,ENTRY
2023-11-23 01:30:00+00:00,2023-11-23 02:00:00+00:00,,"AUDNZD,EURCAD,USDJPY",,,NO_TRIGGER
2023-11-23 05:30:00+00:00,2023-11-23 06:00:00+00:00,AUDJPY,"EURCAD,USDJPY",AUDJPY,AUDJPY-11-N1R066E01,ENTRY
2023-11-23 09:30:00+00:00,2023-11-23 10:00:00+00:00,"EURNZD,USDCAD","EURCAD,USDJPY",EURNZD,EURNZD-11-R15E1,ENTRY
2023-11-23 11:30:00+00:00,2023-11-23 12:00:00+00:00,EURNZD,"EURNZD,USDJPY",,,TOP_FOUR_HELD
2023-11-23 13:30:00+00:00,2023-11-23 14:00:00+00:00,,USDJPY,,,NO_TRIGGER
2023-11-23 15:30:00+00:00,2023-11-23 16:00:00+00:00,,USDJPY,,,NO_TRIGGER
2023-11-24 01:30:00+00:00,2023-11-24 02:00:00+00:00,"AUDCHF,EURAUD",,AUDCHF,AUDCHF-11-R08E3,ENTRY
2023-11-24 05:30:00+00:00,2023-11-24 06:00:00+00:00,,AUDCHF,,,NO_TRIGGER
2023-11-24 09:30:00+00:00,2023-11-24 10:00:00+00:00,AUDJPY,AUDCHF,AUDJPY,AUDJPY-11-N1R066E01,ENTRY
2023-11-24 11:30:00+00:00,2023-11-24 12:00:00+00:00,"EURAUD,AUDJPY","AUDCHF,AUDJPY",EURAUD,EURAUD-11-N1R083E06,ENTRY
2023-11-24 13:30:00+00:00,2023-11-24 14:00:00+00:00,,"AUDCHF,EURAUD",,,NO_TRIGGER
2023-11-24 15:30:00+00:00,2023-11-24 16:00:00+00:00,"AUDCHF,EURCAD,USDCAD",AUDCHF,EURCAD,EURCAD-11-R25E8,ENTRY
2023-11-27 01:30:00+00:00,2023-11-27 02:00:00+00:00,EURCAD,,EURCAD,EURCAD-11-R25E8,ENTRY
2023-11-27 05:30:00+00:00,2023-11-27 06:00:00+00:00,EURNZD,EURCAD,EURNZD,EURNZD-11-R15E1,ENTRY
2023-11-27 09:30:00+00:00,2023-11-27 10:00:00+00:00,"AUDCHF,EURAUD",EURCAD,AUDCHF,AUDCHF-11-R08E3,ENTRY
2023-11-27 11:30:00+00:00,2023-11-27 12:00:00+00:00,,"AUDCHF,EURCAD",,,NO_TRIGGER
2023-11-27 13:30:00+00:00,2023-11-27 14:00:00+00:00,AUDCHF,"AUDCHF,EURCAD",,,TOP_FOUR_HELD
2023-11-27 15:30:00+00:00,2023-11-27 16:00:00+00:00,EURCAD,"AUDCHF,EURCAD",,,TOP_FOUR_HELD
2023-11-28 01:30:00+00:00,2023-11-28 02:00:00+00:00,CHFJPY,"AUDCHF,EURCAD",CHFJPY,CHFJPY-11-R26E5,ENTRY
2023-11-28 05:30:00+00:00,2023-11-28 06:00:00+00:00,EURCAD,CHFJPY,EURCAD,EURCAD-11-R25E8,ENTRY
2023-11-28 09:30:00+00:00,2023-11-28 10:00:00+00:00,"AUDNZD,EURNZD,EURCAD",EURCAD,AUDNZD,AUDNZD-11-R01E7,ENTRY
2023-11-28 11:30:00+00:00,2023-11-28 12:00:00+00:00,"AUDCHF,AUDNZD,EURNZD","AUDNZD,EURCAD",AUDCHF,AUDCHF-11-R08E3,ENTRY
2023-11-28 13:30:00+00:00,2023-11-28 14:00:00+00:00,USDCAD,"AUDCHF,AUDNZD,EURCAD",USDCAD,USDCAD-11-N1R100E01,ENTRY
2023-11-28 15:30:00+00:00,2023-11-28 16:00:00+00:00,,"AUDNZD,EURCAD",,,NO_TRIGGER
2023-11-29 01:30:00+00:00,2023-11-29 02:00:00+00:00,,EURCAD,,,NO_TRIGGER
2023-11-29 05:30:00+00:00,2023-11-29 06:00:00+00:00,USDCAD,EURCAD,USDCAD,USDCAD-11-N1R100E01,ENTRY
2023-11-29 09:30:00+00:00,2023-11-29 10:00:00+00:00,EURNZD,,EURNZD,EURNZD-11-R15E1,ENTRY
2023-11-29 11:30:00+00:00,2023-11-29 12:00:00+00:00,GBPJPY,EURNZD,GBPJPY,GBPJPY-11-R59E5,ENTRY
2023-11-29 13:30:00+00:00,2023-11-29 14:00:00+00:00,,"EURNZD,GBPJPY",,,NO_TRIGGER
2023-11-29 15:30:00+00:00,2023-11-29 16:00:00+00:00,,"EURNZD,GBPJPY",,,NO_TRIGGER
2023-11-30 01:30:00+00:00,2023-11-30 02:00:00+00:00,"EURCHF,USDCHF,EURJPY",GBPJPY,EURCHF,EURCHF-11-R46E4,ENTRY
2023-11-30 05:30:00+00:00,2023-11-30 06:00:00+00:00,"EURCHF,EURAUD","EURCHF,GBPJPY",EURAUD,EURAUD-11-N1R083E06,ENTRY
2023-11-30 09:30:00+00:00,2023-11-30 10:00:00+00:00,EURCAD,"EURCHF,GBPJPY",EURCAD,EURCAD-11-R25E8,ENTRY
2023-11-30 11:30:00+00:00,2023-11-30 12:00:00+00:00,"EURNZD,EURCAD,EURUSD","EURCAD,EURCHF,GBPJPY",EURNZD,EURNZD-11-R15E1,ENTRY
2023-11-30 13:30:00+00:00,2023-11-30 14:00:00+00:00,"EURUSD,AUDCAD","EURCAD,EURCHF,EURNZD",EURUSD,EURUSD-11-N1R115E06,ENTRY
2023-11-30 15:30:00+00:00,2023-11-30 16:00:00+00:00,"GBPJPY,EURCAD,EURUSD,USDCHF","EURCAD,EURCHF,EURNZD",GBPJPY,GBPJPY-11-R59E5,ENTRY
2023-12-01 01:30:00+00:00,2023-12-01 02:00:00+00:00,AUDUSD,GBPJPY,AUDUSD,AUDUSD-12-R13E8,ENTRY
2023-12-01 05:30:00+00:00,2023-12-01 06:00:00+00:00,,"AUDUSD,GBPJPY",,,NO_TRIGGER
2023-12-01 09:30:00+00:00,2023-12-01 10:00:00+00:00,"EURCHF,EURUSD","AUDUSD,GBPJPY",EURCHF,EURCHF-12-N1R139E11,ENTRY
2023-12-01 11:30:00+00:00,2023-12-01 12:00:00+00:00,,"AUDUSD,EURCHF,GBPJPY",,,NO_TRIGGER
2023-12-01 13:30:00+00:00,2023-12-01 14:00:00+00:00,EURGBP,"AUDUSD,EURCHF",EURGBP,EURGBP-12-N1R118E09,ENTRY
2023-12-01 15:30:00+00:00,2023-12-01 16:00:00+00:00,EURUSD,"AUDUSD,EURCHF,EURGBP",EURUSD,EURUSD-12-N1R137E06,ENTRY
2023-12-04 01:30:00+00:00,2023-12-04 02:00:00+00:00,USDCHF,,USDCHF,USDCHF-12-N1R120E10,ENTRY
2023-12-04 05:30:00+00:00,2023-12-04 06:00:00+00:00,"GBPJPY,AUDNZD",USDCHF,GBPJPY,GBPJPY-12-R53E4,ENTRY
2023-12-04 09:30:00+00:00,2023-12-04 10:00:00+00:00,AUDJPY,GBPJPY,AUDJPY,AUDJPY-12-N1R122E07,ENTRY
2023-12-04 11:30:00+00:00,2023-12-04 12:00:00+00:00,"AUDJPY,CHFJPY,EURCHF","AUDJPY,GBPJPY",CHFJPY,CHFJPY-12-N1R099E01,ENTRY
2023-12-04 13:30:00+00:00,2023-12-04 14:00:00+00:00,"AUDJPY,EURCHF","AUDJPY,GBPJPY",EURCHF,EURCHF-12-N1R139E11,ENTRY
2023-12-04 15:30:00+00:00,2023-12-04 16:00:00+00:00,"AUDJPY,EURCHF,EURUSD","AUDJPY,EURCHF,GBPJPY",EURUSD,EURUSD-12-N1R137E06,ENTRY
2023-12-05 01:30:00+00:00,2023-12-05 02:00:00+00:00,"AUDJPY,AUDCHF",EURCHF,AUDJPY,AUDJPY-12-N1R122E07,ENTRY
2023-12-05 05:30:00+00:00,2023-12-05 06:00:00+00:00,"AUDCHF,EURUSD,AUDNZD,AUDCAD",EURCHF,AUDCHF,AUDCHF-12-N1R089E11,ENTRY
2023-12-05 09:30:00+00:00,2023-12-05 10:00:00+00:00,"GBPJPY,CHFJPY,AUDCHF,EURUSD","AUDCHF,EURCHF",GBPJPY,GBPJPY-12-R53E4,ENTRY
2023-12-05 11:30:00+00:00,2023-12-05 12:00:00+00:00,"GBPJPY,CHFJPY","AUDCHF,EURCHF,GBPJPY",CHFJPY,CHFJPY-12-N1R099E01,ENTRY
2023-12-05 13:30:00+00:00,2023-12-05 14:00:00+00:00,"USDCAD,AUDCHF","AUDCHF,CHFJPY,EURCHF,GBPJPY",USDCAD,USDCAD-12-N1R014E02,ENTRY
2023-12-05 15:30:00+00:00,2023-12-05 16:00:00+00:00,GBPJPY,"AUDCHF,GBPJPY",,,TOP_FOUR_HELD
2023-12-06 01:30:00+00:00,2023-12-06 02:00:00+00:00,"GBPJPY,AUDUSD","AUDCHF,GBPJPY",AUDUSD,AUDUSD-12-R13E8,ENTRY
2023-12-06 05:30:00+00:00,2023-12-06 06:00:00+00:00,"NZDCAD,AUDUSD,EURAUD","AUDUSD,GBPJPY",NZDCAD,NZDCAD-12-R30E3,ENTRY
2023-12-06 09:30:00+00:00,2023-12-06 10:00:00+00:00,"EURGBP,EURCHF,EURUSD","AUDUSD,GBPJPY",EURGBP,EURGBP-12-N1R118E09,ENTRY
2023-12-06 11:30:00+00:00,2023-12-06 12:00:00+00:00,"GBPJPY,NZDUSD","AUDUSD,EURGBP",GBPJPY,GBPJPY-12-R53E4,ENTRY
2023-12-06 13:30:00+00:00,2023-12-06 14:00:00+00:00,EURUSD,"AUDUSD,EURGBP,GBPJPY",EURUSD,EURUSD-12-N1R137E06,ENTRY
2023-12-06 15:30:00+00:00,2023-12-06 16:00:00+00:00,AUDUSD,"AUDUSD,EURGBP,EURUSD,GBPJPY",,,TOP_FOUR_HELD
2023-12-07 01:30:00+00:00,2023-12-07 02:00:00+00:00,"AUDJPY,AUDCHF",AUDUSD,AUDJPY,AUDJPY-12-N1R122E07,ENTRY
2023-12-07 05:30:00+00:00,2023-12-07 06:00:00+00:00,"CHFJPY,AUDCHF,EURAUD",,CHFJPY,CHFJPY-12-N1R099E01,ENTRY
2023-12-07 09:30:00+00:00,2023-12-07 10:00:00+00:00,"CHFJPY,AUDUSD",,CHFJPY,CHFJPY-12-N1R099E01,ENTRY
2023-12-07 11:30:00+00:00,2023-12-07 12:00:00+00:00,"CHFJPY,AUDUSD,EURUSD",,CHFJPY,CHFJPY-12-N1R099E01,ENTRY
2023-12-07 13:30:00+00:00,2023-12-07 14:00:00+00:00,"USDCAD,CHFJPY,AUDUSD,EURUSD",,USDCAD,USDCAD-12-N1R014E02,ENTRY
2023-12-07 15:30:00+00:00,2023-12-07 16:00:00+00:00,"CHFJPY,AUDUSD",,CHFJPY,CHFJPY-12-N1R099E01,ENTRY
2023-12-08 01:30:00+00:00,2023-12-08 02:00:00+00:00,EURUSD,,EURUSD,EURUSD-12-N1R137E06,ENTRY
2023-12-08 05:30:00+00:00,2023-12-08 06:00:00+00:00,GBPJPY,EURUSD,GBPJPY,GBPJPY-12-R53E4,ENTRY
2023-12-08 09:30:00+00:00,2023-12-08 10:00:00+00:00,GBPJPY,GBPJPY,,,TOP_FOUR_HELD
2023-12-08 11:30:00+00:00,2023-12-08 12:00:00+00:00,GBPJPY,GBPJPY,,,TOP_FOUR_HELD
2023-12-08 13:30:00+00:00,2023-12-08 14:00:00+00:00,GBPJPY,GBPJPY,,,TOP_FOUR_HELD
2023-12-08 15:30:00+00:00,2023-12-08 16:00:00+00:00,EURUSD,GBPJPY,EURUSD,EURUSD-12-N1R137E06,ENTRY
2023-12-11 01:30:00+00:00,2023-12-11 02:00:00+00:00,EURNZD,,EURNZD,EURNZD-12-R19E5,ENTRY
2023-12-11 05:30:00+00:00,2023-12-11 06:00:00+00:00,EURUSD,EURNZD,EURUSD,EURUSD-12-N1R137E06,ENTRY
2023-12-11 09:30:00+00:00,2023-12-11 10:00:00+00:00,EURUSD,"EURNZD,EURUSD",,,TOP_FOUR_HELD
2023-12-11 11:30:00+00:00,2023-12-11 12:00:00+00:00,"EURNZD,USDJPY,EURAUD","EURNZD,EURUSD",USDJPY,USDJPY-12-N1R030E11,ENTRY
2023-12-11 13:30:00+00:00,2023-12-11 14:00:00+00:00,EURUSD,"EURNZD,USDJPY",EURUSD,EURUSD-12-N1R137E06,ENTRY
2023-12-11 15:30:00+00:00,2023-12-11 16:00:00+00:00,"EURNZD,EURGBP",USDJPY,EURNZD,EURNZD-12-R19E5,ENTRY
2023-12-12 01:30:00+00:00,2023-12-12 02:00:00+00:00,AUDUSD,EURNZD,AUDUSD,AUDUSD-12-R13E8,ENTRY
2023-12-12 05:30:00+00:00,2023-12-12 06:00:00+00:00,EURUSD,AUDUSD,EURUSD,EURUSD-12-N1R137E06,ENTRY
2023-12-12 09:30:00+00:00,2023-12-12 10:00:00+00:00,EURJPY,AUDUSD,EURJPY,EURJPY-12-N1R016E11,ENTRY
2023-12-12 11:30:00+00:00,2023-12-12 12:00:00+00:00,,EURJPY,,,NO_TRIGGER
2023-12-12 13:30:00+00:00,2023-12-12 14:00:00+00:00,"USDCHF,EURCHF",,USDCHF,USDCHF-12-N1R120E10,ENTRY
2023-12-12 15:30:00+00:00,2023-12-12 16:00:00+00:00,,,,,NO_TRIGGER
2023-12-13 01:30:00+00:00,2023-12-13 02:00:00+00:00,"GBPJPY,AUDJPY",,GBPJPY,GBPJPY-12-R53E4,ENTRY
2023-12-13 05:30:00+00:00,2023-12-13 06:00:00+00:00,"AUDJPY,NZDUSD,EURAUD",GBPJPY,AUDJPY,AUDJPY-12-N1R122E07,ENTRY
2023-12-13 09:30:00+00:00,2023-12-13 10:00:00+00:00,"GBPJPY,AUDJPY",GBPJPY,AUDJPY,AUDJPY-12-N1R122E07,ENTRY
2023-12-13 11:30:00+00:00,2023-12-13 12:00:00+00:00,AUDJPY,"AUDJPY,GBPJPY",,,TOP_FOUR_HELD
2023-12-13 13:30:00+00:00,2023-12-13 14:00:00+00:00,AUDJPY,"AUDJPY,GBPJPY",,,TOP_FOUR_HELD
2023-12-13 15:30:00+00:00,2023-12-13 16:00:00+00:00,"EURNZD,AUDJPY,AUDUSD","AUDJPY,GBPJPY",EURNZD,EURNZD-12-R19E5,ENTRY
2023-12-14 01:30:00+00:00,2023-12-14 02:00:00+00:00,"CHFJPY,USDCHF",,CHFJPY,CHFJPY-12-N1R099E01,ENTRY
2023-12-14 05:30:00+00:00,2023-12-14 06:00:00+00:00,USDCHF,,USDCHF,USDCHF-12-N1R120E10,ENTRY
2023-12-14 09:30:00+00:00,2023-12-14 10:00:00+00:00,"GBPJPY,USDCHF",,GBPJPY,GBPJPY-12-R53E4,ENTRY
2023-12-14 11:30:00+00:00,2023-12-14 12:00:00+00:00,GBPUSD,GBPJPY,GBPUSD,GBPUSD-12-N1R006E08,ENTRY
2023-12-14 13:30:00+00:00,2023-12-14 14:00:00+00:00,"GBPJPY,USDCHF,GBPUSD",,GBPJPY,GBPJPY-12-R53E4,ENTRY
2023-12-14 15:30:00+00:00,2023-12-14 16:00:00+00:00,"GBPJPY,USDCHF,EURCAD,GBPUSD",GBPJPY,USDCHF,USDCHF-12-N1R120E10,ENTRY
2023-12-15 01:30:00+00:00,2023-12-15 02:00:00+00:00,AUDJPY,,AUDJPY,AUDJPY-12-N1R122E07,ENTRY
2023-12-15 05:30:00+00:00,2023-12-15 06:00:00+00:00,GBPUSD,AUDJPY,GBPUSD,GBPUSD-12-N1R006E08,ENTRY
2023-12-15 09:30:00+00:00,2023-12-15 10:00:00+00:00,,GBPUSD,,,NO_TRIGGER
2023-12-15 11:30:00+00:00,2023-12-15 12:00:00+00:00,"EURGBP,GBPUSD",GBPUSD,EURGBP,EURGBP-12-N1R118E09,ENTRY
2023-12-15 13:30:00+00:00,2023-12-15 14:00:00+00:00,EURGBP,"EURGBP,GBPUSD",,,TOP_FOUR_HELD
2023-12-15 15:30:00+00:00,2023-12-15 16:00:00+00:00,EURGBP,EURGBP,,,TOP_FOUR_HELD
2023-12-18 01:30:00+00:00,2023-12-18 02:00:00+00:00,,,,,NO_TRIGGER
2023-12-18 05:30:00+00:00,2023-12-18 06:00:00+00:00,"NZDCAD,GBPUSD",,NZDCAD,NZDCAD-12-R30E3,ENTRY
2023-12-18 09:30:00+00:00,2023-12-18 10:00:00+00:00,,NZDCAD,,,NO_TRIGGER
2023-12-18 11:30:00+00:00,2023-12-18 12:00:00+00:00,,,,,NO_TRIGGER
2023-12-18 13:30:00+00:00,2023-12-18 14:00:00+00:00,,,,,NO_TRIGGER
2023-12-18 15:30:00+00:00,2023-12-18 16:00:00+00:00,,,,,NO_TRIGGER
2023-12-19 01:30:00+00:00,2023-12-19 02:00:00+00:00,USDCHF,,USDCHF,USDCHF-12-N1R120E10,ENTRY
2023-12-19 05:30:00+00:00,2023-12-19 06:00:00+00:00,"USDJPY,USDCHF",USDCHF,USDJPY,USDJPY-12-N1R030E11,ENTRY
2023-12-19 09:30:00+00:00,2023-12-19 10:00:00+00:00,USDJPY,,USDJPY,USDJPY-12-N1R030E11,ENTRY
2023-12-19 11:30:00+00:00,2023-12-19 12:00:00+00:00,USDJPY,,USDJPY,USDJPY-12-N1R030E11,ENTRY
2023-12-19 13:30:00+00:00,2023-12-19 14:00:00+00:00,"USDJPY,USDCHF,EURCAD,GBPUSD",,USDJPY,USDJPY-12-N1R030E11,ENTRY
2023-12-19 15:30:00+00:00,2023-12-19 16:00:00+00:00,"USDCHF,GBPUSD",,USDCHF,USDCHF-12-N1R120E10,ENTRY
2023-12-20 01:30:00+00:00,2023-12-20 02:00:00+00:00,USDCHF,,USDCHF,USDCHF-12-N1R120E10,ENTRY
2023-12-20 05:30:00+00:00,2023-12-20 06:00:00+00:00,USDCHF,USDCHF,,,TOP_FOUR_HELD
2023-12-20 09:30:00+00:00,2023-12-20 10:00:00+00:00,USDCHF,USDCHF,,,TOP_FOUR_HELD
2023-12-20 11:30:00+00:00,2023-12-20 12:00:00+00:00,USDCHF,USDCHF,,,TOP_FOUR_HELD
2023-12-20 13:30:00+00:00,2023-12-20 14:00:00+00:00,,,,,NO_TRIGGER
2023-12-20 15:30:00+00:00,2023-12-20 16:00:00+00:00,,,,,NO_TRIGGER
2023-12-21 01:30:00+00:00,2023-12-21 02:00:00+00:00,,,,,NO_TRIGGER
2023-12-21 05:30:00+00:00,2023-12-21 06:00:00+00:00,,,,,NO_TRIGGER
2023-12-21 09:30:00+00:00,2023-12-21 10:00:00+00:00,,,,,NO_TRIGGER
2023-12-21 11:30:00+00:00,2023-12-21 12:00:00+00:00,,,,,NO_TRIGGER
2023-12-21 13:30:00+00:00,2023-12-21 14:00:00+00:00,USDCHF,,USDCHF,USDCHF-12-N1R120E10,ENTRY
2023-12-21 15:30:00+00:00,2023-12-21 16:00:00+00:00,"AUDJPY,USDCHF",USDCHF,AUDJPY,AUDJPY-12-N1R122E07,ENTRY
2023-12-22 01:30:00+00:00,2023-12-22 02:00:00+00:00,"GBPJPY,USDCHF",,GBPJPY,GBPJPY-12-R53E4,ENTRY
2023-12-22 05:30:00+00:00,2023-12-22 06:00:00+00:00,USDCHF,GBPJPY,USDCHF,USDCHF-12-N1R120E10,ENTRY
2023-12-22 09:30:00+00:00,2023-12-22 10:00:00+00:00,"GBPJPY,USDCHF,GBPUSD","GBPJPY,USDCHF",GBPUSD,GBPUSD-12-N1R006E08,ENTRY
2023-12-22 11:30:00+00:00,2023-12-22 12:00:00+00:00,"USDCHF,GBPUSD",GBPJPY,USDCHF,USDCHF-12-N1R120E10,ENTRY
2023-12-22 13:30:00+00:00,2023-12-22 14:00:00+00:00,"GBPJPY,USDCHF,GBPUSD",GBPJPY,USDCHF,USDCHF-12-N1R120E10,ENTRY
2023-12-22 15:30:00+00:00,2023-12-22 16:00:00+00:00,"USDCHF,GBPUSD","GBPJPY,USDCHF",GBPUSD,GBPUSD-12-N1R006E08,ENTRY
2023-12-25 01:30:00+00:00,2023-12-25 02:00:00+00:00,,GBPUSD,,,NO_TRIGGER
2023-12-25 05:30:00+00:00,2023-12-25 06:00:00+00:00,,GBPUSD,,,NO_TRIGGER
2023-12-25 09:30:00+00:00,2023-12-25 10:00:00+00:00,,GBPUSD,,,NO_TRIGGER
2023-12-25 11:30:00+00:00,2023-12-25 12:00:00+00:00,,GBPUSD,,,NO_TRIGGER
2023-12-25 13:30:00+00:00,2023-12-25 14:00:00+00:00,,,,,NO_TRIGGER
2023-12-25 15:30:00+00:00,2023-12-25 16:00:00+00:00,,,,,NO_TRIGGER
2023-12-26 01:30:00+00:00,2023-12-26 02:00:00+00:00,,,,,NO_TRIGGER
2023-12-26 05:30:00+00:00,2023-12-26 06:00:00+00:00,,,,,NO_TRIGGER
2023-12-26 09:30:00+00:00,2023-12-26 10:00:00+00:00,,,,,NO_TRIGGER
2023-12-26 11:30:00+00:00,2023-12-26 12:00:00+00:00,,,,,NO_TRIGGER
2023-12-26 13:30:00+00:00,2023-12-26 14:00:00+00:00,,,,,NO_TRIGGER
2023-12-26 15:30:00+00:00,2023-12-26 16:00:00+00:00,,,,,NO_TRIGGER
2023-12-27 01:30:00+00:00,2023-12-27 02:00:00+00:00,EURJPY,,EURJPY,EURJPY-12-N1R016E11,ENTRY
2023-12-27 05:30:00+00:00,2023-12-27 06:00:00+00:00,,EURJPY,,,NO_TRIGGER
2023-12-27 09:30:00+00:00,2023-12-27 10:00:00+00:00,USDCHF,EURJPY,USDCHF,USDCHF-12-N1R120E10,ENTRY
2023-12-27 11:30:00+00:00,2023-12-27 12:00:00+00:00,USDCHF,EURJPY,USDCHF,USDCHF-12-N1R120E10,ENTRY
2023-12-27 13:30:00+00:00,2023-12-27 14:00:00+00:00,"USDCHF,GBPUSD",USDCHF,GBPUSD,GBPUSD-12-N1R006E08,ENTRY
2023-12-27 15:30:00+00:00,2023-12-27 16:00:00+00:00,"USDCHF,EURJPY,GBPUSD",GBPUSD,USDCHF,USDCHF-12-N1R120E10,ENTRY
2023-12-28 01:30:00+00:00,2023-12-28 02:00:00+00:00,USDCHF,,USDCHF,USDCHF-12-N1R120E10,ENTRY
2023-12-28 05:30:00+00:00,2023-12-28 06:00:00+00:00,"USDCHF,EURCAD",USDCHF,EURCAD,EURCAD-12-N1R022E06,ENTRY
2023-12-28 09:30:00+00:00,2023-12-28 10:00:00+00:00,"USDCHF,GBPUSD",EURCAD,USDCHF,USDCHF-12-N1R120E10,ENTRY
2023-12-28 11:30:00+00:00,2023-12-28 12:00:00+00:00,"USDCHF,EURCAD",,USDCHF,USDCHF-12-N1R120E10,ENTRY
2023-12-28 13:30:00+00:00,2023-12-28 14:00:00+00:00,"USDCHF,EURCAD",USDCHF,EURCAD,EURCAD-12-N1R022E06,ENTRY
2023-12-28 15:30:00+00:00,2023-12-28 16:00:00+00:00,USDCHF,,USDCHF,USDCHF-12-N1R120E10,ENTRY
2023-12-29 01:30:00+00:00,2023-12-29 02:00:00+00:00,"GBPJPY,EURCHF",,GBPJPY,GBPJPY-12-R53E4,ENTRY
2023-12-29 05:30:00+00:00,2023-12-29 06:00:00+00:00,EURCHF,GBPJPY,EURCHF,EURCHF-12-N1R139E11,ENTRY
2023-12-29 09:30:00+00:00,2023-12-29 10:00:00+00:00,"USDCAD,EURCHF","EURCHF,GBPJPY",USDCAD,USDCAD-12-N1R014E02,ENTRY
2023-12-29 11:30:00+00:00,2023-12-29 12:00:00+00:00,"USDCAD,AUDCHF",GBPJPY,USDCAD,USDCAD-12-N1R014E02,ENTRY
2023-12-29 13:30:00+00:00,2023-12-29 14:00:00+00:00,"AUDCHF,EURAUD","GBPJPY,USDCAD",AUDCHF,AUDCHF-12-N1R089E11,ENTRY
2023-12-29 15:30:00+00:00,2023-12-29 16:00:00+00:00,,"AUDCHF,GBPJPY",,,NO_TRIGGER
2024-01-01 01:30:00+00:00,2024-01-01 02:00:00+00:00,,GBPJPY,,,NO_TRIGGER
2024-01-01 05:30:00+00:00,2024-01-01 06:00:00+00:00,,GBPJPY,,,NO_TRIGGER
2024-01-01 09:30:00+00:00,2024-01-01 10:00:00+00:00,,GBPJPY,,,NO_TRIGGER
2024-01-01 11:30:00+00:00,2024-01-01 12:00:00+00:00,,GBPJPY,,,NO_TRIGGER
2024-01-01 13:30:00+00:00,2024-01-01 14:00:00+00:00,,,,,NO_TRIGGER
2024-01-01 15:30:00+00:00,2024-01-01 16:00:00+00:00,,,,,NO_TRIGGER
2024-01-02 01:30:00+00:00,2024-01-02 02:00:00+00:00,EURUSD,,EURUSD,EURUSD-01-R32E4,ENTRY
2024-01-02 05:30:00+00:00,2024-01-02 06:00:00+00:00,"EURUSD,EURCAD,AUDUSD",EURUSD,EURCAD,EURCAD-01-N1R088E03,ENTRY
2024-01-02 09:30:00+00:00,2024-01-02 10:00:00+00:00,"EURUSD,EURAUD",EURUSD,EURAUD,EURAUD-01-N1R099E11,ENTRY
2024-01-02 11:30:00+00:00,2024-01-02 12:00:00+00:00,"GBPUSD,EURUSD",EURAUD,GBPUSD,GBPUSD-01-R14E8,ENTRY
2024-01-02 13:30:00+00:00,2024-01-02 14:00:00+00:00,"AUDNZD,GBPUSD,EURCAD,USDCAD","EURAUD,GBPUSD",AUDNZD,AUDNZD-01-N1R016E02,ENTRY
2024-01-02 15:30:00+00:00,2024-01-02 16:00:00+00:00,"GBPJPY,USDCAD","AUDNZD,EURAUD,GBPUSD",GBPJPY,GBPJPY-01-R56E5,ENTRY
2024-01-03 01:30:00+00:00,2024-01-03 02:00:00+00:00,"EURUSD,USDJPY","GBPJPY,GBPUSD",EURUSD,EURUSD-01-R32E4,ENTRY
2024-01-03 05:30:00+00:00,2024-01-03 06:00:00+00:00,"EURUSD,AUDUSD","EURUSD,GBPJPY,GBPUSD",AUDUSD,AUDUSD-01-N1R106E06,ENTRY
2024-01-03 09:30:00+00:00,2024-01-03 10:00:00+00:00,"EURUSD,CHFJPY,AUDUSD,USDJPY","EURUSD,GBPUSD",CHFJPY,CHFJPY-01-N1R040E10,ENTRY
2024-01-03 11:30:00+00:00,2024-01-03 12:00:00+00:00,"EURUSD,CHFJPY,AUDUSD,USDJPY","EURUSD,GBPUSD",CHFJPY,CHFJPY-01-N1R040E10,ENTRY
2024-01-03 13:30:00+00:00,2024-01-03 14:00:00+00:00,"EURUSD,CHFJPY,AUDUSD,USDJPY",EURUSD,CHFJPY,CHFJPY-01-N1R040E10,ENTRY
2024-01-03 15:30:00+00:00,2024-01-03 16:00:00+00:00,"EURUSD,CHFJPY,AUDUSD,USDJPY",EURUSD,CHFJPY,CHFJPY-01-N1R040E10,ENTRY
2024-01-04 01:30:00+00:00,2024-01-04 02:00:00+00:00,"EURUSD,CHFJPY,EURJPY,USDJPY",,EURUSD,EURUSD-01-R32E4,ENTRY
2024-01-04 05:30:00+00:00,2024-01-04 06:00:00+00:00,"EURUSD,CHFJPY,EURJPY,USDJPY",EURUSD,CHFJPY,CHFJPY-01-N1R040E10,ENTRY
2024-01-04 09:30:00+00:00,2024-01-04 10:00:00+00:00,"AUDJPY,EURJPY,USDJPY,USDCAD",,AUDJPY,AUDJPY-01-N1R055E07,ENTRY
2024-01-04 11:30:00+00:00,2024-01-04 12:00:00+00:00,"AUDJPY,EURJPY,USDJPY,USDCAD",AUDJPY,EURJPY,EURJPY-01-N1R034E08,ENTRY
2024-01-04 13:30:00+00:00,2024-01-04 14:00:00+00:00,"EURJPY,USDJPY,USDCAD","AUDJPY,EURJPY",USDJPY,USDJPY-01-N1R050E01,ENTRY
2024-01-04 15:30:00+00:00,2024-01-04 16:00:00+00:00,"EURJPY,AUDUSD,USDJPY,USDCAD","AUDJPY,EURJPY",AUDUSD,AUDUSD-01-N1R106E06,ENTRY
2024-01-05 01:30:00+00:00,2024-01-05 02:00:00+00:00,"CHFJPY,EURJPY,AUDUSD,USDJPY",,CHFJPY,CHFJPY-01-N1R040E10,ENTRY
2024-01-05 05:30:00+00:00,2024-01-05 06:00:00+00:00,"CHFJPY,EURJPY,AUDUSD,USDJPY",,CHFJPY,CHFJPY-01-N1R040E10,ENTRY
2024-01-05 09:30:00+00:00,2024-01-05 10:00:00+00:00,"EURUSD,CHFJPY,EURJPY,AUDUSD",,EURUSD,EURUSD-01-R32E4,ENTRY
2024-01-05 11:30:00+00:00,2024-01-05 12:00:00+00:00,"EURUSD,CHFJPY,AUDUSD,USDJPY",EURUSD,CHFJPY,CHFJPY-01-N1R040E10,ENTRY
2024-01-05 13:30:00+00:00,2024-01-05 14:00:00+00:00,"EURUSD,AUDUSD,USDJPY",EURUSD,AUDUSD,AUDUSD-01-N1R106E06,ENTRY
2024-01-05 15:30:00+00:00,2024-01-05 16:00:00+00:00,,,,,NO_TRIGGER
2024-01-08 01:30:00+00:00,2024-01-08 02:00:00+00:00,USDCAD,,USDCAD,USDCAD-01-N1R065E10,ENTRY
2024-01-08 05:30:00+00:00,2024-01-08 06:00:00+00:00,,USDCAD,,,NO_TRIGGER
2024-01-08 09:30:00+00:00,2024-01-08 10:00:00+00:00,AUDUSD,,AUDUSD,AUDUSD-01-N1R106E06,ENTRY
2024-01-08 11:30:00+00:00,2024-01-08 12:00:00+00:00,AUDUSD,AUDUSD,,,TOP_FOUR_HELD
2024-01-08 13:30:00+00:00,2024-01-08 14:00:00+00:00,AUDUSD,,AUDUSD,AUDUSD-01-N1R106E06,ENTRY
2024-01-08 15:30:00+00:00,2024-01-08 16:00:00+00:00,"CHFJPY,AUDUSD",,CHFJPY,CHFJPY-01-N1R040E10,ENTRY
2024-01-09 01:30:00+00:00,2024-01-09 02:00:00+00:00,"CHFJPY,USDCAD",,CHFJPY,CHFJPY-01-N1R040E10,ENTRY
2024-01-09 05:30:00+00:00,2024-01-09 06:00:00+00:00,,,,,NO_TRIGGER
2024-01-09 09:30:00+00:00,2024-01-09 10:00:00+00:00,,,,,NO_TRIGGER
2024-01-09 11:30:00+00:00,2024-01-09 12:00:00+00:00,AUDUSD,,AUDUSD,AUDUSD-01-N1R106E06,ENTRY
2024-01-09 13:30:00+00:00,2024-01-09 14:00:00+00:00,"NZDCAD,AUDUSD",AUDUSD,NZDCAD,NZDCAD-01-R41E7,ENTRY
2024-01-09 15:30:00+00:00,2024-01-09 16:00:00+00:00,AUDUSD,"AUDUSD,NZDCAD",,,TOP_FOUR_HELD
2024-01-10 01:30:00+00:00,2024-01-10 02:00:00+00:00,"EURUSD,AUDUSD",NZDCAD,EURUSD,EURUSD-01-R32E4,ENTRY
2024-01-10 05:30:00+00:00,2024-01-10 06:00:00+00:00,"EURUSD,AUDJPY,EURJPY,USDJPY","EURUSD,NZDCAD",AUDJPY,AUDJPY-01-N1R055E07,ENTRY
2024-01-10 09:30:00+00:00,2024-01-10 10:00:00+00:00,"AUDJPY,CHFJPY,EURJPY,USDJPY","AUDJPY,EURUSD,NZDCAD",CHFJPY,CHFJPY-01-N1R040E10,ENTRY
2024-01-10 11:30:00+00:00,2024-01-10 12:00:00+00:00,"AUDJPY,CHFJPY,EURJPY,USDJPY","AUDJPY,CHFJPY,EURUSD,NZDCAD",EURJPY,EURJPY-01-N1R034E08,ENTRY
2024-01-10 13:30:00+00:00,2024-01-10 14:00:00+00:00,"AUDJPY,EURCHF,CHFJPY,EURJPY","EURJPY,EURUSD,NZDCAD",AUDJPY,AUDJPY-01-N1R055E07,ENTRY
2024-01-10 15:30:00+00:00,2024-01-10 16:00:00+00:00,"AUDJPY,EURCHF,CHFJPY,EURJPY","AUDJPY,EURJPY,EURUSD",EURCHF,EURCHF-01-N1R048E03,ENTRY
2024-01-11 01:30:00+00:00,2024-01-11 02:00:00+00:00,"EURJPY,USDJPY",EURCHF,EURJPY,EURJPY-01-N1R034E08,ENTRY
2024-01-11 05:30:00+00:00,2024-01-11 06:00:00+00:00,"CHFJPY,EURJPY","EURCHF,EURJPY",CHFJPY,CHFJPY-01-N1R040E10,ENTRY
2024-01-11 09:30:00+00:00,2024-01-11 10:00:00+00:00,,"EURCHF,EURJPY",,,NO_TRIGGER
2024-01-11 11:30:00+00:00,2024-01-11 12:00:00+00:00,AUDCAD,EURJPY,AUDCAD,AUDCAD-01-R05E7,ENTRY
2024-01-11 13:30:00+00:00,2024-01-11 14:00:00+00:00,AUDCAD,"AUDCAD,EURJPY",,,TOP_FOUR_HELD
2024-01-11 15:30:00+00:00,2024-01-11 16:00:00+00:00,AUDJPY,,AUDJPY,AUDJPY-01-N1R055E07,ENTRY
2024-01-12 01:30:00+00:00,2024-01-12 02:00:00+00:00,,,,,NO_TRIGGER
2024-01-12 05:30:00+00:00,2024-01-12 06:00:00+00:00,USDCAD,,USDCAD,USDCAD-01-N1R065E10,ENTRY
2024-01-12 09:30:00+00:00,2024-01-12 10:00:00+00:00,,,,,NO_TRIGGER
2024-01-12 11:30:00+00:00,2024-01-12 12:00:00+00:00,,,,,NO_TRIGGER
2024-01-12 13:30:00+00:00,2024-01-12 14:00:00+00:00,AUDUSD,,AUDUSD,AUDUSD-01-N1R106E06,ENTRY
2024-01-12 15:30:00+00:00,2024-01-12 16:00:00+00:00,,,,,NO_TRIGGER
2024-01-15 01:30:00+00:00,2024-01-15 02:00:00+00:00,,,,,NO_TRIGGER
2024-01-15 05:30:00+00:00,2024-01-15 06:00:00+00:00,,,,,NO_TRIGGER
2024-01-15 09:30:00+00:00,2024-01-15 10:00:00+00:00,"AUDUSD,USDCAD",,AUDUSD,AUDUSD-01-N1R106E06,ENTRY
2024-01-15 11:30:00+00:00,2024-01-15 12:00:00+00:00,"AUDUSD,USDCAD",AUDUSD,USDCAD,USDCAD-01-N1R065E10,ENTRY
2024-01-15 13:30:00+00:00,2024-01-15 14:00:00+00:00,AUDUSD,"AUDUSD,USDCAD",,,TOP_FOUR_HELD
2024-01-15 15:30:00+00:00,2024-01-15 16:00:00+00:00,"EURJPY,AUDUSD",AUDUSD,EURJPY,EURJPY-01-N1R034E08,ENTRY
2024-01-16 01:30:00+00:00,2024-01-16 02:00:00+00:00,"GBPUSD,EURUSD,EURCHF,AUDUSD",EURJPY,GBPUSD,GBPUSD-01-R14E8,ENTRY
2024-01-16 05:30:00+00:00,2024-01-16 06:00:00+00:00,"EURUSD,AUDUSD,USDJPY",GBPUSD,EURUSD,EURUSD-01-R32E4,ENTRY
2024-01-16 09:30:00+00:00,2024-01-16 10:00:00+00:00,"EURUSD,USDJPY","EURUSD,GBPUSD",USDJPY,USDJPY-01-N1R050E01,ENTRY
2024-01-16 11:30:00+00:00,2024-01-16 12:00:00+00:00,"GBPUSD,EURUSD,USDJPY",GBPUSD,EURUSD,EURUSD-01-R32E4,ENTRY
2024-01-16 13:30:00+00:00,2024-01-16 14:00:00+00:00,USDJPY,"EURUSD,GBPUSD",USDJPY,USDJPY-01-N1R050E01,ENTRY
2024-01-16 15:30:00+00:00,2024-01-16 16:00:00+00:00,USDJPY,"EURUSD,GBPUSD",USDJPY,USDJPY-01-N1R050E01,ENTRY
2024-01-17 01:30:00+00:00,2024-01-17 02:00:00+00:00,"EURUSD,CHFJPY,EURJPY,USDJPY","EURUSD,GBPUSD",CHFJPY,CHFJPY-01-N1R040E10,ENTRY
2024-01-17 05:30:00+00:00,2024-01-17 06:00:00+00:00,"EURUSD,EURCHF,CHFJPY,EURJPY","CHFJPY,EURUSD",EURCHF,EURCHF-01-N1R048E03,ENTRY
2024-01-17 09:30:00+00:00,2024-01-17 10:00:00+00:00,"EURUSD,CHFJPY,EURJPY,AUDUSD",,EURUSD,EURUSD-01-R32E4,ENTRY
2024-01-17 11:30:00+00:00,2024-01-17 12:00:00+00:00,"EURUSD,CHFJPY,EURJPY,USDJPY",EURUSD,CHFJPY,CHFJPY-01-N1R040E10,ENTRY
2024-01-17 13:30:00+00:00,2024-01-17 14:00:00+00:00,"CHFJPY,EURJPY,USDJPY",EURUSD,CHFJPY,CHFJPY-01-N1R040E10,ENTRY
2024-01-17 15:30:00+00:00,2024-01-17 16:00:00+00:00,"EURJPY,USDJPY",,EURJPY,EURJPY-01-N1R034E08,ENTRY
2024-01-18 01:30:00+00:00,2024-01-18 02:00:00+00:00,"EURJPY,USDJPY",EURJPY,USDJPY,USDJPY-01-N1R050E01,ENTRY
2024-01-18 05:30:00+00:00,2024-01-18 06:00:00+00:00,"CHFJPY,EURJPY,USDCAD",USDJPY,CHFJPY,CHFJPY-01-N1R040E10,ENTRY
2024-01-18 09:30:00+00:00,2024-01-18 10:00:00+00:00,"EURCHF,USDCAD",,EURCHF,EURCHF-01-N1R048E03,ENTRY
2024-01-18 11:30:00+00:00,2024-01-18 12:00:00+00:00,USDCAD,,USDCAD,USDCAD-01-N1R065E10,ENTRY
2024-01-18 13:30:00+00:00,2024-01-18 14:00:00+00:00,USDCAD,USDCAD,,,TOP_FOUR_HELD
2024-01-18 15:30:00+00:00,2024-01-18 16:00:00+00:00,USDCAD,,USDCAD,USDCAD-01-N1R065E10,ENTRY
2024-01-19 01:30:00+00:00,2024-01-19 02:00:00+00:00,AUDJPY,,AUDJPY,AUDJPY-01-N1R055E07,ENTRY
2024-01-19 05:30:00+00:00,2024-01-19 06:00:00+00:00,"AUDNZD,EURCHF",,AUDNZD,AUDNZD-01-N1R016E02,ENTRY
2024-01-19 09:30:00+00:00,2024-01-19 10:00:00+00:00,EURCHF,,EURCHF,EURCHF-01-N1R048E03,ENTRY
2024-01-19 11:30:00+00:00,2024-01-19 12:00:00+00:00,"EURAUD,AUDCHF,EURCAD",EURCHF,EURAUD,EURAUD-01-N1R099E11,ENTRY
2024-01-19 13:30:00+00:00,2024-01-19 14:00:00+00:00,EURAUD,"EURAUD,EURCHF",,,TOP_FOUR_HELD
2024-01-19 15:30:00+00:00,2024-01-19 16:00:00+00:00,,EURCHF,,,NO_TRIGGER
2024-01-22 01:30:00+00:00,2024-01-22 02:00:00+00:00,EURCHF,,EURCHF,EURCHF-01-N1R048E03,ENTRY
2024-01-22 05:30:00+00:00,2024-01-22 06:00:00+00:00,,EURCHF,,,NO_TRIGGER
2024-01-22 09:30:00+00:00,2024-01-22 10:00:00+00:00,EURCAD,EURCHF,EURCAD,EURCAD-01-N1R088E03,ENTRY
2024-01-22 11:30:00+00:00,2024-01-22 12:00:00+00:00,EURCAD,EURCAD,,,TOP_FOUR_HELD
2024-01-22 13:30:00+00:00,2024-01-22 14:00:00+00:00,"AUDCHF,EURCAD",,AUDCHF,AUDCHF-01-N1R069E03,ENTRY
2024-01-22 15:30:00+00:00,2024-01-22 16:00:00+00:00,,AUDCHF,,,NO_TRIGGER
2024-01-23 01:30:00+00:00,2024-01-23 02:00:00+00:00,AUDCHF,,AUDCHF,AUDCHF-01-N1R069E03,ENTRY
2024-01-23 05:30:00+00:00,2024-01-23 06:00:00+00:00,,AUDCHF,,,NO_TRIGGER
2024-01-23 09:30:00+00:00,2024-01-23 10:00:00+00:00,,AUDCHF,,,NO_TRIGGER
2024-01-23 11:30:00+00:00,2024-01-23 12:00:00+00:00,AUDCAD,AUDCHF,AUDCAD,AUDCAD-01-R05E7,ENTRY
2024-01-23 13:30:00+00:00,2024-01-23 14:00:00+00:00,"EURUSD,USDCAD","AUDCAD,AUDCHF",EURUSD,EURUSD-01-R32E4,ENTRY
2024-01-23 15:30:00+00:00,2024-01-23 16:00:00+00:00,AUDCAD,"AUDCAD,EURUSD",,,TOP_FOUR_HELD
2024-01-24 01:30:00+00:00,2024-01-24 02:00:00+00:00,"EURUSD,USDCAD",AUDCAD,EURUSD,EURUSD-01-R32E4,ENTRY
2024-01-24 05:30:00+00:00,2024-01-24 06:00:00+00:00,"EURUSD,USDCAD",EURUSD,USDCAD,USDCAD-01-N1R065E10,ENTRY
2024-01-24 09:30:00+00:00,2024-01-24 10:00:00+00:00,"GBPJPY,EURUSD,EURCAD",EURUSD,GBPJPY,GBPJPY-01-R56E5,ENTRY
2024-01-24 11:30:00+00:00,2024-01-24 12:00:00+00:00,"NZDCAD,USDCHF",GBPJPY,NZDCAD,NZDCAD-01-R41E7,ENTRY
2024-01-24 13:30:00+00:00,2024-01-24 14:00:00+00:00,,"GBPJPY,NZDCAD",,,NO_TRIGGER
2024-01-24 15:30:00+00:00,2024-01-24 16:00:00+00:00,,NZDCAD,,,NO_TRIGGER
2024-01-25 01:30:00+00:00,2024-01-25 02:00:00+00:00,"NZDUSD,NZDCAD,CHFJPY",NZDCAD,NZDUSD,NZDUSD-01-R42E4,ENTRY
2024-01-25 05:30:00+00:00,2024-01-25 06:00:00+00:00,"AUDCAD,CHFJPY","NZDCAD,NZDUSD",AUDCAD,AUDCAD-01-R05E7,ENTRY
2024-01-25 09:30:00+00:00,2024-01-25 10:00:00+00:00,USDCHF,"AUDCAD,NZDCAD,NZDUSD",USDCHF,USDCHF-01-N1R086E04,ENTRY
2024-01-25 11:30:00+00:00,2024-01-25 12:00:00+00:00,,"AUDCAD,NZDUSD,USDCHF",,,NO_TRIGGER
2024-01-25 13:30:00+00:00,2024-01-25 14:00:00+00:00,USDCAD,"AUDCAD,NZDUSD",USDCAD,USDCAD-01-N1R065E10,ENTRY
2024-01-25 15:30:00+00:00,2024-01-25 16:00:00+00:00,GBPJPY,"AUDCAD,NZDUSD",GBPJPY,GBPJPY-01-R56E5,ENTRY
2024-01-26 01:30:00+00:00,2024-01-26 02:00:00+00:00,"EURUSD,NZDCAD,USDCAD","AUDCAD,GBPJPY,NZDUSD",EURUSD,EURUSD-01-R32E4,ENTRY
2024-01-26 05:30:00+00:00,2024-01-26 06:00:00+00:00,"EURUSD,EURAUD,EURCAD","AUDCAD,EURUSD,GBPJPY",EURAUD,EURAUD-01-N1R099E11,ENTRY
2024-01-26 09:30:00+00:00,2024-01-26 10:00:00+00:00,"EURUSD,EURCAD","EURAUD,EURUSD,GBPJPY",EURCAD,EURCAD-01-N1R088E03,ENTRY
2024-01-26 11:30:00+00:00,2024-01-26 12:00:00+00:00,EURCAD,EURUSD,EURCAD,EURCAD-01-N1R088E03,ENTRY
2024-01-26 13:30:00+00:00,2024-01-26 14:00:00+00:00,,EURCAD,,,NO_TRIGGER
2024-01-26 15:30:00+00:00,2024-01-26 16:00:00+00:00,,,,,NO_TRIGGER
2024-01-29 01:30:00+00:00,2024-01-29 02:00:00+00:00,USDJPY,,USDJPY,USDJPY-01-N1R050E01,ENTRY
2024-01-29 05:30:00+00:00,2024-01-29 06:00:00+00:00,"EURAUD,CHFJPY",USDJPY,EURAUD,EURAUD-01-N1R099E11,ENTRY
2024-01-29 09:30:00+00:00,2024-01-29 10:00:00+00:00,"USDCHF,CHFJPY,EURNZD",EURAUD,USDCHF,USDCHF-01-N1R086E04,ENTRY
2024-01-29 11:30:00+00:00,2024-01-29 12:00:00+00:00,"EURUSD,EURAUD,EURCAD,EURNZD",USDCHF,EURUSD,EURUSD-01-R32E4,ENTRY
2024-01-29 13:30:00+00:00,2024-01-29 14:00:00+00:00,"EURUSD,EURAUD,EURCAD",EURUSD,EURAUD,EURAUD-01-N1R099E11,ENTRY
2024-01-29 15:30:00+00:00,2024-01-29 16:00:00+00:00,"GBPUSD,EURUSD,EURCAD,EURNZD","EURAUD,EURUSD",GBPUSD,GBPUSD-01-R14E8,ENTRY
2024-01-30 01:30:00+00:00,2024-01-30 02:00:00+00:00,EURCAD,"EURAUD,GBPUSD",EURCAD,EURCAD-01-N1R088E03,ENTRY
2024-01-30 05:30:00+00:00,2024-01-30 06:00:00+00:00,"EURUSD,EURCAD","EURAUD,EURCAD,GBPUSD",EURUSD,EURUSD-01-R32E4,ENTRY
2024-01-30 09:30:00+00:00,2024-01-30 10:00:00+00:00,"EURUSD,EURCAD","EURCAD,EURUSD,GBPUSD",,,TOP_FOUR_HELD
2024-01-30 11:30:00+00:00,2024-01-30 12:00:00+00:00,,"EURCAD,EURUSD,GBPUSD",,,NO_TRIGGER
2024-01-30 13:30:00+00:00,2024-01-30 14:00:00+00:00,NZDUSD,GBPUSD,NZDUSD,NZDUSD-01-R42E4,ENTRY
2024-01-30 15:30:00+00:00,2024-01-30 16:00:00+00:00,GBPJPY,"GBPUSD,NZDUSD",GBPJPY,GBPJPY-01-R56E5,ENTRY
2024-01-31 01:30:00+00:00,2024-01-31 02:00:00+00:00,,"GBPJPY,NZDUSD",,,NO_TRIGGER
2024-01-31 05:30:00+00:00,2024-01-31 06:00:00+00:00,,"GBPJPY,NZDUSD",,,NO_TRIGGER
2024-01-31 09:30:00+00:00,2024-01-31 10:00:00+00:00,,"GBPJPY,NZDUSD",,,NO_TRIGGER
2024-01-31 11:30:00+00:00,2024-01-31 12:00:00+00:00,EURUSD,"GBPJPY,NZDUSD",EURUSD,EURUSD-01-R32E4,ENTRY
2024-01-31 13:30:00+00:00,2024-01-31 14:00:00+00:00,EURUSD,"EURUSD,GBPJPY,NZDUSD",,,TOP_FOUR_HELD
2024-01-31 15:30:00+00:00,2024-01-31 16:00:00+00:00,GBPJPY,GBPJPY,,,TOP_FOUR_HELD
2024-02-01 01:30:00+00:00,2024-02-01 02:00:00+00:00,AUDJPY,,AUDJPY,AUDJPY-02-N1R087E02,ENTRY
2024-02-01 05:30:00+00:00,2024-02-01 06:00:00+00:00,AUDJPY,AUDJPY,,,TOP_FOUR_HELD
2024-02-01 09:30:00+00:00,2024-02-01 10:00:00+00:00,AUDJPY,,AUDJPY,AUDJPY-02-N1R087E02,ENTRY
2024-02-01 11:30:00+00:00,2024-02-01 12:00:00+00:00,AUDJPY,,AUDJPY,AUDJPY-02-N1R087E02,ENTRY
2024-02-01 13:30:00+00:00,2024-02-01 14:00:00+00:00,AUDJPY,,AUDJPY,AUDJPY-02-N1R087E02,ENTRY
2024-02-01 15:30:00+00:00,2024-02-01 16:00:00+00:00,AUDJPY,AUDJPY,,,TOP_FOUR_HELD
2024-02-02 01:30:00+00:00,2024-02-02 02:00:00+00:00,AUDCHF,,AUDCHF,AUDCHF-02-N1R138E09,ENTRY
2024-02-02 05:30:00+00:00,2024-02-02 06:00:00+00:00,,AUDCHF,,,NO_TRIGGER
2024-02-02 09:30:00+00:00,2024-02-02 10:00:00+00:00,"USDJPY,AUDCHF",,USDJPY,USDJPY-02-R15E5,ENTRY
2024-02-02 11:30:00+00:00,2024-02-02 12:00:00+00:00,AUDCHF,USDJPY,AUDCHF,AUDCHF-02-N1R138E09,ENTRY
2024-02-02 13:30:00+00:00,2024-02-02 14:00:00+00:00,"USDCHF,AUDCHF","AUDCHF,USDJPY",USDCHF,USDCHF-02-R27E8,ENTRY
2024-02-02 15:30:00+00:00,2024-02-02 16:00:00+00:00,"EURJPY,GBPJPY",USDCHF,EURJPY,EURJPY-02-R33E2,ENTRY
2024-02-05 01:30:00+00:00,2024-02-05 02:00:00+00:00,GBPJPY,,GBPJPY,GBPJPY-02-N1R037E11,ENTRY
2024-02-05 05:30:00+00:00,2024-02-05 06:00:00+00:00,,GBPJPY,,,NO_TRIGGER
2024-02-05 09:30:00+00:00,2024-02-05 10:00:00+00:00,"EURJPY,NZDUSD",,EURJPY,EURJPY-02-R33E2,ENTRY
2024-02-05 11:30:00+00:00,2024-02-05 12:00:00+00:00,NZDUSD,EURJPY,NZDUSD,NZDUSD-02-N1R136E10,ENTRY
2024-02-05 13:30:00+00:00,2024-02-05 14:00:00+00:00,"EURJPY,NZDUSD",NZDUSD,EURJPY,EURJPY-02-R33E2,ENTRY
2024-02-05 15:30:00+00:00,2024-02-05 16:00:00+00:00,"EURJPY,EURGBP","EURJPY,NZDUSD",EURGBP,EURGBP-02-N1R032E05,ENTRY
2024-02-06 01:30:00+00:00,2024-02-06 02:00:00+00:00,"EURJPY,AUDJPY","EURGBP,EURJPY",AUDJPY,AUDJPY-02-N1R087E02,ENTRY
2024-02-06 05:30:00+00:00,2024-02-06 06:00:00+00:00,EURJPY,"EURGBP,EURJPY",,,TOP_FOUR_HELD
2024-02-06 09:30:00+00:00,2024-02-06 10:00:00+00:00,USDCAD,EURGBP,USDCAD,USDCAD-02-N1R067E02,ENTRY
2024-02-06 11:30:00+00:00,2024-02-06 12:00:00+00:00,USDCAD,USDCAD,,,TOP_FOUR_HELD
2024-02-06 13:30:00+00:00,2024-02-06 14:00:00+00:00,EURCHF,,EURCHF,EURCHF-02-N1R030E03,ENTRY
2024-02-06 15:30:00+00:00,2024-02-06 16:00:00+00:00,,,,,NO_TRIGGER
2024-02-07 01:30:00+00:00,2024-02-07 02:00:00+00:00,USDCAD,,USDCAD,USDCAD-02-N1R067E02,ENTRY
2024-02-07 05:30:00+00:00,2024-02-07 06:00:00+00:00,USDCAD,USDCAD,,,TOP_FOUR_HELD
2024-02-07 09:30:00+00:00,2024-02-07 10:00:00+00:00,,USDCAD,,,NO_TRIGGER
2024-02-07 11:30:00+00:00,2024-02-07 12:00:00+00:00,"USDJPY,EURCHF,GBPJPY",USDCAD,USDJPY,USDJPY-02-R15E5,ENTRY
2024-02-07 13:30:00+00:00,2024-02-07 14:00:00+00:00,"EURCHF,GBPJPY,EURNZD",USDJPY,EURCHF,EURCHF-02-N1R030E03,ENTRY
2024-02-07 15:30:00+00:00,2024-02-07 16:00:00+00:00,GBPJPY,"EURCHF,USDJPY",GBPJPY,GBPJPY-02-N1R037E11,ENTRY
2024-02-08 01:30:00+00:00,2024-02-08 02:00:00+00:00,GBPJPY,"GBPJPY,USDJPY",,,TOP_FOUR_HELD
2024-02-08 05:30:00+00:00,2024-02-08 06:00:00+00:00,"EURJPY,CHFJPY,GBPJPY",,EURJPY,EURJPY-02-R33E2,ENTRY
2024-02-08 09:30:00+00:00,2024-02-08 10:00:00+00:00,"EURJPY,CHFJPY,EURAUD,GBPJPY",EURJPY,CHFJPY,CHFJPY-02-R60E8,ENTRY
2024-02-08 11:30:00+00:00,2024-02-08 12:00:00+00:00,"EURJPY,EURAUD,GBPJPY",CHFJPY,EURJPY,EURJPY-02-R33E2,ENTRY
2024-02-08 13:30:00+00:00,2024-02-08 14:00:00+00:00,"EURAUD,GBPJPY,EURNZD","CHFJPY,EURJPY",EURAUD,EURAUD-02-N1R028E06,ENTRY
2024-02-08 15:30:00+00:00,2024-02-08 16:00:00+00:00,"EURAUD,GBPJPY,EURNZD",EURJPY,EURAUD,EURAUD-02-N1R028E06,ENTRY
2024-02-09 01:30:00+00:00,2024-02-09 02:00:00+00:00,"GBPJPY,EURNZD",,GBPJPY,GBPJPY-02-N1R037E11,ENTRY
2024-02-09 05:30:00+00:00,2024-02-09 06:00:00+00:00,GBPJPY,GBPJPY,,,TOP_FOUR_HELD
2024-02-09 09:30:00+00:00,2024-02-09 10:00:00+00:00,"EURCHF,NZDCAD,GBPJPY",,EURCHF,EURCHF-02-N1R030E03,ENTRY
2024-02-09 11:30:00+00:00,2024-02-09 12:00:00+00:00,GBPJPY,EURCHF,GBPJPY,GBPJPY-02-N1R037E11,ENTRY
2024-02-09 13:30:00+00:00,2024-02-09 14:00:00+00:00,,"EURCHF,GBPJPY",,,NO_TRIGGER
2024-02-09 15:30:00+00:00,2024-02-09 16:00:00+00:00,,EURCHF,,,NO_TRIGGER
2024-02-12 01:30:00+00:00,2024-02-12 02:00:00+00:00,GBPJPY,,GBPJPY,GBPJPY-02-N1R037E11,ENTRY
2024-02-12 05:30:00+00:00,2024-02-12 06:00:00+00:00,EURNZD,GBPJPY,EURNZD,EURNZD-02-N1R137E06,ENTRY
2024-02-12 09:30:00+00:00,2024-02-12 10:00:00+00:00,"EURJPY,EURNZD",EURNZD,EURJPY,EURJPY-02-R33E2,ENTRY
2024-02-12 11:30:00+00:00,2024-02-12 12:00:00+00:00,"EURJPY,EURNZD","EURJPY,EURNZD",,,TOP_FOUR_HELD
2024-02-12 13:30:00+00:00,2024-02-12 14:00:00+00:00,EURNZD,,EURNZD,EURNZD-02-N1R137E06,ENTRY
2024-02-12 15:30:00+00:00,2024-02-12 16:00:00+00:00,EURJPY,EURNZD,EURJPY,EURJPY-02-R33E2,ENTRY
2024-02-13 01:30:00+00:00,2024-02-13 02:00:00+00:00,GBPJPY,EURJPY,GBPJPY,GBPJPY-02-N1R037E11,ENTRY
2024-02-13 05:30:00+00:00,2024-02-13 06:00:00+00:00,GBPJPY,GBPJPY,,,TOP_FOUR_HELD
2024-02-13 09:30:00+00:00,2024-02-13 10:00:00+00:00,"EURJPY,EURCHF,GBPJPY",,EURJPY,EURJPY-02-R33E2,ENTRY
2024-02-13 11:30:00+00:00,2024-02-13 12:00:00+00:00,"EURJPY,EURCHF,GBPJPY",EURJPY,EURCHF,EURCHF-02-N1R030E03,ENTRY
2024-02-13 13:30:00+00:00,2024-02-13 14:00:00+00:00,"EURJPY,EURCHF,GBPJPY","EURCHF,EURJPY",GBPJPY,GBPJPY-02-N1R037E11,ENTRY
2024-02-13 15:30:00+00:00,2024-02-13 16:00:00+00:00,"EURJPY,NZDUSD,GBPJPY,USDCAD","EURCHF,GBPJPY",EURJPY,EURJPY-02-R33E2,ENTRY
2024-02-14 01:30:00+00:00,2024-02-14 02:00:00+00:00,GBPJPY,EURJPY,GBPJPY,GBPJPY-02-N1R037E11,ENTRY
2024-02-14 05:30:00+00:00,2024-02-14 06:00:00+00:00,,GBPJPY,,,NO_TRIGGER
2024-02-14 09:30:00+00:00,2024-02-14 10:00:00+00:00,"EURJPY,USDCAD",,EURJPY,EURJPY-02-R33E2,ENTRY
2024-02-14 11:30:00+00:00,2024-02-14 12:00:00+00:00,EURJPY,EURJPY,,,TOP_FOUR_HELD
2024-02-14 13:30:00+00:00,2024-02-14 14:00:00+00:00,"EURJPY,NZDUSD,USDCAD",EURJPY,NZDUSD,NZDUSD-02-N1R136E10,ENTRY
2024-02-14 15:30:00+00:00,2024-02-14 16:00:00+00:00,"EURJPY,NZDUSD,USDCAD",NZDUSD,EURJPY,EURJPY-02-R33E2,ENTRY
2024-02-15 01:30:00+00:00,2024-02-15 02:00:00+00:00,"EURJPY,NZDUSD,GBPJPY",,EURJPY,EURJPY-02-R33E2,ENTRY
2024-02-15 05:30:00+00:00,2024-02-15 06:00:00+00:00,"EURJPY,USDCAD",EURJPY,USDCAD,USDCAD-02-N1R067E02,ENTRY
2024-02-15 09:30:00+00:00,2024-02-15 10:00:00+00:00,"EURGBP,AUDCAD",,EURGBP,EURGBP-02-N1R032E05,ENTRY
2024-02-15 11:30:00+00:00,2024-02-15 12:00:00+00:00,EURGBP,EURGBP,,,TOP_FOUR_HELD
2024-02-15 13:30:00+00:00,2024-02-15 14:00:00+00:00,"CHFJPY,EURGBP,NZDCAD,USDCAD",EURGBP,CHFJPY,CHFJPY-02-R60E8,ENTRY
2024-02-15 15:30:00+00:00,2024-02-15 16:00:00+00:00,"EURJPY,EURUSD,EURGBP,AUDCAD",CHFJPY,EURJPY,EURJPY-02-R33E2,ENTRY
2024-02-16 01:30:00+00:00,2024-02-16 02:00:00+00:00,AUDNZD,EURJPY,AUDNZD,AUDNZD-02-R57E7,ENTRY
2024-02-16 05:30:00+00:00,2024-02-16 06:00:00+00:00,"EURJPY,USDCHF",AUDNZD,EURJPY,EURJPY-02-R33E2,ENTRY
2024-02-16 09:30:00+00:00,2024-02-16 10:00:00+00:00,"EURJPY,AUDCAD",AUDNZD,EURJPY,EURJPY-02-R33E2,ENTRY
2024-02-16 11:30:00+00:00,2024-02-16 12:00:00+00:00,USDCHF,"AUDNZD,EURJPY",USDCHF,USDCHF-02-R27E8,ENTRY
2024-02-16 13:30:00+00:00,2024-02-16 14:00:00+00:00,,"AUDNZD,EURJPY,USDCHF",,,NO_TRIGGER
2024-02-16 15:30:00+00:00,2024-02-16 16:00:00+00:00,"USDCHF,GBPJPY",AUDNZD,USDCHF,USDCHF-02-R27E8,ENTRY
2024-02-19 01:30:00+00:00,2024-02-19 02:00:00+00:00,"EURJPY,GBPJPY",,EURJPY,EURJPY-02-R33E2,ENTRY
2024-02-19 05:30:00+00:00,2024-02-19 06:00:00+00:00,,EURJPY,,,NO_TRIGGER
2024-02-19 09:30:00+00:00,2024-02-19 10:00:00+00:00,EURJPY,EURJPY,,,TOP_FOUR_HELD
2024-02-19 11:30:00+00:00,2024-02-19 12:00:00+00:00,EURJPY,,EURJPY,EURJPY-02-R33E2,ENTRY
2024-02-19 13:30:00+00:00,2024-02-19 14:00:00+00:00,"EURJPY,USDJPY",EURJPY,USDJPY,USDJPY-02-R15E5,ENTRY
2024-02-19 15:30:00+00:00,2024-02-19 16:00:00+00:00,"EURJPY,NZDCAD",USDJPY,EURJPY,EURJPY-02-R33E2,ENTRY
2024-02-20 01:30:00+00:00,2024-02-20 02:00:00+00:00,GBPJPY,,GBPJPY,GBPJPY-02-N1R037E11,ENTRY
2024-02-20 05:30:00+00:00,2024-02-20 06:00:00+00:00,"AUDUSD,CHFJPY,GBPJPY,EURNZD",GBPJPY,AUDUSD,AUDUSD-02-N1R070E09,ENTRY
2024-02-20 09:30:00+00:00,2024-02-20 10:00:00+00:00,"EURJPY,NZDCAD,GBPJPY,EURNZD","AUDUSD,GBPJPY",EURJPY,EURJPY-02-R33E2,ENTRY
2024-02-20 11:30:00+00:00,2024-02-20 12:00:00+00:00,"AUDUSD,EURJPY,EURCHF,EURUSD","EURJPY,GBPJPY",AUDUSD,AUDUSD-02-N1R070E09,ENTRY
2024-02-20 13:30:00+00:00,2024-02-20 14:00:00+00:00,"EURJPY,EURCHF,EURUSD,EURGBP","AUDUSD,GBPJPY",EURJPY,EURJPY-02-R33E2,ENTRY
2024-02-20 15:30:00+00:00,2024-02-20 16:00:00+00:00,"EURJPY,GBPUSD,NZDCAD,GBPJPY",EURJPY,GBPUSD,GBPUSD-02-N1R070E09,ENTRY
2024-02-21 01:30:00+00:00,2024-02-21 02:00:00+00:00,"EURJPY,EURNZD",,EURJPY,EURJPY-02-R33E2,ENTRY
2024-02-21 05:30:00+00:00,2024-02-21 06:00:00+00:00,"AUDUSD,EURJPY,EURNZD,AUDCAD",EURJPY,AUDUSD,AUDUSD-02-N1R070E09,ENTRY
2024-02-21 09:30:00+00:00,2024-02-21 10:00:00+00:00,"EURJPY,USDJPY,USDCHF,GBPJPY",EURJPY,USDJPY,USDJPY-02-R15E5,ENTRY
2024-02-21 11:30:00+00:00,2024-02-21 12:00:00+00:00,"EURJPY,GBPJPY",USDJPY,EURJPY,EURJPY-02-R33E2,ENTRY
2024-02-21 13:30:00+00:00,2024-02-21 14:00:00+00:00,EURJPY,USDJPY,EURJPY,EURJPY-02-R33E2,ENTRY
2024-02-21 15:30:00+00:00,2024-02-21 16:00:00+00:00,EURJPY,"EURJPY,USDJPY",,,TOP_FOUR_HELD
2024-02-22 01:30:00+00:00,2024-02-22 02:00:00+00:00,"EURJPY,GBPJPY,EURNZD",,EURJPY,EURJPY-02-R33E2,ENTRY
2024-02-22 05:30:00+00:00,2024-02-22 06:00:00+00:00,"EURAUD,GBPJPY",EURJPY,EURAUD,EURAUD-02-N1R028E06,ENTRY
2024-02-22 09:30:00+00:00,2024-02-22 10:00:00+00:00,"EURJPY,GBPUSD,GBPJPY,AUDCAD",,EURJPY,EURJPY-02-R33E2,ENTRY
2024-02-22 11:30:00+00:00,2024-02-22 12:00:00+00:00,"EURJPY,USDCHF,GBPJPY,AUDCAD",EURJPY,USDCHF,USDCHF-02-R27E8,ENTRY
2024-02-22 13:30:00+00:00,2024-02-22 14:00:00+00:00,"EURJPY,EURCHF,GBPJPY","EURJPY,USDCHF",EURCHF,EURCHF-02-N1R030E03,ENTRY
2024-02-22 15:30:00+00:00,2024-02-22 16:00:00+00:00,"EURJPY,USDCHF,GBPJPY","EURCHF,USDCHF",EURJPY,EURJPY-02-R33E2,ENTRY
2024-02-23 01:30:00+00:00,2024-02-23 02:00:00+00:00,"EURJPY,GBPJPY","EURCHF,EURJPY,USDCHF",GBPJPY,GBPJPY-02-N1R037E11,ENTRY
2024-02-23 05:30:00+00:00,2024-02-23 06:00:00+00:00,"EURJPY,GBPJPY","EURCHF,EURJPY,GBPJPY,USDCHF",,,TOP_FOUR_HELD
2024-02-23 09:30:00+00:00,2024-02-23 10:00:00+00:00,GBPJPY,"GBPJPY,USDCHF",,,TOP_FOUR_HELD
2024-02-23 11:30:00+00:00,2024-02-23 12:00:00+00:00,GBPJPY,USDCHF,GBPJPY,GBPJPY-02-N1R037E11,ENTRY
2024-02-23 13:30:00+00:00,2024-02-23 14:00:00+00:00,"GBPJPY,EURNZD",GBPJPY,EURNZD,EURNZD-02-N1R137E06,ENTRY
2024-02-23 15:30:00+00:00,2024-02-23 16:00:00+00:00,"EURJPY,GBPJPY,EURNZD",EURNZD,EURJPY,EURJPY-02-R33E2,ENTRY
2024-02-26 01:30:00+00:00,2024-02-26 02:00:00+00:00,EURJPY,,EURJPY,EURJPY-02-R33E2,ENTRY
2024-02-26 05:30:00+00:00,2024-02-26 06:00:00+00:00,"EURJPY,AUDNZD",EURJPY,AUDNZD,AUDNZD-02-R57E7,ENTRY
2024-02-26 09:30:00+00:00,2024-02-26 10:00:00+00:00,"EURJPY,EURUSD,EURAUD",AUDNZD,EURJPY,EURJPY-02-R33E2,ENTRY
2024-02-26 11:30:00+00:00,2024-02-26 12:00:00+00:00,"EURJPY,EURUSD,GBPJPY","AUDNZD,EURJPY",EURUSD,EURUSD-02-N1R032E11,ENTRY
2024-02-26 13:30:00+00:00,2024-02-26 14:00:00+00:00,"EURJPY,EURUSD,EURAUD,GBPJPY",EURUSD,EURJPY,EURJPY-02-R33E2,ENTRY
2024-02-26 15:30:00+00:00,2024-02-26 16:00:00+00:00,"EURJPY,EURCHF,EURUSD,EURAUD","EURJPY,EURUSD",EURCHF,EURCHF-02-N1R030E03,ENTRY
2024-02-27 01:30:00+00:00,2024-02-27 02:00:00+00:00,AUDJPY,EURUSD,AUDJPY,AUDJPY-02-N1R087E02,ENTRY
2024-02-27 05:30:00+00:00,2024-02-27 06:00:00+00:00,AUDJPY,EURUSD,AUDJPY,AUDJPY-02-N1R087E02,ENTRY
2024-02-27 09:30:00+00:00,2024-02-27 10:00:00+00:00,"EURJPY,USDCHF",EURUSD,EURJPY,EURJPY-02-R33E2,ENTRY
2024-02-27 11:30:00+00:00,2024-02-27 12:00:00+00:00,"EURJPY,USDCHF,AUDJPY",EURUSD,EURJPY,EURJPY-02-R33E2,ENTRY
2024-02-27 13:30:00+00:00,2024-02-27 14:00:00+00:00,"EURJPY,AUDJPY",,EURJPY,EURJPY-02-R33E2,ENTRY
2024-02-27 15:30:00+00:00,2024-02-27 16:00:00+00:00,"EURJPY,USDCHF,AUDJPY",EURJPY,USDCHF,USDCHF-02-R27E8,ENTRY
2024-02-28 01:30:00+00:00,2024-02-28 02:00:00+00:00,"EURJPY,GBPJPY",USDCHF,EURJPY,EURJPY-02-R33E2,ENTRY
2024-02-28 05:30:00+00:00,2024-02-28 06:00:00+00:00,"AUDNZD,AUDJPY","EURJPY,USDCHF",AUDNZD,AUDNZD-02-R57E7,ENTRY
2024-02-28 09:30:00+00:00,2024-02-28 10:00:00+00:00,"EURAUD,AUDJPY","AUDNZD,USDCHF",EURAUD,EURAUD-02-N1R028E06,ENTRY
2024-02-28 11:30:00+00:00,2024-02-28 12:00:00+00:00,AUDJPY,"AUDNZD,EURAUD,USDCHF",AUDJPY,AUDJPY-02-N1R087E02,ENTRY
2024-02-28 13:30:00+00:00,2024-02-28 14:00:00+00:00,AUDJPY,"AUDJPY,AUDNZD,EURAUD,USDCHF",,,TOP_FOUR_HELD
2024-02-28 15:30:00+00:00,2024-02-28 16:00:00+00:00,AUDJPY,"AUDJPY,AUDNZD,USDCHF",,,TOP_FOUR_HELD
2024-02-29 01:30:00+00:00,2024-02-29 02:00:00+00:00,"EURJPY,NZDUSD,AUDJPY",AUDNZD,EURJPY,EURJPY-02-R33E2,ENTRY
2024-02-29 05:30:00+00:00,2024-02-29 06:00:00+00:00,AUDJPY,AUDNZD,AUDJPY,AUDJPY-02-N1R087E02,ENTRY
2024-02-29 09:30:00+00:00,2024-02-29 10:00:00+00:00,"AUDJPY,USDCAD",,AUDJPY,AUDJPY-02-N1R087E02,ENTRY
2024-02-29 11:30:00+00:00,2024-02-29 12:00:00+00:00,"USDJPY,EURGBP,AUDJPY,USDCAD",AUDJPY,USDJPY,USDJPY-02-R15E5,ENTRY
2024-02-29 13:30:00+00:00,2024-02-29 14:00:00+00:00,"USDJPY,EURGBP,AUDJPY","AUDJPY,USDJPY",EURGBP,EURGBP-02-N1R032E05,ENTRY
2024-02-29 15:30:00+00:00,2024-02-29 16:00:00+00:00,,"EURGBP,USDJPY",,,NO_TRIGGER
2024-03-01 01:30:00+00:00,2024-03-01 02:00:00+00:00,EURCHF,USDJPY,EURCHF,EURCHF-03-N1R045E06,ENTRY
2024-03-01 05:30:00+00:00,2024-03-01 06:00:00+00:00,EURCHF,"EURCHF,USDJPY",,,TOP_FOUR_HELD
2024-03-01 09:30:00+00:00,2024-03-01 10:00:00+00:00,"EURCHF,CHFJPY,USDCHF",,EURCHF,EURCHF-03-N1R045E06,ENTRY
2024-03-01 11:30:00+00:00,2024-03-01 12:00:00+00:00,EURCHF,EURCHF,,,TOP_FOUR_HELD
2024-03-01 13:30:00+00:00,2024-03-01 14:00:00+00:00,"EURCHF,CHFJPY",,EURCHF,EURCHF-03-N1R045E06,ENTRY
2024-03-01 15:30:00+00:00,2024-03-01 16:00:00+00:00,"EURNZD,EURCHF,CHFJPY",EURCHF,EURNZD,EURNZD-03-R19E8,ENTRY
2024-03-04 01:30:00+00:00,2024-03-04 02:00:00+00:00,"EURNZD,CHFJPY",,EURNZD,EURNZD-03-R19E8,ENTRY
2024-03-04 05:30:00+00:00,2024-03-04 06:00:00+00:00,"EURCAD,EURUSD,GBPUSD",EURNZD,EURCAD,EURCAD-03-N1R034E04,ENTRY
2024-03-04 09:30:00+00:00,2024-03-04 10:00:00+00:00,"EURJPY,GBPUSD,GBPJPY","EURCAD,EURNZD",EURJPY,EURJPY-03-N1R045E05,ENTRY
2024-03-04 11:30:00+00:00,2024-03-04 12:00:00+00:00,"EURCAD,EURJPY,GBPUSD,GBPJPY","EURCAD,EURJPY,EURNZD",GBPUSD,GBPUSD-03-N1R061E03,ENTRY
2024-03-04 13:30:00+00:00,2024-03-04 14:00:00+00:00,"EURCAD,EURJPY,GBPUSD,GBPJPY","EURCAD,EURJPY,EURNZD,GBPUSD",GBPJPY,GBPJPY-03-N1R052E03,ENTRY
2024-03-04 15:30:00+00:00,2024-03-04 16:00:00+00:00,"EURCAD,EURJPY,GBPUSD,GBPJPY","EURJPY,EURNZD,GBPJPY",EURCAD,EURCAD-03-N1R034E04,ENTRY
2024-03-05 01:30:00+00:00,2024-03-05 02:00:00+00:00,"EURNZD,EURCAD,EURCHF,GBPUSD","EURCAD,EURJPY,EURNZD",EURCHF,EURCHF-03-N1R045E06,ENTRY
2024-03-05 05:30:00+00:00,2024-03-05 06:00:00+00:00,"EURCAD,GBPUSD,GBPJPY","EURCAD,EURCHF,EURJPY",GBPUSD,GBPUSD-03-N1R061E03,ENTRY
2024-03-05 09:30:00+00:00,2024-03-05 10:00:00+00:00,"EURCAD,GBPUSD,CHFJPY,AUDNZD",EURJPY,EURCAD,EURCAD-03-N1R034E04,ENTRY
2024-03-05 11:30:00+00:00,2024-03-05 12:00:00+00:00,"CHFJPY,GBPJPY",,CHFJPY,CHFJPY-03-N1R071E12,ENTRY
2024-03-05 13:30:00+00:00,2024-03-05 14:00:00+00:00,"EURCAD,CHFJPY,GBPJPY",CHFJPY,EURCAD,EURCAD-03-N1R034E04,ENTRY
2024-03-05 15:30:00+00:00,2024-03-05 16:00:00+00:00,"EURAUD,CHFJPY",CHFJPY,EURAUD,EURAUD-03-R19E8,ENTRY
2024-03-06 01:30:00+00:00,2024-03-06 02:00:00+00:00,CHFJPY,"CHFJPY,EURAUD",,,TOP_FOUR_HELD
2024-03-06 05:30:00+00:00,2024-03-06 06:00:00+00:00,GBPUSD,"CHFJPY,EURAUD",GBPUSD,GBPUSD-03-N1R061E03,ENTRY
2024-03-06 09:30:00+00:00,2024-03-06 10:00:00+00:00,"AUDCAD,EURCHF,GBPUSD,CHFJPY",EURAUD,AUDCAD,AUDCAD-03-N1R002E02,ENTRY
2024-03-06 11:30:00+00:00,2024-03-06 12:00:00+00:00,"EURCAD,EURUSD,AUDCAD,EURCHF","AUDCAD,EURAUD",EURCAD,EURCAD-03-N1R034E04,ENTRY
2024-03-06 13:30:00+00:00,2024-03-06 14:00:00+00:00,"EURAUD,EURNZD,EURUSD,EURCHF","AUDCAD,EURAUD",EURNZD,EURNZD-03-R19E8,ENTRY
2024-03-06 15:30:00+00:00,2024-03-06 16:00:00+00:00,"NZDUSD,EURUSD,AUDCAD,EURCHF","EURAUD,EURNZD",NZDUSD,NZDUSD-03-N1R038E03,ENTRY
2024-03-07 01:30:00+00:00,2024-03-07 02:00:00+00:00,"NZDUSD,EURUSD,AUDCAD,GBPUSD",,NZDUSD,NZDUSD-03-N1R038E03,ENTRY
2024-03-07 05:30:00+00:00,2024-03-07 06:00:00+00:00,"NZDUSD,AUDCAD,GBPUSD",,NZDUSD,NZDUSD-03-N1R038E03,ENTRY
2024-03-07 09:30:00+00:00,2024-03-07 10:00:00+00:00,"NZDUSD,AUDCAD,GBPUSD,CHFJPY",NZDUSD,AUDCAD,AUDCAD-03-N1R002E02,ENTRY
2024-03-07 11:30:00+00:00,2024-03-07 12:00:00+00:00,"NZDUSD,AUDCAD,AUDUSD,NZDCAD",AUDCAD,NZDUSD,NZDUSD-03-N1R038E03,ENTRY
2024-03-07 13:30:00+00:00,2024-03-07 14:00:00+00:00,"NZDUSD,AUDUSD,GBPUSD","AUDCAD,NZDUSD",AUDUSD,AUDUSD-03-N1R032E07,ENTRY
2024-03-07 15:30:00+00:00,2024-03-07 16:00:00+00:00,"NZDUSD,AUDCAD",AUDUSD,NZDUSD,NZDUSD-03-N1R038E03,ENTRY
2024-03-08 01:30:00+00:00,2024-03-08 02:00:00+00:00,"NZDUSD,EURUSD,AUDCAD,GBPUSD",,NZDUSD,NZDUSD-03-N1R038E03,ENTRY
2024-03-08 05:30:00+00:00,2024-03-08 06:00:00+00:00,"NZDUSD,EURUSD,GBPUSD,CHFJPY",NZDUSD,EURUSD,EURUSD-03-N1R045E07,ENTRY
2024-03-08 09:30:00+00:00,2024-03-08 10:00:00+00:00,"AUDUSD,GBPUSD,EURGBP",,AUDUSD,AUDUSD-03-N1R032E07,ENTRY
2024-03-08 11:30:00+00:00,2024-03-08 12:00:00+00:00,"NZDUSD,AUDUSD,GBPUSD,CHFJPY",AUDUSD,NZDUSD,NZDUSD-03-N1R038E03,ENTRY
2024-03-08 13:30:00+00:00,2024-03-08 14:00:00+00:00,"NZDUSD,AUDUSD,GBPUSD,CHFJPY",NZDUSD,AUDUSD,AUDUSD-03-N1R032E07,ENTRY
2024-03-08 15:30:00+00:00,2024-03-08 16:00:00+00:00,"NZDUSD,NZDCAD,GBPUSD",AUDUSD,NZDUSD,NZDUSD-03-N1R038E03,ENTRY
2024-03-11 01:30:00+00:00,2024-03-11 02:00:00+00:00,"GBPUSD,CHFJPY",,GBPUSD,GBPUSD-03-N1R061E03,ENTRY
2024-03-11 05:30:00+00:00,2024-03-11 06:00:00+00:00,"AUDJPY,GBPUSD,CHFJPY",GBPUSD,AUDJPY,AUDJPY-03-N1R122E12,ENTRY
2024-03-11 09:30:00+00:00,2024-03-11 10:00:00+00:00,"AUDJPY,GBPUSD",AUDJPY,GBPUSD,GBPUSD-03-N1R061E03,ENTRY
2024-03-11 11:30:00+00:00,2024-03-11 12:00:00+00:00,"GBPUSD,CHFJPY","AUDJPY,GBPUSD",CHFJPY,CHFJPY-03-N1R071E12,ENTRY
2024-03-11 13:30:00+00:00,2024-03-11 14:00:00+00:00,"AUDJPY,AUDNZD","AUDJPY,CHFJPY",AUDNZD,AUDNZD-03-N1R104E02,ENTRY
2024-03-11 15:30:00+00:00,2024-03-11 16:00:00+00:00,AUDJPY,"AUDJPY,AUDNZD,CHFJPY",,,TOP_FOUR_HELD
2024-03-12 01:30:00+00:00,2024-03-12 02:00:00+00:00,"AUDJPY,CHFJPY","AUDJPY,CHFJPY",,,TOP_FOUR_HELD
2024-03-12 05:30:00+00:00,2024-03-12 06:00:00+00:00,EURUSD,AUDJPY,EURUSD,EURUSD-03-N1R045E07,ENTRY
2024-03-12 09:30:00+00:00,2024-03-12 10:00:00+00:00,"EURUSD,CHFJPY",,EURUSD,EURUSD-03-N1R045E07,ENTRY
2024-03-12 11:30:00+00:00,2024-03-12 12:00:00+00:00,,EURUSD,,,NO_TRIGGER
2024-03-12 13:30:00+00:00,2024-03-12 14:00:00+00:00,,,,,NO_TRIGGER
2024-03-12 15:30:00+00:00,2024-03-12 16:00:00+00:00,,,,,NO_TRIGGER
2024-03-13 01:30:00+00:00,2024-03-13 02:00:00+00:00,,,,,NO_TRIGGER
2024-03-13 05:30:00+00:00,2024-03-13 06:00:00+00:00,,,,,NO_TRIGGER
2024-03-13 09:30:00+00:00,2024-03-13 10:00:00+00:00,"USDCAD,EURCAD,GBPJPY",,USDCAD,USDCAD-03-R22E8,ENTRY
2024-03-13 11:30:00+00:00,2024-03-13 12:00:00+00:00,"EURJPY,GBPJPY",USDCAD,EURJPY,EURJPY-03-N1R045E05,ENTRY
2024-03-13 13:30:00+00:00,2024-03-13 14:00:00+00:00,"EURCAD,EURJPY","EURJPY,USDCAD",EURCAD,EURCAD-03-N1R034E04,ENTRY
2024-03-13 15:30:00+00:00,2024-03-13 16:00:00+00:00,"EURNZD,EURJPY","EURJPY,USDCAD",EURNZD,EURNZD-03-R19E8,ENTRY
2024-03-14 01:30:00+00:00,2024-03-14 02:00:00+00:00,"EURUSD,EURCHF,GBPJPY",EURNZD,EURUSD,EURUSD-03-N1R045E07,ENTRY
2024-03-14 05:30:00+00:00,2024-03-14 06:00:00+00:00,"EURCHF,GBPJPY",EURNZD,EURCHF,EURCHF-03-N1R045E06,ENTRY
2024-03-14 09:30:00+00:00,2024-03-14 10:00:00+00:00,GBPJPY,"EURCHF,EURNZD",GBPJPY,GBPJPY-03-N1R052E03,ENTRY
2024-03-14 11:30:00+00:00,2024-03-14 12:00:00+00:00,GBPJPY,"EURCHF,EURNZD,GBPJPY",,,TOP_FOUR_HELD
2024-03-14 13:30:00+00:00,2024-03-14 14:00:00+00:00,GBPJPY,EURNZD,GBPJPY,GBPJPY-03-N1R052E03,ENTRY
2024-03-14 15:30:00+00:00,2024-03-14 16:00:00+00:00,"CHFJPY,GBPJPY","EURNZD,GBPJPY",CHFJPY,CHFJPY-03-N1R071E12,ENTRY
2024-03-15 01:30:00+00:00,2024-03-15 02:00:00+00:00,CHFJPY,CHFJPY,,,TOP_FOUR_HELD
2024-03-15 05:30:00+00:00,2024-03-15 06:00:00+00:00,"EURCHF,CHFJPY",CHFJPY,EURCHF,EURCHF-03-N1R045E06,ENTRY
2024-03-15 09:30:00+00:00,2024-03-15 10:00:00+00:00,AUDCHF,EURCHF,AUDCHF,AUDCHF-03-N1R092E07,ENTRY
2024-03-15 11:30:00+00:00,2024-03-15 12:00:00+00:00,AUDCHF,,AUDCHF,AUDCHF-03-N1R092E07,ENTRY
2024-03-15 13:30:00+00:00,2024-03-15 14:00:00+00:00,"EURJPY,AUDCHF",AUDCHF,EURJPY,EURJPY-03-N1R045E05,ENTRY
2024-03-15 15:30:00+00:00,2024-03-15 16:00:00+00:00,"EURAUD,EURNZD,EURJPY,AUDCHF","AUDCHF,EURJPY",EURAUD,EURAUD-03-R19E8,ENTRY
2024-03-18 01:30:00+00:00,2024-03-18 02:00:00+00:00,"EURJPY,AUDCHF,GBPJPY",,EURJPY,EURJPY-03-N1R045E05,ENTRY
2024-03-18 05:30:00+00:00,2024-03-18 06:00:00+00:00,"EURAUD,GBPJPY",EURJPY,EURAUD,EURAUD-03-R19E8,ENTRY
2024-03-18 09:30:00+00:00,2024-03-18 10:00:00+00:00,"USDCAD,GBPJPY","EURAUD,EURJPY",USDCAD,USDCAD-03-R22E8,ENTRY
2024-03-18 11:30:00+00:00,2024-03-18 12:00:00+00:00,GBPJPY,"EURAUD,EURJPY,USDCAD",GBPJPY,GBPJPY-03-N1R052E03,ENTRY
2024-03-18 13:30:00+00:00,2024-03-18 14:00:00+00:00,"EURCHF,GBPJPY","EURAUD,EURJPY,GBPJPY,USDCAD",EURCHF,EURCHF-03-N1R045E06,ENTRY
2024-03-18 15:30:00+00:00,2024-03-18 16:00:00+00:00,"EURJPY,EURCHF,GBPJPY","EURAUD,EURJPY,GBPJPY,USDCAD",EURCHF,EURCHF-03-N1R045E06,ENTRY
2024-03-19 01:30:00+00:00,2024-03-19 02:00:00+00:00,"EURCHF,GBPJPY","EURAUD,USDCAD",EURCHF,EURCHF-03-N1R045E06,ENTRY
2024-03-19 05:30:00+00:00,2024-03-19 06:00:00+00:00,,"EURAUD,EURCHF,USDCAD",,,NO_TRIGGER
2024-03-19 09:30:00+00:00,2024-03-19 10:00:00+00:00,"EURJPY,AUDCHF",USDCAD,EURJPY,EURJPY-03-N1R045E05,ENTRY
2024-03-19 11:30:00+00:00,2024-03-19 12:00:00+00:00,"EURAUD,EURJPY",EURJPY,EURAUD,EURAUD-03-R19E8,ENTRY
2024-03-19 13:30:00+00:00,2024-03-19 14:00:00+00:00,EURJPY,"EURAUD,EURJPY",,,TOP_FOUR_HELD
2024-03-19 15:30:00+00:00,2024-03-19 16:00:00+00:00,EURJPY,"EURAUD,EURJPY",,,TOP_FOUR_HELD
2024-03-20 01:30:00+00:00,2024-03-20 02:00:00+00:00,"EURJPY,EURCHF,GBPJPY",EURAUD,EURJPY,EURJPY-03-N1R045E05,ENTRY
2024-03-20 05:30:00+00:00,2024-03-20 06:00:00+00:00,"EURJPY,EURCHF,GBPJPY","EURAUD,EURJPY",EURCHF,EURCHF-03-N1R045E06,ENTRY
2024-03-20 09:30:00+00:00,2024-03-20 10:00:00+00:00,"EURJPY,EURCHF,GBPJPY,USDCHF","EURAUD,EURJPY",EURCHF,EURCHF-03-N1R045E06,ENTRY
2024-03-20 11:30:00+00:00,2024-03-20 12:00:00+00:00,"EURJPY,EURCHF,GBPJPY,USDCHF","EURAUD,EURJPY",EURCHF,EURCHF-03-N1R045E06,ENTRY
2024-03-20 13:30:00+00:00,2024-03-20 14:00:00+00:00,"EURNZD,EURCAD,EURJPY,GBPJPY","EURCHF,EURJPY",EURNZD,EURNZD-03-R19E8,ENTRY
2024-03-20 15:30:00+00:00,2024-03-20 16:00:00+00:00,"EURNZD,GBPJPY","EURJPY,EURNZD",GBPJPY,GBPJPY-03-N1R052E03,ENTRY
2024-03-21 01:30:00+00:00,2024-03-21 02:00:00+00:00,"EURUSD,EURJPY,AUDCAD,EURCHF",EURNZD,EURUSD,EURUSD-03-N1R045E07,ENTRY
2024-03-21 05:30:00+00:00,2024-03-21 06:00:00+00:00,"NZDUSD,EURUSD,AUDCAD,GBPUSD","EURNZD,EURUSD",NZDUSD,NZDUSD-03-N1R038E03,ENTRY
2024-03-21 09:30:00+00:00,2024-03-21 10:00:00+00:00,"NZDUSD,GBPUSD","EURNZD,NZDUSD",GBPUSD,GBPUSD-03-N1R061E03,ENTRY
2024-03-21 11:30:00+00:00,2024-03-21 12:00:00+00:00,"NZDUSD,EURNZD,EURCHF,GBPUSD","EURNZD,GBPUSD,NZDUSD",EURCHF,EURCHF-03-N1R045E06,ENTRY
2024-03-21 13:30:00+00:00,2024-03-21 14:00:00+00:00,"EURNZD,EURCHF,GBPUSD",EURNZD,EURCHF,EURCHF-03-N1R045E06,ENTRY
2024-03-21 15:30:00+00:00,2024-03-21 16:00:00+00:00,"EURNZD,EURCHF,GBPUSD",EURCHF,EURNZD,EURNZD-03-R19E8,ENTRY
2024-03-22 01:30:00+00:00,2024-03-22 02:00:00+00:00,,EURNZD,,,NO_TRIGGER
2024-03-22 05:30:00+00:00,2024-03-22 06:00:00+00:00,CHFJPY,EURNZD,CHFJPY,CHFJPY-03-N1R071E12,ENTRY
2024-03-22 09:30:00+00:00,2024-03-22 10:00:00+00:00,"CHFJPY,USDCHF",EURNZD,CHFJPY,CHFJPY-03-N1R071E12,ENTRY
2024-03-22 11:30:00+00:00,2024-03-22 12:00:00+00:00,,"CHFJPY,EURNZD",,,NO_TRIGGER
2024-03-22 13:30:00+00:00,2024-03-22 14:00:00+00:00,"EURNZD,CHFJPY","CHFJPY,EURNZD",,,TOP_FOUR_HELD
2024-03-22 15:30:00+00:00,2024-03-22 16:00:00+00:00,,"CHFJPY,EURNZD",,,NO_TRIGGER
2024-03-25 01:30:00+00:00,2024-03-25 02:00:00+00:00,"AUDJPY,CHFJPY",,AUDJPY,AUDJPY-03-N1R122E12,ENTRY
2024-03-25 05:30:00+00:00,2024-03-25 06:00:00+00:00,AUDJPY,AUDJPY,,,TOP_FOUR_HELD
2024-03-25 09:30:00+00:00,2024-03-25 10:00:00+00:00,"AUDJPY,CHFJPY",AUDJPY,CHFJPY,CHFJPY-03-N1R071E12,ENTRY
2024-03-25 11:30:00+00:00,2024-03-25 12:00:00+00:00,AUDJPY,"AUDJPY,CHFJPY",,,TOP_FOUR_HELD
2024-03-25 13:30:00+00:00,2024-03-25 14:00:00+00:00,CHFJPY,"AUDJPY,CHFJPY",,,TOP_FOUR_HELD
2024-03-25 15:30:00+00:00,2024-03-25 16:00:00+00:00,"USDCAD,EURCHF","AUDJPY,CHFJPY",USDCAD,USDCAD-03-R22E8,ENTRY
2024-03-26 01:30:00+00:00,2024-03-26 02:00:00+00:00,"EURCHF,CHFJPY","AUDJPY,CHFJPY,USDCAD",EURCHF,EURCHF-03-N1R045E06,ENTRY
2024-03-26 05:30:00+00:00,2024-03-26 06:00:00+00:00,"EURCHF,CHFJPY,USDCHF","CHFJPY,EURCHF,USDCAD",USDCHF,USDCHF-03-N1R016E11,ENTRY
2024-03-26 09:30:00+00:00,2024-03-26 10:00:00+00:00,"EURNZD,EURCAD,EURCHF,CHFJPY","USDCAD,USDCHF",EURNZD,EURNZD-03-R19E8,ENTRY
2024-03-26 11:30:00+00:00,2024-03-26 12:00:00+00:00,"EURCAD,EURCHF,CHFJPY,GBPJPY","EURNZD,USDCAD,USDCHF",EURCAD,EURCAD-03-N1R034E04,ENTRY
2024-03-26 13:30:00+00:00,2024-03-26 14:00:00+00:00,"EURUSD,EURCHF,CHFJPY,GBPJPY","EURNZD,USDCAD,USDCHF",EURUSD,EURUSD-03-N1R045E07,ENTRY
2024-03-26 15:30:00+00:00,2024-03-26 16:00:00+00:00,"EURCHF,CHFJPY,GBPJPY","EURNZD,USDCAD",EURCHF,EURCHF-03-N1R045E06,ENTRY
2024-03-27 01:30:00+00:00,2024-03-27 02:00:00+00:00,,EURNZD,,,NO_TRIGGER
2024-03-27 05:30:00+00:00,2024-03-27 06:00:00+00:00,CHFJPY,EURNZD,CHFJPY,CHFJPY-03-N1R071E12,ENTRY
2024-03-27 09:30:00+00:00,2024-03-27 10:00:00+00:00,"CHFJPY,USDCHF","CHFJPY,EURNZD",USDCHF,USDCHF-03-N1R016E11,ENTRY
2024-03-27 11:30:00+00:00,2024-03-27 12:00:00+00:00,"EURAUD,EURNZD,EURCHF,CHFJPY",USDCHF,EURAUD,EURAUD-03-R19E8,ENTRY
2024-03-27 13:30:00+00:00,2024-03-27 14:00:00+00:00,"EURCHF,CHFJPY,USDCHF","EURAUD,USDCHF",EURCHF,EURCHF-03-N1R045E06,ENTRY
2024-03-27 15:30:00+00:00,2024-03-27 16:00:00+00:00,EURCHF,"EURAUD,USDCHF",EURCHF,EURCHF-03-N1R045E06,ENTRY
2024-03-28 01:30:00+00:00,2024-03-28 02:00:00+00:00,CHFJPY,"EURAUD,USDCHF",CHFJPY,CHFJPY-03-N1R071E12,ENTRY
2024-03-28 05:30:00+00:00,2024-03-28 06:00:00+00:00,,"CHFJPY,EURAUD,USDCHF",,,NO_TRIGGER
2024-03-28 09:30:00+00:00,2024-03-28 10:00:00+00:00,EURGBP,"CHFJPY,EURAUD,USDCHF",EURGBP,EURGBP-03-N1R102E09,ENTRY
2024-03-28 11:30:00+00:00,2024-03-28 12:00:00+00:00,"CHFJPY,EURGBP","CHFJPY,EURAUD,EURGBP",,,TOP_FOUR_HELD
2024-03-28 13:30:00+00:00,2024-03-28 14:00:00+00:00,EURGBP,"CHFJPY,EURGBP",,,TOP_FOUR_HELD
2024-03-28 15:30:00+00:00,2024-03-28 16:00:00+00:00,"AUDCHF,EURGBP",EURGBP,AUDCHF,AUDCHF-03-N1R092E07,ENTRY
2024-03-29 01:30:00+00:00,2024-03-29 02:00:00+00:00,AUDJPY,,AUDJPY,AUDJPY-03-N1R122E12,ENTRY
2024-03-29 05:30:00+00:00,2024-03-29 06:00:00+00:00,,AUDJPY,,,NO_TRIGGER
2024-03-29 09:30:00+00:00,2024-03-29 10:00:00+00:00,,AUDJPY,,,NO_TRIGGER
2024-03-29 11:30:00+00:00,2024-03-29 12:00:00+00:00,,AUDJPY,,,NO_TRIGGER
2024-03-29 13:30:00+00:00,2024-03-29 14:00:00+00:00,,,,,NO_TRIGGER
2024-03-29 15:30:00+00:00,2024-03-29 16:00:00+00:00,,,,,NO_TRIGGER
2024-04-01 01:30:00+00:00,2024-04-01 02:00:00+00:00,"AUDUSD,AUDJPY",,AUDUSD,AUDUSD-04-N1R033E11,ENTRY
2024-04-01 05:30:00+00:00,2024-04-01 06:00:00+00:00,"AUDUSD,AUDJPY,EURAUD",AUDUSD,AUDJPY,AUDJPY-04-N1R001E06,ENTRY
2024-04-01 09:30:00+00:00,2024-04-01 10:00:00+00:00,USDCHF,"AUDJPY,AUDUSD",USDCHF,USDCHF-04-N1R079E03,ENTRY
2024-04-01 11:30:00+00:00,2024-04-01 12:00:00+00:00,,"AUDJPY,AUDUSD,USDCHF",,,NO_TRIGGER
2024-04-01 13:30:00+00:00,2024-04-01 14:00:00+00:00,"USDCAD,AUDCHF",AUDUSD,USDCAD,USDCAD-04-R27E8,ENTRY
2024-04-01 15:30:00+00:00,2024-04-01 16:00:00+00:00,"EURCAD,USDJPY",USDCAD,EURCAD,EURCAD-04-R47E8,ENTRY
2024-04-02 01:30:00+00:00,2024-04-02 02:00:00+00:00,USDJPY,EURCAD,USDJPY,USDJPY-04-N1R033E05,ENTRY
2024-04-02 05:30:00+00:00,2024-04-02 06:00:00+00:00,"USDJPY,AUDCHF,EURAUD,AUDNZD","EURCAD,USDJPY",AUDCHF,AUDCHF-04-N1R078E06,ENTRY
2024-04-02 09:30:00+00:00,2024-04-02 10:00:00+00:00,"USDJPY,EURAUD,AUDNZD",EURCAD,USDJPY,USDJPY-04-N1R033E05,ENTRY
2024-04-02 11:30:00+00:00,2024-04-02 12:00:00+00:00,"USDJPY,AUDNZD","EURCAD,USDJPY",AUDNZD,AUDNZD-04-N1R020E12,ENTRY
2024-04-02 13:30:00+00:00,2024-04-02 14:00:00+00:00,EURCHF,"AUDNZD,EURCAD,USDJPY",EURCHF,EURCHF-04-N1R052E11,ENTRY
2024-04-02 15:30:00+00:00,2024-04-02 16:00:00+00:00,NZDCAD,"AUDNZD,EURCAD,EURCHF",NZDCAD,NZDCAD-04-R57E4,ENTRY
2024-04-03 01:30:00+00:00,2024-04-03 02:00:00+00:00,,"AUDNZD,EURCHF,NZDCAD",,,NO_TRIGGER
2024-04-03 05:30:00+00:00,2024-04-03 06:00:00+00:00,"EURCHF,AUDJPY,AUDNZD,AUDCAD","AUDNZD,EURCHF,NZDCAD",AUDJPY,AUDJPY-04-N1R001E06,ENTRY
2024-04-03 09:30:00+00:00,2024-04-03 10:00:00+00:00,"USDJPY,EURJPY,EURCHF,AUDCAD","AUDNZD,EURCHF",USDJPY,USDJPY-04-N1R033E05,ENTRY
2024-04-03 11:30:00+00:00,2024-04-03 12:00:00+00:00,"USDJPY,AUDUSD,EURJPY,EURCHF","AUDNZD,EURCHF,USDJPY",AUDUSD,AUDUSD-04-N1R033E11,ENTRY
2024-04-03 13:30:00+00:00,2024-04-03 14:00:00+00:00,"USDJPY,EURJPY,EURCHF,AUDJPY","AUDUSD,USDJPY",EURJPY,EURJPY-04-N1R005E05,ENTRY
2024-04-03 15:30:00+00:00,2024-04-03 16:00:00+00:00,"USDJPY,NZDUSD,AUDUSD,EURJPY","AUDUSD,EURJPY,USDJPY",NZDUSD,NZDUSD-04-N1R067E05,ENTRY
2024-04-04 01:30:00+00:00,2024-04-04 02:00:00+00:00,"AUDUSD,AUDJPY,EURUSD,AUDCAD",NZDUSD,AUDUSD,AUDUSD-04-N1R033E11,ENTRY
2024-04-04 05:30:00+00:00,2024-04-04 06:00:00+00:00,"AUDUSD,EURCHF,AUDJPY,EURUSD","AUDUSD,NZDUSD",EURCHF,EURCHF-04-N1R052E11,ENTRY
2024-04-04 09:30:00+00:00,2024-04-04 10:00:00+00:00,"CHFJPY,USDJPY,AUDUSD,EURJPY",AUDUSD,CHFJPY,CHFJPY-04-R22E3,ENTRY
2024-04-04 11:30:00+00:00,2024-04-04 12:00:00+00:00,"USDJPY,AUDUSD,AUDJPY,EURUSD","AUDUSD,CHFJPY",USDJPY,USDJPY-04-N1R033E05,ENTRY
2024-04-04 13:30:00+00:00,2024-04-04 14:00:00+00:00,"USDJPY,AUDUSD,EURUSD,AUDNZD","AUDUSD,CHFJPY,USDJPY",EURUSD,EURUSD-04-N1R021E08,ENTRY
2024-04-04 15:30:00+00:00,2024-04-04 16:00:00+00:00,"USDJPY,USDCHF,AUDUSD,EURJPY","AUDUSD,CHFJPY,EURUSD",USDJPY,USDJPY-04-N1R033E05,ENTRY
2024-04-05 01:30:00+00:00,2024-04-05 02:00:00+00:00,NZDUSD,,NZDUSD,NZDUSD-04-N1R067E05,ENTRY
2024-04-05 05:30:00+00:00,2024-04-05 06:00:00+00:00,"GBPUSD,NZDUSD,EURJPY,AUDJPY",NZDUSD,GBPUSD,GBPUSD-04-R52E5,ENTRY
2024-04-05 09:30:00+00:00,2024-04-05 10:00:00+00:00,"NZDUSD,EURJPY,AUDJPY,EURUSD","GBPUSD,NZDUSD",EURJPY,EURJPY-04-N1R005E05,ENTRY
2024-04-05 11:30:00+00:00,2024-04-05 12:00:00+00:00,"USDCHF,NZDUSD,AUDJPY,EURUSD","EURJPY,GBPUSD,NZDUSD",USDCHF,USDCHF-04-N1R079E03,ENTRY
2024-04-05 13:30:00+00:00,2024-04-05 14:00:00+00:00,"AUDUSD,AUDNZD,AUDCAD",EURJPY,AUDUSD,AUDUSD-04-N1R033E11,ENTRY
2024-04-05 15:30:00+00:00,2024-04-05 16:00:00+00:00,"USDCHF,AUDUSD,AUDNZD,AUDCAD",AUDUSD,USDCHF,USDCHF-04-N1R079E03,ENTRY
2024-04-08 01:30:00+00:00,2024-04-08 02:00:00+00:00,AUDUSD,,AUDUSD,AUDUSD-04-N1R033E11,ENTRY
2024-04-08 05:30:00+00:00,2024-04-08 06:00:00+00:00,"USDJPY,EURUSD,AUDCAD,GBPJPY",AUDUSD,USDJPY,USDJPY-04-N1R033E05,ENTRY
2024-04-08 09:30:00+00:00,2024-04-08 10:00:00+00:00,"USDJPY,AUDUSD,EURJPY,AUDJPY","AUDUSD,USDJPY",EURJPY,EURJPY-04-N1R005E05,ENTRY
2024-04-08 11:30:00+00:00,2024-04-08 12:00:00+00:00,"USDJPY,AUDUSD,AUDJPY,AUDCAD","AUDUSD,EURJPY,USDJPY",AUDJPY,AUDJPY-04-N1R001E06,ENTRY
2024-04-08 13:30:00+00:00,2024-04-08 14:00:00+00:00,"USDJPY,AUDUSD,EURCHF,AUDJPY","AUDJPY,AUDUSD,EURJPY,USDJPY",EURCHF,EURCHF-04-N1R052E11,ENTRY
2024-04-08 15:30:00+00:00,2024-04-08 16:00:00+00:00,"USDJPY,AUDUSD,EURJPY,EURCHF","AUDUSD,EURCHF,EURJPY,USDJPY",,,TOP_FOUR_HELD
2024-04-09 01:30:00+00:00,2024-04-09 02:00:00+00:00,"AUDUSD,EURJPY,EURCHF,AUDJPY","AUDUSD,EURCHF,USDJPY",EURJPY,EURJPY-04-N1R005E05,ENTRY
2024-04-09 05:30:00+00:00,2024-04-09 06:00:00+00:00,"USDJPY,AUDUSD,EURCHF,AUDCAD","EURCHF,EURJPY,USDJPY",AUDUSD,AUDUSD-04-N1R033E11,ENTRY
2024-04-09 09:30:00+00:00,2024-04-09 10:00:00+00:00,"USDJPY,AUDUSD,EURCHF,AUDJPY","AUDUSD,EURCHF,EURJPY",USDJPY,USDJPY-04-N1R033E05,ENTRY
2024-04-09 11:30:00+00:00,2024-04-09 12:00:00+00:00,"GBPUSD,USDJPY,NZDUSD,AUDUSD","AUDUSD,EURCHF,EURJPY,USDJPY",GBPUSD,GBPUSD-04-R52E5,ENTRY
2024-04-09 13:30:00+00:00,2024-04-09 14:00:00+00:00,"GBPUSD,AUDUSD,EURJPY,EURCHF","AUDUSD,EURCHF,EURJPY,GBPUSD,USDJPY",,,TOP_FOUR_HELD
2024-04-09 15:30:00+00:00,2024-04-09 16:00:00+00:00,"GBPUSD,AUDUSD,EURCHF,EURUSD","AUDUSD,GBPUSD",EURCHF,EURCHF-04-N1R052E11,ENTRY
2024-04-10 01:30:00+00:00,2024-04-10 02:00:00+00:00,"AUDUSD,AUDJPY,EURUSD,EURAUD","AUDUSD,EURCHF,GBPUSD",AUDJPY,AUDJPY-04-N1R001E06,ENTRY
2024-04-10 05:30:00+00:00,2024-04-10 06:00:00+00:00,"AUDUSD,EURAUD,EURGBP,GBPJPY","AUDJPY,AUDUSD,EURCHF,GBPUSD",EURAUD,EURAUD-04-N1R114E10,ENTRY
2024-04-10 09:30:00+00:00,2024-04-10 10:00:00+00:00,"USDJPY,USDCAD,EURJPY,AUDJPY","EURAUD,EURCHF,GBPUSD",USDJPY,USDJPY-04-N1R033E05,ENTRY
2024-04-10 11:30:00+00:00,2024-04-10 12:00:00+00:00,"USDJPY,EURJPY,EURUSD,EURGBP","EURCHF,GBPUSD,USDJPY",EURJPY,EURJPY-04-N1R005E05,ENTRY
2024-04-10 13:30:00+00:00,2024-04-10 14:00:00+00:00,"USDJPY,EURGBP,GBPJPY",,USDJPY,USDJPY-04-N1R033E05,ENTRY
2024-04-10 15:30:00+00:00,2024-04-10 16:00:00+00:00,"USDJPY,EURGBP,GBPJPY",USDJPY,EURGBP,EURGBP-04-N1R123E11,ENTRY
2024-04-11 01:30:00+00:00,2024-04-11 02:00:00+00:00,USDJPY,EURGBP,USDJPY,USDJPY-04-N1R033E05,ENTRY
2024-04-11 05:30:00+00:00,2024-04-11 06:00:00+00:00,USDJPY,"EURGBP,USDJPY",,,TOP_FOUR_HELD
2024-04-11 09:30:00+00:00,2024-04-11 10:00:00+00:00,USDJPY,"EURGBP,USDJPY",,,TOP_FOUR_HELD
2024-04-11 11:30:00+00:00,2024-04-11 12:00:00+00:00,"USDJPY,AUDCHF","EURGBP,USDJPY",AUDCHF,AUDCHF-04-N1R078E06,ENTRY
2024-04-11 13:30:00+00:00,2024-04-11 14:00:00+00:00,"NZDCAD,USDJPY,AUDCHF","EURGBP,USDJPY",NZDCAD,NZDCAD-04-R57E4,ENTRY
2024-04-11 15:30:00+00:00,2024-04-11 16:00:00+00:00,USDJPY,"EURGBP,NZDCAD,USDJPY",,,TOP_FOUR_HELD
2024-04-12 01:30:00+00:00,2024-04-12 02:00:00+00:00,"USDJPY,EURGBP","NZDCAD,USDJPY",EURGBP,EURGBP-04-N1R123E11,ENTRY
2024-04-12 05:30:00+00:00,2024-04-12 06:00:00+00:00,"AUDCHF,EURAUD,EURGBP,GBPJPY",EURGBP,AUDCHF,AUDCHF-04-N1R078E06,ENTRY
2024-04-12 09:30:00+00:00,2024-04-12 10:00:00+00:00,"CHFJPY,USDJPY,EURGBP",EURGBP,CHFJPY,CHFJPY-04-R22E3,ENTRY
2024-04-12 11:30:00+00:00,2024-04-12 12:00:00+00:00,"USDJPY,AUDCHF,EURGBP","CHFJPY,EURGBP",USDJPY,USDJPY-04-N1R033E05,ENTRY
2024-04-12 13:30:00+00:00,2024-04-12 14:00:00+00:00,"USDJPY,AUDCHF,EURGBP","CHFJPY,EURGBP",USDJPY,USDJPY-04-N1R033E05,ENTRY
2024-04-12 15:30:00+00:00,2024-04-12 16:00:00+00:00,EURGBP,"EURGBP,USDJPY",,,TOP_FOUR_HELD
2024-04-15 01:30:00+00:00,2024-04-15 02:00:00+00:00,USDJPY,,USDJPY,USDJPY-04-N1R033E05,ENTRY
2024-04-15 05:30:00+00:00,2024-04-15 06:00:00+00:00,USDJPY,USDJPY,,,TOP_FOUR_HELD
2024-04-15 09:30:00+00:00,2024-04-15 10:00:00+00:00,"USDJPY,AUDCHF",USDJPY,AUDCHF,AUDCHF-04-N1R078E06,ENTRY
2024-04-15 11:30:00+00:00,2024-04-15 12:00:00+00:00,USDJPY,"AUDCHF,USDJPY",,,TOP_FOUR_HELD
2024-04-15 13:30:00+00:00,2024-04-15 14:00:00+00:00,"USDJPY,AUDCHF",AUDCHF,USDJPY,USDJPY-04-N1R033E05,ENTRY
2024-04-15 15:30:00+00:00,2024-04-15 16:00:00+00:00,"USDJPY,EURNZD,AUDCHF,AUDNZD",,USDJPY,USDJPY-04-N1R033E05,ENTRY
2024-04-16 01:30:00+00:00,2024-04-16 02:00:00+00:00,"USDJPY,EURNZD,AUDNZD,EURGBP",USDJPY,EURNZD,EURNZD-04-N1R045E02,ENTRY
2024-04-16 05:30:00+00:00,2024-04-16 06:00:00+00:00,"USDJPY,EURNZD,EURGBP,GBPJPY",USDJPY,EURNZD,EURNZD-04-N1R045E02,ENTRY
2024-04-16 09:30:00+00:00,2024-04-16 10:00:00+00:00,"USDJPY,EURNZD,AUDCHF,EURJPY",USDJPY,EURNZD,EURNZD-04-N1R045E02,ENTRY
2024-04-16 11:30:00+00:00,2024-04-16 12:00:00+00:00,"USDJPY,EURNZD,EURJPY,EURGBP","EURNZD,USDJPY",EURJPY,EURJPY-04-N1R005E05,ENTRY
2024-04-16 13:30:00+00:00,2024-04-16 14:00:00+00:00,"NZDCAD,USDJPY,AUDCHF,EURJPY","EURJPY,USDJPY",NZDCAD,NZDCAD-04-R57E4,ENTRY
2024-04-16 15:30:00+00:00,2024-04-16 16:00:00+00:00,"USDJPY,EURNZD,GBPJPY","NZDCAD,USDJPY",EURNZD,EURNZD-04-N1R045E02,ENTRY
2024-04-17 01:30:00+00:00,2024-04-17 02:00:00+00:00,"NZDCAD,USDJPY,EURJPY,GBPJPY",NZDCAD,USDJPY,USDJPY-04-N1R033E05,ENTRY
2024-04-17 05:30:00+00:00,2024-04-17 06:00:00+00:00,"USDJPY,AUDCHF,GBPJPY",USDJPY,AUDCHF,AUDCHF-04-N1R078E06,ENTRY
2024-04-17 09:30:00+00:00,2024-04-17 10:00:00+00:00,"USDCHF,AUDCHF,EURJPY,GBPJPY","AUDCHF,USDJPY",USDCHF,USDCHF-04-N1R079E03,ENTRY
2024-04-17 11:30:00+00:00,2024-04-17 12:00:00+00:00,"EURJPY,GBPJPY","USDCHF,USDJPY",EURJPY,EURJPY-04-N1R005E05,ENTRY
2024-04-17 13:30:00+00:00,2024-04-17 14:00:00+00:00,GBPJPY,"EURJPY,USDCHF,USDJPY",GBPJPY,GBPJPY-04-N1R049E07,ENTRY
2024-04-17 15:30:00+00:00,2024-04-17 16:00:00+00:00,"EURJPY,GBPJPY","EURJPY,USDJPY",GBPJPY,GBPJPY-04-N1R049E07,ENTRY
2024-04-18 01:30:00+00:00,2024-04-18 02:00:00+00:00,EURNZD,EURJPY,EURNZD,EURNZD-04-N1R045E02,ENTRY
2024-04-18 05:30:00+00:00,2024-04-18 06:00:00+00:00,"EURJPY,EURUSD",EURJPY,EURUSD,EURUSD-04-N1R021E08,ENTRY
2024-04-18 09:30:00+00:00,2024-04-18 10:00:00+00:00,"USDCHF,AUDUSD,AUDCHF,AUDJPY","EURJPY,EURUSD",USDCHF,USDCHF-04-N1R079E03,ENTRY
2024-04-18 11:30:00+00:00,2024-04-18 12:00:00+00:00,"AUDUSD,AUDCHF","EURJPY,EURUSD,USDCHF",AUDUSD,AUDUSD-04-N1R033E11,ENTRY
2024-04-18 13:30:00+00:00,2024-04-18 14:00:00+00:00,"USDCAD,AUDUSD",AUDUSD,USDCAD,USDCAD-04-R27E8,ENTRY
2024-04-18 15:30:00+00:00,2024-04-18 16:00:00+00:00,USDJPY,"AUDUSD,USDCAD",USDJPY,USDJPY-04-N1R033E05,ENTRY
2024-04-19 01:30:00+00:00,2024-04-19 02:00:00+00:00,"USDJPY,EURNZD","USDCAD,USDJPY",EURNZD,EURNZD-04-N1R045E02,ENTRY
2024-04-19 05:30:00+00:00,2024-04-19 06:00:00+00:00,EURNZD,USDCAD,EURNZD,EURNZD-04-N1R045E02,ENTRY
2024-04-19 09:30:00+00:00,2024-04-19 10:00:00+00:00,EURNZD,USDCAD,EURNZD,EURNZD-04-N1R045E02,ENTRY
2024-04-19 11:30:00+00:00,2024-04-19 12:00:00+00:00,EURNZD,"EURNZD,USDCAD",,,TOP_FOUR_HELD
2024-04-19 13:30:00+00:00,2024-04-19 14:00:00+00:00,USDJPY,"EURNZD,USDCAD",USDJPY,USDJPY-04-N1R033E05,ENTRY
2024-04-19 15:30:00+00:00,2024-04-19 16:00:00+00:00,"USDJPY,EURJPY","EURNZD,USDJPY",EURJPY,EURJPY-04-N1R005E05,ENTRY
2024-04-22 01:30:00+00:00,2024-04-22 02:00:00+00:00,"NZDCAD,USDJPY",,NZDCAD,NZDCAD-04-R57E4,ENTRY
2024-04-22 05:30:00+00:00,2024-04-22 06:00:00+00:00,"CHFJPY,USDJPY",NZDCAD,CHFJPY,CHFJPY-04-R22E3,ENTRY
2024-04-22 09:30:00+00:00,2024-04-22 10:00:00+00:00,"USDJPY,AUDJPY,AUDNZD","CHFJPY,NZDCAD",USDJPY,USDJPY-04-N1R033E05,ENTRY
2024-04-22 11:30:00+00:00,2024-04-22 12:00:00+00:00,"USDJPY,AUDJPY","CHFJPY,USDJPY",AUDJPY,AUDJPY-04-N1R001E06,ENTRY
2024-04-22 13:30:00+00:00,2024-04-22 14:00:00+00:00,"USDJPY,AUDUSD,AUDJPY","AUDJPY,CHFJPY,USDJPY",AUDUSD,AUDUSD-04-N1R033E11,ENTRY
2024-04-22 15:30:00+00:00,2024-04-22 16:00:00+00:00,"USDJPY,EURAUD,AUDNZD","AUDUSD,CHFJPY,USDJPY",EURAUD,EURAUD-04-N1R114E10,ENTRY
2024-04-23 01:30:00+00:00,2024-04-23 02:00:00+00:00,"USDJPY,AUDUSD,EURCHF,AUDJPY","AUDUSD,USDJPY",EURCHF,EURCHF-04-N1R052E11,ENTRY
2024-04-23 05:30:00+00:00,2024-04-23 06:00:00+00:00,"AUDUSD,EURCHF,AUDJPY,EURAUD","AUDUSD,EURCHF,USDJPY",AUDJPY,AUDJPY-04-N1R001E06,ENTRY
2024-04-23 09:30:00+00:00,2024-04-23 10:00:00+00:00,"AUDUSD,EURJPY,EURCHF,AUDNZD","AUDUSD,EURCHF,USDJPY",EURJPY,EURJPY-04-N1R005E05,ENTRY
2024-04-23 11:30:00+00:00,2024-04-23 12:00:00+00:00,"NZDUSD,EURCHF,AUDJPY,AUDNZD","AUDUSD,EURCHF,EURJPY",NZDUSD,NZDUSD-04-N1R067E05,ENTRY
2024-04-23 13:30:00+00:00,2024-04-23 14:00:00+00:00,"USDJPY,NZDUSD,EURJPY,EURCHF","AUDUSD,EURCHF,EURJPY,NZDUSD",USDJPY,USDJPY-04-N1R033E05,ENTRY
2024-04-23 15:30:00+00:00,2024-04-23 16:00:00+00:00,"USDJPY,NZDUSD,AUDUSD,EURJPY","EURCHF,USDJPY",NZDUSD,NZDUSD-04-N1R067E05,ENTRY
2024-04-24 01:30:00+00:00,2024-04-24 02:00:00+00:00,"AUDUSD,EURCHF,AUDJPY,EURAUD","NZDUSD,USDJPY",AUDUSD,AUDUSD-04-N1R033E11,ENTRY
2024-04-24 05:30:00+00:00,2024-04-24 06:00:00+00:00,"USDJPY,AUDUSD,EURCHF,EURUSD","AUDUSD,NZDUSD,USDJPY",EURCHF,EURCHF-04-N1R052E11,ENTRY
2024-04-24 09:30:00+00:00,2024-04-24 10:00:00+00:00,"USDJPY,AUDUSD,EURCHF,EURGBP","AUDUSD,EURCHF,NZDUSD",USDJPY,USDJPY-04-N1R033E05,ENTRY
2024-04-24 11:30:00+00:00,2024-04-24 12:00:00+00:00,"USDJPY,AUDUSD,EURJPY,EURCHF","EURCHF,NZDUSD,USDJPY",AUDUSD,AUDUSD-04-N1R033E11,ENTRY
2024-04-24 13:30:00+00:00,2024-04-24 14:00:00+00:00,"USDJPY,EURCHF,AUDJPY,EURGBP","AUDUSD,EURCHF,NZDUSD",USDJPY,USDJPY-04-N1R033E05,ENTRY
2024-04-24 15:30:00+00:00,2024-04-24 16:00:00+00:00,"USDJPY,NZDUSD,EURJPY,EURUSD","AUDUSD,EURCHF,NZDUSD,USDJPY",EURJPY,EURJPY-04-N1R005E05,ENTRY
2024-04-25 01:30:00+00:00,2024-04-25 02:00:00+00:00,"USDJPY,AUDUSD,EURJPY,AUDJPY","AUDUSD,EURCHF",USDJPY,USDJPY-04-N1R033E05,ENTRY
2024-04-25 05:30:00+00:00,2024-04-25 06:00:00+00:00,"USDJPY,AUDUSD,EURJPY,EURCHF","AUDUSD,EURCHF,USDJPY",EURJPY,EURJPY-04-N1R005E05,ENTRY
2024-04-25 09:30:00+00:00,2024-04-25 10:00:00+00:00,"USDJPY,AUDUSD,EURJPY,EURCHF","AUDUSD,EURJPY,USDJPY",EURCHF,EURCHF-04-N1R052E11,ENTRY
2024-04-25 11:30:00+00:00,2024-04-25 12:00:00+00:00,"USDJPY,AUDUSD,EURCHF,EURUSD","AUDUSD,EURCHF,EURJPY,USDJPY",EURUSD,EURUSD-04-N1R021E08,ENTRY
2024-04-25 13:30:00+00:00,2024-04-25 14:00:00+00:00,"USDJPY,AUDUSD,EURCHF,EURAUD","EURCHF,USDJPY",AUDUSD,AUDUSD-04-N1R033E11,ENTRY
2024-04-25 15:30:00+00:00,2024-04-25 16:00:00+00:00,"USDJPY,AUDUSD,EURCHF,AUDNZD","AUDUSD,EURCHF,USDJPY",AUDNZD,AUDNZD-04-N1R020E12,ENTRY
2024-04-26 01:30:00+00:00,2024-04-26 02:00:00+00:00,"USDJPY,AUDUSD,AUDJPY,EURGBP","AUDNZD,AUDUSD,EURCHF,USDJPY",AUDJPY,AUDJPY-04-N1R001E06,ENTRY
2024-04-26 05:30:00+00:00,2024-04-26 06:00:00+00:00,"USDJPY,AUDUSD,EURJPY,EURCHF","AUDNZD,AUDUSD,EURCHF",USDJPY,USDJPY-04-N1R033E05,ENTRY
2024-04-26 09:30:00+00:00,2024-04-26 10:00:00+00:00,"USDJPY,USDCHF,AUDUSD,EURJPY","AUDNZD,EURCHF",USDJPY,USDJPY-04-N1R033E05,ENTRY
2024-04-26 11:30:00+00:00,2024-04-26 12:00:00+00:00,"USDJPY,AUDUSD,EURJPY,EURUSD","AUDNZD,USDJPY",AUDUSD,AUDUSD-04-N1R033E11,ENTRY
2024-04-26 13:30:00+00:00,2024-04-26 14:00:00+00:00,"USDJPY,AUDUSD,AUDJPY,GBPJPY","AUDNZD,AUDUSD,USDJPY",AUDJPY,AUDJPY-04-N1R001E06,ENTRY
2024-04-26 15:30:00+00:00,2024-04-26 16:00:00+00:00,"GBPUSD,USDJPY,AUDUSD,AUDJPY","AUDJPY,AUDNZD,AUDUSD,USDJPY",GBPUSD,GBPUSD-04-R52E5,ENTRY
2024-04-29 01:30:00+00:00,2024-04-29 02:00:00+00:00,"USDJPY,NZDUSD,EURJPY,AUDJPY",,USDJPY,USDJPY-04-N1R033E05,ENTRY
2024-04-29 05:30:00+00:00,2024-04-29 06:00:00+00:00,"USDJPY,AUDUSD,EURUSD,EURAUD",,USDJPY,USDJPY-04-N1R033E05,ENTRY
2024-04-29 09:30:00+00:00,2024-04-29 10:00:00+00:00,"CHFJPY,GBPUSD,AUDUSD,EURGBP",,CHFJPY,CHFJPY-04-R22E3,ENTRY
2024-04-29 11:30:00+00:00,2024-04-29 12:00:00+00:00,"CHFJPY,GBPUSD,AUDUSD,AUDJPY",CHFJPY,GBPUSD,GBPUSD-04-R52E5,ENTRY
2024-04-29 13:30:00+00:00,2024-04-29 14:00:00+00:00,"AUDUSD,EURJPY,AUDJPY,EURGBP","CHFJPY,GBPUSD",AUDUSD,AUDUSD-04-N1R033E11,ENTRY
2024-04-29 15:30:00+00:00,2024-04-29 16:00:00+00:00,"GBPUSD,AUDUSD,EURJPY,AUDJPY","AUDUSD,CHFJPY,GBPUSD",EURJPY,EURJPY-04-N1R005E05,ENTRY
2024-04-30 01:30:00+00:00,2024-04-30 02:00:00+00:00,"AUDUSD,AUDJPY,AUDNZD,EURGBP","AUDUSD,CHFJPY,GBPUSD",AUDJPY,AUDJPY-04-N1R001E06,ENTRY
2024-04-30 05:30:00+00:00,2024-04-30 06:00:00+00:00,"USDJPY,EURGBP","AUDJPY,AUDUSD,CHFJPY,GBPUSD",USDJPY,USDJPY-04-N1R033E05,ENTRY
2024-04-30 09:30:00+00:00,2024-04-30 10:00:00+00:00,"USDJPY,EURJPY,AUDJPY,EURGBP","CHFJPY,GBPUSD,USDJPY",EURJPY,EURJPY-04-N1R005E05,ENTRY
2024-04-30 11:30:00+00:00,2024-04-30 12:00:00+00:00,"USDJPY,USDCHF,EURJPY,AUDJPY","EURJPY,GBPUSD,USDJPY",USDCHF,USDCHF-04-N1R079E03,ENTRY
2024-04-30 13:30:00+00:00,2024-04-30 14:00:00+00:00,"GBPUSD,USDJPY,EURNZD,EURGBP","EURJPY,USDJPY",GBPUSD,GBPUSD-04-R52E5,ENTRY
2024-04-30 15:30:00+00:00,2024-04-30 16:00:00+00:00,"GBPUSD,USDJPY,EURNZD,EURCHF","EURJPY,GBPUSD,USDJPY",EURNZD,EURNZD-04-N1R045E02,ENTRY
2024-05-01 01:30:00+00:00,2024-05-01 02:00:00+00:00,"USDJPY,EURJPY,CHFJPY,NZDUSD","EURJPY,USDJPY",CHFJPY,CHFJPY-05-N1R017E06,ENTRY
2024-05-01 05:30:00+00:00,2024-05-01 06:00:00+00:00,"USDCAD,USDJPY,EURJPY,NZDUSD","CHFJPY,EURJPY,USDJPY",USDCAD,USDCAD-05-N1R004E11,ENTRY
2024-05-01 09:30:00+00:00,2024-05-01 10:00:00+00:00,"USDJPY,EURJPY","EURJPY,USDCAD",USDJPY,USDJPY-05-N1R033E08,ENTRY
2024-05-01 11:30:00+00:00,2024-05-01 12:00:00+00:00,"USDJPY,EURJPY","USDCAD,USDJPY",EURJPY,EURJPY-05-N1R017E06,ENTRY
2024-05-01 13:30:00+00:00,2024-05-01 14:00:00+00:00,"USDJPY,EURJPY","EURJPY,USDCAD,USDJPY",,,TOP_FOUR_HELD
2024-05-01 15:30:00+00:00,2024-05-01 16:00:00+00:00,"EURNZD,EURJPY",,EURNZD,EURNZD-05-R05E6,ENTRY
2024-05-02 01:30:00+00:00,2024-05-02 02:00:00+00:00,,,,,NO_TRIGGER
2024-05-02 05:30:00+00:00,2024-05-02 06:00:00+00:00,,,,,NO_TRIGGER
2024-05-02 09:30:00+00:00,2024-05-02 10:00:00+00:00,"EURAUD,USDCHF",,EURAUD,EURAUD-05-N1R124E05,ENTRY
2024-05-02 11:30:00+00:00,2024-05-02 12:00:00+00:00,USDCHF,EURAUD,USDCHF,USDCHF-05-N1R111E08,ENTRY
2024-05-02 13:30:00+00:00,2024-05-02 14:00:00+00:00,"EURAUD,USDCHF","EURAUD,USDCHF",,,TOP_FOUR_HELD
2024-05-02 15:30:00+00:00,2024-05-02 16:00:00+00:00,"EURAUD,USDCHF","EURAUD,USDCHF",,,TOP_FOUR_HELD
2024-05-03 01:30:00+00:00,2024-05-03 02:00:00+00:00,"AUDCAD,EURAUD,USDCHF",EURAUD,AUDCAD,AUDCAD-05-N1R019E11,ENTRY
2024-05-03 05:30:00+00:00,2024-05-03 06:00:00+00:00,"AUDUSD,EURAUD,USDCHF,EURGBP","AUDCAD,EURAUD",AUDUSD,AUDUSD-05-N1R048E10,ENTRY
2024-05-03 09:30:00+00:00,2024-05-03 10:00:00+00:00,"EURAUD,USDCHF","AUDCAD,AUDUSD,EURAUD",USDCHF,USDCHF-05-N1R111E08,ENTRY
2024-05-03 11:30:00+00:00,2024-05-03 12:00:00+00:00,"GBPUSD,EURAUD,USDCHF,EURCAD","AUDCAD,AUDUSD,USDCHF",GBPUSD,GBPUSD-05-N1R042E08,ENTRY
2024-05-03 13:30:00+00:00,2024-05-03 14:00:00+00:00,"AUDCAD,GBPUSD,EURAUD,USDCHF",,AUDCAD,AUDCAD-05-N1R019E11,ENTRY
2024-05-03 15:30:00+00:00,2024-05-03 16:00:00+00:00,"AUDCAD,GBPUSD,EURAUD,USDCHF",AUDCAD,GBPUSD,GBPUSD-05-N1R042E08,ENTRY
2024-05-06 01:30:00+00:00,2024-05-06 02:00:00+00:00,"AUDCAD,EURAUD,USDCHF",,AUDCAD,AUDCAD-05-N1R019E11,ENTRY
2024-05-06 05:30:00+00:00,2024-05-06 06:00:00+00:00,EURAUD,AUDCAD,EURAUD,EURAUD-05-N1R124E05,ENTRY
2024-05-06 09:30:00+00:00,2024-05-06 10:00:00+00:00,"AUDJPY,EURAUD","AUDCAD,EURAUD",AUDJPY,AUDJPY-05-N1R001E05,ENTRY
2024-05-06 11:30:00+00:00,2024-05-06 12:00:00+00:00,"AUDJPY,EURAUD","AUDCAD,AUDJPY,EURAUD",,,TOP_FOUR_HELD
2024-05-06 13:30:00+00:00,2024-05-06 14:00:00+00:00,"AUDUSD,EURAUD","AUDCAD,AUDJPY,EURAUD",AUDUSD,AUDUSD-05-N1R048E10,ENTRY
2024-05-06 15:30:00+00:00,2024-05-06 16:00:00+00:00,"AUDUSD,AUDJPY,USDCHF,CHFJPY","AUDCAD,AUDJPY,AUDUSD,EURAUD",USDCHF,USDCHF-05-N1R111E08,ENTRY
2024-05-07 01:30:00+00:00,2024-05-07 02:00:00+00:00,"EURJPY,AUDJPY,EURAUD,CHFJPY","AUDCAD,AUDJPY,AUDUSD,EURAUD,USDCHF",EURJPY,EURJPY-05-N1R017E06,ENTRY
2024-05-07 05:30:00+00:00,2024-05-07 06:00:00+00:00,"EURJPY,CHFJPY",,EURJPY,EURJPY-05-N1R017E06,ENTRY
2024-05-07 09:30:00+00:00,2024-05-07 10:00:00+00:00,USDJPY,,USDJPY,USDJPY-05-N1R033E08,ENTRY
2024-05-07 11:30:00+00:00,2024-05-07 12:00:00+00:00,"USDJPY,AUDJPY",USDJPY,AUDJPY,AUDJPY-05-N1R001E05,ENTRY
2024-05-07 13:30:00+00:00,2024-05-07 14:00:00+00:00,"USDJPY,EURJPY,AUDJPY,CHFJPY","AUDJPY,USDJPY",EURJPY,EURJPY-05-N1R017E06,ENTRY
2024-05-07 15:30:00+00:00,2024-05-07 16:00:00+00:00,"USDJPY,EURJPY,AUDJPY,CHFJPY","AUDJPY,EURJPY,USDJPY",CHFJPY,CHFJPY-05-N1R017E06,ENTRY
2024-05-08 01:30:00+00:00,2024-05-08 02:00:00+00:00,"USDJPY,EURJPY,EURGBP,CHFJPY",AUDJPY,USDJPY,USDJPY-05-N1R033E08,ENTRY
2024-05-08 05:30:00+00:00,2024-05-08 06:00:00+00:00,"GBPJPY,USDJPY,EURJPY,AUDJPY","AUDJPY,USDJPY",GBPJPY,GBPJPY-05-R56E3,ENTRY
2024-05-08 09:30:00+00:00,2024-05-08 10:00:00+00:00,"GBPJPY,AUDCHF,USDJPY,EURJPY","AUDJPY,GBPJPY,USDJPY",AUDCHF,AUDCHF-05-N1R081E02,ENTRY
2024-05-08 11:30:00+00:00,2024-05-08 12:00:00+00:00,"GBPJPY,USDJPY,EURJPY,AUDJPY","AUDCHF,AUDJPY,USDJPY",GBPJPY,GBPJPY-05-R56E3,ENTRY
2024-05-08 13:30:00+00:00,2024-05-08 14:00:00+00:00,"GBPJPY,USDCAD,USDJPY,EURJPY",GBPJPY,USDCAD,USDCAD-05-N1R004E11,ENTRY
2024-05-08 15:30:00+00:00,2024-05-08 16:00:00+00:00,"EURUSD,USDJPY,EURJPY,AUDJPY","GBPJPY,USDCAD",EURUSD,EURUSD-05-R46E8,ENTRY
2024-05-09 01:30:00+00:00,2024-05-09 02:00:00+00:00,"USDJPY,CHFJPY","EURUSD,GBPJPY,USDCAD",USDJPY,USDJPY-05-N1R033E08,ENTRY
2024-05-09 05:30:00+00:00,2024-05-09 06:00:00+00:00,"EURJPY,AUDJPY","EURUSD,GBPJPY,USDCAD,USDJPY",EURJPY,EURJPY-05-N1R017E06,ENTRY
2024-05-09 09:30:00+00:00,2024-05-09 10:00:00+00:00,"USDCAD,EURUSD,USDJPY,EURJPY","EURJPY,EURUSD,GBPJPY,USDCAD,USDJPY",,,TOP_FOUR_HELD
2024-05-09 11:30:00+00:00,2024-05-09 12:00:00+00:00,"EURUSD,USDJPY,EURJPY,AUDJPY","EURUSD,USDCAD,USDJPY",EURJPY,EURJPY-05-N1R017E06,ENTRY
2024-05-09 13:30:00+00:00,2024-05-09 14:00:00+00:00,"USDJPY,EURJPY,AUDJPY,CHFJPY",USDJPY,EURJPY,EURJPY-05-N1R017E06,ENTRY
2024-05-09 15:30:00+00:00,2024-05-09 16:00:00+00:00,"GBPJPY,AUDNZD,USDJPY,EURJPY",EURJPY,GBPJPY,GBPJPY-05-R56E3,ENTRY
2024-05-10 01:30:00+00:00,2024-05-10 02:00:00+00:00,"AUDNZD,USDCHF",GBPJPY,AUDNZD,AUDNZD-05-R52E7,ENTRY
2024-05-10 05:30:00+00:00,2024-05-10 06:00:00+00:00,"AUDNZD,USDJPY,EURJPY,CHFJPY","AUDNZD,GBPJPY",USDJPY,USDJPY-05-N1R033E08,ENTRY
2024-05-10 09:30:00+00:00,2024-05-10 10:00:00+00:00,"GBPJPY,USDJPY,EURJPY,AUDJPY","AUDNZD,USDJPY",GBPJPY,GBPJPY-05-R56E3,ENTRY
2024-05-10 11:30:00+00:00,2024-05-10 12:00:00+00:00,"GBPJPY,USDJPY,EURJPY,AUDJPY","AUDNZD,GBPJPY,USDJPY",EURJPY,EURJPY-05-N1R017E06,ENTRY
2024-05-10 13:30:00+00:00,2024-05-10 14:00:00+00:00,"USDJPY,EURJPY,CHFJPY,EURCAD","EURJPY,GBPJPY,USDJPY",CHFJPY,CHFJPY-05-N1R017E06,ENTRY
2024-05-10 15:30:00+00:00,2024-05-10 16:00:00+00:00,"USDJPY,AUDJPY","GBPJPY,USDJPY",AUDJPY,AUDJPY-05-N1R001E05,ENTRY
2024-05-13 01:30:00+00:00,2024-05-13 02:00:00+00:00,"USDJPY,USDCHF",,USDJPY,USDJPY-05-N1R033E08,ENTRY
2024-05-13 05:30:00+00:00,2024-05-13 06:00:00+00:00,"GBPJPY,AUDJPY,EURCAD",USDJPY,GBPJPY,GBPJPY-05-R56E3,ENTRY
2024-05-13 09:30:00+00:00,2024-05-13 10:00:00+00:00,"GBPJPY,EURJPY,AUDJPY,CHFJPY","GBPJPY,USDJPY",EURJPY,EURJPY-05-N1R017E06,ENTRY
2024-05-13 11:30:00+00:00,2024-05-13 12:00:00+00:00,"GBPJPY,USDJPY,EURJPY,AUDJPY","EURJPY,GBPJPY,USDJPY",AUDJPY,AUDJPY-05-N1R001E05,ENTRY
2024-05-13 13:30:00+00:00,2024-05-13 14:00:00+00:00,"GBPJPY,EURNZD,USDJPY,EURJPY","AUDJPY,USDJPY",GBPJPY,GBPJPY-05-R56E3,ENTRY
2024-05-13 15:30:00+00:00,2024-05-13 16:00:00+00:00,"GBPJPY,GBPUSD,USDJPY,EURJPY","AUDJPY,GBPJPY",GBPUSD,GBPUSD-05-N1R042E08,ENTRY
2024-05-14 01:30:00+00:00,2024-05-14 02:00:00+00:00,"GBPUSD,USDJPY,EURJPY,AUDJPY","AUDJPY,GBPUSD",USDJPY,USDJPY-05-N1R033E08,ENTRY
2024-05-14 05:30:00+00:00,2024-05-14 06:00:00+00:00,"USDJPY,EURJPY,CHFJPY","AUDJPY,USDJPY",EURJPY,EURJPY-05-N1R017E06,ENTRY
2024-05-14 09:30:00+00:00,2024-05-14 10:00:00+00:00,"USDJPY,EURJPY,AUDJPY,CHFJPY","AUDJPY,USDJPY",EURJPY,EURJPY-05-N1R017E06,ENTRY
2024-05-14 11:30:00+00:00,2024-05-14 12:00:00+00:00,"USDJPY,EURJPY,AUDJPY,CHFJPY","AUDJPY,USDJPY",EURJPY,EURJPY-05-N1R017E06,ENTRY
2024-05-14 13:30:00+00:00,2024-05-14 14:00:00+00:00,"USDJPY,EURJPY,AUDJPY,CHFJPY",USDJPY,EURJPY,EURJPY-05-N1R017E06,ENTRY
2024-05-14 15:30:00+00:00,2024-05-14 16:00:00+00:00,"USDJPY,EURJPY,AUDJPY,CHFJPY",EURJPY,USDJPY,USDJPY-05-N1R033E08,ENTRY
2024-05-15 01:30:00+00:00,2024-05-15 02:00:00+00:00,"AUDCAD,USDJPY,AUDJPY",USDJPY,AUDCAD,AUDCAD-05-N1R019E11,ENTRY
2024-05-15 05:30:00+00:00,2024-05-15 06:00:00+00:00,"AUDNZD,GBPUSD,AUDUSD,EURJPY",AUDCAD,AUDNZD,AUDNZD-05-R52E7,ENTRY
2024-05-15 09:30:00+00:00,2024-05-15 10:00:00+00:00,"GBPUSD,AUDUSD,USDCHF","AUDCAD,AUDNZD",GBPUSD,GBPUSD-05-N1R042E08,ENTRY
2024-05-15 11:30:00+00:00,2024-05-15 12:00:00+00:00,"GBPUSD,AUDUSD,USDCHF","AUDCAD,AUDNZD",GBPUSD,GBPUSD-05-N1R042E08,ENTRY
2024-05-15 13:30:00+00:00,2024-05-15 14:00:00+00:00,"GBPUSD,USDCHF",AUDCAD,GBPUSD,GBPUSD-05-N1R042E08,ENTRY
2024-05-15 15:30:00+00:00,2024-05-15 16:00:00+00:00,"GBPUSD,AUDJPY,EURAUD,USDCHF","AUDCAD,GBPUSD",AUDJPY,AUDJPY-05-N1R001E05,ENTRY
2024-05-16 01:30:00+00:00,2024-05-16 02:00:00+00:00,"AUDCAD,GBPUSD,EURAUD,USDCHF",AUDJPY,AUDCAD,AUDCAD-05-N1R019E11,ENTRY
2024-05-16 05:30:00+00:00,2024-05-16 06:00:00+00:00,"GBPUSD,USDCHF",AUDCAD,GBPUSD,GBPUSD-05-N1R042E08,ENTRY
2024-05-16 09:30:00+00:00,2024-05-16 10:00:00+00:00,USDCHF,"AUDCAD,GBPUSD",USDCHF,USDCHF-05-N1R111E08,ENTRY
2024-05-16 11:30:00+00:00,2024-05-16 12:00:00+00:00,,"AUDCAD,GBPUSD,USDCHF",,,NO_TRIGGER
2024-05-16 13:30:00+00:00,2024-05-16 14:00:00+00:00,,AUDCAD,,,NO_TRIGGER
2024-05-16 15:30:00+00:00,2024-05-16 16:00:00+00:00,,AUDCAD,,,NO_TRIGGER
2024-05-17 01:30:00+00:00,2024-05-17 02:00:00+00:00,"EURJPY,AUDJPY",AUDCAD,EURJPY,EURJPY-05-N1R017E06,ENTRY
2024-05-17 05:30:00+00:00,2024-05-17 06:00:00+00:00,EURJPY,EURJPY,,,TOP_FOUR_HELD
2024-05-17 09:30:00+00:00,2024-05-17 10:00:00+00:00,USDJPY,,USDJPY,USDJPY-05-N1R033E08,ENTRY
2024-05-17 11:30:00+00:00,2024-05-17 12:00:00+00:00,USDJPY,USDJPY,,,TOP_FOUR_HELD
2024-05-17 13:30:00+00:00,2024-05-17 14:00:00+00:00,"USDJPY,AUDJPY",USDJPY,AUDJPY,AUDJPY-05-N1R001E05,ENTRY
2024-05-17 15:30:00+00:00,2024-05-17 16:00:00+00:00,"USDJPY,AUDJPY",AUDJPY,USDJPY,USDJPY-05-N1R033E08,ENTRY
2024-05-20 01:30:00+00:00,2024-05-20 02:00:00+00:00,"AUDCAD,AUDNZD,GBPUSD,AUDUSD",,AUDCAD,AUDCAD-05-N1R019E11,ENTRY
2024-05-20 05:30:00+00:00,2024-05-20 06:00:00+00:00,"AUDCAD,AUDNZD,GBPUSD,USDJPY",AUDCAD,AUDNZD,AUDNZD-05-R52E7,ENTRY
2024-05-20 09:30:00+00:00,2024-05-20 10:00:00+00:00,"USDJPY,EURAUD","AUDCAD,AUDNZD",USDJPY,USDJPY-05-N1R033E08,ENTRY
2024-05-20 11:30:00+00:00,2024-05-20 12:00:00+00:00,EURAUD,"AUDCAD,AUDNZD,USDJPY",EURAUD,EURAUD-05-N1R124E05,ENTRY
2024-05-20 13:30:00+00:00,2024-05-20 14:00:00+00:00,USDJPY,,USDJPY,USDJPY-05-N1R033E08,ENTRY
2024-05-20 15:30:00+00:00,2024-05-20 16:00:00+00:00,"USDJPY,EURJPY,AUDJPY",USDJPY,EURJPY,EURJPY-05-N1R017E06,ENTRY
2024-05-21 01:30:00+00:00,2024-05-21 02:00:00+00:00,"USDJPY,EURJPY,AUDJPY",USDJPY,EURJPY,EURJPY-05-N1R017E06,ENTRY
2024-05-21 05:30:00+00:00,2024-05-21 06:00:00+00:00,"USDJPY,EURJPY,CHFJPY",EURJPY,USDJPY,USDJPY-05-N1R033E08,ENTRY
2024-05-21 09:30:00+00:00,2024-05-21 10:00:00+00:00,"USDJPY,AUDJPY",,USDJPY,USDJPY-05-N1R033E08,ENTRY
2024-05-21 11:30:00+00:00,2024-05-21 12:00:00+00:00,AUDJPY,USDJPY,AUDJPY,AUDJPY-05-N1R001E05,ENTRY
2024-05-21 13:30:00+00:00,2024-05-21 14:00:00+00:00,"AUDJPY,CHFJPY","AUDJPY,USDJPY",CHFJPY,CHFJPY-05-N1R017E06,ENTRY
2024-05-21 15:30:00+00:00,2024-05-21 16:00:00+00:00,,,,,NO_TRIGGER
2024-05-22 01:30:00+00:00,2024-05-22 02:00:00+00:00,"GBPJPY,EURNZD,USDJPY,EURJPY",,GBPJPY,GBPJPY-05-R56E3,ENTRY
2024-05-22 05:30:00+00:00,2024-05-22 06:00:00+00:00,"AUDNZD,USDCAD,EURUSD,USDJPY",GBPJPY,AUDNZD,AUDNZD-05-R52E7,ENTRY
2024-05-22 09:30:00+00:00,2024-05-22 10:00:00+00:00,"GBPJPY,USDCAD,EURUSD,USDJPY",AUDNZD,GBPJPY,GBPJPY-05-R56E3,ENTRY
2024-05-22 11:30:00+00:00,2024-05-22 12:00:00+00:00,"USDJPY,AUDJPY","AUDNZD,GBPJPY",USDJPY,USDJPY-05-N1R033E08,ENTRY
2024-05-22 13:30:00+00:00,2024-05-22 14:00:00+00:00,"USDCAD,EURUSD,USDJPY","AUDNZD,GBPJPY,USDJPY",USDCAD,USDCAD-05-N1R004E11,ENTRY
2024-05-22 15:30:00+00:00,2024-05-22 16:00:00+00:00,USDJPY,"AUDNZD,GBPJPY,USDCAD",USDJPY,USDJPY-05-N1R033E08,ENTRY
2024-05-23 01:30:00+00:00,2024-05-23 02:00:00+00:00,"USDJPY,EURJPY","GBPJPY,USDCAD",USDJPY,USDJPY-05-N1R033E08,ENTRY
2024-05-23 05:30:00+00:00,2024-05-23 06:00:00+00:00,"USDJPY,EURJPY","USDCAD,USDJPY",EURJPY,EURJPY-05-N1R017E06,ENTRY
2024-05-23 09:30:00+00:00,2024-05-23 10:00:00+00:00,"EURUSD,USDJPY,EURJPY","USDCAD,USDJPY",EURUSD,EURUSD-05-R46E8,ENTRY
2024-05-23 11:30:00+00:00,2024-05-23 12:00:00+00:00,EURJPY,"EURUSD,USDCAD,USDJPY",EURJPY,EURJPY-05-N1R017E06,ENTRY
2024-05-23 13:30:00+00:00,2024-05-23 14:00:00+00:00,"GBPJPY,EURJPY","EURUSD,USDCAD,USDJPY",GBPJPY,GBPJPY-05-R56E3,ENTRY
2024-05-23 15:30:00+00:00,2024-05-23 16:00:00+00:00,"USDCAD,USDJPY,EURJPY,CHFJPY",EURUSD,USDCAD,USDCAD-05-N1R004E11,ENTRY
2024-05-24 01:30:00+00:00,2024-05-24 02:00:00+00:00,"USDJPY,EURJPY,CHFJPY",EURUSD,USDJPY,USDJPY-05-N1R033E08,ENTRY
2024-05-24 05:30:00+00:00,2024-05-24 06:00:00+00:00,"USDCAD,EURUSD,USDJPY,EURJPY","EURUSD,USDJPY",USDCAD,USDCAD-05-N1R004E11,ENTRY
2024-05-24 09:30:00+00:00,2024-05-24 10:00:00+00:00,"GBPJPY,USDJPY,EURJPY","EURUSD,USDCAD,USDJPY",GBPJPY,GBPJPY-05-R56E3,ENTRY
2024-05-24 11:30:00+00:00,2024-05-24 12:00:00+00:00,"USDJPY,EURJPY,CHFJPY","GBPJPY,USDCAD,USDJPY",EURJPY,EURJPY-05-N1R017E06,ENTRY
2024-05-24 13:30:00+00:00,2024-05-24 14:00:00+00:00,"GBPJPY,USDJPY,EURJPY","GBPJPY,USDJPY",EURJPY,EURJPY-05-N1R017E06,ENTRY
2024-05-24 15:30:00+00:00,2024-05-24 16:00:00+00:00,"GBPJPY,EURJPY,CHFJPY",EURJPY,GBPJPY,GBPJPY-05-R56E3,ENTRY
2024-05-27 01:30:00+00:00,2024-05-27 02:00:00+00:00,GBPUSD,,GBPUSD,GBPUSD-05-N1R042E08,ENTRY
2024-05-27 05:30:00+00:00,2024-05-27 06:00:00+00:00,GBPUSD,GBPUSD,,,TOP_FOUR_HELD
2024-05-27 09:30:00+00:00,2024-05-27 10:00:00+00:00,"GBPJPY,EURJPY,AUDJPY",GBPUSD,GBPJPY,GBPJPY-05-R56E3,ENTRY
2024-05-27 11:30:00+00:00,2024-05-27 12:00:00+00:00,"GBPJPY,GBPUSD,AUDUSD,EURJPY","GBPJPY,GBPUSD",AUDUSD,AUDUSD-05-N1R048E10,ENTRY
2024-05-27 13:30:00+00:00,2024-05-27 14:00:00+00:00,"GBPUSD,USDJPY,AUDUSD,EURJPY","AUDUSD,GBPJPY,GBPUSD",USDJPY,USDJPY-05-N1R033E08,ENTRY
2024-05-27 15:30:00+00:00,2024-05-27 16:00:00+00:00,"GBPUSD,USDJPY,AUDUSD,AUDJPY","AUDUSD,GBPJPY,USDJPY",GBPUSD,GBPUSD-05-N1R042E08,ENTRY
2024-05-28 01:30:00+00:00,2024-05-28 02:00:00+00:00,"AUDNZD,GBPUSD,USDJPY,EURJPY","GBPJPY,GBPUSD,USDJPY",AUDNZD,AUDNZD-05-R52E7,ENTRY
2024-05-28 05:30:00+00:00,2024-05-28 06:00:00+00:00,"AUDNZD,GBPUSD,EURJPY,AUDJPY","AUDNZD,GBPJPY",GBPUSD,GBPUSD-05-N1R042E08,ENTRY
2024-05-28 09:30:00+00:00,2024-05-28 10:00:00+00:00,"GBPUSD,AUDUSD,EURJPY,AUDJPY",AUDNZD,GBPUSD,GBPUSD-05-N1R042E08,ENTRY
2024-05-28 11:30:00+00:00,2024-05-28 12:00:00+00:00,"EURJPY,AUDJPY,USDCHF,CHFJPY","AUDNZD,GBPUSD",EURJPY,EURJPY-05-N1R017E06,ENTRY
2024-05-28 13:30:00+00:00,2024-05-28 14:00:00+00:00,"EURJPY,AUDJPY,USDCHF,CHFJPY",AUDNZD,EURJPY,EURJPY-05-N1R017E06,ENTRY
2024-05-28 15:30:00+00:00,2024-05-28 16:00:00+00:00,"AUDNZD,USDCHF,CHFJPY",AUDNZD,USDCHF,USDCHF-05-N1R111E08,ENTRY
2024-05-29 01:30:00+00:00,2024-05-29 02:00:00+00:00,"GBPJPY,USDJPY,EURJPY,AUDJPY",,GBPJPY,GBPJPY-05-R56E3,ENTRY
2024-05-29 05:30:00+00:00,2024-05-29 06:00:00+00:00,"USDJPY,AUDJPY,CHFJPY",GBPJPY,USDJPY,USDJPY-05-N1R033E08,ENTRY
2024-05-29 09:30:00+00:00,2024-05-29 10:00:00+00:00,"USDJPY,AUDJPY",,USDJPY,USDJPY-05-N1R033E08,ENTRY
2024-05-29 11:30:00+00:00,2024-05-29 12:00:00+00:00,,USDJPY,,,NO_TRIGGER
2024-05-29 13:30:00+00:00,2024-05-29 14:00:00+00:00,"EURJPY,CHFJPY",USDJPY,EURJPY,EURJPY-05-N1R017E06,ENTRY
2024-05-29 15:30:00+00:00,2024-05-29 16:00:00+00:00,"EURJPY,CHFJPY",,EURJPY,EURJPY-05-N1R017E06,ENTRY
2024-05-30 01:30:00+00:00,2024-05-30 02:00:00+00:00,"USDJPY,NZDUSD",,USDJPY,USDJPY-05-N1R033E08,ENTRY
2024-05-30 05:30:00+00:00,2024-05-30 06:00:00+00:00,"USDCAD,NZDUSD",,USDCAD,USDCAD-05-N1R004E11,ENTRY
2024-05-30 09:30:00+00:00,2024-05-30 10:00:00+00:00,"AUDCHF,USDCHF,CHFJPY,NZDUSD",USDCAD,AUDCHF,AUDCHF-05-N1R081E02,ENTRY
2024-05-30 11:30:00+00:00,2024-05-30 12:00:00+00:00,"AUDCHF,USDCHF,CHFJPY,NZDUSD","AUDCHF,USDCAD",USDCHF,USDCHF-05-N1R111E08,ENTRY
2024-05-30 13:30:00+00:00,2024-05-30 14:00:00+00:00,"USDCHF,CHFJPY",USDCHF,CHFJPY,CHFJPY-05-N1R017E06,ENTRY
2024-05-30 15:30:00+00:00,2024-05-30 16:00:00+00:00,"USDCHF,CHFJPY",CHFJPY,USDCHF,USDCHF-05-N1R111E08,ENTRY
2024-05-31 01:30:00+00:00,2024-05-31 02:00:00+00:00,"EURNZD,USDCHF,CHFJPY",USDCHF,EURNZD,EURNZD-05-R05E6,ENTRY
2024-05-31 05:30:00+00:00,2024-05-31 06:00:00+00:00,,,,,NO_TRIGGER
2024-05-31 09:30:00+00:00,2024-05-31 10:00:00+00:00,"EURCHF,EURAUD,EURGBP,CHFJPY",,EURCHF,EURCHF-05-R55E5,ENTRY
2024-05-31 11:30:00+00:00,2024-05-31 12:00:00+00:00,"EURCHF,EURAUD,EURGBP,CHFJPY",EURCHF,EURAUD,EURAUD-05-N1R124E05,ENTRY
2024-05-31 13:30:00+00:00,2024-05-31 14:00:00+00:00,"EURGBP,CHFJPY","EURAUD,EURCHF",EURGBP,EURGBP-05-N1R007E04,ENTRY
2024-05-31 15:30:00+00:00,2024-05-31 16:00:00+00:00,"CHFJPY,EURCAD","EURAUD,EURGBP",CHFJPY,CHFJPY-05-N1R017E06,ENTRY
2024-06-03 01:30:00+00:00,2024-06-03 02:00:00+00:00,CHFJPY,,CHFJPY,CHFJPY-06-N1R001E08,ENTRY
2024-06-03 05:30:00+00:00,2024-06-03 06:00:00+00:00,"GBPJPY,AUDCHF,CHFJPY,EURJPY",CHFJPY,GBPJPY,GBPJPY-06-N1R001E04,ENTRY
2024-06-03 09:30:00+00:00,2024-06-03 10:00:00+00:00,AUDCHF,,AUDCHF,AUDCHF-06-N1R087E05,ENTRY
2024-06-03 11:30:00+00:00,2024-06-03 12:00:00+00:00,"AUDCHF,CHFJPY,USDCHF,AUDNZD",AUDCHF,CHFJPY,CHFJPY-06-N1R001E08,ENTRY
2024-06-03 13:30:00+00:00,2024-06-03 14:00:00+00:00,"USDCHF,EURJPY,AUDJPY,AUDNZD",CHFJPY,USDCHF,USDCHF-06-N1R136E05,ENTRY
2024-06-03 15:30:00+00:00,2024-06-03 16:00:00+00:00,"CHFJPY,USDCHF,GBPUSD,AUDNZD","CHFJPY,USDCHF",GBPUSD,GBPUSD-06-N1R029E06,ENTRY
2024-06-04 01:30:00+00:00,2024-06-04 02:00:00+00:00,"GBPJPY,CHFJPY,EURCAD,EURJPY",,GBPJPY,GBPJPY-06-N1R001E04,ENTRY
2024-06-04 05:30:00+00:00,2024-06-04 06:00:00+00:00,"AUDCHF,EURCAD,AUDNZD",GBPJPY,AUDCHF,AUDCHF-06-N1R087E05,ENTRY
2024-06-04 09:30:00+00:00,2024-06-04 10:00:00+00:00,"AUDCHF,USDCHF,EURCAD,AUDNZD",AUDCHF,USDCHF,USDCHF-06-N1R136E05,ENTRY
2024-06-04 11:30:00+00:00,2024-06-04 12:00:00+00:00,"AUDCAD,AUDCHF,AUDNZD,EURAUD",USDCHF,AUDCAD,AUDCAD-06-R62E4,ENTRY
2024-06-04 13:30:00+00:00,2024-06-04 14:00:00+00:00,"AUDCHF,CHFJPY,AUDNZD,EURAUD","AUDCAD,USDCHF",AUDCHF,AUDCHF-06-N1R087E05,ENTRY
2024-06-04 15:30:00+00:00,2024-06-04 16:00:00+00:00,"AUDCHF,AUDNZD,EURAUD","AUDCAD,AUDCHF",AUDNZD,AUDNZD-06-N1R124E01,ENTRY
2024-06-05 01:30:00+00:00,2024-06-05 02:00:00+00:00,"CHFJPY,AUDNZD,EURAUD","AUDCAD,AUDCHF",CHFJPY,CHFJPY-06-N1R001E08,ENTRY
2024-06-05 05:30:00+00:00,2024-06-05 06:00:00+00:00,"USDCAD,CHFJPY,AUDNZD,EURAUD","AUDCAD,AUDCHF,CHFJPY",USDCAD,USDCAD-06-N1R069E08,ENTRY
2024-06-05 09:30:00+00:00,2024-06-05 10:00:00+00:00,"CHFJPY,USDCHF,AUDNZD","AUDCAD,CHFJPY,USDCAD",USDCHF,USDCHF-06-N1R136E05,ENTRY
2024-06-05 11:30:00+00:00,2024-06-05 12:00:00+00:00,"AUDCAD,AUDCHF,AUDNZD","AUDCAD,CHFJPY,USDCAD,USDCHF",AUDCHF,AUDCHF-06-N1R087E05,ENTRY
2024-06-05 13:30:00+00:00,2024-06-05 14:00:00+00:00,"EURGBP,AUDCHF,CHFJPY","AUDCHF,CHFJPY,USDCAD,USDCHF",EURGBP,EURGBP-06-N1R117E03,ENTRY
2024-06-05 15:30:00+00:00,2024-06-05 16:00:00+00:00,"USDCAD,AUDCHF,USDCHF,AUDNZD",AUDCHF,USDCAD,USDCAD-06-N1R069E08,ENTRY
2024-06-06 01:30:00+00:00,2024-06-06 02:00:00+00:00,,AUDCHF,,,NO_TRIGGER
2024-06-06 05:30:00+00:00,2024-06-06 06:00:00+00:00,"EURUSD,USDCAD",,EURUSD,EURUSD-06-N1R028E07,ENTRY
2024-06-06 09:30:00+00:00,2024-06-06 10:00:00+00:00,"USDCAD,GBPJPY,AUDCHF,CHFJPY",,USDCAD,USDCAD-06-N1R069E08,ENTRY
2024-06-06 11:30:00+00:00,2024-06-06 12:00:00+00:00,AUDCHF,USDCAD,AUDCHF,AUDCHF-06-N1R087E05,ENTRY
2024-06-06 13:30:00+00:00,2024-06-06 14:00:00+00:00,"GBPJPY,AUDCHF,CHFJPY,EURJPY","AUDCHF,USDCAD",GBPJPY,GBPJPY-06-N1R001E04,ENTRY
2024-06-06 15:30:00+00:00,2024-06-06 16:00:00+00:00,"AUDCHF,AUDJPY",GBPJPY,AUDCHF,AUDCHF-06-N1R087E05,ENTRY
2024-06-07 01:30:00+00:00,2024-06-07 02:00:00+00:00,"AUDCHF,CHFJPY",AUDCHF,CHFJPY,CHFJPY-06-N1R001E08,ENTRY
2024-06-07 05:30:00+00:00,2024-06-07 06:00:00+00:00,EURUSD,"AUDCHF,CHFJPY",EURUSD,EURUSD-06-N1R028E07,ENTRY
2024-06-07 09:30:00+00:00,2024-06-07 10:00:00+00:00,AUDCHF,AUDCHF,,,TOP_FOUR_HELD
2024-06-07 11:30:00+00:00,2024-06-07 12:00:00+00:00,"AUDCHF,CHFJPY",AUDCHF,CHFJPY,CHFJPY-06-N1R001E08,ENTRY
2024-06-07 13:30:00+00:00,2024-06-07 14:00:00+00:00,"AUDCHF,CHFJPY,EURNZD","AUDCHF,CHFJPY",EURNZD,EURNZD-06-N1R049E08,ENTRY
2024-06-07 15:30:00+00:00,2024-06-07 16:00:00+00:00,"AUDCHF,NZDUSD,CHFJPY,EURNZD","CHFJPY,EURNZD",AUDCHF,AUDCHF-06-N1R087E05,ENTRY
2024-06-10 01:30:00+00:00,2024-06-10 02:00:00+00:00,"EURGBP,AUDCHF,NZDUSD,CHFJPY",,EURGBP,EURGBP-06-N1R117E03,ENTRY
2024-06-10 05:30:00+00:00,2024-06-10 06:00:00+00:00,"EURGBP,GBPJPY,CHFJPY,EURNZD",EURGBP,GBPJPY,GBPJPY-06-N1R001E04,ENTRY
2024-06-10 09:30:00+00:00,2024-06-10 10:00:00+00:00,EURNZD,,EURNZD,EURNZD-06-N1R049E08,ENTRY
2024-06-10 11:30:00+00:00,2024-06-10 12:00:00+00:00,"NZDCAD,EURGBP,AUDCHF,EURNZD",EURNZD,NZDCAD,NZDCAD-06-R16E5,ENTRY
2024-06-10 13:30:00+00:00,2024-06-10 14:00:00+00:00,"GBPJPY,AUDCHF,NZDUSD,CHFJPY","EURNZD,NZDCAD",GBPJPY,GBPJPY-06-N1R001E04,ENTRY
2024-06-10 15:30:00+00:00,2024-06-10 16:00:00+00:00,,"EURNZD,GBPJPY,NZDCAD",,,NO_TRIGGER
2024-06-11 01:30:00+00:00,2024-06-11 02:00:00+00:00,"USDCAD,GBPJPY,AUDCHF,CHFJPY",,USDCAD,USDCAD-06-N1R069E08,ENTRY
2024-06-11 05:30:00+00:00,2024-06-11 06:00:00+00:00,"GBPJPY,AUDCHF,CHFJPY",USDCAD,GBPJPY,GBPJPY-06-N1R001E04,ENTRY
2024-06-11 09:30:00+00:00,2024-06-11 10:00:00+00:00,,USDCAD,,,NO_TRIGGER
2024-06-11 11:30:00+00:00,2024-06-11 12:00:00+00:00,"USDJPY,GBPJPY",USDCAD,USDJPY,USDJPY-06-R50E8,ENTRY
2024-06-11 13:30:00+00:00,2024-06-11 14:00:00+00:00,"EURGBP,USDJPY","USDCAD,USDJPY",EURGBP,EURGBP-06-N1R117E03,ENTRY
2024-06-11 15:30:00+00:00,2024-06-11 16:00:00+00:00,AUDJPY,"EURGBP,USDJPY",AUDJPY,AUDJPY-06-N1R004E08,ENTRY
2024-06-12 01:30:00+00:00,2024-06-12 02:00:00+00:00,"USDCAD,AUDNZD","AUDJPY,EURGBP,USDJPY",USDCAD,USDCAD-06-N1R069E08,ENTRY
2024-06-12 05:30:00+00:00,2024-06-12 06:00:00+00:00,"USDCAD,GBPJPY,CHFJPY,AUDJPY","EURGBP,USDCAD,USDJPY",GBPJPY,GBPJPY-06-N1R001E04,ENTRY
2024-06-12 09:30:00+00:00,2024-06-12 10:00:00+00:00,"GBPJPY,CHFJPY,AUDJPY","EURGBP,GBPJPY,USDCAD,USDJPY",CHFJPY,CHFJPY-06-N1R001E08,ENTRY
2024-06-12 11:30:00+00:00,2024-06-12 12:00:00+00:00,"GBPJPY,CHFJPY,GBPUSD,AUDJPY","CHFJPY,EURGBP,GBPJPY,USDCAD,USDJPY",GBPUSD,GBPUSD-06-N1R029E06,ENTRY
2024-06-12 13:30:00+00:00,2024-06-12 14:00:00+00:00,"GBPJPY,USDCHF,GBPUSD",EURGBP,GBPJPY,GBPJPY-06-N1R001E04,ENTRY
2024-06-12 15:30:00+00:00,2024-06-12 16:00:00+00:00,GBPUSD,GBPJPY,GBPUSD,GBPUSD-06-N1R029E06,ENTRY
2024-06-13 01:30:00+00:00,2024-06-13 02:00:00+00:00,"GBPJPY,CHFJPY,USDCHF,EURJPY",,GBPJPY,GBPJPY-06-N1R001E04,ENTRY
2024-06-13 05:30:00+00:00,2024-06-13 06:00:00+00:00,"GBPJPY,CHFJPY,EURJPY",GBPJPY,CHFJPY,CHFJPY-06-N1R001E08,ENTRY
2024-06-13 09:30:00+00:00,2024-06-13 10:00:00+00:00,"GBPJPY,CHFJPY,EURJPY","CHFJPY,GBPJPY",EURJPY,EURJPY-06-N1R001E02,ENTRY
2024-06-13 11:30:00+00:00,2024-06-13 12:00:00+00:00,,"CHFJPY,EURJPY",,,NO_TRIGGER
2024-06-13 13:30:00+00:00,2024-06-13 14:00:00+00:00,"CHFJPY,USDCHF",CHFJPY,USDCHF,USDCHF-06-N1R136E05,ENTRY
2024-06-13 15:30:00+00:00,2024-06-13 16:00:00+00:00,CHFJPY,"CHFJPY,USDCHF",,,TOP_FOUR_HELD
2024-06-14 01:30:00+00:00,2024-06-14 02:00:00+00:00,"AUDCAD,GBPJPY,CHFJPY",USDCHF,AUDCAD,AUDCAD-06-R62E4,ENTRY
2024-06-14 05:30:00+00:00,2024-06-14 06:00:00+00:00,"USDCAD,GBPJPY,CHFJPY","AUDCAD,USDCHF",USDCAD,USDCAD-06-N1R069E08,ENTRY
2024-06-14 09:30:00+00:00,2024-06-14 10:00:00+00:00,"NZDCAD,AUDCHF,NZDUSD,USDCHF",USDCAD,NZDCAD,NZDCAD-06-R16E5,ENTRY
2024-06-14 11:30:00+00:00,2024-06-14 12:00:00+00:00,"USDJPY,AUDCHF,NZDUSD","NZDCAD,USDCAD",USDJPY,USDJPY-06-R50E8,ENTRY
2024-06-14 13:30:00+00:00,2024-06-14 14:00:00+00:00,"AUDCHF,NZDUSD,CHFJPY","NZDCAD,USDJPY",AUDCHF,AUDCHF-06-N1R087E05,ENTRY
2024-06-14 15:30:00+00:00,2024-06-14 16:00:00+00:00,"AUDCHF,NZDUSD,CHFJPY","AUDCHF,NZDCAD,USDJPY",NZDUSD,NZDUSD-06-N1R088E12,ENTRY
2024-06-17 01:30:00+00:00,2024-06-17 02:00:00+00:00,"NZDCAD,USDJPY,AUDCHF,NZDUSD",,NZDCAD,NZDCAD-06-R16E5,ENTRY
2024-06-17 05:30:00+00:00,2024-06-17 06:00:00+00:00,"NZDCAD,USDJPY,AUDCHF,NZDUSD",NZDCAD,USDJPY,USDJPY-06-R50E8,ENTRY
2024-06-17 09:30:00+00:00,2024-06-17 10:00:00+00:00,CHFJPY,"NZDCAD,USDJPY",CHFJPY,CHFJPY-06-N1R001E08,ENTRY
2024-06-17 11:30:00+00:00,2024-06-17 12:00:00+00:00,EURNZD,"CHFJPY,NZDCAD,USDJPY",EURNZD,EURNZD-06-N1R049E08,ENTRY
2024-06-17 13:30:00+00:00,2024-06-17 14:00:00+00:00,"NZDUSD,CHFJPY,EURNZD","CHFJPY,EURNZD,NZDCAD,USDJPY",NZDUSD,NZDUSD-06-N1R088E12,ENTRY
2024-06-17 15:30:00+00:00,2024-06-17 16:00:00+00:00,"AUDCHF,CHFJPY,EURNZD,EURAUD","CHFJPY,EURNZD,NZDCAD,NZDUSD,USDJPY",AUDCHF,AUDCHF-06-N1R087E05,ENTRY
2024-06-18 01:30:00+00:00,2024-06-18 02:00:00+00:00,"AUDCHF,CHFJPY,EURNZD,EURJPY","AUDCHF,NZDCAD,NZDUSD,USDJPY",CHFJPY,CHFJPY-06-N1R001E08,ENTRY
2024-06-18 05:30:00+00:00,2024-06-18 06:00:00+00:00,"GBPJPY,AUDCHF,CHFJPY,EURNZD","AUDCHF,CHFJPY,NZDUSD,USDJPY",GBPJPY,GBPJPY-06-N1R001E04,ENTRY
2024-06-18 09:30:00+00:00,2024-06-18 10:00:00+00:00,"GBPJPY,CHFJPY,USDCHF,EURNZD","GBPJPY,NZDUSD",CHFJPY,CHFJPY-06-N1R001E08,ENTRY
2024-06-18 11:30:00+00:00,2024-06-18 12:00:00+00:00,"GBPJPY,AUDCHF,CHFJPY,USDCHF","CHFJPY,GBPJPY,NZDUSD",AUDCHF,AUDCHF-06-N1R087E05,ENTRY
2024-06-18 13:30:00+00:00,2024-06-18 14:00:00+00:00,"AUDCHF,CHFJPY,EURNZD","AUDCHF,CHFJPY,NZDUSD",EURNZD,EURNZD-06-N1R049E08,ENTRY
2024-06-18 15:30:00+00:00,2024-06-18 16:00:00+00:00,"GBPJPY,AUDCHF,CHFJPY,USDCHF","AUDCHF,EURNZD",GBPJPY,GBPJPY-06-N1R001E04,ENTRY
2024-06-19 01:30:00+00:00,2024-06-19 02:00:00+00:00,"USDJPY,CHFJPY,AUDJPY",GBPJPY,USDJPY,USDJPY-06-R50E8,ENTRY
2024-06-19 05:30:00+00:00,2024-06-19 06:00:00+00:00,"USDJPY,GBPJPY,EURJPY","GBPJPY,USDJPY",EURJPY,EURJPY-06-N1R001E02,ENTRY
2024-06-19 09:30:00+00:00,2024-06-19 10:00:00+00:00,"GBPJPY,CHFJPY,USDCHF,EURJPY","GBPJPY,USDJPY",CHFJPY,CHFJPY-06-N1R001E08,ENTRY
2024-06-19 11:30:00+00:00,2024-06-19 12:00:00+00:00,"EURUSD,GBPJPY,EURJPY,GBPUSD","CHFJPY,USDJPY",EURUSD,EURUSD-06-N1R028E07,ENTRY
2024-06-19 13:30:00+00:00,2024-06-19 14:00:00+00:00,"EURUSD,CHFJPY,EURJPY,AUDJPY","CHFJPY,USDJPY",EURUSD,EURUSD-06-N1R028E07,ENTRY
2024-06-19 15:30:00+00:00,2024-06-19 16:00:00+00:00,"CHFJPY,AUDJPY","CHFJPY,EURUSD,USDJPY",AUDJPY,AUDJPY-06-N1R004E08,ENTRY
2024-06-20 01:30:00+00:00,2024-06-20 02:00:00+00:00,"CHFJPY,EURJPY,AUDJPY","AUDJPY,EURUSD,USDJPY",CHFJPY,CHFJPY-06-N1R001E08,ENTRY
2024-06-20 05:30:00+00:00,2024-06-20 06:00:00+00:00,"GBPJPY,CHFJPY,EURJPY,AUDJPY",CHFJPY,GBPJPY,GBPJPY-06-N1R001E04,ENTRY
2024-06-20 09:30:00+00:00,2024-06-20 10:00:00+00:00,"GBPJPY,EURJPY,AUDJPY",GBPJPY,EURJPY,EURJPY-06-N1R001E02,ENTRY
2024-06-20 11:30:00+00:00,2024-06-20 12:00:00+00:00,"GBPJPY,CHFJPY,EURJPY,AUDJPY",EURJPY,GBPJPY,GBPJPY-06-N1R001E04,ENTRY
2024-06-20 13:30:00+00:00,2024-06-20 14:00:00+00:00,NZDCAD,GBPJPY,NZDCAD,NZDCAD-06-R16E5,ENTRY
2024-06-20 15:30:00+00:00,2024-06-20 16:00:00+00:00,"AUDCAD,GBPJPY,CHFJPY,EURJPY",NZDCAD,AUDCAD,AUDCAD-06-R62E4,ENTRY
2024-06-21 01:30:00+00:00,2024-06-21 02:00:00+00:00,"GBPJPY,CHFJPY,EURJPY",NZDCAD,GBPJPY,GBPJPY-06-N1R001E04,ENTRY
2024-06-21 05:30:00+00:00,2024-06-21 06:00:00+00:00,"CHFJPY,AUDJPY","GBPJPY,NZDCAD",CHFJPY,CHFJPY-06-N1R001E08,ENTRY
2024-06-21 09:30:00+00:00,2024-06-21 10:00:00+00:00,,NZDCAD,,,NO_TRIGGER
2024-06-21 11:30:00+00:00,2024-06-21 12:00:00+00:00,"GBPJPY,EURJPY,EURCHF",NZDCAD,GBPJPY,GBPJPY-06-N1R001E04,ENTRY
2024-06-21 13:30:00+00:00,2024-06-21 14:00:00+00:00,GBPJPY,"GBPJPY,NZDCAD",,,TOP_FOUR_HELD
2024-06-21 15:30:00+00:00,2024-06-21 16:00:00+00:00,"NZDCAD,GBPJPY,EURJPY",,NZDCAD,NZDCAD-06-R16E5,ENTRY
2024-06-24 01:30:00+00:00,2024-06-24 02:00:00+00:00,"GBPJPY,CHFJPY,EURJPY",,GBPJPY,GBPJPY-06-N1R001E04,ENTRY
2024-06-24 05:30:00+00:00,2024-06-24 06:00:00+00:00,"GBPJPY,CHFJPY,EURJPY",GBPJPY,CHFJPY,CHFJPY-06-N1R001E08,ENTRY
2024-06-24 09:30:00+00:00,2024-06-24 10:00:00+00:00,"GBPJPY,EURJPY,AUDJPY","CHFJPY,GBPJPY",EURJPY,EURJPY-06-N1R001E02,ENTRY
2024-06-24 11:30:00+00:00,2024-06-24 12:00:00+00:00,"EURJPY,EURAUD",,EURJPY,EURJPY-06-N1R001E02,ENTRY
2024-06-24 13:30:00+00:00,2024-06-24 14:00:00+00:00,"EURNZD,EURAUD",EURJPY,EURNZD,EURNZD-06-N1R049E08,ENTRY
2024-06-24 15:30:00+00:00,2024-06-24 16:00:00+00:00,"NZDCAD,GBPJPY,CHFJPY,EURNZD","EURJPY,EURNZD",NZDCAD,NZDCAD-06-R16E5,ENTRY
2024-06-25 01:30:00+00:00,2024-06-25 02:00:00+00:00,"EURNZD,EURAUD",NZDCAD,EURNZD,EURNZD-06-N1R049E08,ENTRY
2024-06-25 05:30:00+00:00,2024-06-25 06:00:00+00:00,"EURUSD,GBPJPY,CHFJPY,EURNZD","EURNZD,NZDCAD",EURUSD,EURUSD-06-N1R028E07,ENTRY
2024-06-25 09:30:00+00:00,2024-06-25 10:00:00+00:00,"GBPJPY,EURNZD",NZDCAD,GBPJPY,GBPJPY-06-N1R001E04,ENTRY
2024-06-25 11:30:00+00:00,2024-06-25 12:00:00+00:00,"USDJPY,EURNZD","GBPJPY,NZDCAD",USDJPY,USDJPY-06-R50E8,ENTRY
2024-06-25 13:30:00+00:00,2024-06-25 14:00:00+00:00,"NZDCAD,EURGBP,GBPJPY,CHFJPY","GBPJPY,NZDCAD,USDJPY",EURGBP,EURGBP-06-N1R117E03,ENTRY
2024-06-25 15:30:00+00:00,2024-06-25 16:00:00+00:00,"NZDCAD,GBPJPY,NZDUSD,EURNZD","GBPJPY,NZDCAD,USDJPY",NZDUSD,NZDUSD-06-N1R088E12,ENTRY
2024-06-26 01:30:00+00:00,2024-06-26 02:00:00+00:00,GBPJPY,"GBPJPY,NZDUSD,USDJPY",,,TOP_FOUR_HELD
2024-06-26 05:30:00+00:00,2024-06-26 06:00:00+00:00,AUDJPY,"NZDUSD,USDJPY",AUDJPY,AUDJPY-06-N1R004E08,ENTRY
2024-06-26 09:30:00+00:00,2024-06-26 10:00:00+00:00,"NZDCAD,NZDUSD,EURJPY,AUDJPY","AUDJPY,NZDUSD,USDJPY",NZDCAD,NZDCAD-06-R16E5,ENTRY
2024-06-26 11:30:00+00:00,2024-06-26 12:00:00+00:00,"GBPJPY,NZDUSD,EURJPY","AUDJPY,NZDCAD,NZDUSD,USDJPY",GBPJPY,GBPJPY-06-N1R001E04,ENTRY
2024-06-26 13:30:00+00:00,2024-06-26 14:00:00+00:00,"NZDCAD,GBPJPY,NZDUSD,EURNZD","AUDJPY,NZDCAD,NZDUSD",GBPJPY,GBPJPY-06-N1R001E04,ENTRY
2024-06-26 15:30:00+00:00,2024-06-26 16:00:00+00:00,"NZDUSD,CHFJPY,EURNZD,EURJPY","GBPJPY,NZDCAD,NZDUSD",CHFJPY,CHFJPY-06-N1R001E08,ENTRY
2024-06-27 01:30:00+00:00,2024-06-27 02:00:00+00:00,"NZDCAD,NZDUSD,EURNZD","CHFJPY,NZDCAD",NZDUSD,NZDUSD-06-N1R088E12,ENTRY
2024-06-27 05:30:00+00:00,2024-06-27 06:00:00+00:00,"EURNZD,AUDJPY","NZDCAD,NZDUSD",EURNZD,EURNZD-06-N1R049E08,ENTRY
2024-06-27 09:30:00+00:00,2024-06-27 10:00:00+00:00,"GBPJPY,CHFJPY,EURNZD,EURJPY","NZDCAD,NZDUSD",GBPJPY,GBPJPY-06-N1R001E04,ENTRY
2024-06-27 11:30:00+00:00,2024-06-27 12:00:00+00:00,"USDCAD,GBPJPY,CHFJPY,EURNZD","GBPJPY,NZDUSD",USDCAD,USDCAD-06-N1R069E08,ENTRY
2024-06-27 13:30:00+00:00,2024-06-27 14:00:00+00:00,"USDCAD,CHFJPY,EURNZD,EURJPY","GBPJPY,NZDUSD",USDCAD,USDCAD-06-N1R069E08,ENTRY
2024-06-27 15:30:00+00:00,2024-06-27 16:00:00+00:00,"NZDCAD,GBPJPY,CHFJPY,EURNZD","GBPJPY,NZDUSD,USDCAD",NZDCAD,NZDCAD-06-R16E5,ENTRY
2024-06-28 01:30:00+00:00,2024-06-28 02:00:00+00:00,"GBPJPY,CHFJPY,EURNZD,EURJPY","NZDCAD,NZDUSD",GBPJPY,GBPJPY-06-N1R001E04,ENTRY
2024-06-28 05:30:00+00:00,2024-06-28 06:00:00+00:00,"CHFJPY,EURNZD,EURAUD","GBPJPY,NZDCAD",CHFJPY,CHFJPY-06-N1R001E08,ENTRY
2024-06-28 09:30:00+00:00,2024-06-28 10:00:00+00:00,"GBPJPY,EURNZD,EURJPY,AUDJPY","CHFJPY,GBPJPY,NZDCAD",EURNZD,EURNZD-06-N1R049E08,ENTRY
2024-06-28 11:30:00+00:00,2024-06-28 12:00:00+00:00,"EURNZD,EURAUD","EURNZD,NZDCAD",EURAUD,EURAUD-06-N1R057E05,ENTRY
2024-06-28 13:30:00+00:00,2024-06-28 14:00:00+00:00,"USDCAD,EURNZD,EURAUD","EURAUD,NZDCAD",USDCAD,USDCAD-06-N1R069E08,ENTRY
2024-06-28 15:30:00+00:00,2024-06-28 16:00:00+00:00,"NZDCAD,EURNZD,EURJPY","NZDCAD,USDCAD",EURNZD,EURNZD-06-N1R049E08,ENTRY
2024-07-01 01:30:00+00:00,2024-07-01 02:00:00+00:00,"AUDJPY,AUDCAD,EURCAD,EURUSD",,AUDJPY,AUDJPY-07-N1R002E06,ENTRY
2024-07-01 05:30:00+00:00,2024-07-01 06:00:00+00:00,"AUDUSD,AUDJPY,EURCHF",AUDJPY,AUDUSD,AUDUSD-07-N1R054E05,ENTRY
2024-07-01 09:30:00+00:00,2024-07-01 10:00:00+00:00,"AUDUSD,AUDJPY,EURCHF",AUDUSD,AUDJPY,AUDJPY-07-N1R002E06,ENTRY
2024-07-01 11:30:00+00:00,2024-07-01 12:00:00+00:00,"AUDUSD,AUDJPY,EURCHF","AUDJPY,AUDUSD",EURCHF,EURCHF-07-N1R050E12,ENTRY
2024-07-01 13:30:00+00:00,2024-07-01 14:00:00+00:00,"AUDCAD,EURCHF","AUDJPY,AUDUSD,EURCHF",AUDCAD,AUDCAD-07-N1R041E11,ENTRY
2024-07-01 15:30:00+00:00,2024-07-01 16:00:00+00:00,"AUDJPY,AUDCAD,EURCHF","AUDCAD,EURCHF",AUDJPY,AUDJPY-07-N1R002E06,ENTRY
2024-07-02 01:30:00+00:00,2024-07-02 02:00:00+00:00,"NZDUSD,AUDCAD,EURCHF","AUDCAD,EURCHF",NZDUSD,NZDUSD-07-N1R087E08,ENTRY
2024-07-02 05:30:00+00:00,2024-07-02 06:00:00+00:00,"NZDUSD,GBPUSD,EURCHF","AUDCAD,EURCHF,NZDUSD",GBPUSD,GBPUSD-07-N1R071E08,ENTRY
2024-07-02 09:30:00+00:00,2024-07-02 10:00:00+00:00,"NZDUSD,GBPUSD","AUDCAD,EURCHF,NZDUSD",GBPUSD,GBPUSD-07-N1R071E08,ENTRY
2024-07-02 11:30:00+00:00,2024-07-02 12:00:00+00:00,EURCAD,"AUDCAD,EURCHF,GBPUSD,NZDUSD",EURCAD,EURCAD-07-N1R067E08,ENTRY
2024-07-02 13:30:00+00:00,2024-07-02 14:00:00+00:00,"USDCAD,EURCAD,EURUSD","AUDCAD,EURCAD,NZDUSD",USDCAD,USDCAD-07-N1R065E06,ENTRY
2024-07-02 15:30:00+00:00,2024-07-02 16:00:00+00:00,"EURCAD,EURUSD",,EURCAD,EURCAD-07-N1R067E08,ENTRY
2024-07-03 01:30:00+00:00,2024-07-03 02:00:00+00:00,"AUDJPY,EURGBP",EURCAD,AUDJPY,AUDJPY-07-N1R002E06,ENTRY
2024-07-03 05:30:00+00:00,2024-07-03 06:00:00+00:00,"AUDUSD,NZDUSD,AUDJPY,EURGBP",,AUDUSD,AUDUSD-07-N1R054E05,ENTRY
2024-07-03 09:30:00+00:00,2024-07-03 10:00:00+00:00,"AUDUSD,AUDJPY,EURUSD,EURCHF",AUDUSD,AUDJPY,AUDJPY-07-N1R002E06,ENTRY
2024-07-03 11:30:00+00:00,2024-07-03 12:00:00+00:00,EURCHF,"AUDJPY,AUDUSD",EURCHF,EURCHF-07-N1R050E12,ENTRY
2024-07-03 13:30:00+00:00,2024-07-03 14:00:00+00:00,"AUDUSD,AUDJPY,EURUSD,EURCHF","AUDUSD,EURCHF",AUDJPY,AUDJPY-07-N1R002E06,ENTRY
2024-07-03 15:30:00+00:00,2024-07-03 16:00:00+00:00,"AUDUSD,AUDJPY,EURUSD,EURCHF",EURCHF,AUDUSD,AUDUSD-07-N1R054E05,ENTRY
2024-07-04 01:30:00+00:00,2024-07-04 02:00:00+00:00,"AUDUSD,USDCHF,AUDJPY,AUDCAD","AUDUSD,EURCHF",USDCHF,USDCHF-07-N1R131E12,ENTRY
2024-07-04 05:30:00+00:00,2024-07-04 06:00:00+00:00,"AUDUSD,USDCHF,AUDJPY,AUDCAD","AUDUSD,EURCHF,USDCHF",AUDJPY,AUDJPY-07-N1R002E06,ENTRY
2024-07-04 09:30:00+00:00,2024-07-04 10:00:00+00:00,"AUDUSD,USDCHF,AUDCAD,EURCAD","AUDUSD,EURCHF",USDCHF,USDCHF-07-N1R131E12,ENTRY
2024-07-04 11:30:00+00:00,2024-07-04 12:00:00+00:00,"USDJPY,AUDUSD,USDCHF,AUDJPY","AUDUSD,EURCHF,USDCHF",USDJPY,USDJPY-07-R16E8,ENTRY
2024-07-04 13:30:00+00:00,2024-07-04 14:00:00+00:00,"AUDUSD,USDCHF,AUDCAD,EURAUD","AUDUSD,USDCHF,USDJPY",AUDCAD,AUDCAD-07-N1R041E11,ENTRY
2024-07-04 15:30:00+00:00,2024-07-04 16:00:00+00:00,"USDCHF,AUDCAD,EURCAD,EURUSD","AUDCAD,AUDUSD,USDCHF,USDJPY",EURCAD,EURCAD-07-N1R067E08,ENTRY
2024-07-05 01:30:00+00:00,2024-07-05 02:00:00+00:00,"USDJPY,AUDUSD,USDCHF","AUDCAD,EURCAD,USDCHF,USDJPY",AUDUSD,AUDUSD-07-N1R054E05,ENTRY
2024-07-05 05:30:00+00:00,2024-07-05 06:00:00+00:00,"AUDUSD,USDCHF,NZDCAD,AUDCAD","AUDCAD,AUDUSD,USDCHF,USDJPY",NZDCAD,NZDCAD-07-N1R025E10,ENTRY
2024-07-05 09:30:00+00:00,2024-07-05 10:00:00+00:00,"AUDUSD,USDCHF,AUDCAD,EURUSD","AUDCAD,NZDCAD,USDCHF,USDJPY",AUDUSD,AUDUSD-07-N1R054E05,ENTRY
2024-07-05 11:30:00+00:00,2024-07-05 12:00:00+00:00,USDCHF,"AUDCAD,AUDUSD,NZDCAD,USDJPY",USDCHF,USDCHF-07-N1R131E12,ENTRY
2024-07-05 13:30:00+00:00,2024-07-05 14:00:00+00:00,"USDCHF,NZDCAD,EURAUD","AUDCAD,USDCHF",NZDCAD,NZDCAD-07-N1R025E10,ENTRY
2024-07-05 15:30:00+00:00,2024-07-05 16:00:00+00:00,"USDJPY,USDCHF,NZDCAD,AUDCAD","NZDCAD,USDCHF",USDJPY,USDJPY-07-R16E8,ENTRY
2024-07-08 01:30:00+00:00,2024-07-08 02:00:00+00:00,"USDCHF,NZDCAD,AUDCAD,EURGBP",,USDCHF,USDCHF-07-N1R131E12,ENTRY
2024-07-08 05:30:00+00:00,2024-07-08 06:00:00+00:00,"USDCHF,AUDCAD,EURGBP,EURAUD",USDCHF,AUDCAD,AUDCAD-07-N1R041E11,ENTRY
2024-07-08 09:30:00+00:00,2024-07-08 10:00:00+00:00,"EURNZD,USDCHF,EURCAD,EURUSD","AUDCAD,USDCHF",EURNZD,EURNZD-07-R13E2,ENTRY
2024-07-08 11:30:00+00:00,2024-07-08 12:00:00+00:00,"USDJPY,EURNZD,USDCHF,EURGBP","AUDCAD,EURNZD,USDCHF",USDJPY,USDJPY-07-R16E8,ENTRY
2024-07-08 13:30:00+00:00,2024-07-08 14:00:00+00:00,"USDJPY,EURNZD,USDCHF,EURUSD","AUDCAD,EURNZD,USDCHF,USDJPY",EURUSD,EURUSD-07-N1R005E12,ENTRY
2024-07-08 15:30:00+00:00,2024-07-08 16:00:00+00:00,"USDCHF,EURAUD","AUDCAD,EURNZD,EURUSD,USDCHF,USDJPY",EURAUD,EURAUD-07-N1R091E08,ENTRY
2024-07-09 01:30:00+00:00,2024-07-09 02:00:00+00:00,"EURCAD,EURUSD","AUDCAD,EURAUD,EURUSD,USDCHF,USDJPY",EURCAD,EURCAD-07-N1R067E08,ENTRY
2024-07-09 05:30:00+00:00,2024-07-09 06:00:00+00:00,"USDJPY,EURUSD,EURCHF","AUDCAD,EURCAD,EURUSD,USDJPY",EURCHF,EURCHF-07-N1R050E12,ENTRY
2024-07-09 09:30:00+00:00,2024-07-09 10:00:00+00:00,EURCHF,"EURCAD,EURCHF,EURUSD,USDJPY",,,TOP_FOUR_HELD
2024-07-09 11:30:00+00:00,2024-07-09 12:00:00+00:00,"AUDCAD,EURCAD,EURUSD,EURAUD","EURCAD,EURCHF,EURUSD,USDJPY",AUDCAD,AUDCAD-07-N1R041E11,ENTRY
2024-07-09 13:30:00+00:00,2024-07-09 14:00:00+00:00,NZDUSD,"AUDCAD,EURCAD,EURCHF,EURUSD",NZDUSD,NZDUSD-07-N1R087E08,ENTRY
2024-07-09 15:30:00+00:00,2024-07-09 16:00:00+00:00,AUDJPY,"AUDCAD,EURCHF,NZDUSD",AUDJPY,AUDJPY-07-N1R002E06,ENTRY
2024-07-10 01:30:00+00:00,2024-07-10 02:00:00+00:00,AUDJPY,"AUDCAD,EURCHF",AUDJPY,AUDJPY-07-N1R002E06,ENTRY
2024-07-10 05:30:00+00:00,2024-07-10 06:00:00+00:00,"NZDUSD,AUDJPY",AUDCAD,NZDUSD,NZDUSD-07-N1R087E08,ENTRY
2024-07-10 09:30:00+00:00,2024-07-10 10:00:00+00:00,"USDCHF,NZDUSD","AUDCAD,NZDUSD",USDCHF,USDCHF-07-N1R131E12,ENTRY
2024-07-10 11:30:00+00:00,2024-07-10 12:00:00+00:00,"NZDUSD,AUDJPY","AUDCAD,NZDUSD,USDCHF",AUDJPY,AUDJPY-07-N1R002E06,ENTRY
2024-07-10 13:30:00+00:00,2024-07-10 14:00:00+00:00,NZDUSD,"AUDJPY,NZDUSD,USDCHF",,,TOP_FOUR_HELD
2024-07-10 15:30:00+00:00,2024-07-10 16:00:00+00:00,"AUDJPY,EURCHF",NZDUSD,AUDJPY,AUDJPY-07-N1R002E06,ENTRY
2024-07-11 01:30:00+00:00,2024-07-11 02:00:00+00:00,"AUDUSD,AUDJPY,EURUSD,EURCHF",,AUDUSD,AUDUSD-07-N1R054E05,ENTRY
2024-07-11 05:30:00+00:00,2024-07-11 06:00:00+00:00,"AUDJPY,AUDCAD,EURCHF,EURGBP",AUDUSD,AUDJPY,AUDJPY-07-N1R002E06,ENTRY
2024-07-11 09:30:00+00:00,2024-07-11 10:00:00+00:00,"AUDUSD,NZDUSD,AUDCAD,EURCAD",AUDUSD,NZDUSD,NZDUSD-07-N1R087E08,ENTRY
2024-07-11 11:30:00+00:00,2024-07-11 12:00:00+00:00,"AUDUSD,NZDUSD,AUDCAD,EURUSD","AUDUSD,NZDUSD",AUDCAD,AUDCAD-07-N1R041E11,ENTRY
2024-07-11 13:30:00+00:00,2024-07-11 14:00:00+00:00,"USDJPY,CHFJPY,AUDUSD,AUDCAD",AUDCAD,USDJPY,USDJPY-07-R16E8,ENTRY
2024-07-11 15:30:00+00:00,2024-07-11 16:00:00+00:00,"CHFJPY,AUDUSD,EURJPY,AUDCAD",USDJPY,CHFJPY,CHFJPY-07-N1R080E04,ENTRY
2024-07-12 01:30:00+00:00,2024-07-12 02:00:00+00:00,"CHFJPY,USDCHF,NZDUSD,EURJPY",USDJPY,CHFJPY,CHFJPY-07-N1R080E04,ENTRY
2024-07-12 05:30:00+00:00,2024-07-12 06:00:00+00:00,"USDCHF,EURUSD","CHFJPY,USDJPY",USDCHF,USDCHF-07-N1R131E12,ENTRY
2024-07-12 09:30:00+00:00,2024-07-12 10:00:00+00:00,"USDCHF,EURCAD,EURUSD,EURGBP","CHFJPY,USDCHF,USDJPY",EURCAD,EURCAD-07-N1R067E08,ENTRY
2024-07-12 11:30:00+00:00,2024-07-12 12:00:00+00:00,"GBPJPY,AUDCAD,EURCAD,EURUSD","CHFJPY,EURCAD,USDCHF,USDJPY",GBPJPY,GBPJPY-07-R56E8,ENTRY
2024-07-12 13:30:00+00:00,2024-07-12 14:00:00+00:00,"AUDCAD,EURGBP","CHFJPY,GBPJPY,USDCHF,USDJPY",AUDCAD,AUDCAD-07-N1R041E11,ENTRY
2024-07-12 15:30:00+00:00,2024-07-12 16:00:00+00:00,"USDJPY,NZDCAD,AUDCAD,EURUSD","AUDCAD,CHFJPY,USDCHF",USDJPY,USDJPY-07-R16E8,ENTRY
2024-07-15 01:30:00+00:00,2024-07-15 02:00:00+00:00,"USDCAD,EURJPY,AUDCAD,EURGBP",,USDCAD,USDCAD-07-N1R065E06,ENTRY
2024-07-15 05:30:00+00:00,2024-07-15 06:00:00+00:00,"GBPJPY,USDCHF,EURUSD,EURGBP",USDCAD,GBPJPY,GBPJPY-07-R56E8,ENTRY
2024-07-15 09:30:00+00:00,2024-07-15 10:00:00+00:00,"GBPJPY,AUDUSD,EURUSD,EURGBP",GBPJPY,AUDUSD,AUDUSD-07-N1R054E05,ENTRY
2024-07-15 11:30:00+00:00,2024-07-15 12:00:00+00:00,"GBPJPY,AUDCAD,EURUSD","AUDUSD,GBPJPY",AUDCAD,AUDCAD-07-N1R041E11,ENTRY
2024-07-15 13:30:00+00:00,2024-07-15 14:00:00+00:00,"USDJPY,NZDUSD","AUDCAD,AUDUSD,GBPJPY",USDJPY,USDJPY-07-R16E8,ENTRY
2024-07-15 15:30:00+00:00,2024-07-15 16:00:00+00:00,"CHFJPY,NZDUSD,USDCAD,EURUSD","AUDCAD,AUDUSD,GBPJPY,USDJPY",CHFJPY,CHFJPY-07-N1R080E04,ENTRY
2024-07-16 01:30:00+00:00,2024-07-16 02:00:00+00:00,"NZDUSD,AUDCHF","AUDCAD,GBPJPY,USDJPY",NZDUSD,NZDUSD-07-N1R087E08,ENTRY
2024-07-16 05:30:00+00:00,2024-07-16 06:00:00+00:00,"GBPJPY,NZDUSD,EURCAD,AUDCHF","AUDCAD,GBPJPY,NZDUSD,USDJPY",EURCAD,EURCAD-07-N1R067E08,ENTRY
2024-07-16 09:30:00+00:00,2024-07-16 10:00:00+00:00,"GBPJPY,NZDUSD,EURCAD,EURUSD","EURCAD,NZDUSD,USDJPY",GBPJPY,GBPJPY-07-R56E8,ENTRY
2024-07-16 11:30:00+00:00,2024-07-16 12:00:00+00:00,GBPJPY,"EURCAD,GBPJPY,NZDUSD,USDJPY",,,TOP_FOUR_HELD
2024-07-16 13:30:00+00:00,2024-07-16 14:00:00+00:00,USDCAD,"EURCAD,GBPJPY,NZDUSD,USDJPY",USDCAD,USDCAD-07-N1R065E06,ENTRY
2024-07-16 15:30:00+00:00,2024-07-16 16:00:00+00:00,NZDUSD,GBPJPY,NZDUSD,NZDUSD-07-N1R087E08,ENTRY
2024-07-17 01:30:00+00:00,2024-07-17 02:00:00+00:00,USDCAD,GBPJPY,USDCAD,USDCAD-07-N1R065E06,ENTRY
2024-07-17 05:30:00+00:00,2024-07-17 06:00:00+00:00,"USDJPY,USDCHF,USDCAD","GBPJPY,USDCAD",USDJPY,USDJPY-07-R16E8,ENTRY
2024-07-17 09:30:00+00:00,2024-07-17 10:00:00+00:00,"USDJPY,CHFJPY,USDCHF,EURJPY",,USDJPY,USDJPY-07-R16E8,ENTRY
2024-07-17 11:30:00+00:00,2024-07-17 12:00:00+00:00,"USDCHF,EURJPY,EURUSD",USDJPY,USDCHF,USDCHF-07-N1R131E12,ENTRY
2024-07-17 13:30:00+00:00,2024-07-17 14:00:00+00:00,"USDCHF,USDCAD,EURJPY","USDCHF,USDJPY",USDCAD,USDCAD-07-N1R065E06,ENTRY
2024-07-17 15:30:00+00:00,2024-07-17 16:00:00+00:00,"USDCHF,USDCAD,EURJPY","USDCHF,USDJPY",USDCAD,USDCAD-07-N1R065E06,ENTRY
2024-07-18 01:30:00+00:00,2024-07-18 02:00:00+00:00,"CHFJPY,USDCHF,EURJPY",USDCHF,CHFJPY,CHFJPY-07-N1R080E04,ENTRY
2024-07-18 05:30:00+00:00,2024-07-18 06:00:00+00:00,"USDCHF,USDCAD","CHFJPY,USDCHF",USDCAD,USDCAD-07-N1R065E06,ENTRY
2024-07-18 09:30:00+00:00,2024-07-18 10:00:00+00:00,"GBPJPY,AUDNZD,USDCHF,USDCAD","CHFJPY,USDCHF",GBPJPY,GBPJPY-07-R56E8,ENTRY
2024-07-18 11:30:00+00:00,2024-07-18 12:00:00+00:00,"AUDNZD,USDCHF,USDCAD,EURCAD","CHFJPY,GBPJPY,USDCHF",AUDNZD,AUDNZD-07-N1R135E09,ENTRY
2024-07-18 13:30:00+00:00,2024-07-18 14:00:00+00:00,"AUDNZD,USDCHF,USDCAD,EURCAD","AUDNZD,CHFJPY,GBPJPY",USDCHF,USDCHF-07-N1R131E12,ENTRY
2024-07-18 15:30:00+00:00,2024-07-18 16:00:00+00:00,"AUDNZD,USDCHF,USDCAD","AUDNZD,GBPJPY,USDCHF",USDCAD,USDCAD-07-N1R065E06,ENTRY
2024-07-19 01:30:00+00:00,2024-07-19 02:00:00+00:00,"GBPJPY,NZDUSD,GBPUSD",GBPJPY,NZDUSD,NZDUSD-07-N1R087E08,ENTRY
2024-07-19 05:30:00+00:00,2024-07-19 06:00:00+00:00,NZDUSD,"GBPJPY,NZDUSD",,,TOP_FOUR_HELD
2024-07-19 09:30:00+00:00,2024-07-19 10:00:00+00:00,"USDCAD,GBPUSD","GBPJPY,NZDUSD",USDCAD,USDCAD-07-N1R065E06,ENTRY
2024-07-19 11:30:00+00:00,2024-07-19 12:00:00+00:00,"NZDUSD,GBPUSD",NZDUSD,GBPUSD,GBPUSD-07-N1R071E08,ENTRY
2024-07-19 13:30:00+00:00,2024-07-19 14:00:00+00:00,NZDUSD,"GBPUSD,NZDUSD",,,TOP_FOUR_HELD
2024-07-19 15:30:00+00:00,2024-07-19 16:00:00+00:00,"NZDUSD,GBPUSD",GBPUSD,NZDUSD,NZDUSD-07-N1R087E08,ENTRY
2024-07-22 01:30:00+00:00,2024-07-22 02:00:00+00:00,,,,,NO_TRIGGER
2024-07-22 05:30:00+00:00,2024-07-22 06:00:00+00:00,NZDUSD,,NZDUSD,NZDUSD-07-N1R087E08,ENTRY
2024-07-22 09:30:00+00:00,2024-07-22 10:00:00+00:00,"NZDUSD,EURJPY",NZDUSD,EURJPY,EURJPY-07-N1R115E03,ENTRY
2024-07-22 11:30:00+00:00,2024-07-22 12:00:00+00:00,EURJPY,"EURJPY,NZDUSD",,,TOP_FOUR_HELD
2024-07-22 13:30:00+00:00,2024-07-22 14:00:00+00:00,"GBPJPY,NZDUSD,EURJPY,GBPUSD","EURJPY,NZDUSD",GBPJPY,GBPJPY-07-R56E8,ENTRY
2024-07-22 15:30:00+00:00,2024-07-22 16:00:00+00:00,"NZDUSD,EURJPY,GBPUSD","EURJPY,GBPJPY,NZDUSD",GBPUSD,GBPUSD-07-N1R071E08,ENTRY
2024-07-23 01:30:00+00:00,2024-07-23 02:00:00+00:00,"USDJPY,CHFJPY,NZDUSD,GBPUSD",GBPJPY,USDJPY,USDJPY-07-R16E8,ENTRY
2024-07-23 05:30:00+00:00,2024-07-23 06:00:00+00:00,"CHFJPY,NZDUSD,EURJPY,AUDCHF","GBPJPY,USDJPY",CHFJPY,CHFJPY-07-N1R080E04,ENTRY
2024-07-23 09:30:00+00:00,2024-07-23 10:00:00+00:00,"CHFJPY,NZDUSD,EURJPY,GBPUSD",USDJPY,CHFJPY,CHFJPY-07-N1R080E04,ENTRY
2024-07-23 11:30:00+00:00,2024-07-23 12:00:00+00:00,"CHFJPY,NZDUSD,EURJPY,GBPUSD","CHFJPY,USDJPY",NZDUSD,NZDUSD-07-N1R087E08,ENTRY
2024-07-23 13:30:00+00:00,2024-07-23 14:00:00+00:00,"NZDUSD,EURJPY,EURCAD","CHFJPY,NZDUSD,USDJPY",EURJPY,EURJPY-07-N1R115E03,ENTRY
2024-07-23 15:30:00+00:00,2024-07-23 16:00:00+00:00,"NZDUSD,USDCAD,EURJPY,EURCAD","CHFJPY,EURJPY,NZDUSD,USDJPY",USDCAD,USDCAD-07-N1R065E06,ENTRY
2024-07-24 01:30:00+00:00,2024-07-24 02:00:00+00:00,"GBPJPY,NZDUSD,EURJPY,GBPUSD","CHFJPY,EURJPY",GBPJPY,GBPJPY-07-R56E8,ENTRY
2024-07-24 05:30:00+00:00,2024-07-24 06:00:00+00:00,"USDJPY,CHFJPY,NZDUSD,EURJPY",,USDJPY,USDJPY-07-R16E8,ENTRY
2024-07-24 09:30:00+00:00,2024-07-24 10:00:00+00:00,"NZDUSD,EURJPY,EURGBP,AUDCHF",USDJPY,NZDUSD,NZDUSD-07-N1R087E08,ENTRY
2024-07-24 11:30:00+00:00,2024-07-24 12:00:00+00:00,"USDJPY,EURJPY,EURGBP","NZDUSD,USDJPY",EURJPY,EURJPY-07-N1R115E03,ENTRY
2024-07-24 13:30:00+00:00,2024-07-24 14:00:00+00:00,"USDJPY,CHFJPY,USDCHF,EURJPY","EURJPY,USDJPY",CHFJPY,CHFJPY-07-N1R080E04,ENTRY
2024-07-24 15:30:00+00:00,2024-07-24 16:00:00+00:00,"CHFJPY,USDCHF,USDCAD,EURJPY",CHFJPY,USDCHF,USDCHF-07-N1R131E12,ENTRY
2024-07-25 01:30:00+00:00,2024-07-25 02:00:00+00:00,"USDJPY,USDCHF,NZDUSD,GBPUSD","CHFJPY,USDCHF",USDJPY,USDJPY-07-R16E8,ENTRY
2024-07-25 05:30:00+00:00,2024-07-25 06:00:00+00:00,"USDCHF,NZDUSD,EURJPY","USDCHF,USDJPY",NZDUSD,NZDUSD-07-N1R087E08,ENTRY
2024-07-25 09:30:00+00:00,2024-07-25 10:00:00+00:00,"USDCHF,NZDUSD,EURJPY,GBPUSD","NZDUSD,USDCHF,USDJPY",EURJPY,EURJPY-07-N1R115E03,ENTRY
2024-07-25 11:30:00+00:00,2024-07-25 12:00:00+00:00,"USDCHF,NZDUSD,EURJPY,GBPUSD","EURJPY,NZDUSD,USDJPY",USDCHF,USDCHF-07-N1R131E12,ENTRY
2024-07-25 13:30:00+00:00,2024-07-25 14:00:00+00:00,"USDCHF,NZDUSD,GBPUSD","USDCHF,USDJPY",NZDUSD,NZDUSD-07-N1R087E08,ENTRY
2024-07-25 15:30:00+00:00,2024-07-25 16:00:00+00:00,"USDCHF,NZDUSD",NZDUSD,USDCHF,USDCHF-07-N1R131E12,ENTRY
2024-07-26 01:30:00+00:00,2024-07-26 02:00:00+00:00,"GBPJPY,USDCHF,NZDUSD,EURCAD","NZDUSD,USDCHF",GBPJPY,GBPJPY-07-R56E8,ENTRY
2024-07-26 05:30:00+00:00,2024-07-26 06:00:00+00:00,USDCHF,"GBPJPY,USDCHF",,,TOP_FOUR_HELD
2024-07-26 09:30:00+00:00,2024-07-26 10:00:00+00:00,USDCAD,USDCHF,USDCAD,USDCAD-07-N1R065E06,ENTRY
2024-07-26 11:30:00+00:00,2024-07-26 12:00:00+00:00,"USDCAD,EURCAD","USDCAD,USDCHF",EURCAD,EURCAD-07-N1R067E08,ENTRY
2024-07-26 13:30:00+00:00,2024-07-26 14:00:00+00:00,"USDJPY,NZDUSD,USDCAD,GBPUSD",EURCAD,USDJPY,USDJPY-07-R16E8,ENTRY
2024-07-26 15:30:00+00:00,2024-07-26 16:00:00+00:00,"USDJPY,NZDUSD,USDCAD,GBPUSD",USDJPY,NZDUSD,NZDUSD-07-N1R087E08,ENTRY
2024-07-29 01:30:00+00:00,2024-07-29 02:00:00+00:00,"USDJPY,NZDUSD",,USDJPY,USDJPY-07-R16E8,ENTRY
2024-07-29 05:30:00+00:00,2024-07-29 06:00:00+00:00,"USDCAD,GBPUSD",USDJPY,USDCAD,USDCAD-07-N1R065E06,ENTRY
2024-07-29 09:30:00+00:00,2024-07-29 10:00:00+00:00,"NZDUSD,USDCAD,EURJPY,GBPUSD",USDJPY,NZDUSD,NZDUSD-07-N1R087E08,ENTRY
2024-07-29 11:30:00+00:00,2024-07-29 12:00:00+00:00,"GBPJPY,NZDUSD","NZDUSD,USDJPY",GBPJPY,GBPJPY-07-R56E8,ENTRY
2024-07-29 13:30:00+00:00,2024-07-29 14:00:00+00:00,"NZDUSD,GBPUSD,AUDCHF","GBPJPY,NZDUSD,USDJPY",GBPUSD,GBPUSD-07-N1R071E08,ENTRY
2024-07-29 15:30:00+00:00,2024-07-29 16:00:00+00:00,NZDUSD,"GBPJPY,GBPUSD,USDJPY",NZDUSD,NZDUSD-07-N1R087E08,ENTRY
2024-07-30 01:30:00+00:00,2024-07-30 02:00:00+00:00,GBPUSD,"GBPJPY,GBPUSD,NZDUSD,USDJPY",,,TOP_FOUR_HELD
2024-07-30 05:30:00+00:00,2024-07-30 06:00:00+00:00,,,,,NO_TRIGGER
2024-07-30 09:30:00+00:00,2024-07-30 10:00:00+00:00,"USDCAD,EURGBP,EURAUD",,USDCAD,USDCAD-07-N1R065E06,ENTRY
2024-07-30 11:30:00+00:00,2024-07-30 12:00:00+00:00,USDCAD,USDCAD,,,TOP_FOUR_HELD
2024-07-30 13:30:00+00:00,2024-07-30 14:00:00+00:00,"NZDUSD,USDCAD,GBPUSD",,NZDUSD,NZDUSD-07-N1R087E08,ENTRY
2024-07-30 15:30:00+00:00,2024-07-30 16:00:00+00:00,NZDUSD,NZDUSD,,,TOP_FOUR_HELD
2024-07-31 01:30:00+00:00,2024-07-31 02:00:00+00:00,"USDJPY,USDCHF,EURJPY",,USDJPY,USDJPY-07-R16E8,ENTRY
2024-07-31 05:30:00+00:00,2024-07-31 06:00:00+00:00,"USDJPY,USDCHF,GBPUSD",,USDJPY,USDJPY-07-R16E8,ENTRY
2024-07-31 09:30:00+00:00,2024-07-31 10:00:00+00:00,"CHFJPY,USDCHF,NZDCAD,USDCAD",,CHFJPY,CHFJPY-07-N1R080E04,ENTRY
2024-07-31 11:30:00+00:00,2024-07-31 12:00:00+00:00,"CHFJPY,USDCHF,NZDCAD,USDCAD",CHFJPY,USDCHF,USDCHF-07-N1R131E12,ENTRY
2024-07-31 13:30:00+00:00,2024-07-31 14:00:00+00:00,"USDCHF,EURJPY","CHFJPY,USDCHF",EURJPY,EURJPY-07-N1R115E03,ENTRY
2024-07-31 15:30:00+00:00,2024-07-31 16:00:00+00:00,"USDCHF,NZDCAD,EURJPY","CHFJPY,EURJPY,USDCHF",NZDCAD,NZDCAD-07-N1R025E10,ENTRY
2024-08-01 01:30:00+00:00,2024-08-01 02:00:00+00:00,USDCAD,"CHFJPY,EURJPY,NZDCAD,USDCHF",USDCAD,USDCAD-08-N1R123E11,ENTRY
2024-08-01 05:30:00+00:00,2024-08-01 06:00:00+00:00,"USDCHF,USDCAD","CHFJPY,EURJPY,USDCAD,USDCHF",,,TOP_FOUR_HELD
2024-08-01 09:30:00+00:00,2024-08-01 10:00:00+00:00,"EURNZD,USDCHF,USDCAD","CHFJPY,EURJPY,USDCAD,USDCHF",EURNZD,EURNZD-08-N1R135E11,ENTRY
2024-08-01 11:30:00+00:00,2024-08-01 12:00:00+00:00,USDCAD,"EURJPY,EURNZD,USDCAD,USDCHF",,,TOP_FOUR_HELD
2024-08-01 13:30:00+00:00,2024-08-01 14:00:00+00:00,USDCAD,"EURJPY,EURNZD,USDCAD",,,TOP_FOUR_HELD
2024-08-01 15:30:00+00:00,2024-08-01 16:00:00+00:00,,,,,NO_TRIGGER
2024-08-02 01:30:00+00:00,2024-08-02 02:00:00+00:00,"EURNZD,USDCHF",,EURNZD,EURNZD-08-N1R135E11,ENTRY
2024-08-02 05:30:00+00:00,2024-08-02 06:00:00+00:00,EURNZD,EURNZD,,,TOP_FOUR_HELD
2024-08-02 09:30:00+00:00,2024-08-02 10:00:00+00:00,GBPUSD,,GBPUSD,GBPUSD-08-R45E3,ENTRY
2024-08-02 11:30:00+00:00,2024-08-02 12:00:00+00:00,"GBPUSD,EURAUD,USDCHF",GBPUSD,EURAUD,EURAUD-08-N1R050E06,ENTRY
2024-08-02 13:30:00+00:00,2024-08-02 14:00:00+00:00,"EURUSD,GBPUSD,EURAUD,USDCHF",,EURUSD,EURUSD-08-R60E7,ENTRY
2024-08-02 15:30:00+00:00,2024-08-02 16:00:00+00:00,"EURUSD,EURNZD,GBPUSD,EURAUD",EURUSD,EURNZD,EURNZD-08-N1R135E11,ENTRY
2024-08-05 01:30:00+00:00,2024-08-05 02:00:00+00:00,"GBPUSD,EURAUD,USDCHF",,GBPUSD,GBPUSD-08-R45E3,ENTRY
2024-08-05 05:30:00+00:00,2024-08-05 06:00:00+00:00,"EURAUD,USDCHF",GBPUSD,EURAUD,EURAUD-08-N1R050E06,ENTRY
2024-08-05 09:30:00+00:00,2024-08-05 10:00:00+00:00,EURAUD,,EURAUD,EURAUD-08-N1R050E06,ENTRY
2024-08-05 11:30:00+00:00,2024-08-05 12:00:00+00:00,EURAUD,EURAUD,,,TOP_FOUR_HELD
2024-08-05 13:30:00+00:00,2024-08-05 14:00:00+00:00,"EURUSD,EURAUD",,EURUSD,EURUSD-08-R60E7,ENTRY
2024-08-05 15:30:00+00:00,2024-08-05 16:00:00+00:00,EURAUD,EURUSD,EURAUD,EURAUD-08-N1R050E06,ENTRY
2024-08-06 01:30:00+00:00,2024-08-06 02:00:00+00:00,"USDCHF,USDCAD",,USDCHF,USDCHF-08-N1R121E08,ENTRY
2024-08-06 05:30:00+00:00,2024-08-06 06:00:00+00:00,USDCAD,USDCHF,USDCAD,USDCAD-08-N1R123E11,ENTRY
2024-08-06 09:30:00+00:00,2024-08-06 10:00:00+00:00,USDCAD,"USDCAD,USDCHF",,,TOP_FOUR_HELD
2024-08-06 11:30:00+00:00,2024-08-06 12:00:00+00:00,USDCAD,USDCHF,USDCAD,USDCAD-08-N1R123E11,ENTRY
2024-08-06 13:30:00+00:00,2024-08-06 14:00:00+00:00,USDCAD,"USDCAD,USDCHF",,,TOP_FOUR_HELD
2024-08-06 15:30:00+00:00,2024-08-06 16:00:00+00:00,USDCAD,,USDCAD,USDCAD-08-N1R123E11,ENTRY
2024-08-07 01:30:00+00:00,2024-08-07 02:00:00+00:00,"NZDUSD,USDCAD",USDCAD,NZDUSD,NZDUSD-08-N1R032E03,ENTRY
2024-08-07 05:30:00+00:00,2024-08-07 06:00:00+00:00,"NZDUSD,AUDCHF,EURJPY,USDCHF","NZDUSD,USDCAD",AUDCHF,AUDCHF-08-N1R001E12,ENTRY
2024-08-07 09:30:00+00:00,2024-08-07 10:00:00+00:00,"GBPUSD,AUDCHF,USDCAD","AUDCHF,NZDUSD",GBPUSD,GBPUSD-08-R45E3,ENTRY
2024-08-07 11:30:00+00:00,2024-08-07 12:00:00+00:00,"GBPUSD,EURCHF,AUDCHF,USDCAD","AUDCHF,GBPUSD",EURCHF,EURCHF-08-R41E7,ENTRY
2024-08-07 13:30:00+00:00,2024-08-07 14:00:00+00:00,"GBPUSD,EURCHF,USDCAD",EURCHF,GBPUSD,GBPUSD-08-R45E3,ENTRY
2024-08-07 15:30:00+00:00,2024-08-07 16:00:00+00:00,"GBPUSD,EURCHF,AUDCHF,USDCAD",GBPUSD,EURCHF,EURCHF-08-R41E7,ENTRY
2024-08-08 01:30:00+00:00,2024-08-08 02:00:00+00:00,"EURNZD,EURCHF,USDCAD",,EURNZD,EURNZD-08-N1R135E11,ENTRY
2024-08-08 05:30:00+00:00,2024-08-08 06:00:00+00:00,"EURNZD,GBPUSD,GBPJPY,AUDCHF",,EURNZD,EURNZD-08-N1R135E11,ENTRY
2024-08-08 09:30:00+00:00,2024-08-08 10:00:00+00:00,"GBPUSD,EURCHF,USDCAD",,GBPUSD,GBPUSD-08-R45E3,ENTRY
2024-08-08 11:30:00+00:00,2024-08-08 12:00:00+00:00,"EURNZD,USDCAD",,EURNZD,EURNZD-08-N1R135E11,ENTRY
2024-08-08 13:30:00+00:00,2024-08-08 14:00:00+00:00,"EURNZD,AUDCHF,USDCAD",EURNZD,AUDCHF,AUDCHF-08-N1R001E12,ENTRY
2024-08-08 15:30:00+00:00,2024-08-08 16:00:00+00:00,"EURNZD,GBPUSD,EURCHF,AUDNZD",AUDCHF,EURNZD,EURNZD-08-N1R135E11,ENTRY
2024-08-09 01:30:00+00:00,2024-08-09 02:00:00+00:00,AUDCAD,"AUDCHF,EURNZD",AUDCAD,AUDCAD-08-N1R035E05,ENTRY
2024-08-09 05:30:00+00:00,2024-08-09 06:00:00+00:00,"NZDUSD,EURGBP,USDCAD","AUDCAD,AUDCHF",NZDUSD,NZDUSD-08-N1R032E03,ENTRY
2024-08-09 09:30:00+00:00,2024-08-09 10:00:00+00:00,"EURGBP,USDCAD","AUDCAD,AUDCHF,NZDUSD",EURGBP,EURGBP-08-N1R090E12,ENTRY
2024-08-09 11:30:00+00:00,2024-08-09 12:00:00+00:00,"EURGBP,USDCAD","AUDCAD,AUDCHF,EURGBP",USDCAD,USDCAD-08-N1R123E11,ENTRY
2024-08-09 13:30:00+00:00,2024-08-09 14:00:00+00:00,"EURCHF,USDCAD","AUDCHF,EURGBP,USDCAD",EURCHF,EURCHF-08-R41E7,ENTRY
2024-08-09 15:30:00+00:00,2024-08-09 16:00:00+00:00,"AUDCHF,USDCAD","EURCHF,EURGBP,USDCAD",AUDCHF,AUDCHF-08-N1R001E12,ENTRY
2024-08-12 01:30:00+00:00,2024-08-12 02:00:00+00:00,"EURNZD,GBPJPY,EURCHF,AUDCHF",,EURNZD,EURNZD-08-N1R135E11,ENTRY
2024-08-12 05:30:00+00:00,2024-08-12 06:00:00+00:00,"EURNZD,EURCHF,NZDUSD,EURGBP",EURNZD,EURCHF,EURCHF-08-R41E7,ENTRY
2024-08-12 09:30:00+00:00,2024-08-12 10:00:00+00:00,"NZDUSD,EURGBP,AUDCHF,EURJPY",EURCHF,NZDUSD,NZDUSD-08-N1R032E03,ENTRY
2024-08-12 11:30:00+00:00,2024-08-12 12:00:00+00:00,"AUDCAD,NZDUSD,AUDCHF,EURJPY","EURCHF,NZDUSD",AUDCAD,AUDCAD-08-N1R035E05,ENTRY
2024-08-12 13:30:00+00:00,2024-08-12 14:00:00+00:00,"AUDCAD,AUDCHF,EURJPY,USDCAD","AUDCAD,EURCHF,NZDUSD",AUDCHF,AUDCHF-08-N1R001E12,ENTRY
2024-08-12 15:30:00+00:00,2024-08-12 16:00:00+00:00,"AUDCAD,EURGBP,EURJPY,AUDJPY","AUDCAD,AUDCHF,NZDUSD",EURGBP,EURGBP-08-N1R090E12,ENTRY
2024-08-13 01:30:00+00:00,2024-08-13 02:00:00+00:00,"EURNZD,GBPJPY","AUDCAD,AUDCHF,EURGBP",EURNZD,EURNZD-08-N1R135E11,ENTRY
2024-08-13 05:30:00+00:00,2024-08-13 06:00:00+00:00,"GBPJPY,EURCHF,NZDUSD,EURGBP","AUDCAD,AUDCHF,EURGBP,EURNZD",GBPJPY,GBPJPY-08-N1R069E03,ENTRY
2024-08-13 09:30:00+00:00,2024-08-13 10:00:00+00:00,"AUDCAD,EURCHF,NZDUSD,EURGBP","AUDCAD,AUDCHF,EURGBP",EURCHF,EURCHF-08-R41E7,ENTRY
2024-08-13 11:30:00+00:00,2024-08-13 12:00:00+00:00,"EURCAD,EURCHF,EURGBP","AUDCAD,AUDCHF,EURCHF,EURGBP",EURCAD,EURCAD-08-R58E8,ENTRY
2024-08-13 13:30:00+00:00,2024-08-13 14:00:00+00:00,EURCAD,"AUDCHF,EURCAD,EURCHF,EURGBP",,,TOP_FOUR_HELD
2024-08-13 15:30:00+00:00,2024-08-13 16:00:00+00:00,"EURCHF,AUDCHF","EURCAD,EURCHF,EURGBP",AUDCHF,AUDCHF-08-N1R001E12,ENTRY
2024-08-14 01:30:00+00:00,2024-08-14 02:00:00+00:00,"EURNZD,AUDUSD,AUDCHF,USDCAD","AUDCHF,EURCAD",EURNZD,EURNZD-08-N1R135E11,ENTRY
2024-08-14 05:30:00+00:00,2024-08-14 06:00:00+00:00,USDCAD,"AUDCHF,EURCAD",USDCAD,USDCAD-08-N1R123E11,ENTRY
2024-08-14 09:30:00+00:00,2024-08-14 10:00:00+00:00,"EURUSD,USDCAD,AUDJPY","AUDCHF,EURCAD,USDCAD",EURUSD,EURUSD-08-R60E7,ENTRY
2024-08-14 11:30:00+00:00,2024-08-14 12:00:00+00:00,"AUDCHF,USDCAD","AUDCHF,EURCAD,EURUSD,USDCAD",,,TOP_FOUR_HELD
2024-08-14 13:30:00+00:00,2024-08-14 14:00:00+00:00,"EURCHF,EURAUD,AUDCHF,USDCAD","AUDCHF,EURUSD,USDCAD",EURCHF,EURCHF-08-R41E7,ENTRY
2024-08-14 15:30:00+00:00,2024-08-14 16:00:00+00:00,"EURAUD,USDCAD","AUDCHF,EURCHF,EURUSD,USDCAD",EURAUD,EURAUD-08-N1R050E06,ENTRY
2024-08-15 01:30:00+00:00,2024-08-15 02:00:00+00:00,"EURCHF,EURAUD","EURCHF,EURUSD,USDCAD",EURAUD,EURAUD-08-N1R050E06,ENTRY
2024-08-15 05:30:00+00:00,2024-08-15 06:00:00+00:00,"EURCHF,AUDCHF,AUDJPY","EURAUD,EURCHF,EURUSD,USDCAD",AUDCHF,AUDCHF-08-N1R001E12,ENTRY
2024-08-15 09:30:00+00:00,2024-08-15 10:00:00+00:00,AUDCHF,"AUDCHF,EURCHF,EURUSD",,,TOP_FOUR_HELD
2024-08-15 11:30:00+00:00,2024-08-15 12:00:00+00:00,"EURCHF,AUDCHF","AUDCHF,EURCHF",,,TOP_FOUR_HELD
2024-08-15 13:30:00+00:00,2024-08-15 14:00:00+00:00,"GBPJPY,EURCHF,AUDCHF,AUDJPY",AUDCHF,GBPJPY,GBPJPY-08-N1R069E03,ENTRY
2024-08-15 15:30:00+00:00,2024-08-15 16:00:00+00:00,"AUDCHF,EURJPY,AUDJPY","AUDCHF,GBPJPY",EURJPY,EURJPY-08-N1R019E08,ENTRY
2024-08-16 01:30:00+00:00,2024-08-16 02:00:00+00:00,"AUDNZD,EURGBP","AUDCHF,EURJPY",AUDNZD,AUDNZD-08-N1R012E06,ENTRY
2024-08-16 05:30:00+00:00,2024-08-16 06:00:00+00:00,EURGBP,AUDCHF,EURGBP,EURGBP-08-N1R090E12,ENTRY
2024-08-16 09:30:00+00:00,2024-08-16 10:00:00+00:00,"AUDCAD,EURGBP,EURJPY",EURGBP,AUDCAD,AUDCAD-08-N1R035E05,ENTRY
2024-08-16 11:30:00+00:00,2024-08-16 12:00:00+00:00,"AUDCAD,EURGBP","AUDCAD,EURGBP",,,TOP_FOUR_HELD
2024-08-16 13:30:00+00:00,2024-08-16 14:00:00+00:00,"EURCHF,EURGBP","AUDCAD,EURGBP",EURCHF,EURCHF-08-R41E7,ENTRY
2024-08-16 15:30:00+00:00,2024-08-16 16:00:00+00:00,"GBPJPY,EURCHF,AUDNZD,AUDCHF","AUDCAD,EURCHF,EURGBP",GBPJPY,GBPJPY-08-N1R069E03,ENTRY
2024-08-19 01:30:00+00:00,2024-08-19 02:00:00+00:00,"EURCHF,NZDUSD,AUDUSD,AUDCHF",,EURCHF,EURCHF-08-R41E7,ENTRY
2024-08-19 05:30:00+00:00,2024-08-19 06:00:00+00:00,"EURCAD,AUDCAD,EURCHF,USDCHF",EURCHF,EURCAD,EURCAD-08-R58E8,ENTRY
2024-08-19 09:30:00+00:00,2024-08-19 10:00:00+00:00,"AUDCHF,USDCAD",EURCAD,AUDCHF,AUDCHF-08-N1R001E12,ENTRY
2024-08-19 11:30:00+00:00,2024-08-19 12:00:00+00:00,"AUDCAD,AUDCHF,USDCAD","AUDCHF,EURCAD",AUDCAD,AUDCAD-08-N1R035E05,ENTRY
2024-08-19 13:30:00+00:00,2024-08-19 14:00:00+00:00,"AUDCAD,AUDCHF,USDCAD","AUDCAD,AUDCHF,EURCAD",USDCAD,USDCAD-08-N1R123E11,ENTRY
2024-08-19 15:30:00+00:00,2024-08-19 16:00:00+00:00,"EURUSD,AUDCAD,AUDUSD,AUDCHF","AUDCAD,AUDCHF,EURCAD,USDCAD",EURUSD,EURUSD-08-R60E7,ENTRY
2024-08-20 01:30:00+00:00,2024-08-20 02:00:00+00:00,"EURCHF,USDCHF,USDCAD","AUDCAD,AUDCHF,EURCAD,EURUSD,USDCAD",EURCHF,EURCHF-08-R41E7,ENTRY
2024-08-20 05:30:00+00:00,2024-08-20 06:00:00+00:00,USDCAD,"AUDCAD,AUDCHF,EURCAD,EURCHF,EURUSD,USDCAD",,,TOP_FOUR_HELD
2024-08-20 09:30:00+00:00,2024-08-20 10:00:00+00:00,"NZDUSD,USDCAD","AUDCAD,AUDCHF,EURCHF,EURUSD",NZDUSD,NZDUSD-08-N1R032E03,ENTRY
2024-08-20 11:30:00+00:00,2024-08-20 12:00:00+00:00,"NZDUSD,AUDCHF,USDCAD","AUDCAD,EURUSD,NZDUSD",AUDCHF,AUDCHF-08-N1R001E12,ENTRY
2024-08-20 13:30:00+00:00,2024-08-20 14:00:00+00:00,"EURUSD,NZDUSD,EURGBP,AUDCHF","AUDCHF,EURUSD,NZDUSD",EURGBP,EURGBP-08-N1R090E12,ENTRY
2024-08-20 15:30:00+00:00,2024-08-20 16:00:00+00:00,"EURUSD,USDCHF,USDCAD","AUDCHF,EURGBP",EURUSD,EURUSD-08-R60E7,ENTRY
2024-08-21 01:30:00+00:00,2024-08-21 02:00:00+00:00,"EURNZD,USDCHF,USDCAD",EURUSD,EURNZD,EURNZD-08-N1R135E11,ENTRY
2024-08-21 05:30:00+00:00,2024-08-21 06:00:00+00:00,USDCAD,EURUSD,USDCAD,USDCAD-08-N1R123E11,ENTRY
2024-08-21 09:30:00+00:00,2024-08-21 10:00:00+00:00,USDCAD,"EURUSD,USDCAD",,,TOP_FOUR_HELD
2024-08-21 11:30:00+00:00,2024-08-21 12:00:00+00:00,"EURNZD,USDCAD","EURUSD,USDCAD",EURNZD,EURNZD-08-N1R135E11,ENTRY
2024-08-21 13:30:00+00:00,2024-08-21 14:00:00+00:00,"EURNZD,EURCAD,USDCAD","EURNZD,EURUSD,USDCAD",EURCAD,EURCAD-08-R58E8,ENTRY
2024-08-21 15:30:00+00:00,2024-08-21 16:00:00+00:00,"EURNZD,EURCAD,EURGBP,USDCAD","EURCAD,EURNZD,EURUSD,USDCAD",EURGBP,EURGBP-08-N1R090E12,ENTRY
2024-08-22 01:30:00+00:00,2024-08-22 02:00:00+00:00,"EURNZD,EURAUD,USDCAD","EURCAD,EURGBP,EURNZD,USDCAD",EURAUD,EURAUD-08-N1R050E06,ENTRY
2024-08-22 05:30:00+00:00,2024-08-22 06:00:00+00:00,"EURAUD,EURGBP,USDCAD","EURCAD,EURGBP,USDCAD",EURAUD,EURAUD-08-N1R050E06,ENTRY
2024-08-22 09:30:00+00:00,2024-08-22 10:00:00+00:00,"EURNZD,EURCAD,NZDUSD,USDCAD",EURGBP,EURNZD,EURNZD-08-N1R135E11,ENTRY
2024-08-22 11:30:00+00:00,2024-08-22 12:00:00+00:00,"EURCAD,USDCAD","EURGBP,EURNZD",EURCAD,EURCAD-08-R58E8,ENTRY
2024-08-22 13:30:00+00:00,2024-08-22 14:00:00+00:00,USDCAD,"EURCAD,EURGBP",USDCAD,USDCAD-08-N1R123E11,ENTRY
2024-08-22 15:30:00+00:00,2024-08-22 16:00:00+00:00,USDCAD,"EURCAD,EURGBP,USDCAD",,,TOP_FOUR_HELD
2024-08-23 01:30:00+00:00,2024-08-23 02:00:00+00:00,EURGBP,"EURCAD,USDCAD",EURGBP,EURGBP-08-N1R090E12,ENTRY
2024-08-23 05:30:00+00:00,2024-08-23 06:00:00+00:00,"GBPJPY,NZDUSD","EURCAD,EURGBP,USDCAD",GBPJPY,GBPJPY-08-N1R069E03,ENTRY
2024-08-23 09:30:00+00:00,2024-08-23 10:00:00+00:00,"GBPJPY,EURGBP","EURGBP,GBPJPY,USDCAD",,,TOP_FOUR_HELD
2024-08-23 11:30:00+00:00,2024-08-23 12:00:00+00:00,EURGBP,"EURGBP,USDCAD",,,TOP_FOUR_HELD
2024-08-23 13:30:00+00:00,2024-08-23 14:00:00+00:00,EURGBP,"EURGBP,USDCAD",,,TOP_FOUR_HELD
2024-08-23 15:30:00+00:00,2024-08-23 16:00:00+00:00,"EURUSD,AUDUSD,USDCAD",EURGBP,EURUSD,EURUSD-08-R60E7,ENTRY
2024-08-26 01:30:00+00:00,2024-08-26 02:00:00+00:00,"USDCHF,USDCAD",,USDCHF,USDCHF-08-N1R121E08,ENTRY
2024-08-26 05:30:00+00:00,2024-08-26 06:00:00+00:00,USDCAD,USDCHF,USDCAD,USDCAD-08-N1R123E11,ENTRY
2024-08-26 09:30:00+00:00,2024-08-26 10:00:00+00:00,"EURNZD,USDCAD","USDCAD,USDCHF",EURNZD,EURNZD-08-N1R135E11,ENTRY
2024-08-26 11:30:00+00:00,2024-08-26 12:00:00+00:00,"EURNZD,USDCAD","EURNZD,USDCAD,USDCHF",,,TOP_FOUR_HELD
2024-08-26 13:30:00+00:00,2024-08-26 14:00:00+00:00,"EURNZD,EURGBP,AUDCHF,USDCAD","EURNZD,USDCAD,USDCHF",EURGBP,EURGBP-08-N1R090E12,ENTRY
2024-08-26 15:30:00+00:00,2024-08-26 16:00:00+00:00,"EURNZD,EURGBP,AUDCHF,USDCAD","EURGBP,EURNZD",AUDCHF,AUDCHF-08-N1R001E12,ENTRY
2024-08-27 01:30:00+00:00,2024-08-27 02:00:00+00:00,USDCAD,"AUDCHF,EURGBP,EURNZD",USDCAD,USDCAD-08-N1R123E11,ENTRY
2024-08-27 05:30:00+00:00,2024-08-27 06:00:00+00:00,"EURNZD,NZDUSD,USDCAD","AUDCHF,EURGBP,USDCAD",EURNZD,EURNZD-08-N1R135E11,ENTRY
2024-08-27 09:30:00+00:00,2024-08-27 10:00:00+00:00,"EURGBP,USDCAD","AUDCHF,EURGBP,USDCAD",,,TOP_FOUR_HELD
2024-08-27 11:30:00+00:00,2024-08-27 12:00:00+00:00,"EURGBP,USDCAD","EURGBP,USDCAD",,,TOP_FOUR_HELD
2024-08-27 13:30:00+00:00,2024-08-27 14:00:00+00:00,"EURGBP,USDCAD","EURGBP,USDCAD",,,TOP_FOUR_HELD
2024-08-27 15:30:00+00:00,2024-08-27 16:00:00+00:00,"EURGBP,USDCHF,USDCAD",USDCAD,EURGBP,EURGBP-08-N1R090E12,ENTRY
2024-08-28 01:30:00+00:00,2024-08-28 02:00:00+00:00,USDCAD,"EURGBP,USDCAD",,,TOP_FOUR_HELD
2024-08-28 05:30:00+00:00,2024-08-28 06:00:00+00:00,"EURNZD,EURGBP,USDCAD,AUDJPY",EURGBP,EURNZD,EURNZD-08-N1R135E11,ENTRY
2024-08-28 09:30:00+00:00,2024-08-28 10:00:00+00:00,USDCAD,EURGBP,USDCAD,USDCAD-08-N1R123E11,ENTRY
2024-08-28 11:30:00+00:00,2024-08-28 12:00:00+00:00,USDCAD,"EURGBP,USDCAD",,,TOP_FOUR_HELD
2024-08-28 13:30:00+00:00,2024-08-28 14:00:00+00:00,USDCAD,"EURGBP,USDCAD",,,TOP_FOUR_HELD
2024-08-28 15:30:00+00:00,2024-08-28 16:00:00+00:00,,"EURGBP,USDCAD",,,NO_TRIGGER
2024-08-29 01:30:00+00:00,2024-08-29 02:00:00+00:00,,,,,NO_TRIGGER
2024-08-29 05:30:00+00:00,2024-08-29 06:00:00+00:00,"EURGBP,USDCHF,AUDJPY",,EURGBP,EURGBP-08-N1R090E12,ENTRY
2024-08-29 09:30:00+00:00,2024-08-29 10:00:00+00:00,"EURGBP,AUDJPY",EURGBP,AUDJPY,AUDJPY-08-N1R029E11,ENTRY
2024-08-29 11:30:00+00:00,2024-08-29 12:00:00+00:00,"AUDUSD,EURGBP,AUDCHF","AUDJPY,EURGBP",AUDUSD,AUDUSD-08-N1R011E04,ENTRY
2024-08-29 13:30:00+00:00,2024-08-29 14:00:00+00:00,"EURGBP,AUDCHF,USDCHF","AUDJPY,EURGBP",AUDCHF,AUDCHF-08-N1R001E12,ENTRY
2024-08-29 15:30:00+00:00,2024-08-29 16:00:00+00:00,USDCAD,"AUDCHF,AUDJPY,EURGBP",USDCAD,USDCAD-08-N1R123E11,ENTRY
2024-08-30 01:30:00+00:00,2024-08-30 02:00:00+00:00,EURNZD,"AUDCHF,EURGBP",EURNZD,EURNZD-08-N1R135E11,ENTRY
2024-08-30 05:30:00+00:00,2024-08-30 06:00:00+00:00,"CHFJPY,EURGBP,AUDCHF","AUDCHF,EURGBP",CHFJPY,CHFJPY-08-N1R118E01,ENTRY
2024-08-30 09:30:00+00:00,2024-08-30 10:00:00+00:00,"EURNZD,GBPUSD,EURGBP,AUDCHF",AUDCHF,EURNZD,EURNZD-08-N1R135E11,ENTRY
2024-08-30 11:30:00+00:00,2024-08-30 12:00:00+00:00,"GBPUSD,EURGBP,AUDCHF,AUDJPY","AUDCHF,EURNZD",GBPUSD,GBPUSD-08-R45E3,ENTRY
2024-08-30 13:30:00+00:00,2024-08-30 14:00:00+00:00,"GBPUSD,USDJPY",AUDCHF,GBPUSD,GBPUSD-08-R45E3,ENTRY
2024-08-30 15:30:00+00:00,2024-08-30 16:00:00+00:00,"EURNZD,GBPUSD",,EURNZD,EURNZD-08-N1R135E11,ENTRY
2024-09-02 01:30:00+00:00,2024-09-02 02:00:00+00:00,,,,,NO_TRIGGER
2024-09-02 05:30:00+00:00,2024-09-02 06:00:00+00:00,"NZDUSD,GBPUSD",,NZDUSD,NZDUSD-09-N1R132E12,ENTRY
2024-09-02 09:30:00+00:00,2024-09-02 10:00:00+00:00,NZDUSD,NZDUSD,,,TOP_FOUR_HELD
2024-09-02 11:30:00+00:00,2024-09-02 12:00:00+00:00,"EURUSD,NZDUSD",NZDUSD,EURUSD,EURUSD-09-R51E4,ENTRY
2024-09-02 13:30:00+00:00,2024-09-02 14:00:00+00:00,"USDCAD,NZDUSD","EURUSD,NZDUSD",USDCAD,USDCAD-09-R55E7,ENTRY
2024-09-02 15:30:00+00:00,2024-09-02 16:00:00+00:00,USDCAD,"EURUSD,NZDUSD,USDCAD",,,TOP_FOUR_HELD
2024-09-03 01:30:00+00:00,2024-09-03 02:00:00+00:00,"NZDUSD,GBPUSD","EURUSD,NZDUSD,USDCAD",GBPUSD,GBPUSD-09-N1R087E08,ENTRY
2024-09-03 05:30:00+00:00,2024-09-03 06:00:00+00:00,"CHFJPY,AUDNZD,NZDUSD,GBPUSD","EURUSD,GBPUSD,NZDUSD,USDCAD",CHFJPY,CHFJPY-09-R60E8,ENTRY
2024-09-03 09:30:00+00:00,2024-09-03 10:00:00+00:00,"EURAUD,USDCAD,NZDUSD,GBPUSD","CHFJPY,EURUSD,USDCAD",EURAUD,EURAUD-09-R07E6,ENTRY
2024-09-03 11:30:00+00:00,2024-09-03 12:00:00+00:00,"NZDUSD,GBPUSD","CHFJPY,EURAUD,EURUSD",NZDUSD,NZDUSD-09-N1R132E12,ENTRY
2024-09-03 13:30:00+00:00,2024-09-03 14:00:00+00:00,NZDUSD,"CHFJPY,EURAUD,NZDUSD",,,TOP_FOUR_HELD
2024-09-03 15:30:00+00:00,2024-09-03 16:00:00+00:00,"AUDJPY,EURJPY,NZDUSD,EURGBP",NZDUSD,AUDJPY,AUDJPY-09-N1R075E04,ENTRY
2024-09-04 01:30:00+00:00,2024-09-04 02:00:00+00:00,"EURUSD,USDJPY,AUDJPY,EURJPY",NZDUSD,EURUSD,EURUSD-09-R51E4,ENTRY
2024-09-04 05:30:00+00:00,2024-09-04 06:00:00+00:00,"EURUSD,USDJPY,USDCAD,AUDJPY","EURUSD,NZDUSD",USDJPY,USDJPY-09-R60E8,ENTRY
2024-09-04 09:30:00+00:00,2024-09-04 10:00:00+00:00,,"EURUSD,NZDUSD,USDJPY",,,NO_TRIGGER
2024-09-04 11:30:00+00:00,2024-09-04 12:00:00+00:00,"EURNZD,GBPJPY","EURUSD,NZDUSD,USDJPY",EURNZD,EURNZD-09-R05E8,ENTRY
2024-09-04 13:30:00+00:00,2024-09-04 14:00:00+00:00,"EURAUD,EURNZD,GBPJPY","EURNZD,EURUSD,USDJPY",EURAUD,EURAUD-09-R07E6,ENTRY
2024-09-04 15:30:00+00:00,2024-09-04 16:00:00+00:00,"AUDJPY,EURJPY,AUDCHF,EURGBP","EURAUD,EURNZD",AUDJPY,AUDJPY-09-N1R075E04,ENTRY
2024-09-05 01:30:00+00:00,2024-09-05 02:00:00+00:00,"USDJPY,AUDJPY,EURJPY,GBPJPY",EURNZD,USDJPY,USDJPY-09-R60E8,ENTRY
2024-09-05 05:30:00+00:00,2024-09-05 06:00:00+00:00,"USDJPY,EURNZD,AUDJPY,EURJPY","EURNZD,USDJPY",AUDJPY,AUDJPY-09-N1R075E04,ENTRY
2024-09-05 09:30:00+00:00,2024-09-05 10:00:00+00:00,EURJPY,"AUDJPY,EURNZD,USDJPY",EURJPY,EURJPY-09-N1R132E12,ENTRY
2024-09-05 11:30:00+00:00,2024-09-05 12:00:00+00:00,"USDJPY,EURJPY","AUDJPY,EURJPY,EURNZD,USDJPY",,,TOP_FOUR_HELD
2024-09-05 13:30:00+00:00,2024-09-05 14:00:00+00:00,"EURAUD,USDJPY,EURNZD,AUDJPY","AUDJPY,USDJPY",EURAUD,EURAUD-09-R07E6,ENTRY
2024-09-05 15:30:00+00:00,2024-09-05 16:00:00+00:00,"EURAUD,EURNZD","EURAUD,USDJPY",EURNZD,EURNZD-09-R05E8,ENTRY
2024-09-06 01:30:00+00:00,2024-09-06 02:00:00+00:00,"USDJPY,AUDJPY,EURGBP,GBPJPY","EURAUD,EURNZD,USDJPY",AUDJPY,AUDJPY-09-N1R075E04,ENTRY
2024-09-06 05:30:00+00:00,2024-09-06 06:00:00+00:00,"USDJPY,AUDJPY,GBPJPY","AUDJPY,EURNZD",USDJPY,USDJPY-09-R60E8,ENTRY
2024-09-06 09:30:00+00:00,2024-09-06 10:00:00+00:00,"EURAUD,USDJPY,USDCHF,EURGBP","EURNZD,USDJPY",EURAUD,EURAUD-09-R07E6,ENTRY
2024-09-06 11:30:00+00:00,2024-09-06 12:00:00+00:00,"EURAUD,EURGBP","EURAUD,EURNZD,USDJPY",EURGBP,EURGBP-09-R23E8,ENTRY
2024-09-06 13:30:00+00:00,2024-09-06 14:00:00+00:00,AUDUSD,"EURGBP,EURNZD",AUDUSD,AUDUSD-09-N1R065E11,ENTRY
2024-09-06 15:30:00+00:00,2024-09-06 16:00:00+00:00,"AUDJPY,AUDCHF,EURGBP,GBPJPY","EURGBP,EURNZD",AUDJPY,AUDJPY-09-N1R075E04,ENTRY
2024-09-09 01:30:00+00:00,2024-09-09 02:00:00+00:00,"EURJPY,NZDUSD",,EURJPY,EURJPY-09-N1R132E12,ENTRY
2024-09-09 05:30:00+00:00,2024-09-09 06:00:00+00:00,"AUDJPY,NZDUSD,EURGBP,GBPJPY",EURJPY,AUDJPY,AUDJPY-09-N1R075E04,ENTRY
2024-09-09 09:30:00+00:00,2024-09-09 10:00:00+00:00,"AUDCHF,NZDUSD,GBPUSD","AUDJPY,EURJPY",AUDCHF,AUDCHF-09-N1R135E09,ENTRY
2024-09-09 11:30:00+00:00,2024-09-09 12:00:00+00:00,"AUDCHF,NZDUSD,EURGBP,GBPUSD","AUDCHF,AUDJPY,EURJPY",NZDUSD,NZDUSD-09-N1R132E12,ENTRY
2024-09-09 13:30:00+00:00,2024-09-09 14:00:00+00:00,"AUDJPY,AUDCHF,NZDUSD,GBPJPY","AUDJPY,EURJPY,NZDUSD",AUDCHF,AUDCHF-09-N1R135E09,ENTRY
2024-09-09 15:30:00+00:00,2024-09-09 16:00:00+00:00,"AUDJPY,AUDCHF,NZDUSD,EURGBP","AUDCHF,AUDJPY,NZDUSD",EURGBP,EURGBP-09-R23E8,ENTRY
2024-09-10 01:30:00+00:00,2024-09-10 02:00:00+00:00,"AUDCHF,NZDUSD,EURGBP,GBPUSD","AUDJPY,EURGBP,NZDUSD",AUDCHF,AUDCHF-09-N1R135E09,ENTRY
2024-09-10 05:30:00+00:00,2024-09-10 06:00:00+00:00,"EURNZD,AUDJPY,AUDCHF,GBPJPY","AUDCHF,AUDJPY,EURGBP,NZDUSD",EURNZD,EURNZD-09-R05E8,ENTRY
2024-09-10 09:30:00+00:00,2024-09-10 10:00:00+00:00,"EURNZD,AUDCHF","EURGBP,EURNZD,NZDUSD",AUDCHF,AUDCHF-09-N1R135E09,ENTRY
2024-09-10 11:30:00+00:00,2024-09-10 12:00:00+00:00,"EURAUD,AUDJPY,GBPJPY","AUDCHF,EURGBP,EURNZD,NZDUSD",EURAUD,EURAUD-09-R07E6,ENTRY
2024-09-10 13:30:00+00:00,2024-09-10 14:00:00+00:00,"AUDJPY,AUDCHF,GBPJPY,EURCHF","AUDCHF,EURAUD,EURGBP,EURNZD",AUDJPY,AUDJPY-09-N1R075E04,ENTRY
2024-09-10 15:30:00+00:00,2024-09-10 16:00:00+00:00,"NZDCAD,AUDJPY,GBPJPY,GBPUSD","AUDJPY,EURGBP,EURNZD",NZDCAD,NZDCAD-09-N1R140E07,ENTRY
2024-09-11 01:30:00+00:00,2024-09-11 02:00:00+00:00,"USDJPY,AUDJPY,EURJPY,GBPJPY","EURNZD,NZDCAD",USDJPY,USDJPY-09-R60E8,ENTRY
2024-09-11 05:30:00+00:00,2024-09-11 06:00:00+00:00,"USDCAD,AUDJPY,EURJPY,GBPJPY","EURNZD,USDJPY",USDCAD,USDCAD-09-R55E7,ENTRY
2024-09-11 09:30:00+00:00,2024-09-11 10:00:00+00:00,"USDCAD,EURJPY,GBPJPY,GBPUSD",USDCAD,EURJPY,EURJPY-09-N1R132E12,ENTRY
2024-09-11 11:30:00+00:00,2024-09-11 12:00:00+00:00,"USDCAD,EURJPY,GBPUSD","EURJPY,USDCAD",GBPUSD,GBPUSD-09-N1R087E08,ENTRY
2024-09-11 13:30:00+00:00,2024-09-11 14:00:00+00:00,"EURAUD,AUDNZD,GBPUSD",USDCAD,EURAUD,EURAUD-09-R07E6,ENTRY
2024-09-11 15:30:00+00:00,2024-09-11 16:00:00+00:00,"USDJPY,AUDJPY,EURJPY,AUDCHF","EURAUD,USDCAD",USDJPY,USDJPY-09-R60E8,ENTRY
2024-09-12 01:30:00+00:00,2024-09-12 02:00:00+00:00,GBPUSD,,GBPUSD,GBPUSD-09-N1R087E08,ENTRY
2024-09-12 05:30:00+00:00,2024-09-12 06:00:00+00:00,,GBPUSD,,,NO_TRIGGER
2024-09-12 09:30:00+00:00,2024-09-12 10:00:00+00:00,GBPJPY,GBPUSD,GBPJPY,GBPJPY-09-N1R071E02,ENTRY
2024-09-12 11:30:00+00:00,2024-09-12 12:00:00+00:00,GBPUSD,"GBPJPY,GBPUSD",,,TOP_FOUR_HELD
2024-09-12 13:30:00+00:00,2024-09-12 14:00:00+00:00,"EURGBP,GBPJPY,AUDCAD",GBPUSD,EURGBP,EURGBP-09-R23E8,ENTRY
2024-09-12 15:30:00+00:00,2024-09-12 16:00:00+00:00,"AUDUSD,AUDCAD",EURGBP,AUDUSD,AUDUSD-09-N1R065E11,ENTRY
2024-09-13 01:30:00+00:00,2024-09-13 02:00:00+00:00,,"AUDUSD,EURGBP",,,NO_TRIGGER
2024-09-13 05:30:00+00:00,2024-09-13 06:00:00+00:00,"USDJPY,GBPJPY","AUDUSD,EURGBP",USDJPY,USDJPY-09-R60E8,ENTRY
2024-09-13 09:30:00+00:00,2024-09-13 10:00:00+00:00,"USDJPY,EURJPY,GBPJPY","AUDUSD,USDJPY",EURJPY,EURJPY-09-N1R132E12,ENTRY
2024-09-13 11:30:00+00:00,2024-09-13 12:00:00+00:00,"USDJPY,AUDJPY,EURJPY,GBPJPY","AUDUSD,EURJPY,USDJPY",AUDJPY,AUDJPY-09-N1R075E04,ENTRY
2024-09-13 13:30:00+00:00,2024-09-13 14:00:00+00:00,"AUDUSD,AUDCAD","AUDJPY,AUDUSD,EURJPY,USDJPY",AUDCAD,AUDCAD-09-N1R067E02,ENTRY
2024-09-13 15:30:00+00:00,2024-09-13 16:00:00+00:00,"USDJPY,EURJPY,AUDUSD,GBPJPY","AUDCAD,AUDJPY,AUDUSD,EURJPY,USDJPY",GBPJPY,GBPJPY-09-N1R071E02,ENTRY
2024-09-16 01:30:00+00:00,2024-09-16 02:00:00+00:00,"USDJPY,EURJPY,AUDUSD,GBPJPY",,USDJPY,USDJPY-09-R60E8,ENTRY
2024-09-16 05:30:00+00:00,2024-09-16 06:00:00+00:00,"USDJPY,EURNZD,USDCHF,EURJPY",USDJPY,EURNZD,EURNZD-09-R05E8,ENTRY
2024-09-16 09:30:00+00:00,2024-09-16 10:00:00+00:00,"USDJPY,EURNZD,USDCHF,EURJPY","EURNZD,USDJPY",USDCHF,USDCHF-09-N1R102E09,ENTRY
2024-09-16 11:30:00+00:00,2024-09-16 12:00:00+00:00,"EURNZD,AUDNZD","EURNZD,USDCHF,USDJPY",AUDNZD,AUDNZD-09-R20E8,ENTRY
2024-09-16 13:30:00+00:00,2024-09-16 14:00:00+00:00,GBPJPY,"AUDNZD,EURNZD,USDJPY",GBPJPY,GBPJPY-09-N1R071E02,ENTRY
2024-09-16 15:30:00+00:00,2024-09-16 16:00:00+00:00,,"AUDNZD,EURNZD,GBPJPY,USDJPY",,,NO_TRIGGER
2024-09-17 01:30:00+00:00,2024-09-17 02:00:00+00:00,AUDNZD,"AUDNZD,EURNZD,USDJPY",,,TOP_FOUR_HELD
2024-09-17 05:30:00+00:00,2024-09-17 06:00:00+00:00,,"AUDNZD,EURNZD",,,NO_TRIGGER
2024-09-17 09:30:00+00:00,2024-09-17 10:00:00+00:00,"USDCAD,AUDUSD",AUDNZD,USDCAD,USDCAD-09-R55E7,ENTRY
2024-09-17 11:30:00+00:00,2024-09-17 12:00:00+00:00,,"AUDNZD,USDCAD",,,NO_TRIGGER
2024-09-17 13:30:00+00:00,2024-09-17 14:00:00+00:00,AUDNZD,,AUDNZD,AUDNZD-09-R20E8,ENTRY
2024-09-17 15:30:00+00:00,2024-09-17 16:00:00+00:00,USDCAD,AUDNZD,USDCAD,USDCAD-09-R55E7,ENTRY
2024-09-18 01:30:00+00:00,2024-09-18 02:00:00+00:00,"USDCAD,EURGBP,AUDUSD","AUDNZD,USDCAD",EURGBP,EURGBP-09-R23E8,ENTRY
2024-09-18 05:30:00+00:00,2024-09-18 06:00:00+00:00,USDCHF,"AUDNZD,EURGBP,USDCAD",USDCHF,USDCHF-09-N1R102E09,ENTRY
2024-09-18 09:30:00+00:00,2024-09-18 10:00:00+00:00,"AUDUSD,AUDCAD","AUDNZD,EURGBP,USDCAD",AUDUSD,AUDUSD-09-N1R065E11,ENTRY
2024-09-18 11:30:00+00:00,2024-09-18 12:00:00+00:00,USDCHF,"AUDNZD,AUDUSD,EURGBP,USDCAD",USDCHF,USDCHF-09-N1R102E09,ENTRY
2024-09-18 13:30:00+00:00,2024-09-18 14:00:00+00:00,USDCHF,"AUDNZD,AUDUSD,EURGBP,USDCAD",USDCHF,USDCHF-09-N1R102E09,ENTRY
2024-09-18 15:30:00+00:00,2024-09-18 16:00:00+00:00,,"AUDUSD,USDCAD",,,NO_TRIGGER
2024-09-19 01:30:00+00:00,2024-09-19 02:00:00+00:00,,,,,NO_TRIGGER
2024-09-19 05:30:00+00:00,2024-09-19 06:00:00+00:00,"USDCAD,AUDNZD,AUDUSD",,USDCAD,USDCAD-09-R55E7,ENTRY
2024-09-19 09:30:00+00:00,2024-09-19 10:00:00+00:00,,,,,NO_TRIGGER
2024-09-19 11:30:00+00:00,2024-09-19 12:00:00+00:00,,,,,NO_TRIGGER
2024-09-19 13:30:00+00:00,2024-09-19 14:00:00+00:00,AUDNZD,,AUDNZD,AUDNZD-09-R20E8,ENTRY
2024-09-19 15:30:00+00:00,2024-09-19 16:00:00+00:00,AUDNZD,AUDNZD,,,TOP_FOUR_HELD
2024-09-20 01:30:00+00:00,2024-09-20 02:00:00+00:00,,AUDNZD,,,NO_TRIGGER
2024-09-20 05:30:00+00:00,2024-09-20 06:00:00+00:00,"AUDUSD,AUDCAD",AUDNZD,AUDUSD,AUDUSD-09-N1R065E11,ENTRY
2024-09-20 09:30:00+00:00,2024-09-20 10:00:00+00:00,,"AUDNZD,AUDUSD",,,NO_TRIGGER
2024-09-20 11:30:00+00:00,2024-09-20 12:00:00+00:00,AUDNZD,"AUDNZD,AUDUSD",,,TOP_FOUR_HELD
2024-09-20 13:30:00+00:00,2024-09-20 14:00:00+00:00,AUDUSD,"AUDNZD,AUDUSD",,,TOP_FOUR_HELD
2024-09-20 15:30:00+00:00,2024-09-20 16:00:00+00:00,,,,,NO_TRIGGER
2024-09-23 01:30:00+00:00,2024-09-23 02:00:00+00:00,,,,,NO_TRIGGER
2024-09-23 05:30:00+00:00,2024-09-23 06:00:00+00:00,,,,,NO_TRIGGER
2024-09-23 09:30:00+00:00,2024-09-23 10:00:00+00:00,"CHFJPY,EURCAD",,CHFJPY,CHFJPY-09-R60E8,ENTRY
2024-09-23 11:30:00+00:00,2024-09-23 12:00:00+00:00,"EURCAD,AUDUSD",CHFJPY,EURCAD,EURCAD-09-N1R096E06,ENTRY
2024-09-23 13:30:00+00:00,2024-09-23 14:00:00+00:00,"EURCAD,AUDUSD","CHFJPY,EURCAD",AUDUSD,AUDUSD-09-N1R065E11,ENTRY
2024-09-23 15:30:00+00:00,2024-09-23 16:00:00+00:00,"EURCAD,AUDUSD","AUDUSD,CHFJPY",EURCAD,EURCAD-09-N1R096E06,ENTRY
2024-09-24 01:30:00+00:00,2024-09-24 02:00:00+00:00,,"AUDUSD,CHFJPY",,,NO_TRIGGER
2024-09-24 05:30:00+00:00,2024-09-24 06:00:00+00:00,"EURCAD,AUDUSD","AUDUSD,CHFJPY",EURCAD,EURCAD-09-N1R096E06,ENTRY
2024-09-24 09:30:00+00:00,2024-09-24 10:00:00+00:00,,,,,NO_TRIGGER
2024-09-24 11:30:00+00:00,2024-09-24 12:00:00+00:00,"AUDUSD,AUDCAD",,AUDUSD,AUDUSD-09-N1R065E11,ENTRY
2024-09-24 13:30:00+00:00,2024-09-24 14:00:00+00:00,"AUDUSD,AUDCAD",AUDUSD,AUDCAD,AUDCAD-09-N1R067E02,ENTRY
2024-09-24 15:30:00+00:00,2024-09-24 16:00:00+00:00,AUDUSD,AUDUSD,,,TOP_FOUR_HELD
2024-09-25 01:30:00+00:00,2024-09-25 02:00:00+00:00,,,,,NO_TRIGGER
2024-09-25 05:30:00+00:00,2024-09-25 06:00:00+00:00,,,,,NO_TRIGGER
2024-09-25 09:30:00+00:00,2024-09-25 10:00:00+00:00,"AUDUSD,AUDCAD",,AUDUSD,AUDUSD-09-N1R065E11,ENTRY
2024-09-25 11:30:00+00:00,2024-09-25 12:00:00+00:00,AUDUSD,AUDUSD,,,TOP_FOUR_HELD
2024-09-25 13:30:00+00:00,2024-09-25 14:00:00+00:00,AUDUSD,AUDUSD,,,TOP_FOUR_HELD
2024-09-25 15:30:00+00:00,2024-09-25 16:00:00+00:00,AUDUSD,AUDUSD,,,TOP_FOUR_HELD
2024-09-26 01:30:00+00:00,2024-09-26 02:00:00+00:00,GBPUSD,,GBPUSD,GBPUSD-09-N1R087E08,ENTRY
2024-09-26 05:30:00+00:00,2024-09-26 06:00:00+00:00,NZDUSD,GBPUSD,NZDUSD,NZDUSD-09-N1R132E12,ENTRY
2024-09-26 09:30:00+00:00,2024-09-26 10:00:00+00:00,"EURNZD,NZDUSD","GBPUSD,NZDUSD",EURNZD,EURNZD-09-R05E8,ENTRY
2024-09-26 11:30:00+00:00,2024-09-26 12:00:00+00:00,,"EURNZD,NZDUSD",,,NO_TRIGGER
2024-09-26 13:30:00+00:00,2024-09-26 14:00:00+00:00,,"EURNZD,NZDUSD",,,NO_TRIGGER
2024-09-26 15:30:00+00:00,2024-09-26 16:00:00+00:00,,"EURNZD,NZDUSD",,,NO_TRIGGER
2024-09-27 01:30:00+00:00,2024-09-27 02:00:00+00:00,,,,,NO_TRIGGER
2024-09-27 05:30:00+00:00,2024-09-27 06:00:00+00:00,AUDUSD,,AUDUSD,AUDUSD-09-N1R065E11,ENTRY
2024-09-27 09:30:00+00:00,2024-09-27 10:00:00+00:00,"CHFJPY,AUDUSD,AUDCAD,EURCHF",AUDUSD,CHFJPY,CHFJPY-09-R60E8,ENTRY
2024-09-27 11:30:00+00:00,2024-09-27 12:00:00+00:00,"USDCHF,AUDUSD","AUDUSD,CHFJPY",USDCHF,USDCHF-09-N1R102E09,ENTRY
2024-09-27 13:30:00+00:00,2024-09-27 14:00:00+00:00,"USDJPY,AUDUSD,AUDCAD",CHFJPY,USDJPY,USDJPY-09-R60E8,ENTRY
2024-09-27 15:30:00+00:00,2024-09-27 16:00:00+00:00,"GBPJPY,AUDCAD","CHFJPY,USDJPY",GBPJPY,GBPJPY-09-N1R071E02,ENTRY
2024-09-30 01:30:00+00:00,2024-09-30 02:00:00+00:00,"EURJPY,AUDUSD",,EURJPY,EURJPY-09-N1R132E12,ENTRY
2024-09-30 05:30:00+00:00,2024-09-30 06:00:00+00:00,"USDJPY,EURJPY,AUDUSD,GBPJPY",EURJPY,USDJPY,USDJPY-09-R60E8,ENTRY
2024-09-30 09:30:00+00:00,2024-09-30 10:00:00+00:00,,USDJPY,,,NO_TRIGGER
2024-09-30 11:30:00+00:00,2024-09-30 12:00:00+00:00,,,,,NO_TRIGGER
2024-09-30 13:30:00+00:00,2024-09-30 14:00:00+00:00,USDCAD,,USDCAD,USDCAD-09-R55E7,ENTRY
2024-09-30 15:30:00+00:00,2024-09-30 16:00:00+00:00,AUDUSD,USDCAD,AUDUSD,AUDUSD-09-N1R065E11,ENTRY
2024-10-01 01:30:00+00:00,2024-10-01 02:00:00+00:00,EURUSD,,EURUSD,EURUSD-10-R32E3,ENTRY
2024-10-01 05:30:00+00:00,2024-10-01 06:00:00+00:00,"EURUSD,USDCAD",EURUSD,USDCAD,USDCAD-10-N1R008E12,ENTRY
2024-10-01 09:30:00+00:00,2024-10-01 10:00:00+00:00,"EURUSD,USDCAD,GBPUSD",USDCAD,EURUSD,EURUSD-10-R32E3,ENTRY
2024-10-01 11:30:00+00:00,2024-10-01 12:00:00+00:00,"EURUSD,EURCHF,USDJPY,GBPUSD","EURUSD,USDCAD",EURCHF,EURCHF-10-N1R139E10,ENTRY
2024-10-01 13:30:00+00:00,2024-10-01 14:00:00+00:00,"EURUSD,NZDUSD,EURCAD","EURCHF,USDCAD",EURUSD,EURUSD-10-R32E3,ENTRY
2024-10-01 15:30:00+00:00,2024-10-01 16:00:00+00:00,"AUDJPY,EURUSD,NZDUSD,EURJPY",EURUSD,AUDJPY,AUDJPY-10-R22E5,ENTRY
2024-10-02 01:30:00+00:00,2024-10-02 02:00:00+00:00,"EURUSD,NZDUSD,USDCHF,EURJPY",AUDJPY,EURUSD,EURUSD-10-R32E3,ENTRY
2024-10-02 05:30:00+00:00,2024-10-02 06:00:00+00:00,"EURUSD,NZDUSD,EURCAD,GBPUSD","AUDJPY,EURUSD",NZDUSD,NZDUSD-10-R37E7,ENTRY
2024-10-02 09:30:00+00:00,2024-10-02 10:00:00+00:00,EURUSD,"AUDJPY,EURUSD,NZDUSD",,,TOP_FOUR_HELD
2024-10-02 11:30:00+00:00,2024-10-02 12:00:00+00:00,EURUSD,"AUDJPY,EURUSD,NZDUSD",,,TOP_FOUR_HELD
2024-10-02 13:30:00+00:00,2024-10-02 14:00:00+00:00,,"AUDJPY,EURUSD,NZDUSD",,,NO_TRIGGER
2024-10-02 15:30:00+00:00,2024-10-02 16:00:00+00:00,"EURCHF,EURCAD,GBPUSD",NZDUSD,EURCHF,EURCHF-10-N1R139E10,ENTRY
2024-10-03 01:30:00+00:00,2024-10-03 02:00:00+00:00,"EURNZD,EURUSD",EURCHF,EURNZD,EURNZD-10-R61E5,ENTRY
2024-10-03 05:30:00+00:00,2024-10-03 06:00:00+00:00,"EURUSD,NZDUSD,GBPUSD",EURNZD,EURUSD,EURUSD-10-R32E3,ENTRY
2024-10-03 09:30:00+00:00,2024-10-03 10:00:00+00:00,"EURNZD,EURUSD,NZDUSD,USDCAD",EURNZD,EURUSD,EURUSD-10-R32E3,ENTRY
2024-10-03 11:30:00+00:00,2024-10-03 12:00:00+00:00,"AUDUSD,EURUSD,NZDUSD,USDCAD","EURNZD,EURUSD",AUDUSD,AUDUSD-10-N1R085E10,ENTRY
2024-10-03 13:30:00+00:00,2024-10-03 14:00:00+00:00,"EURUSD,NZDUSD,USDCAD","AUDUSD,EURNZD,EURUSD",NZDUSD,NZDUSD-10-R37E7,ENTRY
2024-10-03 15:30:00+00:00,2024-10-03 16:00:00+00:00,USDJPY,"EURNZD,NZDUSD",USDJPY,USDJPY-10-R54E8,ENTRY
2024-10-04 01:30:00+00:00,2024-10-04 02:00:00+00:00,CHFJPY,"NZDUSD,USDJPY",CHFJPY,CHFJPY-10-R53E8,ENTRY
2024-10-04 05:30:00+00:00,2024-10-04 06:00:00+00:00,"CHFJPY,EURCAD,USDCAD","CHFJPY,NZDUSD,USDJPY",EURCAD,EURCAD-10-R29E8,ENTRY
2024-10-04 09:30:00+00:00,2024-10-04 10:00:00+00:00,"EURUSD,USDCHF","CHFJPY,EURCAD,NZDUSD,USDJPY",EURUSD,EURUSD-10-R32E3,ENTRY
2024-10-04 11:30:00+00:00,2024-10-04 12:00:00+00:00,EURUSD,"CHFJPY,EURCAD,EURUSD,NZDUSD,USDJPY",,,TOP_FOUR_HELD
2024-10-04 13:30:00+00:00,2024-10-04 14:00:00+00:00,"EURNZD,AUDUSD,EURGBP,USDCAD",EURCAD,EURNZD,EURNZD-10-R61E5,ENTRY
2024-10-04 15:30:00+00:00,2024-10-04 16:00:00+00:00,"AUDUSD,NZDUSD,EURCAD","EURCAD,EURNZD",AUDUSD,AUDUSD-10-N1R085E10,ENTRY
2024-10-07 01:30:00+00:00,2024-10-07 02:00:00+00:00,EURUSD,,EURUSD,EURUSD-10-R32E3,ENTRY
2024-10-07 05:30:00+00:00,2024-10-07 06:00:00+00:00,"EURUSD,EURAUD",EURUSD,EURAUD,EURAUD-10-R05E8,ENTRY
2024-10-07 09:30:00+00:00,2024-10-07 10:00:00+00:00,"EURNZD,EURUSD,USDCAD,GBPUSD","EURAUD,EURUSD",EURNZD,EURNZD-10-R61E5,ENTRY
2024-10-07 11:30:00+00:00,2024-10-07 12:00:00+00:00,"EURUSD,AUDCHF,GBPUSD","EURAUD,EURNZD,EURUSD",AUDCHF,AUDCHF-10-N1R082E03,ENTRY
2024-10-07 13:30:00+00:00,2024-10-07 14:00:00+00:00,"EURUSD,NZDUSD,AUDCHF","AUDCHF,EURAUD,EURNZD,EURUSD",NZDUSD,NZDUSD-10-R37E7,ENTRY
2024-10-07 15:30:00+00:00,2024-10-07 16:00:00+00:00,"EURNZD,AUDUSD,USDJPY,AUDCHF","EURNZD,EURUSD,NZDUSD",AUDUSD,AUDUSD-10-N1R085E10,ENTRY
2024-10-08 01:30:00+00:00,2024-10-08 02:00:00+00:00,NZDCAD,"AUDUSD,EURUSD,NZDUSD",NZDCAD,NZDCAD-10-R13E4,ENTRY
2024-10-08 05:30:00+00:00,2024-10-08 06:00:00+00:00,,,,,NO_TRIGGER
2024-10-08 09:30:00+00:00,2024-10-08 10:00:00+00:00,USDCAD,,USDCAD,USDCAD-10-N1R008E12,ENTRY
2024-10-08 11:30:00+00:00,2024-10-08 12:00:00+00:00,,USDCAD,,,NO_TRIGGER
2024-10-08 13:30:00+00:00,2024-10-08 14:00:00+00:00,,USDCAD,,,NO_TRIGGER
2024-10-08 15:30:00+00:00,2024-10-08 16:00:00+00:00,"NZDCAD,EURGBP",USDCAD,NZDCAD,NZDCAD-10-R13E4,ENTRY
2024-10-09 01:30:00+00:00,2024-10-09 02:00:00+00:00,"NZDUSD,GBPUSD","NZDCAD,USDCAD",NZDUSD,NZDUSD-10-R37E7,ENTRY
2024-10-09 05:30:00+00:00,2024-10-09 06:00:00+00:00,"EURUSD,NZDUSD,USDCAD,GBPUSD",USDCAD,EURUSD,EURUSD-10-R32E3,ENTRY
2024-10-09 09:30:00+00:00,2024-10-09 10:00:00+00:00,"NZDUSD,AUDCHF,USDCAD",USDCAD,NZDUSD,NZDUSD-10-R37E7,ENTRY
2024-10-09 11:30:00+00:00,2024-10-09 12:00:00+00:00,"NZDUSD,USDCHF",NZDUSD,USDCHF,USDCHF-10-R56E7,ENTRY
2024-10-09 13:30:00+00:00,2024-10-09 14:00:00+00:00,"NZDUSD,USDCAD,GBPUSD","NZDUSD,USDCHF",USDCAD,USDCAD-10-N1R008E12,ENTRY
2024-10-09 15:30:00+00:00,2024-10-09 16:00:00+00:00,"USDCAD,GBPUSD","USDCAD,USDCHF",GBPUSD,GBPUSD-10-N1R082E12,ENTRY
2024-10-10 01:30:00+00:00,2024-10-10 02:00:00+00:00,"NZDCAD,EURUSD","GBPUSD,USDCAD",NZDCAD,NZDCAD-10-R13E4,ENTRY
2024-10-10 05:30:00+00:00,2024-10-10 06:00:00+00:00,"NZDCAD,EURUSD,AUDCAD","GBPUSD,NZDCAD,USDCAD",EURUSD,EURUSD-10-R32E3,ENTRY
2024-10-10 09:30:00+00:00,2024-10-10 10:00:00+00:00,"EURUSD,USDJPY,USDCAD","EURUSD,GBPUSD,NZDCAD,USDCAD",USDJPY,USDJPY-10-R54E8,ENTRY
2024-10-10 11:30:00+00:00,2024-10-10 12:00:00+00:00,"EURUSD,AUDCHF,USDCAD","EURUSD,GBPUSD,NZDCAD,USDJPY",AUDCHF,AUDCHF-10-N1R082E03,ENTRY
2024-10-10 13:30:00+00:00,2024-10-10 14:00:00+00:00,"GBPJPY,AUDCAD,USDCAD",AUDCHF,GBPJPY,GBPJPY-10-R53E3,ENTRY
2024-10-10 15:30:00+00:00,2024-10-10 16:00:00+00:00,AUDCAD,"AUDCHF,GBPJPY",AUDCAD,AUDCAD-10-N1R058E03,ENTRY
2024-10-11 01:30:00+00:00,2024-10-11 02:00:00+00:00,"EURJPY,AUDCAD",AUDCAD,EURJPY,EURJPY-10-N1R107E01,ENTRY
2024-10-11 05:30:00+00:00,2024-10-11 06:00:00+00:00,"USDJPY,AUDCAD,GBPUSD",EURJPY,USDJPY,USDJPY-10-R54E8,ENTRY
2024-10-11 09:30:00+00:00,2024-10-11 10:00:00+00:00,"EURCHF,AUDCAD",USDJPY,EURCHF,EURCHF-10-N1R139E10,ENTRY
2024-10-11 11:30:00+00:00,2024-10-11 12:00:00+00:00,"AUDCAD,USDCAD,GBPUSD","EURCHF,USDJPY",AUDCAD,AUDCAD-10-N1R058E03,ENTRY
2024-10-11 13:30:00+00:00,2024-10-11 14:00:00+00:00,"EURUSD,EURCHF,AUDCHF","EURCHF,USDJPY",EURUSD,EURUSD-10-R32E3,ENTRY
2024-10-11 15:30:00+00:00,2024-10-11 16:00:00+00:00,AUDCAD,"EURCHF,EURUSD,USDJPY",AUDCAD,AUDCAD-10-N1R058E03,ENTRY
2024-10-14 01:30:00+00:00,2024-10-14 02:00:00+00:00,"CHFJPY,EURUSD,GBPUSD",,CHFJPY,CHFJPY-10-R53E8,ENTRY
2024-10-14 05:30:00+00:00,2024-10-14 06:00:00+00:00,EURUSD,CHFJPY,EURUSD,EURUSD-10-R32E3,ENTRY
2024-10-14 09:30:00+00:00,2024-10-14 10:00:00+00:00,"CHFJPY,EURUSD,USDCAD","CHFJPY,EURUSD",USDCAD,USDCAD-10-N1R008E12,ENTRY
2024-10-14 11:30:00+00:00,2024-10-14 12:00:00+00:00,"CHFJPY,EURUSD,USDCAD,GBPUSD","CHFJPY,EURUSD,USDCAD",GBPUSD,GBPUSD-10-N1R082E12,ENTRY
2024-10-14 13:30:00+00:00,2024-10-14 14:00:00+00:00,"EURUSD,GBPUSD,AUDNZD","CHFJPY,GBPUSD,USDCAD",EURUSD,EURUSD-10-R32E3,ENTRY
2024-10-14 15:30:00+00:00,2024-10-14 16:00:00+00:00,"EURUSD,NZDUSD","CHFJPY,EURUSD,GBPUSD,USDCAD",NZDUSD,NZDUSD-10-R37E7,ENTRY
2024-10-15 01:30:00+00:00,2024-10-15 02:00:00+00:00,"EURUSD,USDCAD","CHFJPY,GBPUSD,NZDUSD,USDCAD",EURUSD,EURUSD-10-R32E3,ENTRY
2024-10-15 05:30:00+00:00,2024-10-15 06:00:00+00:00,"EURUSD,NZDUSD,USDJPY,USDCAD","EURUSD,GBPUSD,NZDUSD,USDCAD",USDJPY,USDJPY-10-R54E8,ENTRY
2024-10-15 09:30:00+00:00,2024-10-15 10:00:00+00:00,"NZDUSD,AUDNZD","EURUSD,NZDUSD,USDCAD,USDJPY",AUDNZD,AUDNZD-10-N1R079E09,ENTRY
2024-10-15 11:30:00+00:00,2024-10-15 12:00:00+00:00,"NZDUSD,EURJPY,USDCAD,AUDNZD","AUDNZD,EURUSD,NZDUSD,USDJPY",EURJPY,EURJPY-10-N1R107E01,ENTRY
2024-10-15 13:30:00+00:00,2024-10-15 14:00:00+00:00,"NZDUSD,EURJPY,USDCAD","AUDNZD,EURUSD,NZDUSD,USDJPY",EURJPY,EURJPY-10-N1R107E01,ENTRY
2024-10-15 15:30:00+00:00,2024-10-15 16:00:00+00:00,EURJPY,"AUDNZD,EURUSD,NZDUSD,USDJPY",EURJPY,EURJPY-10-N1R107E01,ENTRY
2024-10-16 01:30:00+00:00,2024-10-16 02:00:00+00:00,"AUDUSD,EURUSD,NZDUSD,EURCAD",USDJPY,AUDUSD,AUDUSD-10-N1R085E10,ENTRY
2024-10-16 05:30:00+00:00,2024-10-16 06:00:00+00:00,"NZDUSD,EURJPY",AUDUSD,NZDUSD,NZDUSD-10-R37E7,ENTRY
2024-10-16 09:30:00+00:00,2024-10-16 10:00:00+00:00,"NZDCAD,EURUSD,USDCAD,AUDNZD","AUDUSD,NZDUSD",NZDCAD,NZDCAD-10-R13E4,ENTRY
2024-10-16 11:30:00+00:00,2024-10-16 12:00:00+00:00,"NZDCAD,USDCHF,USDCAD,AUDNZD","AUDUSD,NZDCAD,NZDUSD",USDCHF,USDCHF-10-R56E7,ENTRY
2024-10-16 13:30:00+00:00,2024-10-16 14:00:00+00:00,"EURUSD,NZDUSD,AUDNZD","AUDUSD,NZDCAD,NZDUSD,USDCHF",EURUSD,EURUSD-10-R32E3,ENTRY
2024-10-16 15:30:00+00:00,2024-10-16 16:00:00+00:00,"NZDUSD,EURCAD","NZDCAD,NZDUSD",EURCAD,EURCAD-10-R29E8,ENTRY
2024-10-17 01:30:00+00:00,2024-10-17 02:00:00+00:00,"EURUSD,EURAUD,USDJPY,EURJPY","EURCAD,NZDUSD",EURUSD,EURUSD-10-R32E3,ENTRY
2024-10-17 05:30:00+00:00,2024-10-17 06:00:00+00:00,"EURUSD,EURJPY,GBPUSD","EURCAD,EURUSD,NZDUSD",EURJPY,EURJPY-10-N1R107E01,ENTRY
2024-10-17 09:30:00+00:00,2024-10-17 10:00:00+00:00,"EURUSD,EURJPY","EURCAD,EURUSD",EURJPY,EURJPY-10-N1R107E01,ENTRY
2024-10-17 11:30:00+00:00,2024-10-17 12:00:00+00:00,"NZDCAD,EURUSD,NZDUSD","EURCAD,EURJPY,EURUSD",NZDCAD,NZDCAD-10-R13E4,ENTRY
2024-10-17 13:30:00+00:00,2024-10-17 14:00:00+00:00,NZDCAD,"EURCAD,NZDCAD",,,TOP_FOUR_HELD
2024-10-17 15:30:00+00:00,2024-10-17 16:00:00+00:00,NZDCAD,"EURCAD,NZDCAD",,,TOP_FOUR_HELD
2024-10-18 01:30:00+00:00,2024-10-18 02:00:00+00:00,"EURUSD,AUDCAD",NZDCAD,EURUSD,EURUSD-10-R32E3,ENTRY
2024-10-18 05:30:00+00:00,2024-10-18 06:00:00+00:00,"EURUSD,NZDUSD,USDCHF,USDJPY","EURUSD,NZDCAD",NZDUSD,NZDUSD-10-R37E7,ENTRY
2024-10-18 09:30:00+00:00,2024-10-18 10:00:00+00:00,"EURUSD,EURJPY,AUDCAD","EURUSD,NZDCAD,NZDUSD",EURJPY,EURJPY-10-N1R107E01,ENTRY
2024-10-18 11:30:00+00:00,2024-10-18 12:00:00+00:00,"EURUSD,AUDCAD","EURUSD,NZDUSD",AUDCAD,AUDCAD-10-N1R058E03,ENTRY
2024-10-18 13:30:00+00:00,2024-10-18 14:00:00+00:00,AUDCAD,"AUDCAD,NZDUSD",,,TOP_FOUR_HELD
2024-10-18 15:30:00+00:00,2024-10-18 16:00:00+00:00,"GBPJPY,AUDCAD,USDCAD","AUDCAD,NZDUSD",GBPJPY,GBPJPY-10-R53E3,ENTRY
2024-10-21 01:30:00+00:00,2024-10-21 02:00:00+00:00,"GBPJPY,EURJPY",,GBPJPY,GBPJPY-10-R53E3,ENTRY
2024-10-21 05:30:00+00:00,2024-10-21 06:00:00+00:00,"USDCHF,EURJPY",GBPJPY,USDCHF,USDCHF-10-R56E7,ENTRY
2024-10-21 09:30:00+00:00,2024-10-21 10:00:00+00:00,"USDCHF,EURJPY",USDCHF,EURJPY,EURJPY-10-N1R107E01,ENTRY
2024-10-21 11:30:00+00:00,2024-10-21 12:00:00+00:00,"NZDUSD,USDCAD","EURJPY,USDCHF",NZDUSD,NZDUSD-10-R37E7,ENTRY
2024-10-21 13:30:00+00:00,2024-10-21 14:00:00+00:00,,NZDUSD,,,NO_TRIGGER
2024-10-21 15:30:00+00:00,2024-10-21 16:00:00+00:00,"CHFJPY,NZDUSD,USDCAD",NZDUSD,CHFJPY,CHFJPY-10-R53E8,ENTRY
2024-10-22 01:30:00+00:00,2024-10-22 02:00:00+00:00,"CHFJPY,EURUSD,NZDUSD,USDJPY",CHFJPY,EURUSD,EURUSD-10-R32E3,ENTRY
2024-10-22 05:30:00+00:00,2024-10-22 06:00:00+00:00,"NZDCAD,EURUSD,EURAUD,NZDUSD","CHFJPY,EURUSD",NZDCAD,NZDCAD-10-R13E4,ENTRY
2024-10-22 09:30:00+00:00,2024-10-22 10:00:00+00:00,,"CHFJPY,NZDCAD",,,NO_TRIGGER
2024-10-22 11:30:00+00:00,2024-10-22 12:00:00+00:00,"NZDUSD,USDCAD,GBPUSD","CHFJPY,NZDCAD",NZDUSD,NZDUSD-10-R37E7,ENTRY
2024-10-22 13:30:00+00:00,2024-10-22 14:00:00+00:00,"EURCHF,EURCAD","CHFJPY,NZDCAD,NZDUSD",EURCHF,EURCHF-10-N1R139E10,ENTRY
2024-10-22 15:30:00+00:00,2024-10-22 16:00:00+00:00,"USDCHF,EURCHF,EURCAD","CHFJPY,EURCHF,NZDCAD,NZDUSD",USDCHF,USDCHF-10-R56E7,ENTRY
2024-10-23 01:30:00+00:00,2024-10-23 02:00:00+00:00,EURUSD,"EURCHF,NZDCAD,NZDUSD,USDCHF",EURUSD,EURUSD-10-R32E3,ENTRY
2024-10-23 05:30:00+00:00,2024-10-23 06:00:00+00:00,"EURUSD,NZDUSD","EURUSD,NZDUSD,USDCHF",,,TOP_FOUR_HELD
2024-10-23 09:30:00+00:00,2024-10-23 10:00:00+00:00,"EURCHF,GBPUSD","EURUSD,NZDUSD",EURCHF,EURCHF-10-N1R139E10,ENTRY
2024-10-23 11:30:00+00:00,2024-10-23 12:00:00+00:00,"EURCHF,EURCAD,USDCAD","EURCHF,EURUSD",EURCAD,EURCAD-10-R29E8,ENTRY
2024-10-23 13:30:00+00:00,2024-10-23 14:00:00+00:00,"AUDUSD,USDCAD","EURCAD,EURCHF",AUDUSD,AUDUSD-10-N1R085E10,ENTRY
2024-10-23 15:30:00+00:00,2024-10-23 16:00:00+00:00,NZDUSD,"AUDUSD,EURCAD,EURCHF",NZDUSD,NZDUSD-10-R37E7,ENTRY
2024-10-24 01:30:00+00:00,2024-10-24 02:00:00+00:00,,"EURCAD,NZDUSD",,,NO_TRIGGER
2024-10-24 05:30:00+00:00,2024-10-24 06:00:00+00:00,"NZDCAD,EURUSD,EURAUD","EURCAD,NZDUSD",NZDCAD,NZDCAD-10-R13E4,ENTRY
2024-10-24 09:30:00+00:00,2024-10-24 10:00:00+00:00,NZDCAD,NZDUSD,NZDCAD,NZDCAD-10-R13E4,ENTRY
2024-10-24 11:30:00+00:00,2024-10-24 12:00:00+00:00,"NZDCAD,EURAUD,AUDCHF","NZDCAD,NZDUSD",EURAUD,EURAUD-10-R05E8,ENTRY
2024-10-24 13:30:00+00:00,2024-10-24 14:00:00+00:00,"NZDCAD,EURGBP","EURAUD,NZDCAD,NZDUSD",EURGBP,EURGBP-10-R22E8,ENTRY
2024-10-24 15:30:00+00:00,2024-10-24 16:00:00+00:00,"GBPJPY,AUDCHF","EURAUD,EURGBP,NZDCAD,NZDUSD",GBPJPY,GBPJPY-10-R53E3,ENTRY
2024-10-25 01:30:00+00:00,2024-10-25 02:00:00+00:00,,"EURGBP,GBPJPY,NZDCAD",,,NO_TRIGGER
2024-10-25 05:30:00+00:00,2024-10-25 06:00:00+00:00,"AUDCHF,USDCAD","EURGBP,GBPJPY",AUDCHF,AUDCHF-10-N1R082E03,ENTRY
2024-10-25 09:30:00+00:00,2024-10-25 10:00:00+00:00,NZDUSD,"EURGBP,GBPJPY",NZDUSD,NZDUSD-10-R37E7,ENTRY
2024-10-25 11:30:00+00:00,2024-10-25 12:00:00+00:00,,"EURGBP,GBPJPY,NZDUSD",,,NO_TRIGGER
2024-10-25 13:30:00+00:00,2024-10-25 14:00:00+00:00,"NZDCAD,EURAUD","EURGBP,GBPJPY,NZDUSD",NZDCAD,NZDCAD-10-R13E4,ENTRY
2024-10-25 15:30:00+00:00,2024-10-25 16:00:00+00:00,"NZDCAD,EURAUD,NZDUSD,USDCAD","NZDCAD,NZDUSD",EURAUD,EURAUD-10-R05E8,ENTRY
2024-10-28 01:30:00+00:00,2024-10-28 02:00:00+00:00,,,,,NO_TRIGGER
2024-10-28 05:30:00+00:00,2024-10-28 06:00:00+00:00,"AUDUSD,EURUSD,GBPUSD",,AUDUSD,AUDUSD-10-N1R085E10,ENTRY
2024-10-28 09:30:00+00:00,2024-10-28 10:00:00+00:00,"CHFJPY,NZDCAD,USDJPY",,CHFJPY,CHFJPY-10-R53E8,ENTRY
2024-10-28 11:30:00+00:00,2024-10-28 12:00:00+00:00,"NZDCAD,NZDUSD,USDCAD",CHFJPY,NZDCAD,NZDCAD-10-R13E4,ENTRY
2024-10-28 13:30:00+00:00,2024-10-28 14:00:00+00:00,NZDCAD,"CHFJPY,NZDCAD",,,TOP_FOUR_HELD
2024-10-28 15:30:00+00:00,2024-10-28 16:00:00+00:00,"AUDCHF,AUDNZD","CHFJPY,NZDCAD",AUDCHF,AUDCHF-10-N1R082E03,ENTRY
2024-10-29 01:30:00+00:00,2024-10-29 02:00:00+00:00,"AUDCHF,AUDNZD","CHFJPY,NZDCAD",AUDCHF,AUDCHF-10-N1R082E03,ENTRY
2024-10-29 05:30:00+00:00,2024-10-29 06:00:00+00:00,"NZDUSD,AUDCHF,USDCAD,AUDNZD","CHFJPY,NZDCAD",NZDUSD,NZDUSD-10-R37E7,ENTRY
2024-10-29 09:30:00+00:00,2024-10-29 10:00:00+00:00,,"CHFJPY,NZDCAD,NZDUSD",,,NO_TRIGGER
2024-10-29 11:30:00+00:00,2024-10-29 12:00:00+00:00,EURAUD,"NZDCAD,NZDUSD",EURAUD,EURAUD-10-R05E8,ENTRY
2024-10-29 13:30:00+00:00,2024-10-29 14:00:00+00:00,"EURAUD,USDCAD","EURAUD,NZDUSD",USDCAD,USDCAD-10-N1R008E12,ENTRY
2024-10-29 15:30:00+00:00,2024-10-29 16:00:00+00:00,USDCAD,"EURAUD,NZDUSD,USDCAD",,,TOP_FOUR_HELD
2024-10-30 01:30:00+00:00,2024-10-30 02:00:00+00:00,CHFJPY,"EURAUD,NZDUSD,USDCAD",CHFJPY,CHFJPY-10-R53E8,ENTRY
2024-10-30 05:30:00+00:00,2024-10-30 06:00:00+00:00,"CHFJPY,USDCHF,AUDCHF,AUDNZD","CHFJPY,EURAUD,NZDUSD,USDCAD",USDCHF,USDCHF-10-R56E7,ENTRY
2024-10-30 09:30:00+00:00,2024-10-30 10:00:00+00:00,"GBPJPY,EURAUD,NZDUSD,AUDNZD","CHFJPY,EURAUD,USDCAD,USDCHF",GBPJPY,GBPJPY-10-R53E3,ENTRY
2024-10-30 11:30:00+00:00,2024-10-30 12:00:00+00:00,"GBPJPY,EURAUD,NZDUSD,USDCAD","CHFJPY,EURAUD,USDCAD,USDCHF",GBPJPY,GBPJPY-10-R53E3,ENTRY
2024-10-30 13:30:00+00:00,2024-10-30 14:00:00+00:00,"EURAUD,NZDUSD,USDCAD","CHFJPY,GBPJPY,USDCAD,USDCHF",EURAUD,EURAUD-10-R05E8,ENTRY
2024-10-30 15:30:00+00:00,2024-10-30 16:00:00+00:00,,"CHFJPY,EURAUD,USDCHF",,,NO_TRIGGER
2024-10-31 01:30:00+00:00,2024-10-31 02:00:00+00:00,NZDUSD,"CHFJPY,EURAUD,USDCHF",NZDUSD,NZDUSD-10-R37E7,ENTRY
2024-10-31 05:30:00+00:00,2024-10-31 06:00:00+00:00,AUDCHF,"EURAUD,NZDUSD",AUDCHF,AUDCHF-10-N1R082E03,ENTRY
2024-10-31 09:30:00+00:00,2024-10-31 10:00:00+00:00,EURGBP,"AUDCHF,EURAUD,NZDUSD",EURGBP,EURGBP-10-R22E8,ENTRY
2024-10-31 11:30:00+00:00,2024-10-31 12:00:00+00:00,"AUDCHF,USDCAD","AUDCHF,EURGBP,NZDUSD",USDCAD,USDCAD-10-N1R008E12,ENTRY
2024-10-31 13:30:00+00:00,2024-10-31 14:00:00+00:00,,"AUDCHF,EURGBP,NZDUSD,USDCAD",,,NO_TRIGGER
2024-10-31 15:30:00+00:00,2024-10-31 16:00:00+00:00,,"EURGBP,USDCAD",,,NO_TRIGGER
2024-11-01 01:30:00+00:00,2024-11-01 02:00:00+00:00,,"EURGBP,USDCAD",,,NO_TRIGGER
2024-11-01 05:30:00+00:00,2024-11-01 06:00:00+00:00,,"EURGBP,USDCAD",,,NO_TRIGGER
2024-11-01 09:30:00+00:00,2024-11-01 10:00:00+00:00,"AUDUSD,USDCHF",USDCAD,AUDUSD,AUDUSD-11-N1R102E10,ENTRY
2024-11-01 11:30:00+00:00,2024-11-01 12:00:00+00:00,,"AUDUSD,USDCAD",,,NO_TRIGGER
2024-11-01 13:30:00+00:00,2024-11-01 14:00:00+00:00,EURJPY,,EURJPY,EURJPY-11-N1R074E12,ENTRY
2024-11-01 15:30:00+00:00,2024-11-01 16:00:00+00:00,GBPJPY,EURJPY,GBPJPY,GBPJPY-11-R59E5,ENTRY
2024-11-04 01:30:00+00:00,2024-11-04 02:00:00+00:00,,,,,NO_TRIGGER
2024-11-04 05:30:00+00:00,2024-11-04 06:00:00+00:00,,,,,NO_TRIGGER
2024-11-04 09:30:00+00:00,2024-11-04 10:00:00+00:00,,,,,NO_TRIGGER
2024-11-04 11:30:00+00:00,2024-11-04 12:00:00+00:00,USDCHF,,USDCHF,USDCHF-11-N1R121E11,ENTRY
2024-11-04 13:30:00+00:00,2024-11-04 14:00:00+00:00,AUDNZD,USDCHF,AUDNZD,AUDNZD-11-R01E7,ENTRY
2024-11-04 15:30:00+00:00,2024-11-04 16:00:00+00:00,AUDNZD,"AUDNZD,USDCHF",,,TOP_FOUR_HELD
2024-11-05 01:30:00+00:00,2024-11-05 02:00:00+00:00,"EURCHF,AUDNZD",AUDNZD,EURCHF,EURCHF-11-R46E4,ENTRY
2024-11-05 05:30:00+00:00,2024-11-05 06:00:00+00:00,"EURCHF,AUDNZD","AUDNZD,EURCHF",,,TOP_FOUR_HELD
2024-11-05 09:30:00+00:00,2024-11-05 10:00:00+00:00,"NZDUSD,USDCAD","AUDNZD,EURCHF",NZDUSD,NZDUSD-11-N1R016E03,ENTRY
2024-11-05 11:30:00+00:00,2024-11-05 12:00:00+00:00,"AUDNZD,USDCHF","AUDNZD,EURCHF,NZDUSD",USDCHF,USDCHF-11-N1R121E11,ENTRY
2024-11-05 13:30:00+00:00,2024-11-05 14:00:00+00:00,"AUDCHF,AUDNZD,USDCAD","EURCHF,NZDUSD,USDCHF",AUDCHF,AUDCHF-11-R08E3,ENTRY
2024-11-05 15:30:00+00:00,2024-11-05 16:00:00+00:00,"AUDCHF,AUDNZD,USDCAD","AUDCHF,NZDUSD",AUDNZD,AUDNZD-11-R01E7,ENTRY
2024-11-06 01:30:00+00:00,2024-11-06 02:00:00+00:00,"NZDCAD,EURCAD,AUDJPY",,NZDCAD,NZDCAD-11-R16E4,ENTRY
2024-11-06 05:30:00+00:00,2024-11-06 06:00:00+00:00,"AUDCHF,USDJPY,EURCAD,EURUSD",,AUDCHF,AUDCHF-11-R08E3,ENTRY
2024-11-06 09:30:00+00:00,2024-11-06 10:00:00+00:00,"AUDCHF,AUDNZD,EURAUD,EURUSD",,AUDCHF,AUDCHF-11-R08E3,ENTRY
2024-11-06 11:30:00+00:00,2024-11-06 12:00:00+00:00,"AUDNZD,EURCAD,EURAUD,EURUSD",AUDCHF,AUDNZD,AUDNZD-11-R01E7,ENTRY
2024-11-06 13:30:00+00:00,2024-11-06 14:00:00+00:00,"AUDCHF,EURCAD,EURUSD","AUDCHF,AUDNZD",EURCAD,EURCAD-11-R25E8,ENTRY
2024-11-06 15:30:00+00:00,2024-11-06 16:00:00+00:00,EURUSD,"AUDCHF,AUDNZD,EURCAD",EURUSD,EURUSD-11-N1R115E06,ENTRY
2024-11-07 01:30:00+00:00,2024-11-07 02:00:00+00:00,"NZDCAD,AUDCHF,AUDNZD","AUDCHF,EURCAD",NZDCAD,NZDCAD-11-R16E4,ENTRY
2024-11-07 05:30:00+00:00,2024-11-07 06:00:00+00:00,"AUDNZD,EURCAD,EURAUD","EURCAD,NZDCAD",AUDNZD,AUDNZD-11-R01E7,ENTRY
2024-11-07 09:30:00+00:00,2024-11-07 10:00:00+00:00,AUDCHF,"AUDNZD,EURCAD",AUDCHF,AUDCHF-11-R08E3,ENTRY
2024-11-07 11:30:00+00:00,2024-11-07 12:00:00+00:00,,"AUDCHF,AUDNZD,EURCAD",,,NO_TRIGGER
2024-11-07 13:30:00+00:00,2024-11-07 14:00:00+00:00,AUDNZD,"AUDCHF,AUDNZD,EURCAD",,,TOP_FOUR_HELD
2024-11-07 15:30:00+00:00,2024-11-07 16:00:00+00:00,"AUDNZD,NZDUSD,EURAUD","AUDCHF,AUDNZD",NZDUSD,NZDUSD-11-N1R016E03,ENTRY
2024-11-08 01:30:00+00:00,2024-11-08 02:00:00+00:00,,AUDNZD,,,NO_TRIGGER
2024-11-08 05:30:00+00:00,2024-11-08 06:00:00+00:00,"CHFJPY,EURJPY",AUDNZD,CHFJPY,CHFJPY-11-R26E5,ENTRY
2024-11-08 09:30:00+00:00,2024-11-08 10:00:00+00:00,"EURUSD,EURJPY,AUDJPY",CHFJPY,EURUSD,EURUSD-11-N1R115E06,ENTRY
2024-11-08 11:30:00+00:00,2024-11-08 12:00:00+00:00,"EURUSD,EURJPY,AUDJPY","CHFJPY,EURUSD",EURJPY,EURJPY-11-N1R074E12,ENTRY
2024-11-08 13:30:00+00:00,2024-11-08 14:00:00+00:00,EURNZD,"CHFJPY,EURJPY",EURNZD,EURNZD-11-R15E1,ENTRY
2024-11-08 15:30:00+00:00,2024-11-08 16:00:00+00:00,EURCAD,"CHFJPY,EURJPY,EURNZD",EURCAD,EURCAD-11-R25E8,ENTRY
2024-11-11 01:30:00+00:00,2024-11-11 02:00:00+00:00,"EURCHF,EURUSD",,EURCHF,EURCHF-11-R46E4,ENTRY
2024-11-11 05:30:00+00:00,2024-11-11 06:00:00+00:00,GBPJPY,EURCHF,GBPJPY,GBPJPY-11-R59E5,ENTRY
2024-11-11 09:30:00+00:00,2024-11-11 10:00:00+00:00,"GBPJPY,EURCAD,EURAUD,EURJPY","EURCHF,GBPJPY",EURCAD,EURCAD-11-R25E8,ENTRY
2024-11-11 11:30:00+00:00,2024-11-11 12:00:00+00:00,"CHFJPY,EURCAD,EURAUD,GBPUSD","EURCAD,EURCHF,GBPJPY",CHFJPY,CHFJPY-11-R26E5,ENTRY
2024-11-11 13:30:00+00:00,2024-11-11 14:00:00+00:00,"EURCAD,EURAUD,EURUSD,EURJPY","CHFJPY,EURCAD,EURCHF,GBPJPY",EURAUD,EURAUD-11-N1R083E06,ENTRY
2024-11-11 15:30:00+00:00,2024-11-11 16:00:00+00:00,"CHFJPY,NZDCAD,EURCAD,EURUSD","CHFJPY,EURAUD,EURCAD,EURCHF,GBPJPY",NZDCAD,NZDCAD-11-R16E4,ENTRY
2024-11-12 01:30:00+00:00,2024-11-12 02:00:00+00:00,"GBPUSD,EURJPY","CHFJPY,EURCAD,EURCHF,GBPJPY,NZDCAD",GBPUSD,GBPUSD-11-R16E8,ENTRY
2024-11-12 05:30:00+00:00,2024-11-12 06:00:00+00:00,"CHFJPY,EURCHF,USDJPY,AUDUSD","CHFJPY,EURCAD,GBPUSD,NZDCAD",EURCHF,EURCHF-11-R46E4,ENTRY
2024-11-12 09:30:00+00:00,2024-11-12 10:00:00+00:00,EURUSD,"CHFJPY,EURCAD,EURCHF,GBPUSD,NZDCAD",EURUSD,EURUSD-11-N1R115E06,ENTRY
2024-11-12 11:30:00+00:00,2024-11-12 12:00:00+00:00,"EURCAD,EURUSD","CHFJPY,EURCHF,GBPUSD,NZDCAD",EURCAD,EURCAD-11-R25E8,ENTRY
2024-11-12 13:30:00+00:00,2024-11-12 14:00:00+00:00,"EURCAD,EURUSD,EURJPY,AUDCAD","EURCAD,GBPUSD,NZDCAD",EURUSD,EURUSD-11-N1R115E06,ENTRY
2024-11-12 15:30:00+00:00,2024-11-12 16:00:00+00:00,"EURCAD,GBPUSD,EURUSD,AUDCAD","EURCAD,EURUSD,GBPUSD,NZDCAD",AUDCAD,AUDCAD-11-N1R098E10,ENTRY
2024-11-13 01:30:00+00:00,2024-11-13 02:00:00+00:00,"EURCHF,USDJPY",EURCAD,EURCHF,EURCHF-11-R46E4,ENTRY
2024-11-13 05:30:00+00:00,2024-11-13 06:00:00+00:00,EURCHF,"EURCAD,EURCHF",,,TOP_FOUR_HELD
2024-11-13 09:30:00+00:00,2024-11-13 10:00:00+00:00,"AUDUSD,AUDCAD","EURCAD,EURCHF",AUDUSD,AUDUSD-11-N1R102E10,ENTRY
2024-11-13 11:30:00+00:00,2024-11-13 12:00:00+00:00,"NZDCAD,GBPUSD,AUDCAD","AUDUSD,EURCAD,EURCHF",NZDCAD,NZDCAD-11-R16E4,ENTRY
2024-11-13 13:30:00+00:00,2024-11-13 14:00:00+00:00,GBPUSD,"AUDUSD,EURCHF,NZDCAD",GBPUSD,GBPUSD-11-R16E8,ENTRY
2024-11-13 15:30:00+00:00,2024-11-13 16:00:00+00:00,"NZDCAD,EURCAD,GBPUSD","EURCHF,GBPUSD,NZDCAD",EURCAD,EURCAD-11-R25E8,ENTRY
2024-11-14 01:30:00+00:00,2024-11-14 02:00:00+00:00,"NZDCAD,AUDNZD,EURCAD,EURUSD","EURCAD,GBPUSD",NZDCAD,NZDCAD-11-R16E4,ENTRY
2024-11-14 05:30:00+00:00,2024-11-14 06:00:00+00:00,EURUSD,"EURCAD,GBPUSD,NZDCAD",EURUSD,EURUSD-11-N1R115E06,ENTRY
2024-11-14 09:30:00+00:00,2024-11-14 10:00:00+00:00,"EURCAD,GBPUSD,EURUSD,AUDCAD","EURCAD,EURUSD,GBPUSD,NZDCAD",AUDCAD,AUDCAD-11-N1R098E10,ENTRY
2024-11-14 11:30:00+00:00,2024-11-14 12:00:00+00:00,"EURCAD,GBPUSD,EURUSD","AUDCAD,EURCAD,NZDCAD",GBPUSD,GBPUSD-11-R16E8,ENTRY
2024-11-14 13:30:00+00:00,2024-11-14 14:00:00+00:00,EURUSD,"EURCAD,GBPUSD,NZDCAD",EURUSD,EURUSD-11-N1R115E06,ENTRY
2024-11-14 15:30:00+00:00,2024-11-14 16:00:00+00:00,,"EURCAD,GBPUSD,NZDCAD",,,NO_TRIGGER
2024-11-15 01:30:00+00:00,2024-11-15 02:00:00+00:00,AUDNZD,GBPUSD,AUDNZD,AUDNZD-11-R01E7,ENTRY
2024-11-15 05:30:00+00:00,2024-11-15 06:00:00+00:00,,"AUDNZD,GBPUSD",,,NO_TRIGGER
2024-11-15 09:30:00+00:00,2024-11-15 10:00:00+00:00,EURGBP,"AUDNZD,GBPUSD",EURGBP,EURGBP-11-N1R015E01,ENTRY
2024-11-15 11:30:00+00:00,2024-11-15 12:00:00+00:00,,"AUDNZD,GBPUSD",,,NO_TRIGGER
2024-11-15 13:30:00+00:00,2024-11-15 14:00:00+00:00,GBPUSD,AUDNZD,GBPUSD,GBPUSD-11-R16E8,ENTRY
2024-11-15 15:30:00+00:00,2024-11-15 16:00:00+00:00,GBPUSD,GBPUSD,,,TOP_FOUR_HELD
2024-11-18 01:30:00+00:00,2024-11-18 02:00:00+00:00,,,,,NO_TRIGGER
2024-11-18 05:30:00+00:00,2024-11-18 06:00:00+00:00,,,,,NO_TRIGGER
2024-11-18 09:30:00+00:00,2024-11-18 10:00:00+00:00,"AUDNZD,GBPUSD",,AUDNZD,AUDNZD-11-R01E7,ENTRY
2024-11-18 11:30:00+00:00,2024-11-18 12:00:00+00:00,"EURCHF,AUDNZD",AUDNZD,EURCHF,EURCHF-11-R46E4,ENTRY
2024-11-18 13:30:00+00:00,2024-11-18 14:00:00+00:00,AUDNZD,"AUDNZD,EURCHF",,,TOP_FOUR_HELD
2024-11-18 15:30:00+00:00,2024-11-18 16:00:00+00:00,AUDNZD,"AUDNZD,EURCHF",,,TOP_FOUR_HELD
2024-11-19 01:30:00+00:00,2024-11-19 02:00:00+00:00,"AUDNZD,GBPUSD,USDCHF,EURJPY","AUDNZD,EURCHF",GBPUSD,GBPUSD-11-R16E8,ENTRY
2024-11-19 05:30:00+00:00,2024-11-19 06:00:00+00:00,AUDNZD,"AUDNZD,EURCHF,GBPUSD",,,TOP_FOUR_HELD
2024-11-19 09:30:00+00:00,2024-11-19 10:00:00+00:00,,"AUDNZD,GBPUSD",,,NO_TRIGGER
2024-11-19 11:30:00+00:00,2024-11-19 12:00:00+00:00,EURCAD,GBPUSD,EURCAD,EURCAD-11-R25E8,ENTRY
2024-11-19 13:30:00+00:00,2024-11-19 14:00:00+00:00,,"EURCAD,GBPUSD",,,NO_TRIGGER
2024-11-19 15:30:00+00:00,2024-11-19 16:00:00+00:00,EURCAD,"EURCAD,GBPUSD",,,TOP_FOUR_HELD
2024-11-20 01:30:00+00:00,2024-11-20 02:00:00+00:00,EURCHF,EURCAD,EURCHF,EURCHF-11-R46E4,ENTRY
2024-11-20 05:30:00+00:00,2024-11-20 06:00:00+00:00,"EURCHF,AUDNZD","EURCAD,EURCHF",AUDNZD,AUDNZD-11-R01E7,ENTRY
2024-11-20 09:30:00+00:00,2024-11-20 10:00:00+00:00,"NZDCAD,AUDNZD,EURNZD,EURCAD","AUDNZD,EURCAD,EURCHF",NZDCAD,NZDCAD-11-R16E4,ENTRY
2024-11-20 11:30:00+00:00,2024-11-20 12:00:00+00:00,"AUDNZD,EURCAD","AUDNZD,EURCAD,EURCHF,NZDCAD",,,TOP_FOUR_HELD
2024-11-20 13:30:00+00:00,2024-11-20 14:00:00+00:00,"EURNZD,AUDCAD","AUDNZD,EURCHF,NZDCAD",EURNZD,EURNZD-11-R15E1,ENTRY
2024-11-20 15:30:00+00:00,2024-11-20 16:00:00+00:00,"NZDCAD,EURCAD,EURUSD,AUDCAD","AUDNZD,NZDCAD",EURCAD,EURCAD-11-R25E8,ENTRY
2024-11-21 01:30:00+00:00,2024-11-21 02:00:00+00:00,"EURCHF,AUDNZD,EURCAD","AUDNZD,EURCAD,NZDCAD",EURCHF,EURCHF-11-R46E4,ENTRY
2024-11-21 05:30:00+00:00,2024-11-21 06:00:00+00:00,"NZDCAD,EURCHF,AUDNZD,EURNZD","EURCAD,EURCHF,NZDCAD",AUDNZD,AUDNZD-11-R01E7,ENTRY
2024-11-21 09:30:00+00:00,2024-11-21 10:00:00+00:00,"AUDNZD,EURCAD,EURAUD,GBPUSD","AUDNZD,EURCAD,EURCHF",EURAUD,EURAUD-11-N1R083E06,ENTRY
2024-11-21 11:30:00+00:00,2024-11-21 12:00:00+00:00,"AUDNZD,EURCAD,EURJPY,AUDCAD","AUDNZD,EURAUD,EURCAD",EURJPY,EURJPY-11-N1R074E12,ENTRY
2024-11-21 13:30:00+00:00,2024-11-21 14:00:00+00:00,"EURCHF,AUDNZD,EURAUD,EURUSD","AUDNZD,EURCAD,EURJPY",EURCHF,EURCHF-11-R46E4,ENTRY
2024-11-21 15:30:00+00:00,2024-11-21 16:00:00+00:00,"CHFJPY,NZDCAD,AUDNZD,GBPUSD","AUDNZD,EURCAD,EURCHF,EURJPY",CHFJPY,CHFJPY-11-R26E5,ENTRY
2024-11-22 01:30:00+00:00,2024-11-22 02:00:00+00:00,"NZDCAD,AUDNZD,EURNZD,EURUSD","CHFJPY,EURCHF",NZDCAD,NZDCAD-11-R16E4,ENTRY
2024-11-22 05:30:00+00:00,2024-11-22 06:00:00+00:00,"AUDNZD,EURNZD,EURUSD,EURJPY","CHFJPY,EURCHF,NZDCAD",AUDNZD,AUDNZD-11-R01E7,ENTRY
2024-11-22 09:30:00+00:00,2024-11-22 10:00:00+00:00,"AUDCHF,EURCAD,EURAUD,GBPUSD","AUDNZD,CHFJPY,NZDCAD",AUDCHF,AUDCHF-11-R08E3,ENTRY
2024-11-22 11:30:00+00:00,2024-11-22 12:00:00+00:00,"AUDCHF,EURCAD,EURAUD","AUDCHF,AUDNZD,CHFJPY,NZDCAD",EURCAD,EURCAD-11-R25E8,ENTRY
2024-11-22 13:30:00+00:00,2024-11-22 14:00:00+00:00,"NZDCAD,AUDCHF,EURCAD,EURUSD","AUDNZD,CHFJPY,EURCAD,NZDCAD",AUDCHF,AUDCHF-11-R08E3,ENTRY
2024-11-22 15:30:00+00:00,2024-11-22 16:00:00+00:00,"NZDCAD,AUDCHF,AUDNZD,EURCAD","AUDCHF,AUDNZD,EURCAD,NZDCAD",,,TOP_FOUR_HELD
2024-11-25 01:30:00+00:00,2024-11-25 02:00:00+00:00,AUDNZD,,AUDNZD,AUDNZD-11-R01E7,ENTRY
2024-11-25 05:30:00+00:00,2024-11-25 06:00:00+00:00,"AUDCHF,EURNZD",AUDNZD,AUDCHF,AUDCHF-11-R08E3,ENTRY
2024-11-25 09:30:00+00:00,2024-11-25 10:00:00+00:00,"GBPUSD,EURJPY",AUDNZD,GBPUSD,GBPUSD-11-R16E8,ENTRY
2024-11-25 11:30:00+00:00,2024-11-25 12:00:00+00:00,,"AUDNZD,GBPUSD",,,NO_TRIGGER
2024-11-25 13:30:00+00:00,2024-11-25 14:00:00+00:00,"CHFJPY,AUDNZD,EURJPY","AUDNZD,GBPUSD",CHFJPY,CHFJPY-11-R26E5,ENTRY
2024-11-25 15:30:00+00:00,2024-11-25 16:00:00+00:00,"GBPUSD,EURJPY","AUDNZD,CHFJPY,GBPUSD",EURJPY,EURJPY-11-N1R074E12,ENTRY
2024-11-26 01:30:00+00:00,2024-11-26 02:00:00+00:00,"CHFJPY,GBPUSD","CHFJPY,GBPUSD",,,TOP_FOUR_HELD
2024-11-26 05:30:00+00:00,2024-11-26 06:00:00+00:00,EURCHF,"CHFJPY,GBPUSD",EURCHF,EURCHF-11-R46E4,ENTRY
2024-11-26 09:30:00+00:00,2024-11-26 10:00:00+00:00,,"CHFJPY,EURCHF,GBPUSD",,,NO_TRIGGER
2024-11-26 11:30:00+00:00,2024-11-26 12:00:00+00:00,EURCHF,CHFJPY,EURCHF,EURCHF-11-R46E4,ENTRY
2024-11-26 13:30:00+00:00,2024-11-26 14:00:00+00:00,"CHFJPY,USDCHF,EURJPY","CHFJPY,EURCHF",USDCHF,USDCHF-11-N1R121E11,ENTRY
2024-11-26 15:30:00+00:00,2024-11-26 16:00:00+00:00,EURJPY,"EURCHF,USDCHF",EURJPY,EURJPY-11-N1R074E12,ENTRY
2024-11-27 01:30:00+00:00,2024-11-27 02:00:00+00:00,EURJPY,"EURCHF,EURJPY,USDCHF",,,TOP_FOUR_HELD
2024-11-27 05:30:00+00:00,2024-11-27 06:00:00+00:00,EURJPY,"EURCHF,USDCHF",EURJPY,EURJPY-11-N1R074E12,ENTRY
2024-11-27 09:30:00+00:00,2024-11-27 10:00:00+00:00,USDCHF,EURJPY,USDCHF,USDCHF-11-N1R121E11,ENTRY
2024-11-27 11:30:00+00:00,2024-11-27 12:00:00+00:00,"USDCHF,EURJPY",USDCHF,EURJPY,EURJPY-11-N1R074E12,ENTRY
2024-11-27 13:30:00+00:00,2024-11-27 14:00:00+00:00,EURNZD,"EURJPY,USDCHF",EURNZD,EURNZD-11-R15E1,ENTRY
2024-11-27 15:30:00+00:00,2024-11-27 16:00:00+00:00,,USDCHF,,,NO_TRIGGER
2024-11-28 01:30:00+00:00,2024-11-28 02:00:00+00:00,GBPJPY,USDCHF,GBPJPY,GBPJPY-11-R59E5,ENTRY
2024-11-28 05:30:00+00:00,2024-11-28 06:00:00+00:00,"EURNZD,USDCHF,AUDCAD","GBPJPY,USDCHF",EURNZD,EURNZD-11-R15E1,ENTRY
2024-11-28 09:30:00+00:00,2024-11-28 10:00:00+00:00,USDCHF,"EURNZD,GBPJPY,USDCHF",,,TOP_FOUR_HELD
2024-11-28 11:30:00+00:00,2024-11-28 12:00:00+00:00,"GBPJPY,USDCAD",GBPJPY,USDCAD,USDCAD-11-N1R100E01,ENTRY
2024-11-28 13:30:00+00:00,2024-11-28 14:00:00+00:00,"EURNZD,USDCAD","GBPJPY,USDCAD",EURNZD,EURNZD-11-R15E1,ENTRY
2024-11-28 15:30:00+00:00,2024-11-28 16:00:00+00:00,EURJPY,GBPJPY,EURJPY,EURJPY-11-N1R074E12,ENTRY
2024-11-29 01:30:00+00:00,2024-11-29 02:00:00+00:00,"NZDUSD,EURJPY",GBPJPY,NZDUSD,NZDUSD-11-N1R016E03,ENTRY
2024-11-29 05:30:00+00:00,2024-11-29 06:00:00+00:00,"NZDUSD,USDCAD,USDCHF",,NZDUSD,NZDUSD-11-N1R016E03,ENTRY
2024-11-29 09:30:00+00:00,2024-11-29 10:00:00+00:00,,,,,NO_TRIGGER
2024-11-29 11:30:00+00:00,2024-11-29 12:00:00+00:00,,,,,NO_TRIGGER
2024-11-29 13:30:00+00:00,2024-11-29 14:00:00+00:00,EURNZD,,EURNZD,EURNZD-11-R15E1,ENTRY
2024-11-29 15:30:00+00:00,2024-11-29 16:00:00+00:00,,,,,NO_TRIGGER
2024-12-02 01:30:00+00:00,2024-12-02 02:00:00+00:00,GBPJPY,,GBPJPY,GBPJPY-12-R53E4,ENTRY
2024-12-02 05:30:00+00:00,2024-12-02 06:00:00+00:00,EURGBP,GBPJPY,EURGBP,EURGBP-12-N1R118E09,ENTRY
2024-12-02 09:30:00+00:00,2024-12-02 10:00:00+00:00,,GBPJPY,,,NO_TRIGGER
2024-12-02 11:30:00+00:00,2024-12-02 12:00:00+00:00,"GBPJPY,CHFJPY",GBPJPY,CHFJPY,CHFJPY-12-N1R099E01,ENTRY
2024-12-02 13:30:00+00:00,2024-12-02 14:00:00+00:00,CHFJPY,GBPJPY,CHFJPY,CHFJPY-12-N1R099E01,ENTRY
2024-12-02 15:30:00+00:00,2024-12-02 16:00:00+00:00,"CHFJPY,AUDCAD",,CHFJPY,CHFJPY-12-N1R099E01,ENTRY
2024-12-03 01:30:00+00:00,2024-12-03 02:00:00+00:00,GBPJPY,,GBPJPY,GBPJPY-12-R53E4,ENTRY
2024-12-03 05:30:00+00:00,2024-12-03 06:00:00+00:00,"GBPJPY,AUDJPY",GBPJPY,AUDJPY,AUDJPY-12-N1R122E07,ENTRY
2024-12-03 09:30:00+00:00,2024-12-03 10:00:00+00:00,"AUDJPY,AUDUSD",GBPJPY,AUDJPY,AUDJPY-12-N1R122E07,ENTRY
2024-12-03 11:30:00+00:00,2024-12-03 12:00:00+00:00,"GBPJPY,AUDJPY,AUDUSD,AUDNZD","AUDJPY,GBPJPY",AUDUSD,AUDUSD-12-R13E8,ENTRY
2024-12-03 13:30:00+00:00,2024-12-03 14:00:00+00:00,"AUDJPY,EURUSD","AUDUSD,GBPJPY",AUDJPY,AUDJPY-12-N1R122E07,ENTRY
2024-12-03 15:30:00+00:00,2024-12-03 16:00:00+00:00,"CHFJPY,EURUSD","AUDJPY,AUDUSD,GBPJPY",CHFJPY,CHFJPY-12-N1R099E01,ENTRY
2024-12-04 01:30:00+00:00,2024-12-04 02:00:00+00:00,"EURGBP,EURAUD",AUDUSD,EURGBP,EURGBP-12-N1R118E09,ENTRY
2024-12-04 05:30:00+00:00,2024-12-04 06:00:00+00:00,EURGBP,"AUDUSD,EURGBP",,,TOP_FOUR_HELD
2024-12-04 09:30:00+00:00,2024-12-04 10:00:00+00:00,"EURGBP,EURUSD",AUDUSD,EURGBP,EURGBP-12-N1R118E09,ENTRY
2024-12-04 11:30:00+00:00,2024-12-04 12:00:00+00:00,AUDCHF,"AUDUSD,EURGBP",AUDCHF,AUDCHF-12-N1R089E11,ENTRY
2024-12-04 13:30:00+00:00,2024-12-04 14:00:00+00:00,"USDJPY,AUDCHF","AUDCHF,EURGBP",USDJPY,USDJPY-12-N1R030E11,ENTRY
2024-12-04 15:30:00+00:00,2024-12-04 16:00:00+00:00,USDJPY,AUDCHF,USDJPY,USDJPY-12-N1R030E11,ENTRY
2024-12-05 01:30:00+00:00,2024-12-05 02:00:00+00:00,"EURNZD,USDCHF,EURAUD,AUDNZD",AUDCHF,EURNZD,EURNZD-12-R19E5,ENTRY
2024-12-05 05:30:00+00:00,2024-12-05 06:00:00+00:00,NZDCAD,"AUDCHF,EURNZD",NZDCAD,NZDCAD-12-R30E3,ENTRY
2024-12-05 09:30:00+00:00,2024-12-05 10:00:00+00:00,"AUDUSD,GBPUSD","AUDCHF,EURNZD,NZDCAD",AUDUSD,AUDUSD-12-R13E8,ENTRY
2024-12-05 11:30:00+00:00,2024-12-05 12:00:00+00:00,"NZDUSD,EURCHF,EURAUD","AUDCHF,AUDUSD,EURNZD,NZDCAD",NZDUSD,NZDUSD-12-N1R086E05,ENTRY
2024-12-05 13:30:00+00:00,2024-12-05 14:00:00+00:00,"AUDJPY,USDCHF,EURCHF,EURAUD","AUDUSD,EURNZD,NZDUSD",AUDJPY,AUDJPY-12-N1R122E07,ENTRY
2024-12-05 15:30:00+00:00,2024-12-05 16:00:00+00:00,"AUDJPY,AUDUSD,USDCHF,EURCAD","AUDJPY,AUDUSD",USDCHF,USDCHF-12-N1R120E10,ENTRY
2024-12-06 01:30:00+00:00,2024-12-06 02:00:00+00:00,"EURNZD,USDCHF,EURAUD","AUDUSD,USDCHF",EURNZD,EURNZD-12-R19E5,ENTRY
2024-12-06 05:30:00+00:00,2024-12-06 06:00:00+00:00,"USDCHF,GBPUSD","AUDUSD,EURNZD",USDCHF,USDCHF-12-N1R120E10,ENTRY
2024-12-06 09:30:00+00:00,2024-12-06 10:00:00+00:00,"AUDJPY,USDCHF,EURCAD,EURJPY","AUDUSD,EURNZD,USDCHF",AUDJPY,AUDJPY-12-N1R122E07,ENTRY
2024-12-06 11:30:00+00:00,2024-12-06 12:00:00+00:00,"AUDJPY,USDCHF,AUDCHF,EURCAD","AUDJPY,EURNZD,USDCHF",AUDCHF,AUDCHF-12-N1R089E11,ENTRY
2024-12-06 13:30:00+00:00,2024-12-06 14:00:00+00:00,"AUDJPY,USDCHF,AUDCHF,EURCAD",AUDCHF,AUDJPY,AUDJPY-12-N1R122E07,ENTRY
2024-12-06 15:30:00+00:00,2024-12-06 16:00:00+00:00,"USDCAD,USDCHF,AUDCHF,EURCAD",AUDCHF,USDCAD,USDCAD-12-N1R014E02,ENTRY
2024-12-09 01:30:00+00:00,2024-12-09 02:00:00+00:00,EURCAD,,EURCAD,EURCAD-12-N1R022E06,ENTRY
2024-12-09 05:30:00+00:00,2024-12-09 06:00:00+00:00,"USDCAD,AUDJPY",EURCAD,USDCAD,USDCAD-12-N1R014E02,ENTRY
2024-12-09 09:30:00+00:00,2024-12-09 10:00:00+00:00,"EURGBP,AUDUSD,EURCAD",,EURGBP,EURGBP-12-N1R118E09,ENTRY
2024-12-09 11:30:00+00:00,2024-12-09 12:00:00+00:00,"EURGBP,EURCAD",EURGBP,EURCAD,EURCAD-12-N1R022E06,ENTRY
2024-12-09 13:30:00+00:00,2024-12-09 14:00:00+00:00,"EURNZD,EURGBP,EURCHF",EURGBP,EURNZD,EURNZD-12-R19E5,ENTRY
2024-12-09 15:30:00+00:00,2024-12-09 16:00:00+00:00,"USDJPY,EURCHF,EURJPY",EURNZD,USDJPY,USDJPY-12-N1R030E11,ENTRY
2024-12-10 01:30:00+00:00,2024-12-10 02:00:00+00:00,,EURNZD,,,NO_TRIGGER
2024-12-10 05:30:00+00:00,2024-12-10 06:00:00+00:00,"NZDUSD,AUDCHF",,NZDUSD,NZDUSD-12-N1R086E05,ENTRY
2024-12-10 09:30:00+00:00,2024-12-10 10:00:00+00:00,NZDUSD,NZDUSD,,,TOP_FOUR_HELD
2024-12-10 11:30:00+00:00,2024-12-10 12:00:00+00:00,"USDJPY,EURUSD",NZDUSD,USDJPY,USDJPY-12-N1R030E11,ENTRY
2024-12-10 13:30:00+00:00,2024-12-10 14:00:00+00:00,"EURGBP,USDJPY","NZDUSD,USDJPY",EURGBP,EURGBP-12-N1R118E09,ENTRY
2024-12-10 15:30:00+00:00,2024-12-10 16:00:00+00:00,EURGBP,"EURGBP,NZDUSD,USDJPY",,,TOP_FOUR_HELD
2024-12-11 01:30:00+00:00,2024-12-11 02:00:00+00:00,EURNZD,,EURNZD,EURNZD-12-R19E5,ENTRY
2024-12-11 05:30:00+00:00,2024-12-11 06:00:00+00:00,EURUSD,EURNZD,EURUSD,EURUSD-12-N1R137E06,ENTRY
2024-12-11 09:30:00+00:00,2024-12-11 10:00:00+00:00,"AUDJPY,NZDUSD,EURUSD",EURNZD,AUDJPY,AUDJPY-12-N1R122E07,ENTRY
2024-12-11 11:30:00+00:00,2024-12-11 12:00:00+00:00,USDJPY,"AUDJPY,EURNZD",USDJPY,USDJPY-12-N1R030E11,ENTRY
2024-12-11 13:30:00+00:00,2024-12-11 14:00:00+00:00,USDJPY,"EURNZD,USDJPY",,,TOP_FOUR_HELD
2024-12-11 15:30:00+00:00,2024-12-11 16:00:00+00:00,,EURNZD,,,NO_TRIGGER
2024-12-12 01:30:00+00:00,2024-12-12 02:00:00+00:00,AUDUSD,,AUDUSD,AUDUSD-12-R13E8,ENTRY
2024-12-12 05:30:00+00:00,2024-12-12 06:00:00+00:00,NZDCAD,AUDUSD,NZDCAD,NZDCAD-12-R30E3,ENTRY
2024-12-12 09:30:00+00:00,2024-12-12 10:00:00+00:00,EURUSD,NZDCAD,EURUSD,EURUSD-12-N1R137E06,ENTRY
2024-12-12 11:30:00+00:00,2024-12-12 12:00:00+00:00,EURUSD,NZDCAD,EURUSD,EURUSD-12-N1R137E06,ENTRY
2024-12-12 13:30:00+00:00,2024-12-12 14:00:00+00:00,"NZDUSD,EURUSD",NZDCAD,NZDUSD,NZDUSD-12-N1R086E05,ENTRY
2024-12-12 15:30:00+00:00,2024-12-12 16:00:00+00:00,,"NZDCAD,NZDUSD",,,NO_TRIGGER
2024-12-13 01:30:00+00:00,2024-12-13 02:00:00+00:00,,,,,NO_TRIGGER
2024-12-13 05:30:00+00:00,2024-12-13 06:00:00+00:00,USDJPY,,USDJPY,USDJPY-12-N1R030E11,ENTRY
2024-12-13 09:30:00+00:00,2024-12-13 10:00:00+00:00,GBPJPY,USDJPY,GBPJPY,GBPJPY-12-R53E4,ENTRY
2024-12-13 11:30:00+00:00,2024-12-13 12:00:00+00:00,"USDJPY,EURJPY",GBPJPY,USDJPY,USDJPY-12-N1R030E11,ENTRY
2024-12-13 13:30:00+00:00,2024-12-13 14:00:00+00:00,"USDJPY,AUDUSD,EURCAD,EURJPY",GBPJPY,USDJPY,USDJPY-12-N1R030E11,ENTRY
2024-12-13 15:30:00+00:00,2024-12-13 16:00:00+00:00,"EURNZD,USDJPY,EURUSD","GBPJPY,USDJPY",EURNZD,EURNZD-12-R19E5,ENTRY
2024-12-16 01:30:00+00:00,2024-12-16 02:00:00+00:00,"EURCAD,EURAUD",,EURCAD,EURCAD-12-N1R022E06,ENTRY
2024-12-16 05:30:00+00:00,2024-12-16 06:00:00+00:00,"EURNZD,USDJPY,AUDUSD,EURCAD",EURCAD,EURNZD,EURNZD-12-R19E5,ENTRY
2024-12-16 09:30:00+00:00,2024-12-16 10:00:00+00:00,,EURNZD,,,NO_TRIGGER
2024-12-16 11:30:00+00:00,2024-12-16 12:00:00+00:00,"NZDUSD,EURAUD",EURNZD,NZDUSD,NZDUSD-12-N1R086E05,ENTRY
2024-12-16 13:30:00+00:00,2024-12-16 14:00:00+00:00,"USDCAD,USDJPY,EURAUD","EURNZD,NZDUSD",USDCAD,USDCAD-12-N1R014E02,ENTRY
2024-12-16 15:30:00+00:00,2024-12-16 16:00:00+00:00,"USDJPY,EURJPY,EURAUD","EURNZD,NZDUSD",USDJPY,USDJPY-12-N1R030E11,ENTRY
2024-12-17 01:30:00+00:00,2024-12-17 02:00:00+00:00,"EURAUD,AUDNZD","EURNZD,USDJPY",EURAUD,EURAUD-12-N1R004E07,ENTRY
2024-12-17 05:30:00+00:00,2024-12-17 06:00:00+00:00,"EURNZD,USDCAD,EURAUD","EURAUD,EURNZD",USDCAD,USDCAD-12-N1R014E02,ENTRY
2024-12-17 09:30:00+00:00,2024-12-17 10:00:00+00:00,GBPUSD,,GBPUSD,GBPUSD-12-N1R006E08,ENTRY
2024-12-17 11:30:00+00:00,2024-12-17 12:00:00+00:00,"EURGBP,EURAUD",GBPUSD,EURGBP,EURGBP-12-N1R118E09,ENTRY
2024-12-17 13:30:00+00:00,2024-12-17 14:00:00+00:00,"CHFJPY,EURGBP,EURCAD,EURAUD","EURGBP,GBPUSD",CHFJPY,CHFJPY-12-N1R099E01,ENTRY
2024-12-17 15:30:00+00:00,2024-12-17 16:00:00+00:00,"EURCAD,EURAUD",GBPUSD,EURCAD,EURCAD-12-N1R022E06,ENTRY
2024-12-18 01:30:00+00:00,2024-12-18 02:00:00+00:00,"AUDJPY,EURAUD",,AUDJPY,AUDJPY-12-N1R122E07,ENTRY
2024-12-18 05:30:00+00:00,2024-12-18 06:00:00+00:00,"AUDJPY,NZDUSD,AUDCHF,EURCAD",,AUDJPY,AUDJPY-12-N1R122E07,ENTRY
2024-12-18 09:30:00+00:00,2024-12-18 10:00:00+00:00,AUDJPY,,AUDJPY,AUDJPY-12-N1R122E07,ENTRY
2024-12-18 11:30:00+00:00,2024-12-18 12:00:00+00:00,"AUDJPY,NZDUSD,EURAUD",AUDJPY,NZDUSD,NZDUSD-12-N1R086E05,ENTRY
2024-12-18 13:30:00+00:00,2024-12-18 14:00:00+00:00,,NZDUSD,,,NO_TRIGGER
2024-12-18 15:30:00+00:00,2024-12-18 16:00:00+00:00,AUDUSD,NZDUSD,AUDUSD,AUDUSD-12-R13E8,ENTRY
2024-12-19 01:30:00+00:00,2024-12-19 02:00:00+00:00,"USDJPY,AUDCHF",,USDJPY,USDJPY-12-N1R030E11,ENTRY
2024-12-19 05:30:00+00:00,2024-12-19 06:00:00+00:00,,,,,NO_TRIGGER
2024-12-19 09:30:00+00:00,2024-12-19 10:00:00+00:00,"EURNZD,USDJPY",,EURNZD,EURNZD-12-R19E5,ENTRY
2024-12-19 11:30:00+00:00,2024-12-19 12:00:00+00:00,"USDJPY,AUDUSD,EURCHF,EURUSD",EURNZD,USDJPY,USDJPY-12-N1R030E11,ENTRY
2024-12-19 13:30:00+00:00,2024-12-19 14:00:00+00:00,"USDJPY,AUDUSD,EURUSD","EURNZD,USDJPY",AUDUSD,AUDUSD-12-R13E8,ENTRY
2024-12-19 15:30:00+00:00,2024-12-19 16:00:00+00:00,"AUDUSD,EURUSD","AUDUSD,EURNZD",EURUSD,EURUSD-12-N1R137E06,ENTRY
2024-12-20 01:30:00+00:00,2024-12-20 02:00:00+00:00,EURAUD,"AUDUSD,EURNZD",EURAUD,EURAUD-12-N1R004E07,ENTRY
2024-12-20 05:30:00+00:00,2024-12-20 06:00:00+00:00,"AUDCHF,EURAUD","AUDUSD,EURAUD,EURNZD",AUDCHF,AUDCHF-12-N1R089E11,ENTRY
2024-12-20 09:30:00+00:00,2024-12-20 10:00:00+00:00,EURAUD,"AUDCHF,AUDUSD,EURNZD",EURAUD,EURAUD-12-N1R004E07,ENTRY
2024-12-20 11:30:00+00:00,2024-12-20 12:00:00+00:00,"EURCHF,EURUSD,AUDCAD","AUDCHF,AUDUSD,EURAUD",EURCHF,EURCHF-12-N1R139E11,ENTRY
2024-12-20 13:30:00+00:00,2024-12-20 14:00:00+00:00,EURUSD,"AUDCHF,AUDUSD,EURAUD,EURCHF",EURUSD,EURUSD-12-N1R137E06,ENTRY
2024-12-20 15:30:00+00:00,2024-12-20 16:00:00+00:00,"AUDUSD,USDCHF,EURUSD","AUDCHF,EURAUD,EURCHF",AUDUSD,AUDUSD-12-R13E8,ENTRY
2024-12-23 01:30:00+00:00,2024-12-23 02:00:00+00:00,"USDJPY,USDCHF,EURAUD",,USDJPY,USDJPY-12-N1R030E11,ENTRY
2024-12-23 05:30:00+00:00,2024-12-23 06:00:00+00:00,"USDCHF,EURCHF,EURAUD",USDJPY,USDCHF,USDCHF-12-N1R120E10,ENTRY
2024-12-23 09:30:00+00:00,2024-12-23 10:00:00+00:00,EURCHF,"USDCHF,USDJPY",EURCHF,EURCHF-12-N1R139E11,ENTRY
2024-12-23 11:30:00+00:00,2024-12-23 12:00:00+00:00,"NZDCAD,EURCHF",EURCHF,NZDCAD,NZDCAD-12-R30E3,ENTRY
2024-12-23 13:30:00+00:00,2024-12-23 14:00:00+00:00,"USDCHF,EURAUD","EURCHF,NZDCAD",USDCHF,USDCHF-12-N1R120E10,ENTRY
2024-12-23 15:30:00+00:00,2024-12-23 16:00:00+00:00,EURAUD,"EURCHF,NZDCAD,USDCHF",EURAUD,EURAUD-12-N1R004E07,ENTRY
2024-12-24 01:30:00+00:00,2024-12-24 02:00:00+00:00,EURAUD,,EURAUD,EURAUD-12-N1R004E07,ENTRY
2024-12-24 05:30:00+00:00,2024-12-24 06:00:00+00:00,EURUSD,,EURUSD,EURUSD-12-N1R137E06,ENTRY
2024-12-24 09:30:00+00:00,2024-12-24 10:00:00+00:00,EURAUD,EURUSD,EURAUD,EURAUD-12-N1R004E07,ENTRY
2024-12-24 11:30:00+00:00,2024-12-24 12:00:00+00:00,"EURNZD,EURAUD","EURAUD,EURUSD",EURNZD,EURNZD-12-R19E5,ENTRY
2024-12-24 13:30:00+00:00,2024-12-24 14:00:00+00:00,,EURNZD,,,NO_TRIGGER
2024-12-24 15:30:00+00:00,2024-12-24 16:00:00+00:00,,EURNZD,,,NO_TRIGGER
2024-12-25 01:30:00+00:00,2024-12-25 02:00:00+00:00,,EURNZD,,,NO_TRIGGER
2024-12-25 05:30:00+00:00,2024-12-25 06:00:00+00:00,,EURNZD,,,NO_TRIGGER
2024-12-25 09:30:00+00:00,2024-12-25 10:00:00+00:00,,EURNZD,,,NO_TRIGGER
2024-12-25 11:30:00+00:00,2024-12-25 12:00:00+00:00,,EURNZD,,,NO_TRIGGER
2024-12-25 13:30:00+00:00,2024-12-25 14:00:00+00:00,,EURNZD,,,NO_TRIGGER
2024-12-25 15:30:00+00:00,2024-12-25 16:00:00+00:00,,EURNZD,,,NO_TRIGGER
2024-12-26 01:30:00+00:00,2024-12-26 02:00:00+00:00,,,,,NO_TRIGGER
2024-12-26 05:30:00+00:00,2024-12-26 06:00:00+00:00,,,,,NO_TRIGGER
2024-12-26 09:30:00+00:00,2024-12-26 10:00:00+00:00,EURAUD,,EURAUD,EURAUD-12-N1R004E07,ENTRY
2024-12-26 11:30:00+00:00,2024-12-26 12:00:00+00:00,EURAUD,,EURAUD,EURAUD-12-N1R004E07,ENTRY
2024-12-26 13:30:00+00:00,2024-12-26 14:00:00+00:00,,EURAUD,,,NO_TRIGGER
2024-12-26 15:30:00+00:00,2024-12-26 16:00:00+00:00,"USDJPY,EURJPY,EURAUD",,USDJPY,USDJPY-12-N1R030E11,ENTRY
2024-12-27 01:30:00+00:00,2024-12-27 02:00:00+00:00,,,,,NO_TRIGGER
2024-12-27 05:30:00+00:00,2024-12-27 06:00:00+00:00,EURAUD,,EURAUD,EURAUD-12-N1R004E07,ENTRY
2024-12-27 09:30:00+00:00,2024-12-27 10:00:00+00:00,,,,,NO_TRIGGER
2024-12-27 11:30:00+00:00,2024-12-27 12:00:00+00:00,EURCAD,,EURCAD,EURCAD-12-N1R022E06,ENTRY
2024-12-27 13:30:00+00:00,2024-12-27 14:00:00+00:00,AUDUSD,,AUDUSD,AUDUSD-12-R13E8,ENTRY
2024-12-27 15:30:00+00:00,2024-12-27 16:00:00+00:00,,AUDUSD,,,NO_TRIGGER
2024-12-30 01:30:00+00:00,2024-12-30 02:00:00+00:00,AUDUSD,,AUDUSD,AUDUSD-12-R13E8,ENTRY
2024-12-30 05:30:00+00:00,2024-12-30 06:00:00+00:00,,AUDUSD,,,NO_TRIGGER
2024-12-30 09:30:00+00:00,2024-12-30 10:00:00+00:00,,AUDUSD,,,NO_TRIGGER
2024-12-30 11:30:00+00:00,2024-12-30 12:00:00+00:00,GBPUSD,AUDUSD,GBPUSD,GBPUSD-12-N1R006E08,ENTRY
2024-12-30 13:30:00+00:00,2024-12-30 14:00:00+00:00,GBPUSD,"AUDUSD,GBPUSD",,,TOP_FOUR_HELD
2024-12-30 15:30:00+00:00,2024-12-30 16:00:00+00:00,CHFJPY,AUDUSD,CHFJPY,CHFJPY-12-N1R099E01,ENTRY
2024-12-31 01:30:00+00:00,2024-12-31 02:00:00+00:00,,AUDUSD,,,NO_TRIGGER
2024-12-31 05:30:00+00:00,2024-12-31 06:00:00+00:00,"CHFJPY,EURUSD",,CHFJPY,CHFJPY-12-N1R099E01,ENTRY
2024-12-31 09:30:00+00:00,2024-12-31 10:00:00+00:00,AUDJPY,,AUDJPY,AUDJPY-12-N1R122E07,ENTRY
2024-12-31 11:30:00+00:00,2024-12-31 12:00:00+00:00,GBPJPY,AUDJPY,GBPJPY,GBPJPY-12-R53E4,ENTRY
2024-12-31 13:30:00+00:00,2024-12-31 14:00:00+00:00,,"AUDJPY,GBPJPY",,,NO_TRIGGER
2024-12-31 15:30:00+00:00,2024-12-31 16:00:00+00:00,,"AUDJPY,GBPJPY",,,NO_TRIGGER
2025-01-01 01:30:00+00:00,2025-01-01 02:00:00+00:00,,"AUDJPY,GBPJPY",,,NO_TRIGGER
2025-01-01 05:30:00+00:00,2025-01-01 06:00:00+00:00,,"AUDJPY,GBPJPY",,,NO_TRIGGER
2025-01-01 09:30:00+00:00,2025-01-01 10:00:00+00:00,,"AUDJPY,GBPJPY",,,NO_TRIGGER
2025-01-01 11:30:00+00:00,2025-01-01 12:00:00+00:00,,"AUDJPY,GBPJPY",,,NO_TRIGGER
2025-01-01 13:30:00+00:00,2025-01-01 14:00:00+00:00,,"AUDJPY,GBPJPY",,,NO_TRIGGER
2025-01-01 15:30:00+00:00,2025-01-01 16:00:00+00:00,,"AUDJPY,GBPJPY",,,NO_TRIGGER
2025-01-02 01:30:00+00:00,2025-01-02 02:00:00+00:00,"EURUSD,AUDUSD",,EURUSD,EURUSD-01-R32E4,ENTRY
2025-01-02 05:30:00+00:00,2025-01-02 06:00:00+00:00,"EURUSD,EURAUD",EURUSD,EURAUD,EURAUD-01-N1R099E11,ENTRY
2025-01-02 09:30:00+00:00,2025-01-02 10:00:00+00:00,"GBPJPY,GBPUSD,EURUSD",EURUSD,GBPJPY,GBPJPY-01-R56E5,ENTRY
2025-01-02 11:30:00+00:00,2025-01-02 12:00:00+00:00,"GBPUSD,EURUSD,EURNZD",GBPJPY,GBPUSD,GBPUSD-01-R14E8,ENTRY
2025-01-02 13:30:00+00:00,2025-01-02 14:00:00+00:00,"GBPJPY,GBPUSD,EURUSD,EURAUD","GBPJPY,GBPUSD",EURUSD,EURUSD-01-R32E4,ENTRY
2025-01-02 15:30:00+00:00,2025-01-02 16:00:00+00:00,"EURUSD,EURAUD,EURCAD","EURUSD,GBPJPY,GBPUSD",EURAUD,EURAUD-01-N1R099E11,ENTRY
2025-01-03 01:30:00+00:00,2025-01-03 02:00:00+00:00,"EURUSD,USDCAD",,EURUSD,EURUSD-01-R32E4,ENTRY
2025-01-03 05:30:00+00:00,2025-01-03 06:00:00+00:00,"EURUSD,EURCAD,USDCAD",EURUSD,EURCAD,EURCAD-01-N1R088E03,ENTRY
2025-01-03 09:30:00+00:00,2025-01-03 10:00:00+00:00,"EURUSD,USDCAD","EURCAD,EURUSD",USDCAD,USDCAD-01-N1R065E10,ENTRY
2025-01-03 11:30:00+00:00,2025-01-03 12:00:00+00:00,"EURUSD,USDCAD","EURUSD,USDCAD",,,TOP_FOUR_HELD
2025-01-03 13:30:00+00:00,2025-01-03 14:00:00+00:00,"EURUSD,AUDCHF","EURUSD,USDCAD",AUDCHF,AUDCHF-01-N1R069E03,ENTRY
2025-01-03 15:30:00+00:00,2025-01-03 16:00:00+00:00,USDCAD,"AUDCHF,EURUSD",USDCAD,USDCAD-01-N1R065E10,ENTRY
2025-01-06 01:30:00+00:00,2025-01-06 02:00:00+00:00,"AUDCHF,EURCAD",,AUDCHF,AUDCHF-01-N1R069E03,ENTRY
2025-01-06 05:30:00+00:00,2025-01-06 06:00:00+00:00,"AUDCAD,NZDCAD,EURCAD,USDCAD",,AUDCAD,AUDCAD-01-R05E7,ENTRY
2025-01-06 09:30:00+00:00,2025-01-06 10:00:00+00:00,"AUDJPY,CHFJPY,EURJPY",AUDCAD,AUDJPY,AUDJPY-01-N1R055E07,ENTRY
2025-01-06 11:30:00+00:00,2025-01-06 12:00:00+00:00,"AUDJPY,CHFJPY,EURJPY,USDJPY","AUDCAD,AUDJPY",CHFJPY,CHFJPY-01-N1R040E10,ENTRY
2025-01-06 13:30:00+00:00,2025-01-06 14:00:00+00:00,EURJPY,,EURJPY,EURJPY-01-N1R034E08,ENTRY
2025-01-06 15:30:00+00:00,2025-01-06 16:00:00+00:00,"NZDCAD,EURJPY",EURJPY,NZDCAD,NZDCAD-01-R41E7,ENTRY
2025-01-07 01:30:00+00:00,2025-01-07 02:00:00+00:00,"AUDCHF,EURJPY",NZDCAD,AUDCHF,AUDCHF-01-N1R069E03,ENTRY
2025-01-07 05:30:00+00:00,2025-01-07 06:00:00+00:00,"CHFJPY,EURJPY","AUDCHF,NZDCAD",CHFJPY,CHFJPY-01-N1R040E10,ENTRY
2025-01-07 09:30:00+00:00,2025-01-07 10:00:00+00:00,"CHFJPY,EURNZD",,CHFJPY,CHFJPY-01-N1R040E10,ENTRY
2025-01-07 11:30:00+00:00,2025-01-07 12:00:00+00:00,"AUDJPY,EURJPY,EURNZD",,AUDJPY,AUDJPY-01-N1R055E07,ENTRY
2025-01-07 13:30:00+00:00,2025-01-07 14:00:00+00:00,"USDJPY,EURNZD",AUDJPY,USDJPY,USDJPY-01-N1R050E01,ENTRY
2025-01-07 15:30:00+00:00,2025-01-07 16:00:00+00:00,,,,,NO_TRIGGER
2025-01-08 01:30:00+00:00,2025-01-08 02:00:00+00:00,AUDCHF,,AUDCHF,AUDCHF-01-N1R069E03,ENTRY
2025-01-08 05:30:00+00:00,2025-01-08 06:00:00+00:00,"AUDCHF,CHFJPY,AUDUSD",AUDCHF,CHFJPY,CHFJPY-01-N1R040E10,ENTRY
2025-01-08 09:30:00+00:00,2025-01-08 10:00:00+00:00,"GBPUSD,EURUSD,EURCAD,EURJPY",,GBPUSD,GBPUSD-01-R14E8,ENTRY
2025-01-08 11:30:00+00:00,2025-01-08 12:00:00+00:00,"EURUSD,EURCAD,EURJPY,AUDUSD",GBPUSD,EURUSD,EURUSD-01-R32E4,ENTRY
2025-01-08 13:30:00+00:00,2025-01-08 14:00:00+00:00,"GBPJPY,EURUSD,EURCAD,EURGBP",EURUSD,GBPJPY,GBPJPY-01-R56E5,ENTRY
2025-01-08 15:30:00+00:00,2025-01-08 16:00:00+00:00,"GBPJPY,EURCAD,AUDUSD","EURUSD,GBPJPY",EURCAD,EURCAD-01-N1R088E03,ENTRY
2025-01-09 01:30:00+00:00,2025-01-09 02:00:00+00:00,"EURUSD,USDCAD",GBPJPY,EURUSD,EURUSD-01-R32E4,ENTRY
2025-01-09 05:30:00+00:00,2025-01-09 06:00:00+00:00,"GBPJPY,EURUSD,EURGBP,AUDUSD","EURUSD,GBPJPY",EURGBP,EURGBP-01-N1R066E01,ENTRY
2025-01-09 09:30:00+00:00,2025-01-09 10:00:00+00:00,"EURGBP,AUDUSD,USDCAD",EURUSD,EURGBP,EURGBP-01-N1R066E01,ENTRY
2025-01-09 11:30:00+00:00,2025-01-09 12:00:00+00:00,"EURUSD,AUDUSD",EURUSD,AUDUSD,AUDUSD-01-N1R106E06,ENTRY
2025-01-09 13:30:00+00:00,2025-01-09 14:00:00+00:00,AUDUSD,"AUDUSD,EURUSD",,,TOP_FOUR_HELD
2025-01-09 15:30:00+00:00,2025-01-09 16:00:00+00:00,AUDUSD,"AUDUSD,EURUSD",,,TOP_FOUR_HELD
2025-01-10 01:30:00+00:00,2025-01-10 02:00:00+00:00,"EURUSD,EURGBP,AUDUSD",EURUSD,EURGBP,EURGBP-01-N1R066E01,ENTRY
2025-01-10 05:30:00+00:00,2025-01-10 06:00:00+00:00,"AUDNZD,EURUSD,AUDUSD",EURGBP,AUDNZD,AUDNZD-01-N1R016E02,ENTRY
2025-01-10 09:30:00+00:00,2025-01-10 10:00:00+00:00,"GBPJPY,AUDUSD",AUDNZD,GBPJPY,GBPJPY-01-R56E5,ENTRY
2025-01-10 11:30:00+00:00,2025-01-10 12:00:00+00:00,AUDUSD,GBPJPY,AUDUSD,AUDUSD-01-N1R106E06,ENTRY
2025-01-10 13:30:00+00:00,2025-01-10 14:00:00+00:00,"EURCHF,AUDUSD","AUDUSD,GBPJPY",EURCHF,EURCHF-01-N1R048E03,ENTRY
2025-01-10 15:30:00+00:00,2025-01-10 16:00:00+00:00,"GBPJPY,EURCAD",GBPJPY,EURCAD,EURCAD-01-N1R088E03,ENTRY
2025-01-13 01:30:00+00:00,2025-01-13 02:00:00+00:00,EURUSD,,EURUSD,EURUSD-01-R32E4,ENTRY
2025-01-13 05:30:00+00:00,2025-01-13 06:00:00+00:00,"EURUSD,EURCAD,USDCAD",EURUSD,EURCAD,EURCAD-01-N1R088E03,ENTRY
2025-01-13 09:30:00+00:00,2025-01-13 10:00:00+00:00,EURCAD,"EURCAD,EURUSD",,,TOP_FOUR_HELD
2025-01-13 11:30:00+00:00,2025-01-13 12:00:00+00:00,EURCAD,,EURCAD,EURCAD-01-N1R088E03,ENTRY
2025-01-13 13:30:00+00:00,2025-01-13 14:00:00+00:00,"EURAUD,EURCAD",EURCAD,EURAUD,EURAUD-01-N1R099E11,ENTRY
2025-01-13 15:30:00+00:00,2025-01-13 16:00:00+00:00,"EURAUD,EURCAD","EURAUD,EURCAD",,,TOP_FOUR_HELD
2025-01-14 01:30:00+00:00,2025-01-14 02:00:00+00:00,EURNZD,,EURNZD,EURNZD-01-N1R117E11,ENTRY
2025-01-14 05:30:00+00:00,2025-01-14 06:00:00+00:00,EURNZD,,EURNZD,EURNZD-01-N1R117E11,ENTRY
2025-01-14 09:30:00+00:00,2025-01-14 10:00:00+00:00,EURNZD,,EURNZD,EURNZD-01-N1R117E11,ENTRY
2025-01-14 11:30:00+00:00,2025-01-14 12:00:00+00:00,,EURNZD,,,NO_TRIGGER
2025-01-14 13:30:00+00:00,2025-01-14 14:00:00+00:00,NZDUSD,,NZDUSD,NZDUSD-01-R42E4,ENTRY
2025-01-14 15:30:00+00:00,2025-01-14 16:00:00+00:00,"NZDUSD,NZDCAD",NZDUSD,NZDCAD,NZDCAD-01-R41E7,ENTRY
2025-01-15 01:30:00+00:00,2025-01-15 02:00:00+00:00,"CHFJPY,EURJPY","NZDCAD,NZDUSD",CHFJPY,CHFJPY-01-N1R040E10,ENTRY
2025-01-15 05:30:00+00:00,2025-01-15 06:00:00+00:00,"NZDCAD,CHFJPY,EURJPY","NZDCAD,NZDUSD",CHFJPY,CHFJPY-01-N1R040E10,ENTRY
2025-01-15 09:30:00+00:00,2025-01-15 10:00:00+00:00,,"NZDCAD,NZDUSD",,,NO_TRIGGER
2025-01-15 11:30:00+00:00,2025-01-15 12:00:00+00:00,,"NZDCAD,NZDUSD",,,NO_TRIGGER
2025-01-15 13:30:00+00:00,2025-01-15 14:00:00+00:00,NZDCAD,"NZDCAD,NZDUSD",,,TOP_FOUR_HELD
2025-01-15 15:30:00+00:00,2025-01-15 16:00:00+00:00,"GBPJPY,NZDCAD,AUDCHF,USDCHF",,GBPJPY,GBPJPY-01-R56E5,ENTRY
2025-01-16 01:30:00+00:00,2025-01-16 02:00:00+00:00,,GBPJPY,,,NO_TRIGGER
2025-01-16 05:30:00+00:00,2025-01-16 06:00:00+00:00,AUDCAD,,AUDCAD,AUDCAD-01-R05E7,ENTRY
2025-01-16 09:30:00+00:00,2025-01-16 10:00:00+00:00,"GBPJPY,NZDCAD,AUDCHF,USDCHF",,GBPJPY,GBPJPY-01-R56E5,ENTRY
2025-01-16 11:30:00+00:00,2025-01-16 12:00:00+00:00,AUDCHF,GBPJPY,AUDCHF,AUDCHF-01-N1R069E03,ENTRY
2025-01-16 13:30:00+00:00,2025-01-16 14:00:00+00:00,"NZDUSD,AUDCAD,AUDCHF","AUDCHF,GBPJPY",NZDUSD,NZDUSD-01-R42E4,ENTRY
2025-01-16 15:30:00+00:00,2025-01-16 16:00:00+00:00,AUDCHF,"AUDCHF,GBPJPY,NZDUSD",,,TOP_FOUR_HELD
2025-01-17 01:30:00+00:00,2025-01-17 02:00:00+00:00,,GBPJPY,,,NO_TRIGGER
2025-01-17 05:30:00+00:00,2025-01-17 06:00:00+00:00,"AUDNZD,AUDCAD",GBPJPY,AUDNZD,AUDNZD-01-N1R016E02,ENTRY
2025-01-17 09:30:00+00:00,2025-01-17 10:00:00+00:00,,GBPJPY,,,NO_TRIGGER
2025-01-17 11:30:00+00:00,2025-01-17 12:00:00+00:00,AUDCAD,,AUDCAD,AUDCAD-01-R05E7,ENTRY
2025-01-17 13:30:00+00:00,2025-01-17 14:00:00+00:00,"AUDCAD,AUDUSD",AUDCAD,AUDUSD,AUDUSD-01-N1R106E06,ENTRY
2025-01-17 15:30:00+00:00,2025-01-17 16:00:00+00:00,NZDCAD,AUDCAD,NZDCAD,NZDCAD-01-R41E7,ENTRY
2025-01-20 01:30:00+00:00,2025-01-20 02:00:00+00:00,EURGBP,,EURGBP,EURGBP-01-N1R066E01,ENTRY
2025-01-20 05:30:00+00:00,2025-01-20 06:00:00+00:00,,,,,NO_TRIGGER
2025-01-20 09:30:00+00:00,2025-01-20 10:00:00+00:00,USDCAD,,USDCAD,USDCAD-01-N1R065E10,ENTRY
2025-01-20 11:30:00+00:00,2025-01-20 12:00:00+00:00,"AUDCAD,EURCHF,EURJPY,USDCAD",,AUDCAD,AUDCAD-01-R05E7,ENTRY
2025-01-20 13:30:00+00:00,2025-01-20 14:00:00+00:00,"EURCHF,EURJPY",AUDCAD,EURCHF,EURCHF-01-N1R048E03,ENTRY
2025-01-20 15:30:00+00:00,2025-01-20 16:00:00+00:00,"AUDJPY,AUDCHF,CHFJPY,EURJPY",AUDCAD,AUDJPY,AUDJPY-01-N1R055E07,ENTRY
2025-01-21 01:30:00+00:00,2025-01-21 02:00:00+00:00,EURJPY,,EURJPY,EURJPY-01-N1R034E08,ENTRY
2025-01-21 05:30:00+00:00,2025-01-21 06:00:00+00:00,"NZDCAD,AUDCHF",EURJPY,NZDCAD,NZDCAD-01-R41E7,ENTRY
2025-01-21 09:30:00+00:00,2025-01-21 10:00:00+00:00,"NZDUSD,NZDCAD","EURJPY,NZDCAD",NZDUSD,NZDUSD-01-R42E4,ENTRY
2025-01-21 11:30:00+00:00,2025-01-21 12:00:00+00:00,"NZDUSD,AUDCAD,NZDCAD","EURJPY,NZDCAD,NZDUSD",AUDCAD,AUDCAD-01-R05E7,ENTRY
2025-01-21 13:30:00+00:00,2025-01-21 14:00:00+00:00,NZDCAD,"AUDCAD,EURJPY,NZDCAD,NZDUSD",,,TOP_FOUR_HELD
2025-01-21 15:30:00+00:00,2025-01-21 16:00:00+00:00,"NZDCAD,USDCHF","NZDCAD,NZDUSD",USDCHF,USDCHF-01-N1R086E04,ENTRY
2025-01-22 01:30:00+00:00,2025-01-22 02:00:00+00:00,"AUDJPY,NZDCAD,EURCHF,CHFJPY","NZDCAD,NZDUSD,USDCHF",AUDJPY,AUDJPY-01-N1R055E07,ENTRY
2025-01-22 05:30:00+00:00,2025-01-22 06:00:00+00:00,"AUDCAD,CHFJPY,EURJPY","AUDJPY,NZDUSD,USDCHF",AUDCAD,AUDCAD-01-R05E7,ENTRY
2025-01-22 09:30:00+00:00,2025-01-22 10:00:00+00:00,"CHFJPY,EURJPY","AUDCAD,AUDJPY,NZDUSD,USDCHF",CHFJPY,CHFJPY-01-N1R040E10,ENTRY
2025-01-22 11:30:00+00:00,2025-01-22 12:00:00+00:00,"NZDCAD,AUDCHF,USDCHF,CHFJPY",AUDCAD,NZDCAD,NZDCAD-01-R41E7,ENTRY
2025-01-22 13:30:00+00:00,2025-01-22 14:00:00+00:00,"CHFJPY,EURJPY",NZDCAD,CHFJPY,CHFJPY-01-N1R040E10,ENTRY
2025-01-22 15:30:00+00:00,2025-01-22 16:00:00+00:00,"CHFJPY,EURJPY","CHFJPY,NZDCAD",EURJPY,EURJPY-01-N1R034E08,ENTRY
2025-01-23 01:30:00+00:00,2025-01-23 02:00:00+00:00,"CHFJPY,EURJPY,USDJPY","EURJPY,NZDCAD",CHFJPY,CHFJPY-01-N1R040E10,ENTRY
2025-01-23 05:30:00+00:00,2025-01-23 06:00:00+00:00,"CHFJPY,USDJPY","CHFJPY,NZDCAD",USDJPY,USDJPY-01-N1R050E01,ENTRY
2025-01-23 09:30:00+00:00,2025-01-23 10:00:00+00:00,"NZDUSD,AUDCAD,USDJPY",NZDCAD,NZDUSD,NZDUSD-01-R42E4,ENTRY
2025-01-23 11:30:00+00:00,2025-01-23 12:00:00+00:00,USDJPY,"NZDCAD,NZDUSD",USDJPY,USDJPY-01-N1R050E01,ENTRY
2025-01-23 13:30:00+00:00,2025-01-23 14:00:00+00:00,"AUDCHF,USDJPY",NZDUSD,AUDCHF,AUDCHF-01-N1R069E03,ENTRY
2025-01-23 15:30:00+00:00,2025-01-23 16:00:00+00:00,"NZDCAD,EURCHF","AUDCHF,NZDUSD",NZDCAD,NZDCAD-01-R41E7,ENTRY
2025-01-24 01:30:00+00:00,2025-01-24 02:00:00+00:00,,NZDCAD,,,NO_TRIGGER
2025-01-24 05:30:00+00:00,2025-01-24 06:00:00+00:00,"EURAUD,EURJPY",,EURAUD,EURAUD-01-N1R099E11,ENTRY
2025-01-24 09:30:00+00:00,2025-01-24 10:00:00+00:00,,,,,NO_TRIGGER
2025-01-24 11:30:00+00:00,2025-01-24 12:00:00+00:00,NZDCAD,,NZDCAD,NZDCAD-01-R41E7,ENTRY
2025-01-24 13:30:00+00:00,2025-01-24 14:00:00+00:00,EURJPY,NZDCAD,EURJPY,EURJPY-01-N1R034E08,ENTRY
2025-01-24 15:30:00+00:00,2025-01-24 16:00:00+00:00,EURJPY,"EURJPY,NZDCAD",,,TOP_FOUR_HELD
2025-01-27 01:30:00+00:00,2025-01-27 02:00:00+00:00,"NZDUSD,AUDCAD,AUDJPY",,NZDUSD,NZDUSD-01-R42E4,ENTRY
2025-01-27 05:30:00+00:00,2025-01-27 06:00:00+00:00,"NZDUSD,AUDCAD,NZDCAD,AUDCHF",NZDUSD,AUDCAD,AUDCAD-01-R05E7,ENTRY
2025-01-27 09:30:00+00:00,2025-01-27 10:00:00+00:00,USDCHF,"AUDCAD,NZDUSD",USDCHF,USDCHF-01-N1R086E04,ENTRY
2025-01-27 11:30:00+00:00,2025-01-27 12:00:00+00:00,"AUDCAD,NZDCAD","AUDCAD,NZDUSD",NZDCAD,NZDCAD-01-R41E7,ENTRY
2025-01-27 13:30:00+00:00,2025-01-27 14:00:00+00:00,AUDCAD,"AUDCAD,NZDCAD",,,TOP_FOUR_HELD
2025-01-27 15:30:00+00:00,2025-01-27 16:00:00+00:00,,"AUDCAD,NZDCAD",,,NO_TRIGGER
2025-01-28 01:30:00+00:00,2025-01-28 02:00:00+00:00,USDCAD,,USDCAD,USDCAD-01-N1R065E10,ENTRY
2025-01-28 05:30:00+00:00,2025-01-28 06:00:00+00:00,,USDCAD,,,NO_TRIGGER
2025-01-28 09:30:00+00:00,2025-01-28 10:00:00+00:00,EURUSD,USDCAD,EURUSD,EURUSD-01-R32E4,ENTRY
2025-01-28 11:30:00+00:00,2025-01-28 12:00:00+00:00,EURUSD,"EURUSD,USDCAD",,,TOP_FOUR_HELD
2025-01-28 13:30:00+00:00,2025-01-28 14:00:00+00:00,EURUSD,EURUSD,,,TOP_FOUR_HELD
2025-01-28 15:30:00+00:00,2025-01-28 16:00:00+00:00,"EURUSD,AUDUSD",EURUSD,AUDUSD,AUDUSD-01-N1R106E06,ENTRY
2025-01-29 01:30:00+00:00,2025-01-29 02:00:00+00:00,"EURUSD,CHFJPY,USDCAD",EURUSD,CHFJPY,CHFJPY-01-N1R040E10,ENTRY
2025-01-29 05:30:00+00:00,2025-01-29 06:00:00+00:00,"CHFJPY,AUDUSD",EURUSD,CHFJPY,CHFJPY-01-N1R040E10,ENTRY
2025-01-29 09:30:00+00:00,2025-01-29 10:00:00+00:00,"AUDUSD,USDCAD",EURUSD,AUDUSD,AUDUSD-01-N1R106E06,ENTRY
2025-01-29 11:30:00+00:00,2025-01-29 12:00:00+00:00,"AUDUSD,USDCAD",AUDUSD,USDCAD,USDCAD-01-N1R065E10,ENTRY
2025-01-29 13:30:00+00:00,2025-01-29 14:00:00+00:00,AUDUSD,"AUDUSD,USDCAD",,,TOP_FOUR_HELD
2025-01-29 15:30:00+00:00,2025-01-29 16:00:00+00:00,AUDUSD,,AUDUSD,AUDUSD-01-N1R106E06,ENTRY
2025-01-30 01:30:00+00:00,2025-01-30 02:00:00+00:00,GBPJPY,,GBPJPY,GBPJPY-01-R56E5,ENTRY
2025-01-30 05:30:00+00:00,2025-01-30 06:00:00+00:00,"EURUSD,USDCAD",GBPJPY,EURUSD,EURUSD-01-R32E4,ENTRY
2025-01-30 09:30:00+00:00,2025-01-30 10:00:00+00:00,,"EURUSD,GBPJPY",,,NO_TRIGGER
2025-01-30 11:30:00+00:00,2025-01-30 12:00:00+00:00,AUDUSD,"EURUSD,GBPJPY",AUDUSD,AUDUSD-01-N1R106E06,ENTRY
2025-01-30 13:30:00+00:00,2025-01-30 14:00:00+00:00,"GBPJPY,AUDUSD","AUDUSD,EURUSD,GBPJPY",,,TOP_FOUR_HELD
2025-01-30 15:30:00+00:00,2025-01-30 16:00:00+00:00,AUDUSD,GBPJPY,AUDUSD,AUDUSD-01-N1R106E06,ENTRY
2025-01-31 01:30:00+00:00,2025-01-31 02:00:00+00:00,EURUSD,GBPJPY,EURUSD,EURUSD-01-R32E4,ENTRY
2025-01-31 05:30:00+00:00,2025-01-31 06:00:00+00:00,"EURUSD,NZDCAD,AUDCHF",EURUSD,NZDCAD,NZDCAD-01-R41E7,ENTRY
2025-01-31 09:30:00+00:00,2025-01-31 10:00:00+00:00,"EURUSD,EURNZD","EURUSD,NZDCAD",EURNZD,EURNZD-01-N1R117E11,ENTRY
2025-01-31 11:30:00+00:00,2025-01-31 12:00:00+00:00,"EURUSD,NZDCAD,USDCAD,EURNZD","EURNZD,EURUSD,NZDCAD",USDCAD,USDCAD-01-N1R065E10,ENTRY
2025-01-31 13:30:00+00:00,2025-01-31 14:00:00+00:00,"EURUSD,NZDCAD,USDCAD,EURNZD","EURUSD,NZDCAD,USDCAD",EURNZD,EURNZD-01-N1R117E11,ENTRY
2025-01-31 15:30:00+00:00,2025-01-31 16:00:00+00:00,"GBPJPY,GBPUSD,EURUSD,USDCAD","EURNZD,EURUSD,NZDCAD",GBPJPY,GBPJPY-01-R56E5,ENTRY
2025-02-03 01:30:00+00:00,2025-02-03 02:00:00+00:00,"AUDCHF,NZDUSD,AUDJPY",,AUDCHF,AUDCHF-02-N1R138E09,ENTRY
2025-02-03 05:30:00+00:00,2025-02-03 06:00:00+00:00,AUDJPY,,AUDJPY,AUDJPY-02-N1R087E02,ENTRY
2025-02-03 09:30:00+00:00,2025-02-03 10:00:00+00:00,AUDNZD,,AUDNZD,AUDNZD-02-R57E7,ENTRY
2025-02-03 11:30:00+00:00,2025-02-03 12:00:00+00:00,,AUDNZD,,,NO_TRIGGER
2025-02-03 13:30:00+00:00,2025-02-03 14:00:00+00:00,AUDJPY,AUDNZD,AUDJPY,AUDJPY-02-N1R087E02,ENTRY
2025-02-03 15:30:00+00:00,2025-02-03 16:00:00+00:00,"NZDUSD,AUDJPY,USDCAD","AUDJPY,AUDNZD",NZDUSD,NZDUSD-02-N1R136E10,ENTRY
2025-02-04 01:30:00+00:00,2025-02-04 02:00:00+00:00,"EURCAD,NZDUSD,USDCAD",AUDNZD,EURCAD,EURCAD-02-N1R077E12,ENTRY
2025-02-04 05:30:00+00:00,2025-02-04 06:00:00+00:00,"NZDUSD,GBPJPY","AUDNZD,EURCAD",NZDUSD,NZDUSD-02-N1R136E10,ENTRY
2025-02-04 09:30:00+00:00,2025-02-04 10:00:00+00:00,GBPJPY,"AUDNZD,EURCAD",GBPJPY,GBPJPY-02-N1R037E11,ENTRY
2025-02-04 11:30:00+00:00,2025-02-04 12:00:00+00:00,GBPJPY,"EURCAD,GBPJPY",,,TOP_FOUR_HELD
2025-02-04 13:30:00+00:00,2025-02-04 14:00:00+00:00,,EURCAD,,,NO_TRIGGER
2025-02-04 15:30:00+00:00,2025-02-04 16:00:00+00:00,"GBPUSD,GBPJPY",EURCAD,GBPUSD,GBPUSD-02-N1R070E09,ENTRY
2025-02-05 01:30:00+00:00,2025-02-05 02:00:00+00:00,,,,,NO_TRIGGER
2025-02-05 05:30:00+00:00,2025-02-05 06:00:00+00:00,,,,,NO_TRIGGER
2025-02-05 09:30:00+00:00,2025-02-05 10:00:00+00:00,"AUDUSD,EURUSD,GBPUSD",,AUDUSD,AUDUSD-02-N1R070E09,ENTRY
2025-02-05 11:30:00+00:00,2025-02-05 12:00:00+00:00,EURUSD,AUDUSD,EURUSD,EURUSD-02-N1R032E11,ENTRY
2025-02-05 13:30:00+00:00,2025-02-05 14:00:00+00:00,EURUSD,"AUDUSD,EURUSD",,,TOP_FOUR_HELD
2025-02-05 15:30:00+00:00,2025-02-05 16:00:00+00:00,,"AUDUSD,EURUSD",,,NO_TRIGGER
2025-02-06 01:30:00+00:00,2025-02-06 02:00:00+00:00,AUDJPY,EURUSD,AUDJPY,AUDJPY-02-N1R087E02,ENTRY
2025-02-06 05:30:00+00:00,2025-02-06 06:00:00+00:00,"USDJPY,AUDJPY",,USDJPY,USDJPY-02-R15E5,ENTRY
2025-02-06 09:30:00+00:00,2025-02-06 10:00:00+00:00,"USDJPY,EURNZD",USDJPY,EURNZD,EURNZD-02-N1R137E06,ENTRY
2025-02-06 11:30:00+00:00,2025-02-06 12:00:00+00:00,"EURGBP,EURNZD","EURNZD,USDJPY",EURGBP,EURGBP-02-N1R032E05,ENTRY
2025-02-06 13:30:00+00:00,2025-02-06 14:00:00+00:00,"EURNZD,AUDJPY","EURNZD,USDJPY",AUDJPY,AUDJPY-02-N1R087E02,ENTRY
2025-02-06 15:30:00+00:00,2025-02-06 16:00:00+00:00,AUDJPY,"AUDJPY,EURNZD,USDJPY",,,TOP_FOUR_HELD
2025-02-07 01:30:00+00:00,2025-02-07 02:00:00+00:00,AUDJPY,,AUDJPY,AUDJPY-02-N1R087E02,ENTRY
2025-02-07 05:30:00+00:00,2025-02-07 06:00:00+00:00,"EURCHF,AUDCAD",,EURCHF,EURCHF-02-N1R030E03,ENTRY
2025-02-07 09:30:00+00:00,2025-02-07 10:00:00+00:00,,,,,NO_TRIGGER
2025-02-07 11:30:00+00:00,2025-02-07 12:00:00+00:00,"USDJPY,EURCHF",,USDJPY,USDJPY-02-R15E5,ENTRY
2025-02-07 13:30:00+00:00,2025-02-07 14:00:00+00:00,,USDJPY,,,NO_TRIGGER
2025-02-07 15:30:00+00:00,2025-02-07 16:00:00+00:00,AUDJPY,USDJPY,AUDJPY,AUDJPY-02-N1R087E02,ENTRY
2025-02-10 01:30:00+00:00,2025-02-10 02:00:00+00:00,USDJPY,,USDJPY,USDJPY-02-R15E5,ENTRY
2025-02-10 05:30:00+00:00,2025-02-10 06:00:00+00:00,AUDNZD,USDJPY,AUDNZD,AUDNZD-02-R57E7,ENTRY
2025-02-10 09:30:00+00:00,2025-02-10 10:00:00+00:00,"CHFJPY,USDJPY,NZDUSD","AUDNZD,USDJPY",CHFJPY,CHFJPY-02-R60E8,ENTRY
2025-02-10 11:30:00+00:00,2025-02-10 12:00:00+00:00,,"AUDNZD,CHFJPY,USDJPY",,,NO_TRIGGER
2025-02-10 13:30:00+00:00,2025-02-10 14:00:00+00:00,,"AUDNZD,CHFJPY,USDJPY",,,NO_TRIGGER
2025-02-10 15:30:00+00:00,2025-02-10 16:00:00+00:00,"EURNZD,AUDJPY","AUDNZD,CHFJPY,USDJPY",EURNZD,EURNZD-02-N1R137E06,ENTRY
2025-02-11 01:30:00+00:00,2025-02-11 02:00:00+00:00,"EURNZD,AUDJPY","CHFJPY,USDJPY",EURNZD,EURNZD-02-N1R137E06,ENTRY
2025-02-11 05:30:00+00:00,2025-02-11 06:00:00+00:00,"EURNZD,AUDJPY","CHFJPY,EURNZD",AUDJPY,AUDJPY-02-N1R087E02,ENTRY
2025-02-11 09:30:00+00:00,2025-02-11 10:00:00+00:00,"EURGBP,AUDCAD",CHFJPY,EURGBP,EURGBP-02-N1R032E05,ENTRY
2025-02-11 11:30:00+00:00,2025-02-11 12:00:00+00:00,EURGBP,EURGBP,,,TOP_FOUR_HELD
2025-02-11 13:30:00+00:00,2025-02-11 14:00:00+00:00,EURCHF,,EURCHF,EURCHF-02-N1R030E03,ENTRY
2025-02-11 15:30:00+00:00,2025-02-11 16:00:00+00:00,EURCHF,,EURCHF,EURCHF-02-N1R030E03,ENTRY
2025-02-12 01:30:00+00:00,2025-02-12 02:00:00+00:00,"EURJPY,GBPJPY",,EURJPY,EURJPY-02-R33E2,ENTRY
2025-02-12 05:30:00+00:00,2025-02-12 06:00:00+00:00,"EURJPY,GBPJPY",EURJPY,GBPJPY,GBPJPY-02-N1R037E11,ENTRY
2025-02-12 09:30:00+00:00,2025-02-12 10:00:00+00:00,"EURJPY,GBPJPY",,EURJPY,EURJPY-02-R33E2,ENTRY
2025-02-12 11:30:00+00:00,2025-02-12 12:00:00+00:00,"EURUSD,GBPJPY",EURJPY,EURUSD,EURUSD-02-N1R032E11,ENTRY
2025-02-12 13:30:00+00:00,2025-02-12 14:00:00+00:00,GBPJPY,"EURJPY,EURUSD",GBPJPY,GBPJPY-02-N1R037E11,ENTRY
2025-02-12 15:30:00+00:00,2025-02-12 16:00:00+00:00,"EURJPY,NZDUSD,GBPJPY",,EURJPY,EURJPY-02-R33E2,ENTRY
2025-02-13 01:30:00+00:00,2025-02-13 02:00:00+00:00,GBPJPY,,GBPJPY,GBPJPY-02-N1R037E11,ENTRY
2025-02-13 05:30:00+00:00,2025-02-13 06:00:00+00:00,"EURAUD,GBPJPY",,EURAUD,EURAUD-02-N1R028E06,ENTRY
2025-02-13 09:30:00+00:00,2025-02-13 10:00:00+00:00,"EURAUD,GBPJPY",,EURAUD,EURAUD-02-N1R028E06,ENTRY
2025-02-13 11:30:00+00:00,2025-02-13 12:00:00+00:00,GBPJPY,EURAUD,GBPJPY,GBPJPY-02-N1R037E11,ENTRY
2025-02-13 13:30:00+00:00,2025-02-13 14:00:00+00:00,USDCHF,,USDCHF,USDCHF-02-R27E8,ENTRY
2025-02-13 15:30:00+00:00,2025-02-13 16:00:00+00:00,USDCHF,USDCHF,,,TOP_FOUR_HELD
2025-02-14 01:30:00+00:00,2025-02-14 02:00:00+00:00,"EURJPY,AUDCHF",USDCHF,EURJPY,EURJPY-02-R33E2,ENTRY
2025-02-14 05:30:00+00:00,2025-02-14 06:00:00+00:00,"EURJPY,GBPJPY","EURJPY,USDCHF",GBPJPY,GBPJPY-02-N1R037E11,ENTRY
2025-02-14 09:30:00+00:00,2025-02-14 10:00:00+00:00,"EURJPY,AUDCHF","EURJPY,USDCHF",AUDCHF,AUDCHF-02-N1R138E09,ENTRY
2025-02-14 11:30:00+00:00,2025-02-14 12:00:00+00:00,EURUSD,"AUDCHF,USDCHF",EURUSD,EURUSD-02-N1R032E11,ENTRY
2025-02-14 13:30:00+00:00,2025-02-14 14:00:00+00:00,"EURJPY,USDJPY,AUDCHF","AUDCHF,EURUSD,USDCHF",EURJPY,EURJPY-02-R33E2,ENTRY
2025-02-14 15:30:00+00:00,2025-02-14 16:00:00+00:00,"EURJPY,NZDCAD,GBPJPY,AUDCAD","AUDCHF,EURJPY",NZDCAD,NZDCAD-02-N1R013E12,ENTRY
2025-02-17 01:30:00+00:00,2025-02-17 02:00:00+00:00,,,,,NO_TRIGGER
2025-02-17 05:30:00+00:00,2025-02-17 06:00:00+00:00,,,,,NO_TRIGGER
2025-02-17 09:30:00+00:00,2025-02-17 10:00:00+00:00,USDJPY,,USDJPY,USDJPY-02-R15E5,ENTRY
2025-02-17 11:30:00+00:00,2025-02-17 12:00:00+00:00,,USDJPY,,,NO_TRIGGER
2025-02-17 13:30:00+00:00,2025-02-17 14:00:00+00:00,,USDJPY,,,NO_TRIGGER
2025-02-17 15:30:00+00:00,2025-02-17 16:00:00+00:00,USDCHF,USDJPY,USDCHF,USDCHF-02-R27E8,ENTRY
2025-02-18 01:30:00+00:00,2025-02-18 02:00:00+00:00,"USDJPY,AUDJPY","USDCHF,USDJPY",AUDJPY,AUDJPY-02-N1R087E02,ENTRY
2025-02-18 05:30:00+00:00,2025-02-18 06:00:00+00:00,"USDJPY,EURNZD","USDCHF,USDJPY",EURNZD,EURNZD-02-N1R137E06,ENTRY
2025-02-18 09:30:00+00:00,2025-02-18 10:00:00+00:00,"CHFJPY,AUDNZD,EURNZD","EURNZD,USDCHF,USDJPY",CHFJPY,CHFJPY-02-R60E8,ENTRY
2025-02-18 11:30:00+00:00,2025-02-18 12:00:00+00:00,"EURNZD,AUDJPY","CHFJPY,USDCHF",EURNZD,EURNZD-02-N1R137E06,ENTRY
2025-02-18 13:30:00+00:00,2025-02-18 14:00:00+00:00,"USDCHF,AUDJPY","CHFJPY,EURNZD,USDCHF",AUDJPY,AUDJPY-02-N1R087E02,ENTRY
2025-02-18 15:30:00+00:00,2025-02-18 16:00:00+00:00,"EURNZD,AUDJPY","CHFJPY,EURNZD,USDCHF",AUDJPY,AUDJPY-02-N1R087E02,ENTRY
2025-02-19 01:30:00+00:00,2025-02-19 02:00:00+00:00,GBPJPY,CHFJPY,GBPJPY,GBPJPY-02-N1R037E11,ENTRY
2025-02-19 05:30:00+00:00,2025-02-19 06:00:00+00:00,"AUDNZD,GBPJPY",CHFJPY,AUDNZD,AUDNZD-02-R57E7,ENTRY
2025-02-19 09:30:00+00:00,2025-02-19 10:00:00+00:00,AUDCAD,"AUDNZD,CHFJPY",AUDCAD,AUDCAD-02-N1R032E11,ENTRY
2025-02-19 11:30:00+00:00,2025-02-19 12:00:00+00:00,,"AUDCAD,AUDNZD",,,NO_TRIGGER
2025-02-19 13:30:00+00:00,2025-02-19 14:00:00+00:00,USDJPY,"AUDCAD,AUDNZD",USDJPY,USDJPY-02-R15E5,ENTRY
2025-02-19 15:30:00+00:00,2025-02-19 16:00:00+00:00,AUDJPY,"AUDCAD,AUDNZD,USDJPY",AUDJPY,AUDJPY-02-N1R087E02,ENTRY
2025-02-20 01:30:00+00:00,2025-02-20 02:00:00+00:00,"EURNZD,AUDJPY","AUDCAD,AUDNZD,USDJPY",EURNZD,EURNZD-02-N1R137E06,ENTRY
2025-02-20 05:30:00+00:00,2025-02-20 06:00:00+00:00,"NZDCAD,EURNZD,AUDJPY","AUDCAD,AUDNZD",NZDCAD,NZDCAD-02-N1R013E12,ENTRY
2025-02-20 09:30:00+00:00,2025-02-20 10:00:00+00:00,,"AUDCAD,NZDCAD",,,NO_TRIGGER
2025-02-20 11:30:00+00:00,2025-02-20 12:00:00+00:00,,NZDCAD,,,NO_TRIGGER
2025-02-20 13:30:00+00:00,2025-02-20 14:00:00+00:00,USDCAD,NZDCAD,USDCAD,USDCAD-02-N1R067E02,ENTRY
2025-02-20 15:30:00+00:00,2025-02-20 16:00:00+00:00,"NZDCAD,AUDJPY",NZDCAD,AUDJPY,AUDJPY-02-N1R087E02,ENTRY
2025-02-21 01:30:00+00:00,2025-02-21 02:00:00+00:00,"CHFJPY,EURNZD,AUDJPY",NZDCAD,CHFJPY,CHFJPY-02-R60E8,ENTRY
2025-02-21 05:30:00+00:00,2025-02-21 06:00:00+00:00,,"CHFJPY,NZDCAD",,,NO_TRIGGER
2025-02-21 09:30:00+00:00,2025-02-21 10:00:00+00:00,"USDCHF,NZDCAD,EURNZD,AUDJPY",CHFJPY,USDCHF,USDCHF-02-R27E8,ENTRY
2025-02-21 11:30:00+00:00,2025-02-21 12:00:00+00:00,AUDJPY,"CHFJPY,USDCHF",AUDJPY,AUDJPY-02-N1R087E02,ENTRY
2025-02-21 13:30:00+00:00,2025-02-21 14:00:00+00:00,AUDJPY,"AUDJPY,CHFJPY,USDCHF",,,TOP_FOUR_HELD
2025-02-21 15:30:00+00:00,2025-02-21 16:00:00+00:00,"GBPUSD,AUDJPY","CHFJPY,USDCHF",GBPUSD,GBPUSD-02-N1R070E09,ENTRY
2025-02-24 01:30:00+00:00,2025-02-24 02:00:00+00:00,EURNZD,,EURNZD,EURNZD-02-N1R137E06,ENTRY
2025-02-24 05:30:00+00:00,2025-02-24 06:00:00+00:00,,,,,NO_TRIGGER
2025-02-24 09:30:00+00:00,2025-02-24 10:00:00+00:00,,,,,NO_TRIGGER
2025-02-24 11:30:00+00:00,2025-02-24 12:00:00+00:00,"AUDJPY,USDCAD",,AUDJPY,AUDJPY-02-N1R087E02,ENTRY
2025-02-24 13:30:00+00:00,2025-02-24 14:00:00+00:00,USDJPY,AUDJPY,USDJPY,USDJPY-02-R15E5,ENTRY
2025-02-24 15:30:00+00:00,2025-02-24 16:00:00+00:00,AUDCHF,USDJPY,AUDCHF,AUDCHF-02-N1R138E09,ENTRY
2025-02-25 01:30:00+00:00,2025-02-25 02:00:00+00:00,"USDJPY,EURAUD,USDCHF,AUDJPY",USDJPY,EURAUD,EURAUD-02-N1R028E06,ENTRY
2025-02-25 05:30:00+00:00,2025-02-25 06:00:00+00:00,,"EURAUD,USDJPY",,,NO_TRIGGER
2025-02-25 09:30:00+00:00,2025-02-25 10:00:00+00:00,"EURAUD,USDCHF,AUDCHF,NZDUSD",USDJPY,EURAUD,EURAUD-02-N1R028E06,ENTRY
2025-02-25 11:30:00+00:00,2025-02-25 12:00:00+00:00,"USDJPY,EURGBP,EURAUD,USDCHF","EURAUD,USDJPY",EURGBP,EURGBP-02-N1R032E05,ENTRY
2025-02-25 13:30:00+00:00,2025-02-25 14:00:00+00:00,"EURAUD,AUDJPY","EURAUD,EURGBP,USDJPY",AUDJPY,AUDJPY-02-N1R087E02,ENTRY
2025-02-25 15:30:00+00:00,2025-02-25 16:00:00+00:00,"EURUSD,EURAUD",EURGBP,EURUSD,EURUSD-02-N1R032E11,ENTRY
2025-02-26 01:30:00+00:00,2025-02-26 02:00:00+00:00,,"EURGBP,EURUSD",,,NO_TRIGGER
2025-02-26 05:30:00+00:00,2025-02-26 06:00:00+00:00,"EURAUD,AUDJPY","EURGBP,EURUSD",EURAUD,EURAUD-02-N1R028E06,ENTRY
2025-02-26 09:30:00+00:00,2025-02-26 10:00:00+00:00,,"EURAUD,EURGBP,EURUSD",,,NO_TRIGGER
2025-02-26 11:30:00+00:00,2025-02-26 12:00:00+00:00,AUDJPY,"EURAUD,EURGBP,EURUSD",AUDJPY,AUDJPY-02-N1R087E02,ENTRY
2025-02-26 13:30:00+00:00,2025-02-26 14:00:00+00:00,"USDJPY,AUDJPY","AUDJPY,EURUSD",USDJPY,USDJPY-02-R15E5,ENTRY
2025-02-26 15:30:00+00:00,2025-02-26 16:00:00+00:00,"AUDCHF,AUDJPY","EURUSD,USDJPY",AUDCHF,AUDCHF-02-N1R138E09,ENTRY
2025-02-27 01:30:00+00:00,2025-02-27 02:00:00+00:00,"AUDJPY,USDCAD",USDJPY,AUDJPY,AUDJPY-02-N1R087E02,ENTRY
2025-02-27 05:30:00+00:00,2025-02-27 06:00:00+00:00,,USDJPY,,,NO_TRIGGER
2025-02-27 09:30:00+00:00,2025-02-27 10:00:00+00:00,CHFJPY,USDJPY,CHFJPY,CHFJPY-02-R60E8,ENTRY
2025-02-27 11:30:00+00:00,2025-02-27 12:00:00+00:00,GBPJPY,"CHFJPY,USDJPY",GBPJPY,GBPJPY-02-N1R037E11,ENTRY
2025-02-27 13:30:00+00:00,2025-02-27 14:00:00+00:00,"GBPJPY,USDCAD","CHFJPY,USDJPY",GBPJPY,GBPJPY-02-N1R037E11,ENTRY
2025-02-27 15:30:00+00:00,2025-02-27 16:00:00+00:00,"NZDUSD,AUDJPY,USDCAD",CHFJPY,NZDUSD,NZDUSD-02-N1R136E10,ENTRY
2025-02-28 01:30:00+00:00,2025-02-28 02:00:00+00:00,AUDJPY,CHFJPY,AUDJPY,AUDJPY-02-N1R087E02,ENTRY
2025-02-28 05:30:00+00:00,2025-02-28 06:00:00+00:00,"EURAUD,AUDJPY",AUDJPY,EURAUD,EURAUD-02-N1R028E06,ENTRY
2025-02-28 09:30:00+00:00,2025-02-28 10:00:00+00:00,EURAUD,EURAUD,,,TOP_FOUR_HELD
2025-02-28 11:30:00+00:00,2025-02-28 12:00:00+00:00,EURAUD,EURAUD,,,TOP_FOUR_HELD
2025-02-28 13:30:00+00:00,2025-02-28 14:00:00+00:00,,,,,NO_TRIGGER
2025-02-28 15:30:00+00:00,2025-02-28 16:00:00+00:00,"EURAUD,GBPJPY",,EURAUD,EURAUD-02-N1R028E06,ENTRY
2025-03-03 01:30:00+00:00,2025-03-03 02:00:00+00:00,,,,,NO_TRIGGER
2025-03-03 05:30:00+00:00,2025-03-03 06:00:00+00:00,"EURAUD,EURNZD",,EURAUD,EURAUD-03-R19E8,ENTRY
2025-03-03 09:30:00+00:00,2025-03-03 10:00:00+00:00,"EURCHF,GBPJPY",EURAUD,EURCHF,EURCHF-03-N1R045E06,ENTRY
2025-03-03 11:30:00+00:00,2025-03-03 12:00:00+00:00,"USDCAD,GBPJPY",EURAUD,USDCAD,USDCAD-03-R22E8,ENTRY
2025-03-03 13:30:00+00:00,2025-03-03 14:00:00+00:00,GBPUSD,"EURAUD,USDCAD",GBPUSD,GBPUSD-03-N1R061E03,ENTRY
2025-03-03 15:30:00+00:00,2025-03-03 16:00:00+00:00,"EURAUD,EURUSD,EURJPY,EURCHF","EURAUD,GBPUSD,USDCAD",EURUSD,EURUSD-03-N1R045E07,ENTRY
2025-03-04 01:30:00+00:00,2025-03-04 02:00:00+00:00,"EURCAD,EURUSD,AUDCHF,GBPUSD",,EURCAD,EURCAD-03-N1R034E04,ENTRY
2025-03-04 05:30:00+00:00,2025-03-04 06:00:00+00:00,"EURCAD,AUDCHF,GBPUSD,AUDNZD",EURCAD,AUDCHF,AUDCHF-03-N1R092E07,ENTRY
2025-03-04 09:30:00+00:00,2025-03-04 10:00:00+00:00,"EURCAD,AUDCHF,GBPUSD,AUDNZD",EURCAD,AUDCHF,AUDCHF-03-N1R092E07,ENTRY
2025-03-04 11:30:00+00:00,2025-03-04 12:00:00+00:00,"USDCAD,AUDCHF,GBPUSD,AUDNZD",AUDCHF,USDCAD,USDCAD-03-R22E8,ENTRY
2025-03-04 13:30:00+00:00,2025-03-04 14:00:00+00:00,"USDCAD,EURAUD,EURNZD,EURUSD","AUDCHF,USDCAD",EURAUD,EURAUD-03-R19E8,ENTRY
2025-03-04 15:30:00+00:00,2025-03-04 16:00:00+00:00,"EURCAD,EURUSD,AUDCHF,GBPUSD","EURAUD,USDCAD",EURCAD,EURCAD-03-N1R034E04,ENTRY
2025-03-05 01:30:00+00:00,2025-03-05 02:00:00+00:00,"NZDUSD,EURCAD,EURUSD,EURJPY",EURAUD,NZDUSD,NZDUSD-03-N1R038E03,ENTRY
2025-03-05 05:30:00+00:00,2025-03-05 06:00:00+00:00,"EURAUD,NZDUSD,EURNZD,EURCAD","EURAUD,NZDUSD",EURNZD,EURNZD-03-R19E8,ENTRY
2025-03-05 09:30:00+00:00,2025-03-05 10:00:00+00:00,"NZDUSD,EURNZD,EURCAD,EURUSD",EURNZD,NZDUSD,NZDUSD-03-N1R038E03,ENTRY
2025-03-05 11:30:00+00:00,2025-03-05 12:00:00+00:00,"NZDUSD,EURCAD,EURUSD,EURJPY","EURNZD,NZDUSD",EURCAD,EURCAD-03-N1R034E04,ENTRY
2025-03-05 13:30:00+00:00,2025-03-05 14:00:00+00:00,"NZDUSD,EURCAD,EURUSD,AUDCAD","EURCAD,EURNZD,NZDUSD",EURUSD,EURUSD-03-N1R045E07,ENTRY
2025-03-05 15:30:00+00:00,2025-03-05 16:00:00+00:00,"NZDUSD,EURCAD,EURUSD,EURJPY",EURNZD,NZDUSD,NZDUSD-03-N1R038E03,ENTRY
2025-03-06 01:30:00+00:00,2025-03-06 02:00:00+00:00,"NZDUSD,EURCAD,EURUSD,EURJPY",EURNZD,NZDUSD,NZDUSD-03-N1R038E03,ENTRY
2025-03-06 05:30:00+00:00,2025-03-06 06:00:00+00:00,"NZDUSD,EURNZD,EURCAD,EURUSD","EURNZD,NZDUSD",EURCAD,EURCAD-03-N1R034E04,ENTRY
2025-03-06 09:30:00+00:00,2025-03-06 10:00:00+00:00,"EURAUD,NZDUSD,EURCAD,GBPUSD","EURCAD,NZDUSD",EURAUD,EURAUD-03-R19E8,ENTRY
2025-03-06 11:30:00+00:00,2025-03-06 12:00:00+00:00,"EURAUD,NZDUSD,EURNZD,EURCAD","EURAUD,EURCAD,NZDUSD",EURNZD,EURNZD-03-R19E8,ENTRY
2025-03-06 13:30:00+00:00,2025-03-06 14:00:00+00:00,"NZDUSD,EURNZD,EURCAD,AUDCAD","EURAUD,EURCAD,EURNZD,NZDUSD",AUDCAD,AUDCAD-03-N1R002E02,ENTRY
2025-03-06 15:30:00+00:00,2025-03-06 16:00:00+00:00,"EURAUD,EURNZD,EURCAD,GBPUSD","EURAUD,EURNZD,NZDUSD",EURCAD,EURCAD-03-N1R034E04,ENTRY
2025-03-07 01:30:00+00:00,2025-03-07 02:00:00+00:00,AUDNZD,"EURAUD,EURCAD,EURNZD,NZDUSD",AUDNZD,AUDNZD-03-N1R104E02,ENTRY
2025-03-07 05:30:00+00:00,2025-03-07 06:00:00+00:00,"EURAUD,AUDCHF","EURAUD,EURCAD,EURNZD",AUDCHF,AUDCHF-03-N1R092E07,ENTRY
2025-03-07 09:30:00+00:00,2025-03-07 10:00:00+00:00,"EURUSD,AUDJPY,AUDCHF,USDJPY",AUDCHF,EURUSD,EURUSD-03-N1R045E07,ENTRY
2025-03-07 11:30:00+00:00,2025-03-07 12:00:00+00:00,"EURUSD,AUDJPY,AUDCHF,USDJPY","AUDCHF,EURUSD",AUDJPY,AUDJPY-03-N1R122E12,ENTRY
2025-03-07 13:30:00+00:00,2025-03-07 14:00:00+00:00,"EURNZD,EURUSD,EURJPY,AUDJPY",AUDJPY,EURNZD,EURNZD-03-R19E8,ENTRY
2025-03-07 15:30:00+00:00,2025-03-07 16:00:00+00:00,"EURUSD,EURJPY,AUDCHF","AUDJPY,EURNZD",EURUSD,EURUSD-03-N1R045E07,ENTRY
2025-03-10 01:30:00+00:00,2025-03-10 02:00:00+00:00,"EURCAD,AUDCHF,GBPUSD",,EURCAD,EURCAD-03-N1R034E04,ENTRY
2025-03-10 05:30:00+00:00,2025-03-10 06:00:00+00:00,GBPUSD,EURCAD,GBPUSD,GBPUSD-03-N1R061E03,ENTRY
2025-03-10 09:30:00+00:00,2025-03-10 10:00:00+00:00,AUDCAD,,AUDCAD,AUDCAD-03-N1R002E02,ENTRY
2025-03-10 11:30:00+00:00,2025-03-10 12:00:00+00:00,"AUDCAD,NZDCAD",,AUDCAD,AUDCAD-03-N1R002E02,ENTRY
2025-03-10 13:30:00+00:00,2025-03-10 14:00:00+00:00,"AUDCAD,NZDCAD,USDJPY",,AUDCAD,AUDCAD-03-N1R002E02,ENTRY
2025-03-10 15:30:00+00:00,2025-03-10 16:00:00+00:00,"AUDJPY,USDJPY",,AUDJPY,AUDJPY-03-N1R122E12,ENTRY
2025-03-11 01:30:00+00:00,2025-03-11 02:00:00+00:00,,,,,NO_TRIGGER
2025-03-11 05:30:00+00:00,2025-03-11 06:00:00+00:00,"EURCAD,AUDJPY,NZDCAD",,EURCAD,EURCAD-03-N1R034E04,ENTRY
2025-03-11 09:30:00+00:00,2025-03-11 10:00:00+00:00,"USDCAD,EURCAD,EURUSD,EURJPY",,USDCAD,USDCAD-03-R22E8,ENTRY
2025-03-11 11:30:00+00:00,2025-03-11 12:00:00+00:00,"EURAUD,EURNZD,EURUSD,EURJPY",USDCAD,EURAUD,EURAUD-03-R19E8,ENTRY
2025-03-11 13:30:00+00:00,2025-03-11 14:00:00+00:00,"EURCAD,EURUSD,EURJPY,AUDJPY","EURAUD,USDCAD",EURCAD,EURCAD-03-N1R034E04,ENTRY
2025-03-11 15:30:00+00:00,2025-03-11 16:00:00+00:00,"EURCAD,EURUSD,EURJPY,AUDJPY",EURAUD,EURCAD,EURCAD-03-N1R034E04,ENTRY
2025-03-12 01:30:00+00:00,2025-03-12 02:00:00+00:00,"EURNZD,EURCHF,GBPUSD",EURAUD,EURNZD,EURNZD-03-R19E8,ENTRY
2025-03-12 05:30:00+00:00,2025-03-12 06:00:00+00:00,"GBPUSD,GBPJPY","EURAUD,EURNZD",GBPUSD,GBPUSD-03-N1R061E03,ENTRY
2025-03-12 09:30:00+00:00,2025-03-12 10:00:00+00:00,"EURAUD,GBPUSD,GBPJPY","EURAUD,EURNZD",GBPUSD,GBPUSD-03-N1R061E03,ENTRY
2025-03-12 11:30:00+00:00,2025-03-12 12:00:00+00:00,"EURJPY,GBPUSD,GBPJPY","EURAUD,EURNZD,GBPUSD",EURJPY,EURJPY-03-N1R045E05,ENTRY
2025-03-12 13:30:00+00:00,2025-03-12 14:00:00+00:00,"EURJPY,GBPJPY",EURJPY,GBPJPY,GBPJPY-03-N1R052E03,ENTRY
2025-03-12 15:30:00+00:00,2025-03-12 16:00:00+00:00,"EURJPY,GBPJPY","EURJPY,GBPJPY",,,TOP_FOUR_HELD
2025-03-13 01:30:00+00:00,2025-03-13 02:00:00+00:00,"NZDUSD,GBPUSD,GBPJPY",GBPJPY,NZDUSD,NZDUSD-03-N1R038E03,ENTRY
2025-03-13 05:30:00+00:00,2025-03-13 06:00:00+00:00,"NZDUSD,GBPUSD,GBPJPY",NZDUSD,GBPUSD,GBPUSD-03-N1R061E03,ENTRY
2025-03-13 09:30:00+00:00,2025-03-13 10:00:00+00:00,GBPUSD,,GBPUSD,GBPUSD-03-N1R061E03,ENTRY
2025-03-13 11:30:00+00:00,2025-03-13 12:00:00+00:00,"GBPUSD,EURGBP",GBPUSD,EURGBP,EURGBP-03-N1R102E09,ENTRY
2025-03-13 13:30:00+00:00,2025-03-13 14:00:00+00:00,,,,,NO_TRIGGER
2025-03-13 15:30:00+00:00,2025-03-13 16:00:00+00:00,,,,,NO_TRIGGER
2025-03-14 01:30:00+00:00,2025-03-14 02:00:00+00:00,AUDJPY,,AUDJPY,AUDJPY-03-N1R122E12,ENTRY
2025-03-14 05:30:00+00:00,2025-03-14 06:00:00+00:00,,AUDJPY,,,NO_TRIGGER
2025-03-14 09:30:00+00:00,2025-03-14 10:00:00+00:00,"AUDCAD,GBPJPY",,AUDCAD,AUDCAD-03-N1R002E02,ENTRY
2025-03-14 11:30:00+00:00,2025-03-14 12:00:00+00:00,"EURJPY,GBPJPY",AUDCAD,EURJPY,EURJPY-03-N1R045E05,ENTRY
2025-03-14 13:30:00+00:00,2025-03-14 14:00:00+00:00,"NZDUSD,EURJPY,AUDCAD,EURCHF",EURJPY,NZDUSD,NZDUSD-03-N1R038E03,ENTRY
2025-03-14 15:30:00+00:00,2025-03-14 16:00:00+00:00,"NZDUSD,EURJPY,EURCHF,AUDUSD",NZDUSD,EURJPY,EURJPY-03-N1R045E05,ENTRY
2025-03-17 01:30:00+00:00,2025-03-17 02:00:00+00:00,"NZDUSD,AUDNZD",,NZDUSD,NZDUSD-03-N1R038E03,ENTRY
2025-03-17 05:30:00+00:00,2025-03-17 06:00:00+00:00,"NZDUSD,AUDNZD,GBPJPY",NZDUSD,AUDNZD,AUDNZD-03-N1R104E02,ENTRY
2025-03-17 09:30:00+00:00,2025-03-17 10:00:00+00:00,"NZDUSD,EURJPY,NZDCAD,AUDNZD",,NZDUSD,NZDUSD-03-N1R038E03,ENTRY
2025-03-17 11:30:00+00:00,2025-03-17 12:00:00+00:00,"NZDUSD,EURJPY,AUDUSD,NZDCAD",NZDUSD,EURJPY,EURJPY-03-N1R045E05,ENTRY
2025-03-17 13:30:00+00:00,2025-03-17 14:00:00+00:00,"NZDUSD,AUDUSD,AUDNZD,GBPJPY",EURJPY,NZDUSD,NZDUSD-03-N1R038E03,ENTRY
2025-03-17 15:30:00+00:00,2025-03-17 16:00:00+00:00,"NZDUSD,AUDUSD,GBPUSD,AUDNZD","EURJPY,NZDUSD",AUDUSD,AUDUSD-03-N1R032E07,ENTRY
2025-03-18 01:30:00+00:00,2025-03-18 02:00:00+00:00,"NZDUSD,EURUSD,EURJPY,NZDCAD",,NZDUSD,NZDUSD-03-N1R038E03,ENTRY
2025-03-18 05:30:00+00:00,2025-03-18 06:00:00+00:00,"NZDUSD,EURJPY,GBPUSD,AUDNZD",,NZDUSD,NZDUSD-03-N1R038E03,ENTRY
2025-03-18 09:30:00+00:00,2025-03-18 10:00:00+00:00,"EURJPY,GBPUSD,AUDNZD,GBPJPY",,EURJPY,EURJPY-03-N1R045E05,ENTRY
2025-03-18 11:30:00+00:00,2025-03-18 12:00:00+00:00,"EURJPY,GBPUSD,AUDNZD,GBPJPY",,EURJPY,EURJPY-03-N1R045E05,ENTRY
2025-03-18 13:30:00+00:00,2025-03-18 14:00:00+00:00,"EURJPY,GBPUSD,AUDNZD,GBPJPY",EURJPY,GBPUSD,GBPUSD-03-N1R061E03,ENTRY
2025-03-18 15:30:00+00:00,2025-03-18 16:00:00+00:00,"EURJPY,AUDNZD,GBPJPY",GBPUSD,EURJPY,EURJPY-03-N1R045E05,ENTRY
2025-03-19 01:30:00+00:00,2025-03-19 02:00:00+00:00,"EURUSD,AUDNZD,GBPJPY",EURJPY,EURUSD,EURUSD-03-N1R045E07,ENTRY
2025-03-19 05:30:00+00:00,2025-03-19 06:00:00+00:00,GBPUSD,"EURJPY,EURUSD",GBPUSD,GBPUSD-03-N1R061E03,ENTRY
2025-03-19 09:30:00+00:00,2025-03-19 10:00:00+00:00,"AUDCHF,GBPUSD",,AUDCHF,AUDCHF-03-N1R092E07,ENTRY
2025-03-19 11:30:00+00:00,2025-03-19 12:00:00+00:00,AUDCHF,AUDCHF,,,TOP_FOUR_HELD
2025-03-19 13:30:00+00:00,2025-03-19 14:00:00+00:00,,,,,NO_TRIGGER
2025-03-19 15:30:00+00:00,2025-03-19 16:00:00+00:00,,,,,NO_TRIGGER
2025-03-20 01:30:00+00:00,2025-03-20 02:00:00+00:00,,,,,NO_TRIGGER
2025-03-20 05:30:00+00:00,2025-03-20 06:00:00+00:00,,,,,NO_TRIGGER
2025-03-20 09:30:00+00:00,2025-03-20 10:00:00+00:00,"GBPUSD,USDJPY,CHFJPY",,GBPUSD,GBPUSD-03-N1R061E03,ENTRY
2025-03-20 11:30:00+00:00,2025-03-20 12:00:00+00:00,"CHFJPY,EURGBP",,CHFJPY,CHFJPY-03-N1R071E12,ENTRY
2025-03-20 13:30:00+00:00,2025-03-20 14:00:00+00:00,"CHFJPY,EURGBP",CHFJPY,EURGBP,EURGBP-03-N1R102E09,ENTRY
2025-03-20 15:30:00+00:00,2025-03-20 16:00:00+00:00,,"CHFJPY,EURGBP",,,NO_TRIGGER
2025-03-21 01:30:00+00:00,2025-03-21 02:00:00+00:00,"EURAUD,AUDJPY",,EURAUD,EURAUD-03-R19E8,ENTRY
2025-03-21 05:30:00+00:00,2025-03-21 06:00:00+00:00,"EURAUD,EURNZD,AUDJPY",EURAUD,EURNZD,EURNZD-03-R19E8,ENTRY
2025-03-21 09:30:00+00:00,2025-03-21 10:00:00+00:00,"EURAUD,CHFJPY,AUDNZD","EURAUD,EURNZD",CHFJPY,CHFJPY-03-N1R071E12,ENTRY
2025-03-21 11:30:00+00:00,2025-03-21 12:00:00+00:00,AUDNZD,"CHFJPY,EURAUD,EURNZD",AUDNZD,AUDNZD-03-N1R104E02,ENTRY
2025-03-21 13:30:00+00:00,2025-03-21 14:00:00+00:00,"CHFJPY,AUDNZD","AUDNZD,CHFJPY,EURAUD,EURNZD",,,TOP_FOUR_HELD
2025-03-21 15:30:00+00:00,2025-03-21 16:00:00+00:00,"AUDCHF,CHFJPY,AUDNZD,USDCHF","CHFJPY,EURAUD,EURNZD",AUDCHF,AUDCHF-03-N1R092E07,ENTRY
2025-03-24 01:30:00+00:00,2025-03-24 02:00:00+00:00,,,,,NO_TRIGGER
2025-03-24 05:30:00+00:00,2025-03-24 06:00:00+00:00,,,,,NO_TRIGGER
2025-03-24 09:30:00+00:00,2025-03-24 10:00:00+00:00,GBPJPY,,GBPJPY,GBPJPY-03-N1R052E03,ENTRY
2025-03-24 11:30:00+00:00,2025-03-24 12:00:00+00:00,"EURJPY,EURGBP,GBPJPY",GBPJPY,EURJPY,EURJPY-03-N1R045E05,ENTRY
2025-03-24 13:30:00+00:00,2025-03-24 14:00:00+00:00,"EURGBP,GBPJPY","EURJPY,GBPJPY",EURGBP,EURGBP-03-N1R102E09,ENTRY
2025-03-24 15:30:00+00:00,2025-03-24 16:00:00+00:00,"GBPJPY,USDCHF","EURGBP,EURJPY",GBPJPY,GBPJPY-03-N1R052E03,ENTRY
2025-03-25 01:30:00+00:00,2025-03-25 02:00:00+00:00,"EURJPY,GBPJPY",EURJPY,GBPJPY,GBPJPY-03-N1R052E03,ENTRY
2025-03-25 05:30:00+00:00,2025-03-25 06:00:00+00:00,"EURJPY,GBPJPY","EURJPY,GBPJPY",,,TOP_FOUR_HELD
2025-03-25 09:30:00+00:00,2025-03-25 10:00:00+00:00,"GBPJPY,USDCHF",EURJPY,GBPJPY,GBPJPY-03-N1R052E03,ENTRY
2025-03-25 11:30:00+00:00,2025-03-25 12:00:00+00:00,GBPJPY,"EURJPY,GBPJPY",,,TOP_FOUR_HELD
2025-03-25 13:30:00+00:00,2025-03-25 14:00:00+00:00,"AUDUSD,GBPJPY",,AUDUSD,AUDUSD-03-N1R032E07,ENTRY
2025-03-25 15:30:00+00:00,2025-03-25 16:00:00+00:00,GBPJPY,,GBPJPY,GBPJPY-03-N1R052E03,ENTRY
2025-03-26 01:30:00+00:00,2025-03-26 02:00:00+00:00,,GBPJPY,,,NO_TRIGGER
2025-03-26 05:30:00+00:00,2025-03-26 06:00:00+00:00,USDCHF,,USDCHF,USDCHF-03-N1R016E11,ENTRY
2025-03-26 09:30:00+00:00,2025-03-26 10:00:00+00:00,"NZDUSD,AUDUSD",USDCHF,NZDUSD,NZDUSD-03-N1R038E03,ENTRY
2025-03-26 11:30:00+00:00,2025-03-26 12:00:00+00:00,,"NZDUSD,USDCHF",,,NO_TRIGGER
2025-03-26 13:30:00+00:00,2025-03-26 14:00:00+00:00,,USDCHF,,,NO_TRIGGER
2025-03-26 15:30:00+00:00,2025-03-26 16:00:00+00:00,,USDCHF,,,NO_TRIGGER
2025-03-27 01:30:00+00:00,2025-03-27 02:00:00+00:00,,USDCHF,,,NO_TRIGGER
2025-03-27 05:30:00+00:00,2025-03-27 06:00:00+00:00,,USDCHF,,,NO_TRIGGER
2025-03-27 09:30:00+00:00,2025-03-27 10:00:00+00:00,EURGBP,,EURGBP,EURGBP-03-N1R102E09,ENTRY
2025-03-27 11:30:00+00:00,2025-03-27 12:00:00+00:00,EURJPY,EURGBP,EURJPY,EURJPY-03-N1R045E05,ENTRY
2025-03-27 13:30:00+00:00,2025-03-27 14:00:00+00:00,EURJPY,"EURGBP,EURJPY",,,TOP_FOUR_HELD
2025-03-27 15:30:00+00:00,2025-03-27 16:00:00+00:00,EURJPY,"EURGBP,EURJPY",,,TOP_FOUR_HELD
2025-03-28 01:30:00+00:00,2025-03-28 02:00:00+00:00,"EURCAD,GBPUSD",EURJPY,EURCAD,EURCAD-03-N1R034E04,ENTRY
2025-03-28 05:30:00+00:00,2025-03-28 06:00:00+00:00,"EURAUD,EURNZD,EURCAD,AUDCHF","EURCAD,EURJPY",EURAUD,EURAUD-03-R19E8,ENTRY
2025-03-28 09:30:00+00:00,2025-03-28 10:00:00+00:00,"GBPUSD,EURGBP,GBPJPY","EURAUD,EURCAD",GBPUSD,GBPUSD-03-N1R061E03,ENTRY
2025-03-28 11:30:00+00:00,2025-03-28 12:00:00+00:00,"GBPUSD,EURGBP,GBPJPY","EURAUD,EURCAD",GBPUSD,GBPUSD-03-N1R061E03,ENTRY
2025-03-28 13:30:00+00:00,2025-03-28 14:00:00+00:00,"EURAUD,EURNZD,GBPJPY",EURAUD,EURNZD,EURNZD-03-R19E8,ENTRY
2025-03-28 15:30:00+00:00,2025-03-28 16:00:00+00:00,EURCAD,"EURAUD,EURNZD",EURCAD,EURCAD-03-N1R034E04,ENTRY
2025-03-31 01:30:00+00:00,2025-03-31 02:00:00+00:00,"EURUSD,AUDCHF,EURCHF,CHFJPY",,EURUSD,EURUSD-03-N1R045E07,ENTRY
2025-03-31 05:30:00+00:00,2025-03-31 06:00:00+00:00,CHFJPY,EURUSD,CHFJPY,CHFJPY-03-N1R071E12,ENTRY
2025-03-31 09:30:00+00:00,2025-03-31 10:00:00+00:00,"EURCAD,CHFJPY",CHFJPY,EURCAD,EURCAD-03-N1R034E04,ENTRY
2025-03-31 11:30:00+00:00,2025-03-31 12:00:00+00:00,"EURCAD,AUDCHF","CHFJPY,EURCAD",AUDCHF,AUDCHF-03-N1R092E07,ENTRY
2025-03-31 13:30:00+00:00,2025-03-31 14:00:00+00:00,"EURCAD,AUDCHF","AUDCHF,CHFJPY,EURCAD",,,TOP_FOUR_HELD
2025-03-31 15:30:00+00:00,2025-03-31 16:00:00+00:00,"EURCAD,AUDCHF,CHFJPY","CHFJPY,EURCAD",AUDCHF,AUDCHF-03-N1R092E07,ENTRY
2025-04-01 01:30:00+00:00,2025-04-01 02:00:00+00:00,EURUSD,CHFJPY,EURUSD,EURUSD-04-N1R021E08,ENTRY
2025-04-01 05:30:00+00:00,2025-04-01 06:00:00+00:00,"NZDCAD,EURCHF,EURUSD","CHFJPY,EURUSD",NZDCAD,NZDCAD-04-R57E4,ENTRY
2025-04-01 09:30:00+00:00,2025-04-01 10:00:00+00:00,EURCHF,"EURUSD,NZDCAD",EURCHF,EURCHF-04-N1R052E11,ENTRY
2025-04-01 11:30:00+00:00,2025-04-01 12:00:00+00:00,EURCHF,"EURCHF,NZDCAD",,,TOP_FOUR_HELD
2025-04-01 13:30:00+00:00,2025-04-01 14:00:00+00:00,,NZDCAD,,,NO_TRIGGER
2025-04-01 15:30:00+00:00,2025-04-01 16:00:00+00:00,,,,,NO_TRIGGER
2025-04-02 01:30:00+00:00,2025-04-02 02:00:00+00:00,,,,,NO_TRIGGER
2025-04-02 05:30:00+00:00,2025-04-02 06:00:00+00:00,"AUDUSD,AUDJPY,EURAUD,AUDNZD",,AUDUSD,AUDUSD-04-N1R033E11,ENTRY
2025-04-02 09:30:00+00:00,2025-04-02 10:00:00+00:00,"AUDUSD,AUDJPY,EURAUD,EURGBP",AUDUSD,AUDJPY,AUDJPY-04-N1R001E06,ENTRY
2025-04-02 11:30:00+00:00,2025-04-02 12:00:00+00:00,"AUDUSD,EURAUD,EURGBP,AUDCAD",AUDUSD,EURAUD,EURAUD-04-N1R114E10,ENTRY
2025-04-02 13:30:00+00:00,2025-04-02 14:00:00+00:00,"EURCAD,USDCAD,AUDUSD,EURAUD",AUDUSD,EURCAD,EURCAD-04-R47E8,ENTRY
2025-04-02 15:30:00+00:00,2025-04-02 16:00:00+00:00,"GBPUSD,AUDUSD,EURCHF,AUDJPY","AUDUSD,EURCAD",GBPUSD,GBPUSD-04-R52E5,ENTRY
2025-04-03 01:30:00+00:00,2025-04-03 02:00:00+00:00,"USDCHF,NZDUSD,EURUSD",,USDCHF,USDCHF-04-N1R079E03,ENTRY
2025-04-03 05:30:00+00:00,2025-04-03 06:00:00+00:00,"EURNZD,EURUSD",USDCHF,EURNZD,EURNZD-04-N1R045E02,ENTRY
2025-04-03 09:30:00+00:00,2025-04-03 10:00:00+00:00,"USDCHF,EURNZD,AUDUSD,EURUSD",EURNZD,USDCHF,USDCHF-04-N1R079E03,ENTRY
2025-04-03 11:30:00+00:00,2025-04-03 12:00:00+00:00,"USDCHF,AUDUSD,EURUSD",,USDCHF,USDCHF-04-N1R079E03,ENTRY
2025-04-03 13:30:00+00:00,2025-04-03 14:00:00+00:00,"USDCHF,AUDUSD,EURUSD",USDCHF,AUDUSD,AUDUSD-04-N1R033E11,ENTRY
2025-04-03 15:30:00+00:00,2025-04-03 16:00:00+00:00,"USDCHF,AUDUSD,EURUSD",AUDUSD,USDCHF,USDCHF-04-N1R079E03,ENTRY
2025-04-04 01:30:00+00:00,2025-04-04 02:00:00+00:00,"EURNZD,NZDUSD,EURUSD",USDCHF,EURNZD,EURNZD-04-N1R045E02,ENTRY
2025-04-04 05:30:00+00:00,2025-04-04 06:00:00+00:00,"USDCHF,EURNZD,NZDUSD,EURUSD",,USDCHF,USDCHF-04-N1R079E03,ENTRY
2025-04-04 09:30:00+00:00,2025-04-04 10:00:00+00:00,EURNZD,,EURNZD,EURNZD-04-N1R045E02,ENTRY
2025-04-04 11:30:00+00:00,2025-04-04 12:00:00+00:00,"USDCHF,EURNZD",,USDCHF,USDCHF-04-N1R079E03,ENTRY
2025-04-04 13:30:00+00:00,2025-04-04 14:00:00+00:00,EURNZD,USDCHF,EURNZD,EURNZD-04-N1R045E02,ENTRY
2025-04-04 15:30:00+00:00,2025-04-04 16:00:00+00:00,"EURNZD,EURUSD",EURNZD,EURUSD,EURUSD-04-N1R021E08,ENTRY
2025-04-07 01:30:00+00:00,2025-04-07 02:00:00+00:00,"USDCHF,EURNZD",,USDCHF,USDCHF-04-N1R079E03,ENTRY
2025-04-07 05:30:00+00:00,2025-04-07 06:00:00+00:00,USDCHF,USDCHF,,,TOP_FOUR_HELD
2025-04-07 09:30:00+00:00,2025-04-07 10:00:00+00:00,,,,,NO_TRIGGER
2025-04-07 11:30:00+00:00,2025-04-07 12:00:00+00:00,,,,,NO_TRIGGER
2025-04-07 13:30:00+00:00,2025-04-07 14:00:00+00:00,NZDCAD,,NZDCAD,NZDCAD-04-R57E4,ENTRY
2025-04-07 15:30:00+00:00,2025-04-07 16:00:00+00:00,,NZDCAD,,,NO_TRIGGER
2025-04-08 01:30:00+00:00,2025-04-08 02:00:00+00:00,USDJPY,,USDJPY,USDJPY-04-N1R033E05,ENTRY
2025-04-08 05:30:00+00:00,2025-04-08 06:00:00+00:00,"NZDCAD,EURJPY",USDJPY,NZDCAD,NZDCAD-04-R57E4,ENTRY
2025-04-08 09:30:00+00:00,2025-04-08 10:00:00+00:00,CHFJPY,"NZDCAD,USDJPY",CHFJPY,CHFJPY-04-R22E3,ENTRY
2025-04-08 11:30:00+00:00,2025-04-08 12:00:00+00:00,"USDCHF,AUDCHF","CHFJPY,NZDCAD,USDJPY",USDCHF,USDCHF-04-N1R079E03,ENTRY
2025-04-08 13:30:00+00:00,2025-04-08 14:00:00+00:00,USDCHF,"CHFJPY,NZDCAD,USDCHF,USDJPY",,,TOP_FOUR_HELD
2025-04-08 15:30:00+00:00,2025-04-08 16:00:00+00:00,,"CHFJPY,NZDCAD",,,NO_TRIGGER
2025-04-09 01:30:00+00:00,2025-04-09 02:00:00+00:00,"USDCHF,EURNZD,AUDCHF",,USDCHF,USDCHF-04-N1R079E03,ENTRY
2025-04-09 05:30:00+00:00,2025-04-09 06:00:00+00:00,"USDCHF,EURNZD,AUDCHF,EURUSD",,USDCHF,USDCHF-04-N1R079E03,ENTRY
2025-04-09 09:30:00+00:00,2025-04-09 10:00:00+00:00,EURUSD,,EURUSD,EURUSD-04-N1R021E08,ENTRY
2025-04-09 11:30:00+00:00,2025-04-09 12:00:00+00:00,"USDCHF,AUDCHF",EURUSD,USDCHF,USDCHF-04-N1R079E03,ENTRY
2025-04-09 13:30:00+00:00,2025-04-09 14:00:00+00:00,"USDCHF,AUDCHF","EURUSD,USDCHF",AUDCHF,AUDCHF-04-N1R078E06,ENTRY
2025-04-09 15:30:00+00:00,2025-04-09 16:00:00+00:00,EURUSD,"EURUSD,USDCHF",,,TOP_FOUR_HELD
2025-04-10 01:30:00+00:00,2025-04-10 02:00:00+00:00,"USDCHF,AUDUSD",,USDCHF,USDCHF-04-N1R079E03,ENTRY
2025-04-10 05:30:00+00:00,2025-04-10 06:00:00+00:00,"AUDUSD,AUDJPY,EURUSD,AUDCAD",USDCHF,AUDUSD,AUDUSD-04-N1R033E11,ENTRY
2025-04-10 09:30:00+00:00,2025-04-10 10:00:00+00:00,"USDCAD,USDCHF,AUDUSD,EURUSD",USDCHF,USDCAD,USDCAD-04-R27E8,ENTRY
2025-04-10 11:30:00+00:00,2025-04-10 12:00:00+00:00,"USDCHF,AUDUSD,EURUSD,GBPJPY",USDCAD,USDCHF,USDCHF-04-N1R079E03,ENTRY
2025-04-10 13:30:00+00:00,2025-04-10 14:00:00+00:00,"GBPUSD,USDCHF,AUDUSD,AUDJPY","USDCAD,USDCHF",GBPUSD,GBPUSD-04-R52E5,ENTRY
2025-04-10 15:30:00+00:00,2025-04-10 16:00:00+00:00,"GBPUSD,USDCHF,AUDUSD,EURJPY","GBPUSD,USDCAD",USDCHF,USDCHF-04-N1R079E03,ENTRY
2025-04-11 01:30:00+00:00,2025-04-11 02:00:00+00:00,"USDCHF,AUDUSD,EURJPY,EURUSD",,USDCHF,USDCHF-04-N1R079E03,ENTRY
2025-04-11 05:30:00+00:00,2025-04-11 06:00:00+00:00,"USDCHF,AUDUSD,AUDCHF,EURUSD",USDCHF,AUDUSD,AUDUSD-04-N1R033E11,ENTRY
2025-04-11 09:30:00+00:00,2025-04-11 10:00:00+00:00,"USDCHF,AUDCHF,EURJPY,EURUSD",AUDUSD,USDCHF,USDCHF-04-N1R079E03,ENTRY
2025-04-11 11:30:00+00:00,2025-04-11 12:00:00+00:00,"CHFJPY,EURUSD","AUDUSD,USDCHF",CHFJPY,CHFJPY-04-R22E3,ENTRY
2025-04-11 13:30:00+00:00,2025-04-11 14:00:00+00:00,"USDCHF,AUDCHF,EURUSD,AUDCAD",CHFJPY,USDCHF,USDCHF-04-N1R079E03,ENTRY
2025-04-11 15:30:00+00:00,2025-04-11 16:00:00+00:00,"USDCAD,AUDUSD,EURJPY,AUDCAD",USDCHF,USDCAD,USDCAD-04-R27E8,ENTRY
2025-04-14 01:30:00+00:00,2025-04-14 02:00:00+00:00,"AUDUSD,EURUSD,AUDCAD",,AUDUSD,AUDUSD-04-N1R033E11,ENTRY
2025-04-14 05:30:00+00:00,2025-04-14 06:00:00+00:00,"AUDUSD,EURJPY,AUDJPY,EURUSD",AUDUSD,EURJPY,EURJPY-04-N1R005E05,ENTRY
2025-04-14 09:30:00+00:00,2025-04-14 10:00:00+00:00,"AUDUSD,EURJPY,AUDJPY,EURUSD",EURJPY,AUDUSD,AUDUSD-04-N1R033E11,ENTRY
2025-04-14 11:30:00+00:00,2025-04-14 12:00:00+00:00,"AUDUSD,AUDCAD,GBPJPY","AUDUSD,EURJPY",AUDCAD,AUDCAD-04-N1R017E08,ENTRY
2025-04-14 13:30:00+00:00,2025-04-14 14:00:00+00:00,"AUDUSD,EURCHF,GBPJPY","AUDCAD,EURJPY",AUDUSD,AUDUSD-04-N1R033E11,ENTRY
2025-04-14 15:30:00+00:00,2025-04-14 16:00:00+00:00,"AUDUSD,AUDJPY,EURAUD,GBPJPY","AUDCAD,AUDUSD,EURJPY",AUDJPY,AUDJPY-04-N1R001E06,ENTRY
2025-04-15 01:30:00+00:00,2025-04-15 02:00:00+00:00,"AUDUSD,AUDJPY,EURAUD,EURGBP",EURJPY,AUDUSD,AUDUSD-04-N1R033E11,ENTRY
2025-04-15 05:30:00+00:00,2025-04-15 06:00:00+00:00,"AUDUSD,AUDJPY,EURAUD,EURGBP",EURJPY,AUDUSD,AUDUSD-04-N1R033E11,ENTRY
2025-04-15 09:30:00+00:00,2025-04-15 10:00:00+00:00,"USDCHF,AUDUSD,EURAUD,EURGBP",AUDUSD,USDCHF,USDCHF-04-N1R079E03,ENTRY
2025-04-15 11:30:00+00:00,2025-04-15 12:00:00+00:00,"AUDUSD,EURAUD,EURGBP,GBPJPY","AUDUSD,USDCHF",EURAUD,EURAUD-04-N1R114E10,ENTRY
2025-04-15 13:30:00+00:00,2025-04-15 14:00:00+00:00,"AUDUSD,AUDJPY,EURAUD,EURGBP","AUDUSD,USDCHF",AUDJPY,AUDJPY-04-N1R001E06,ENTRY
2025-04-15 15:30:00+00:00,2025-04-15 16:00:00+00:00,"AUDUSD,AUDJPY,EURAUD,EURGBP",AUDUSD,AUDJPY,AUDJPY-04-N1R001E06,ENTRY
2025-04-16 01:30:00+00:00,2025-04-16 02:00:00+00:00,"USDCHF,NZDUSD,EURGBP,GBPJPY",,USDCHF,USDCHF-04-N1R079E03,ENTRY
2025-04-16 05:30:00+00:00,2025-04-16 06:00:00+00:00,"USDCHF,NZDUSD,EURUSD,EURGBP",USDCHF,NZDUSD,NZDUSD-04-N1R067E05,ENTRY
2025-04-16 09:30:00+00:00,2025-04-16 10:00:00+00:00,"AUDUSD,AUDJPY,EURUSD,EURGBP",NZDUSD,AUDUSD,AUDUSD-04-N1R033E11,ENTRY
2025-04-16 11:30:00+00:00,2025-04-16 12:00:00+00:00,"AUDUSD,AUDJPY,EURUSD,EURGBP","AUDUSD,NZDUSD",AUDJPY,AUDJPY-04-N1R001E06,ENTRY
2025-04-16 13:30:00+00:00,2025-04-16 14:00:00+00:00,"USDCHF,AUDUSD,AUDCAD","AUDJPY,AUDUSD",USDCHF,USDCHF-04-N1R079E03,ENTRY
2025-04-16 15:30:00+00:00,2025-04-16 16:00:00+00:00,"AUDUSD,AUDJPY,AUDCAD","AUDJPY,AUDUSD,USDCHF",AUDCAD,AUDCAD-04-N1R017E08,ENTRY
2025-04-17 01:30:00+00:00,2025-04-17 02:00:00+00:00,,"AUDUSD,USDCHF",,,NO_TRIGGER
2025-04-17 05:30:00+00:00,2025-04-17 06:00:00+00:00,EURCHF,,EURCHF,EURCHF-04-N1R052E11,ENTRY
2025-04-17 09:30:00+00:00,2025-04-17 10:00:00+00:00,"USDCHF,NZDUSD,EURJPY,EURCHF",EURCHF,USDCHF,USDCHF-04-N1R079E03,ENTRY
2025-04-17 11:30:00+00:00,2025-04-17 12:00:00+00:00,"GBPUSD,NZDUSD,EURCHF,EURUSD","EURCHF,USDCHF",GBPUSD,GBPUSD-04-R52E5,ENTRY
2025-04-17 13:30:00+00:00,2025-04-17 14:00:00+00:00,"GBPUSD,NZDUSD,EURCHF,AUDCAD","EURCHF,GBPUSD,USDCHF",NZDUSD,NZDUSD-04-N1R067E05,ENTRY
2025-04-17 15:30:00+00:00,2025-04-17 16:00:00+00:00,"GBPUSD,AUDUSD,EURCHF,EURAUD","EURCHF,GBPUSD,NZDUSD",AUDUSD,AUDUSD-04-N1R033E11,ENTRY
2025-04-18 01:30:00+00:00,2025-04-18 02:00:00+00:00,"AUDUSD,EURCHF,AUDJPY,EURAUD","AUDUSD,GBPUSD,NZDUSD",EURCHF,EURCHF-04-N1R052E11,ENTRY
2025-04-18 05:30:00+00:00,2025-04-18 06:00:00+00:00,"EURCHF,AUDJPY,EURGBP","AUDUSD,EURCHF,GBPUSD",AUDJPY,AUDJPY-04-N1R001E06,ENTRY
2025-04-18 09:30:00+00:00,2025-04-18 10:00:00+00:00,"NZDUSD,EURCHF,EURGBP,GBPJPY","AUDJPY,AUDUSD,EURCHF,GBPUSD",NZDUSD,NZDUSD-04-N1R067E05,ENTRY
2025-04-18 11:30:00+00:00,2025-04-18 12:00:00+00:00,"NZDUSD,EURCHF,AUDJPY,EURGBP","AUDJPY,AUDUSD,EURCHF,GBPUSD,NZDUSD",EURGBP,EURGBP-04-N1R123E11,ENTRY
2025-04-18 13:30:00+00:00,2025-04-18 14:00:00+00:00,"NZDUSD,EURCHF,EURUSD,EURGBP","AUDUSD,EURCHF,EURGBP,NZDUSD",EURUSD,EURUSD-04-N1R021E08,ENTRY
2025-04-18 15:30:00+00:00,2025-04-18 16:00:00+00:00,"NZDUSD,EURCHF,EURUSD,EURGBP","AUDUSD,EURCHF,EURGBP,EURUSD,NZDUSD",,,TOP_FOUR_HELD
2025-04-21 01:30:00+00:00,2025-04-21 02:00:00+00:00,"USDCHF,NZDUSD,AUDUSD,EURUSD",,USDCHF,USDCHF-04-N1R079E03,ENTRY
2025-04-21 05:30:00+00:00,2025-04-21 06:00:00+00:00,"USDCAD,USDCHF,AUDUSD,EURUSD",,USDCAD,USDCAD-04-R27E8,ENTRY
2025-04-21 09:30:00+00:00,2025-04-21 10:00:00+00:00,"USDCHF,AUDUSD,AUDCHF,EURJPY",USDCAD,USDCHF,USDCHF-04-N1R079E03,ENTRY
2025-04-21 11:30:00+00:00,2025-04-21 12:00:00+00:00,"AUDUSD,EURUSD,AUDCAD","USDCAD,USDCHF",AUDUSD,AUDUSD-04-N1R033E11,ENTRY
2025-04-21 13:30:00+00:00,2025-04-21 14:00:00+00:00,"AUDUSD,AUDCAD","AUDUSD,USDCAD,USDCHF",AUDCAD,AUDCAD-04-N1R017E08,ENTRY
2025-04-21 15:30:00+00:00,2025-04-21 16:00:00+00:00,AUDUSD,"AUDCAD,AUDUSD,USDCAD,USDCHF",,,TOP_FOUR_HELD
2025-04-22 01:30:00+00:00,2025-04-22 02:00:00+00:00,"NZDUSD,AUDCAD","AUDCAD,USDCAD",NZDUSD,NZDUSD-04-N1R067E05,ENTRY
2025-04-22 05:30:00+00:00,2025-04-22 06:00:00+00:00,"USDCHF,NZDUSD,AUDUSD,EURCHF","NZDUSD,USDCAD",USDCHF,USDCHF-04-N1R079E03,ENTRY
2025-04-22 09:30:00+00:00,2025-04-22 10:00:00+00:00,AUDUSD,,AUDUSD,AUDUSD-04-N1R033E11,ENTRY
2025-04-22 11:30:00+00:00,2025-04-22 12:00:00+00:00,AUDUSD,AUDUSD,,,TOP_FOUR_HELD
2025-04-22 13:30:00+00:00,2025-04-22 14:00:00+00:00,USDCAD,AUDUSD,USDCAD,USDCAD-04-R27E8,ENTRY
2025-04-22 15:30:00+00:00,2025-04-22 16:00:00+00:00,"USDCAD,NZDUSD","AUDUSD,USDCAD",NZDUSD,NZDUSD-04-N1R067E05,ENTRY
2025-04-23 01:30:00+00:00,2025-04-23 02:00:00+00:00,"USDJPY,EURGBP,GBPJPY",USDCAD,USDJPY,USDJPY-04-N1R033E05,ENTRY
2025-04-23 05:30:00+00:00,2025-04-23 06:00:00+00:00,"USDJPY,AUDJPY,EURGBP,GBPJPY","USDCAD,USDJPY",AUDJPY,AUDJPY-04-N1R001E06,ENTRY
2025-04-23 09:30:00+00:00,2025-04-23 10:00:00+00:00,"EURCHF,EURGBP,GBPJPY","AUDJPY,USDCAD,USDJPY",EURCHF,EURCHF-04-N1R052E11,ENTRY
2025-04-23 11:30:00+00:00,2025-04-23 12:00:00+00:00,"AUDJPY,EURGBP,GBPJPY","AUDJPY,EURCHF,USDCAD,USDJPY",EURGBP,EURGBP-04-N1R123E11,ENTRY
2025-04-23 13:30:00+00:00,2025-04-23 14:00:00+00:00,"EURCHF,EURGBP,GBPJPY","EURCHF,EURGBP,USDCAD,USDJPY",GBPJPY,GBPJPY-04-N1R049E07,ENTRY
2025-04-23 15:30:00+00:00,2025-04-23 16:00:00+00:00,"AUDJPY,EURGBP,GBPJPY","EURCHF,USDJPY",AUDJPY,AUDJPY-04-N1R001E06,ENTRY
2025-04-24 01:30:00+00:00,2025-04-24 02:00:00+00:00,"USDJPY,EURJPY,EURGBP,GBPJPY",EURCHF,USDJPY,USDJPY-04-N1R033E05,ENTRY
2025-04-24 05:30:00+00:00,2025-04-24 06:00:00+00:00,"EURCHF,EURGBP,GBPJPY","EURCHF,USDJPY",EURGBP,EURGBP-04-N1R123E11,ENTRY
2025-04-24 09:30:00+00:00,2025-04-24 10:00:00+00:00,"EURJPY,EURCHF,AUDJPY,EURGBP","EURCHF,EURGBP,USDJPY",EURJPY,EURJPY-04-N1R005E05,ENTRY
2025-04-24 11:30:00+00:00,2025-04-24 12:00:00+00:00,"EURCHF,EURGBP,GBPJPY","EURGBP,EURJPY,USDJPY",EURCHF,EURCHF-04-N1R052E11,ENTRY
2025-04-24 13:30:00+00:00,2025-04-24 14:00:00+00:00,"EURCHF,EURGBP,GBPJPY","EURCHF,EURGBP,EURJPY,USDJPY",GBPJPY,GBPJPY-04-N1R049E07,ENTRY
2025-04-24 15:30:00+00:00,2025-04-24 16:00:00+00:00,"EURCHF,AUDJPY,EURGBP,AUDCAD","EURCHF,EURGBP,EURJPY,GBPJPY,USDJPY",AUDJPY,AUDJPY-04-N1R001E06,ENTRY
2025-04-25 01:30:00+00:00,2025-04-25 02:00:00+00:00,"USDJPY,EURCHF,AUDJPY,EURAUD","EURCHF,EURGBP,EURJPY,USDJPY",AUDJPY,AUDJPY-04-N1R001E06,ENTRY
2025-04-25 05:30:00+00:00,2025-04-25 06:00:00+00:00,"USDJPY,AUDUSD,EURJPY,EURCHF","EURCHF,EURGBP,EURJPY",USDJPY,USDJPY-04-N1R033E05,ENTRY
2025-04-25 09:30:00+00:00,2025-04-25 10:00:00+00:00,"USDJPY,EURCHF,EURAUD,EURGBP","EURJPY,USDJPY",EURCHF,EURCHF-04-N1R052E11,ENTRY
2025-04-25 11:30:00+00:00,2025-04-25 12:00:00+00:00,"USDJPY,EURCHF,EURGBP,GBPJPY","EURCHF,USDJPY",EURGBP,EURGBP-04-N1R123E11,ENTRY
2025-04-25 13:30:00+00:00,2025-04-25 14:00:00+00:00,"GBPUSD,USDJPY,EURCHF,AUDJPY","EURCHF,EURGBP,USDJPY",GBPUSD,GBPUSD-04-R52E5,ENTRY
2025-04-25 15:30:00+00:00,2025-04-25 16:00:00+00:00,"USDJPY,EURJPY,EURCHF,AUDJPY","EURCHF,EURGBP,GBPUSD,USDJPY",EURJPY,EURJPY-04-N1R005E05,ENTRY
2025-04-28 01:30:00+00:00,2025-04-28 02:00:00+00:00,"USDJPY,GBPJPY",,USDJPY,USDJPY-04-N1R033E05,ENTRY
2025-04-28 05:30:00+00:00,2025-04-28 06:00:00+00:00,"AUDJPY,AUDCAD,GBPJPY",USDJPY,AUDJPY,AUDJPY-04-N1R001E06,ENTRY
2025-04-28 09:30:00+00:00,2025-04-28 10:00:00+00:00,"CHFJPY,GBPJPY",USDJPY,CHFJPY,CHFJPY-04-R22E3,ENTRY
2025-04-28 11:30:00+00:00,2025-04-28 12:00:00+00:00,"AUDJPY,GBPJPY","CHFJPY,USDJPY",AUDJPY,AUDJPY-04-N1R001E06,ENTRY
2025-04-28 13:30:00+00:00,2025-04-28 14:00:00+00:00,"GBPUSD,AUDNZD,EURGBP,GBPJPY","AUDJPY,CHFJPY",GBPUSD,GBPUSD-04-R52E5,ENTRY
2025-04-28 15:30:00+00:00,2025-04-28 16:00:00+00:00,"GBPUSD,NZDCAD,AUDUSD,AUDJPY","AUDJPY,CHFJPY,GBPUSD",NZDCAD,NZDCAD-04-R57E4,ENTRY
2025-04-29 01:30:00+00:00,2025-04-29 02:00:00+00:00,"AUDUSD,AUDNZD,EURGBP,AUDCAD",NZDCAD,AUDUSD,AUDUSD-04-N1R033E11,ENTRY
2025-04-29 05:30:00+00:00,2025-04-29 06:00:00+00:00,"AUDUSD,AUDNZD,EURGBP","AUDUSD,NZDCAD",AUDNZD,AUDNZD-04-N1R020E12,ENTRY
2025-04-29 09:30:00+00:00,2025-04-29 10:00:00+00:00,EURGBP,"AUDNZD,AUDUSD,NZDCAD",EURGBP,EURGBP-04-N1R123E11,ENTRY
2025-04-29 11:30:00+00:00,2025-04-29 12:00:00+00:00,EURGBP,"AUDNZD,EURGBP,NZDCAD",,,TOP_FOUR_HELD
2025-04-29 13:30:00+00:00,2025-04-29 14:00:00+00:00,"USDCHF,EURGBP","AUDNZD,EURGBP,NZDCAD",USDCHF,USDCHF-04-N1R079E03,ENTRY
2025-04-29 15:30:00+00:00,2025-04-29 16:00:00+00:00,"AUDCHF,AUDNZD,EURGBP","AUDNZD,EURGBP,USDCHF",AUDCHF,AUDCHF-04-N1R078E06,ENTRY
2025-04-30 01:30:00+00:00,2025-04-30 02:00:00+00:00,USDCAD,"EURGBP,USDCHF",USDCAD,USDCAD-04-R27E8,ENTRY
2025-04-30 05:30:00+00:00,2025-04-30 06:00:00+00:00,,"EURGBP,USDCAD,USDCHF",,,NO_TRIGGER
2025-04-30 09:30:00+00:00,2025-04-30 10:00:00+00:00,"GBPUSD,EURGBP","EURGBP,USDCAD",GBPUSD,GBPUSD-04-R52E5,ENTRY
2025-04-30 11:30:00+00:00,2025-04-30 12:00:00+00:00,"GBPUSD,EURGBP,GBPJPY","GBPUSD,USDCAD",EURGBP,EURGBP-04-N1R123E11,ENTRY
2025-04-30 13:30:00+00:00,2025-04-30 14:00:00+00:00,USDJPY,"EURGBP,GBPUSD,USDCAD",USDJPY,USDJPY-04-N1R033E05,ENTRY
2025-04-30 15:30:00+00:00,2025-04-30 16:00:00+00:00,"NZDCAD,USDCHF","EURGBP,USDCAD,USDJPY",NZDCAD,NZDCAD-04-R57E4,ENTRY
2025-05-01 01:30:00+00:00,2025-05-01 02:00:00+00:00,"USDJPY,AUDJPY,EURAUD","EURGBP,NZDCAD,USDCAD,USDJPY",AUDJPY,AUDJPY-05-N1R001E05,ENTRY
2025-05-01 05:30:00+00:00,2025-05-01 06:00:00+00:00,"USDJPY,AUDJPY,CHFJPY","AUDJPY,EURGBP,NZDCAD",USDJPY,USDJPY-05-N1R033E08,ENTRY
2025-05-01 09:30:00+00:00,2025-05-01 10:00:00+00:00,"USDJPY,EURJPY,CHFJPY","AUDJPY,EURGBP,NZDCAD",USDJPY,USDJPY-05-N1R033E08,ENTRY
2025-05-01 11:30:00+00:00,2025-05-01 12:00:00+00:00,"USDJPY,EURJPY,AUDJPY,CHFJPY","AUDJPY,EURGBP,NZDCAD,USDJPY",EURJPY,EURJPY-05-N1R017E06,ENTRY
2025-05-01 13:30:00+00:00,2025-05-01 14:00:00+00:00,"USDJPY,EURJPY,AUDJPY,EURAUD","AUDJPY,EURJPY,NZDCAD,USDJPY",EURAUD,EURAUD-05-N1R124E05,ENTRY
2025-05-01 15:30:00+00:00,2025-05-01 16:00:00+00:00,"EURCHF,USDJPY,EURJPY,AUDJPY","EURAUD,NZDCAD",EURCHF,EURCHF-05-R55E5,ENTRY
2025-05-02 01:30:00+00:00,2025-05-02 02:00:00+00:00,"USDJPY,EURJPY,AUDJPY,CHFJPY",EURCHF,USDJPY,USDJPY-05-N1R033E08,ENTRY
2025-05-02 05:30:00+00:00,2025-05-02 06:00:00+00:00,"AUDCAD,USDJPY,AUDUSD,EURJPY","EURCHF,USDJPY",AUDCAD,AUDCAD-05-N1R019E11,ENTRY
2025-05-02 09:30:00+00:00,2025-05-02 10:00:00+00:00,"AUDUSD,EURJPY,CHFJPY","AUDCAD,EURCHF,USDJPY",AUDUSD,AUDUSD-05-N1R048E10,ENTRY
2025-05-02 11:30:00+00:00,2025-05-02 12:00:00+00:00,"AUDCAD,AUDJPY,EURAUD,CHFJPY",AUDUSD,AUDCAD,AUDCAD-05-N1R019E11,ENTRY
2025-05-02 13:30:00+00:00,2025-05-02 14:00:00+00:00,"AUDCAD,AUDJPY,EURAUD,CHFJPY","AUDCAD,AUDUSD",AUDJPY,AUDJPY-05-N1R001E05,ENTRY
2025-05-02 15:30:00+00:00,2025-05-02 16:00:00+00:00,EURCAD,"AUDCAD,AUDJPY",EURCAD,EURCAD-05-N1R137E11,ENTRY
2025-05-05 01:30:00+00:00,2025-05-05 02:00:00+00:00,"USDJPY,EURJPY,EURAUD,CHFJPY",,USDJPY,USDJPY-05-N1R033E08,ENTRY
2025-05-05 05:30:00+00:00,2025-05-05 06:00:00+00:00,"USDJPY,USDCHF",USDJPY,USDCHF,USDCHF-05-N1R111E08,ENTRY
2025-05-05 09:30:00+00:00,2025-05-05 10:00:00+00:00,"AUDCAD,EURAUD,USDCHF,EURCAD","USDCHF,USDJPY",AUDCAD,AUDCAD-05-N1R019E11,ENTRY
2025-05-05 11:30:00+00:00,2025-05-05 12:00:00+00:00,"AUDJPY,EURAUD","AUDCAD,USDCHF,USDJPY",AUDJPY,AUDJPY-05-N1R001E05,ENTRY
2025-05-05 13:30:00+00:00,2025-05-05 14:00:00+00:00,"AUDCAD,CHFJPY","AUDCAD,AUDJPY,USDCHF",CHFJPY,CHFJPY-05-N1R017E06,ENTRY
2025-05-05 15:30:00+00:00,2025-05-05 16:00:00+00:00,CHFJPY,"AUDCAD,AUDJPY,CHFJPY,USDCHF",,,TOP_FOUR_HELD
2025-05-06 01:30:00+00:00,2025-05-06 02:00:00+00:00,,,,,NO_TRIGGER
2025-05-06 05:30:00+00:00,2025-05-06 06:00:00+00:00,"EURUSD,AUDJPY",,EURUSD,EURUSD-05-R46E8,ENTRY
2025-05-06 09:30:00+00:00,2025-05-06 10:00:00+00:00,,EURUSD,,,NO_TRIGGER
2025-05-06 11:30:00+00:00,2025-05-06 12:00:00+00:00,,EURUSD,,,NO_TRIGGER
2025-05-06 13:30:00+00:00,2025-05-06 14:00:00+00:00,,EURUSD,,,NO_TRIGGER
2025-05-06 15:30:00+00:00,2025-05-06 16:00:00+00:00,,,,,NO_TRIGGER
2025-05-07 01:30:00+00:00,2025-05-07 02:00:00+00:00,"AUDNZD,AUDUSD",,AUDNZD,AUDNZD-05-R52E7,ENTRY
2025-05-07 05:30:00+00:00,2025-05-07 06:00:00+00:00,AUDNZD,AUDNZD,,,TOP_FOUR_HELD
2025-05-07 09:30:00+00:00,2025-05-07 10:00:00+00:00,AUDNZD,AUDNZD,,,TOP_FOUR_HELD
2025-05-07 11:30:00+00:00,2025-05-07 12:00:00+00:00,AUDNZD,AUDNZD,,,TOP_FOUR_HELD
2025-05-07 13:30:00+00:00,2025-05-07 14:00:00+00:00,,AUDNZD,,,NO_TRIGGER
2025-05-07 15:30:00+00:00,2025-05-07 16:00:00+00:00,USDCHF,AUDNZD,USDCHF,USDCHF-05-N1R111E08,ENTRY
2025-05-08 01:30:00+00:00,2025-05-08 02:00:00+00:00,"NZDUSD,NZDCAD",USDCHF,NZDUSD,NZDUSD-05-N1R116E10,ENTRY
2025-05-08 05:30:00+00:00,2025-05-08 06:00:00+00:00,"GBPJPY,EURNZD,USDCAD,USDJPY",NZDUSD,GBPJPY,GBPJPY-05-R56E3,ENTRY
2025-05-08 09:30:00+00:00,2025-05-08 10:00:00+00:00,"USDCAD,EURUSD,USDJPY,EURJPY",GBPJPY,USDCAD,USDCAD-05-N1R004E11,ENTRY
2025-05-08 11:30:00+00:00,2025-05-08 12:00:00+00:00,"USDCAD,EURUSD,USDJPY,EURJPY",USDCAD,EURUSD,EURUSD-05-R46E8,ENTRY
2025-05-08 13:30:00+00:00,2025-05-08 14:00:00+00:00,"USDJPY,EURJPY,CHFJPY,NZDUSD","EURUSD,USDCAD",USDJPY,USDJPY-05-N1R033E08,ENTRY
2025-05-08 15:30:00+00:00,2025-05-08 16:00:00+00:00,"USDJPY,EURJPY,CHFJPY,NZDUSD","EURUSD,USDCAD,USDJPY",EURJPY,EURJPY-05-N1R017E06,ENTRY
2025-05-09 01:30:00+00:00,2025-05-09 02:00:00+00:00,"USDJPY,EURJPY,CHFJPY,NZDUSD",EURUSD,USDJPY,USDJPY-05-N1R033E08,ENTRY
2025-05-09 05:30:00+00:00,2025-05-09 06:00:00+00:00,"EURUSD,USDJPY,AUDJPY,NZDUSD","EURUSD,USDJPY",AUDJPY,AUDJPY-05-N1R001E05,ENTRY
2025-05-09 09:30:00+00:00,2025-05-09 10:00:00+00:00,,"AUDJPY,EURUSD",,,NO_TRIGGER
2025-05-09 11:30:00+00:00,2025-05-09 12:00:00+00:00,"USDCAD,EURJPY","AUDJPY,EURUSD",USDCAD,USDCAD-05-N1R004E11,ENTRY
2025-05-09 13:30:00+00:00,2025-05-09 14:00:00+00:00,"GBPJPY,EURJPY,AUDJPY","AUDJPY,USDCAD",GBPJPY,GBPJPY-05-R56E3,ENTRY
2025-05-09 15:30:00+00:00,2025-05-09 16:00:00+00:00,"GBPJPY,USDCAD,EURUSD,EURJPY","AUDJPY,GBPJPY,USDCAD",EURUSD,EURUSD-05-R46E8,ENTRY
2025-05-12 01:30:00+00:00,2025-05-12 02:00:00+00:00,"EURUSD,USDJPY,EURJPY,AUDJPY",,EURUSD,EURUSD-05-R46E8,ENTRY
2025-05-12 05:30:00+00:00,2025-05-12 06:00:00+00:00,"USDJPY,EURJPY,AUDJPY,CHFJPY",EURUSD,USDJPY,USDJPY-05-N1R033E08,ENTRY
2025-05-12 09:30:00+00:00,2025-05-12 10:00:00+00:00,"USDJPY,EURJPY,AUDJPY,EURAUD",,USDJPY,USDJPY-05-N1R033E08,ENTRY
2025-05-12 11:30:00+00:00,2025-05-12 12:00:00+00:00,"USDJPY,EURJPY,AUDJPY,EURAUD",USDJPY,EURJPY,EURJPY-05-N1R017E06,ENTRY
2025-05-12 13:30:00+00:00,2025-05-12 14:00:00+00:00,"USDJPY,EURJPY,EURAUD,CHFJPY",USDJPY,EURJPY,EURJPY-05-N1R017E06,ENTRY
2025-05-12 15:30:00+00:00,2025-05-12 16:00:00+00:00,"USDJPY,EURJPY,EURAUD,CHFJPY","EURJPY,USDJPY",EURAUD,EURAUD-05-N1R124E05,ENTRY
2025-05-13 01:30:00+00:00,2025-05-13 02:00:00+00:00,"USDCAD,USDJPY,NZDUSD",EURAUD,USDCAD,USDCAD-05-N1R004E11,ENTRY
2025-05-13 05:30:00+00:00,2025-05-13 06:00:00+00:00,"AUDCAD,AUDJPY","EURAUD,USDCAD",AUDCAD,AUDCAD-05-N1R019E11,ENTRY
2025-05-13 09:30:00+00:00,2025-05-13 10:00:00+00:00,"GBPJPY,AUDCAD,USDCAD,EURJPY","AUDCAD,EURAUD,USDCAD",GBPJPY,GBPJPY-05-R56E3,ENTRY
2025-05-13 11:30:00+00:00,2025-05-13 12:00:00+00:00,"AUDCAD,EURJPY,AUDJPY,CHFJPY","AUDCAD,EURAUD,GBPJPY,USDCAD",EURJPY,EURJPY-05-N1R017E06,ENTRY
2025-05-13 13:30:00+00:00,2025-05-13 14:00:00+00:00,"AUDCAD,USDCAD,EURJPY,AUDJPY","EURAUD,EURJPY,USDCAD",AUDCAD,AUDCAD-05-N1R019E11,ENTRY
2025-05-13 15:30:00+00:00,2025-05-13 16:00:00+00:00,"AUDCAD,USDJPY,EURJPY,AUDJPY","AUDCAD,USDCAD",USDJPY,USDJPY-05-N1R033E08,ENTRY
2025-05-14 01:30:00+00:00,2025-05-14 02:00:00+00:00,"EURUSD,GBPUSD,AUDUSD,EURJPY",,EURUSD,EURUSD-05-R46E8,ENTRY
2025-05-14 05:30:00+00:00,2025-05-14 06:00:00+00:00,"GBPUSD,AUDUSD",EURUSD,GBPUSD,GBPUSD-05-N1R042E08,ENTRY
2025-05-14 09:30:00+00:00,2025-05-14 10:00:00+00:00,,,,,NO_TRIGGER
2025-05-14 11:30:00+00:00,2025-05-14 12:00:00+00:00,GBPUSD,,GBPUSD,GBPUSD-05-N1R042E08,ENTRY
2025-05-14 13:30:00+00:00,2025-05-14 14:00:00+00:00,"GBPUSD,AUDJPY",GBPUSD,AUDJPY,AUDJPY-05-N1R001E05,ENTRY
2025-05-14 15:30:00+00:00,2025-05-14 16:00:00+00:00,,AUDJPY,,,NO_TRIGGER
2025-05-15 01:30:00+00:00,2025-05-15 02:00:00+00:00,,,,,NO_TRIGGER
2025-05-15 05:30:00+00:00,2025-05-15 06:00:00+00:00,"USDCAD,NZDUSD",,USDCAD,USDCAD-05-N1R004E11,ENTRY
2025-05-15 09:30:00+00:00,2025-05-15 10:00:00+00:00,"AUDCHF,USDCAD,GBPUSD",USDCAD,AUDCHF,AUDCHF-05-N1R081E02,ENTRY
2025-05-15 11:30:00+00:00,2025-05-15 12:00:00+00:00,"USDCAD,GBPUSD,NZDCAD","AUDCHF,USDCAD",GBPUSD,GBPUSD-05-N1R042E08,ENTRY
2025-05-15 13:30:00+00:00,2025-05-15 14:00:00+00:00,"USDCAD,NZDUSD,NZDCAD","AUDCHF,GBPUSD,USDCAD",NZDUSD,NZDUSD-05-N1R116E10,ENTRY
2025-05-15 15:30:00+00:00,2025-05-15 16:00:00+00:00,"AUDCHF,USDCAD,USDCHF,NZDUSD","NZDUSD,USDCAD",AUDCHF,AUDCHF-05-N1R081E02,ENTRY
2025-05-16 01:30:00+00:00,2025-05-16 02:00:00+00:00,"AUDCHF,USDCHF",NZDUSD,AUDCHF,AUDCHF-05-N1R081E02,ENTRY
2025-05-16 05:30:00+00:00,2025-05-16 06:00:00+00:00,"EURNZD,USDCHF",,EURNZD,EURNZD-05-R05E6,ENTRY
2025-05-16 09:30:00+00:00,2025-05-16 10:00:00+00:00,"EURNZD,EURCHF,USDCHF",EURNZD,EURCHF,EURCHF-05-R55E5,ENTRY
2025-05-16 11:30:00+00:00,2025-05-16 12:00:00+00:00,"AUDNZD,EURCHF","EURCHF,EURNZD",AUDNZD,AUDNZD-05-R52E7,ENTRY
2025-05-16 13:30:00+00:00,2025-05-16 14:00:00+00:00,,"AUDNZD,EURCHF,EURNZD",,,NO_TRIGGER
2025-05-16 15:30:00+00:00,2025-05-16 16:00:00+00:00,,"AUDNZD,EURCHF,EURNZD",,,NO_TRIGGER
2025-05-19 01:30:00+00:00,2025-05-19 02:00:00+00:00,,,,,NO_TRIGGER
2025-05-19 05:30:00+00:00,2025-05-19 06:00:00+00:00,"AUDNZD,USDCHF",,AUDNZD,AUDNZD-05-R52E7,ENTRY
2025-05-19 09:30:00+00:00,2025-05-19 10:00:00+00:00,"EURCHF,USDCHF",AUDNZD,EURCHF,EURCHF-05-R55E5,ENTRY
2025-05-19 11:30:00+00:00,2025-05-19 12:00:00+00:00,"GBPUSD,USDCHF","AUDNZD,EURCHF",GBPUSD,GBPUSD-05-N1R042E08,ENTRY
2025-05-19 13:30:00+00:00,2025-05-19 14:00:00+00:00,"GBPUSD,USDCHF","AUDNZD,GBPUSD",USDCHF,USDCHF-05-N1R111E08,ENTRY
2025-05-19 15:30:00+00:00,2025-05-19 16:00:00+00:00,"EURNZD,GBPUSD,USDCHF","AUDNZD,GBPUSD,USDCHF",EURNZD,EURNZD-05-R05E6,ENTRY
2025-05-20 01:30:00+00:00,2025-05-20 02:00:00+00:00,,"AUDNZD,USDCHF",,,NO_TRIGGER
2025-05-20 05:30:00+00:00,2025-05-20 06:00:00+00:00,AUDNZD,,AUDNZD,AUDNZD-05-R52E7,ENTRY
2025-05-20 09:30:00+00:00,2025-05-20 10:00:00+00:00,USDCHF,AUDNZD,USDCHF,USDCHF-05-N1R111E08,ENTRY
2025-05-20 11:30:00+00:00,2025-05-20 12:00:00+00:00,USDCHF,"AUDNZD,USDCHF",,,TOP_FOUR_HELD
2025-05-20 13:30:00+00:00,2025-05-20 14:00:00+00:00,"AUDCHF,USDCHF","AUDNZD,USDCHF",AUDCHF,AUDCHF-05-N1R081E02,ENTRY
2025-05-20 15:30:00+00:00,2025-05-20 16:00:00+00:00,"USDCHF,EURGBP","AUDCHF,AUDNZD,USDCHF",EURGBP,EURGBP-05-N1R007E04,ENTRY
2025-05-21 01:30:00+00:00,2025-05-21 02:00:00+00:00,"EURNZD,GBPUSD,USDCHF,CHFJPY",AUDNZD,EURNZD,EURNZD-05-R05E6,ENTRY
2025-05-21 05:30:00+00:00,2025-05-21 06:00:00+00:00,"GBPUSD,USDCHF,CHFJPY","AUDNZD,EURNZD",GBPUSD,GBPUSD-05-N1R042E08,ENTRY
2025-05-21 09:30:00+00:00,2025-05-21 10:00:00+00:00,"EURCHF,USDCHF",,EURCHF,EURCHF-05-R55E5,ENTRY
2025-05-21 11:30:00+00:00,2025-05-21 12:00:00+00:00,"AUDNZD,USDCHF,EURGBP",EURCHF,AUDNZD,AUDNZD-05-R52E7,ENTRY
2025-05-21 13:30:00+00:00,2025-05-21 14:00:00+00:00,"AUDNZD,USDCHF","AUDNZD,EURCHF",USDCHF,USDCHF-05-N1R111E08,ENTRY
2025-05-21 15:30:00+00:00,2025-05-21 16:00:00+00:00,EURNZD,"AUDNZD,EURCHF,USDCHF",EURNZD,EURNZD-05-R05E6,ENTRY
2025-05-22 01:30:00+00:00,2025-05-22 02:00:00+00:00,CHFJPY,"EURCHF,USDCHF",CHFJPY,CHFJPY-05-N1R017E06,ENTRY
2025-05-22 05:30:00+00:00,2025-05-22 06:00:00+00:00,NZDCAD,"CHFJPY,EURCHF",NZDCAD,NZDCAD-05-N1R096E10,ENTRY
2025-05-22 09:30:00+00:00,2025-05-22 10:00:00+00:00,,EURCHF,,,NO_TRIGGER
2025-05-22 11:30:00+00:00,2025-05-22 12:00:00+00:00,,,,,NO_TRIGGER
2025-05-22 13:30:00+00:00,2025-05-22 14:00:00+00:00,NZDCAD,,NZDCAD,NZDCAD-05-N1R096E10,ENTRY
2025-05-22 15:30:00+00:00,2025-05-22 16:00:00+00:00,"EURNZD,NZDUSD,NZDCAD",NZDCAD,EURNZD,EURNZD-05-R05E6,ENTRY
2025-05-23 01:30:00+00:00,2025-05-23 02:00:00+00:00,,EURNZD,,,NO_TRIGGER
2025-05-23 05:30:00+00:00,2025-05-23 06:00:00+00:00,EURCAD,,EURCAD,EURCAD-05-N1R137E11,ENTRY
2025-05-23 09:30:00+00:00,2025-05-23 10:00:00+00:00,"EURNZD,GBPUSD,USDCHF",EURCAD,EURNZD,EURNZD-05-R05E6,ENTRY
2025-05-23 11:30:00+00:00,2025-05-23 12:00:00+00:00,"GBPJPY,GBPUSD,AUDUSD,USDCHF",EURNZD,GBPJPY,GBPJPY-05-R56E3,ENTRY
2025-05-23 13:30:00+00:00,2025-05-23 14:00:00+00:00,"GBPUSD,USDCHF,EURCAD",,GBPUSD,GBPUSD-05-N1R042E08,ENTRY
2025-05-23 15:30:00+00:00,2025-05-23 16:00:00+00:00,"GBPUSD,USDCHF,EURCAD",GBPUSD,USDCHF,USDCHF-05-N1R111E08,ENTRY
2025-05-26 01:30:00+00:00,2025-05-26 02:00:00+00:00,"AUDNZD,GBPUSD,EURAUD,USDCHF",,AUDNZD,AUDNZD-05-R52E7,ENTRY
2025-05-26 05:30:00+00:00,2025-05-26 06:00:00+00:00,"GBPUSD,AUDJPY,EURAUD,USDCHF",AUDNZD,GBPUSD,GBPUSD-05-N1R042E08,ENTRY
2025-05-26 09:30:00+00:00,2025-05-26 10:00:00+00:00,"GBPJPY,GBPUSD,AUDUSD,EURAUD",AUDNZD,GBPJPY,GBPJPY-05-R56E3,ENTRY
2025-05-26 11:30:00+00:00,2025-05-26 12:00:00+00:00,"GBPUSD,EURAUD","AUDNZD,GBPJPY",GBPUSD,GBPUSD-05-N1R042E08,ENTRY
2025-05-26 13:30:00+00:00,2025-05-26 14:00:00+00:00,"GBPJPY,AUDJPY","AUDNZD,GBPJPY,GBPUSD",AUDJPY,AUDJPY-05-N1R001E05,ENTRY
2025-05-26 15:30:00+00:00,2025-05-26 16:00:00+00:00,,"AUDJPY,AUDNZD,GBPJPY,GBPUSD",,,NO_TRIGGER
2025-05-27 01:30:00+00:00,2025-05-27 02:00:00+00:00,"USDCHF,EURCAD",,USDCHF,USDCHF-05-N1R111E08,ENTRY
2025-05-27 05:30:00+00:00,2025-05-27 06:00:00+00:00,EURCAD,USDCHF,EURCAD,EURCAD-05-N1R137E11,ENTRY
2025-05-27 09:30:00+00:00,2025-05-27 10:00:00+00:00,"AUDNZD,EURJPY,CHFJPY",EURCAD,AUDNZD,AUDNZD-05-R52E7,ENTRY
2025-05-27 11:30:00+00:00,2025-05-27 12:00:00+00:00,"AUDNZD,USDJPY,EURJPY,AUDJPY","AUDNZD,EURCAD",USDJPY,USDJPY-05-N1R033E08,ENTRY
2025-05-27 13:30:00+00:00,2025-05-27 14:00:00+00:00,"AUDNZD,USDJPY,EURJPY,AUDJPY","AUDNZD,EURCAD,USDJPY",EURJPY,EURJPY-05-N1R017E06,ENTRY
2025-05-27 15:30:00+00:00,2025-05-27 16:00:00+00:00,"AUDNZD,USDJPY,EURJPY,AUDJPY","AUDNZD,EURCAD,EURJPY,USDJPY",AUDJPY,AUDJPY-05-N1R001E05,ENTRY
2025-05-28 01:30:00+00:00,2025-05-28 02:00:00+00:00,USDJPY,"AUDJPY,AUDNZD",USDJPY,USDJPY-05-N1R033E08,ENTRY
2025-05-28 05:30:00+00:00,2025-05-28 06:00:00+00:00,"AUDNZD,EURUSD,CHFJPY",USDJPY,AUDNZD,AUDNZD-05-R52E7,ENTRY
2025-05-28 09:30:00+00:00,2025-05-28 10:00:00+00:00,"USDJPY,CHFJPY",AUDNZD,USDJPY,USDJPY-05-N1R033E08,ENTRY
2025-05-28 11:30:00+00:00,2025-05-28 12:00:00+00:00,"EURJPY,AUDJPY","AUDNZD,USDJPY",EURJPY,EURJPY-05-N1R017E06,ENTRY
2025-05-28 13:30:00+00:00,2025-05-28 14:00:00+00:00,"EURJPY,CHFJPY","AUDNZD,EURJPY,USDJPY",CHFJPY,CHFJPY-05-N1R017E06,ENTRY
2025-05-28 15:30:00+00:00,2025-05-28 16:00:00+00:00,"GBPJPY,EURUSD,USDJPY,EURJPY","AUDNZD,CHFJPY,USDJPY",GBPJPY,GBPJPY-05-R56E3,ENTRY
2025-05-29 01:30:00+00:00,2025-05-29 02:00:00+00:00,"USDJPY,EURJPY,AUDJPY,CHFJPY",,USDJPY,USDJPY-05-N1R033E08,ENTRY
2025-05-29 05:30:00+00:00,2025-05-29 06:00:00+00:00,"AUDNZD,USDJPY,EURJPY,AUDJPY",USDJPY,AUDNZD,AUDNZD-05-R52E7,ENTRY
2025-05-29 09:30:00+00:00,2025-05-29 10:00:00+00:00,"USDJPY,CHFJPY",AUDNZD,USDJPY,USDJPY-05-N1R033E08,ENTRY
2025-05-29 11:30:00+00:00,2025-05-29 12:00:00+00:00,USDJPY,USDJPY,,,TOP_FOUR_HELD
2025-05-29 13:30:00+00:00,2025-05-29 14:00:00+00:00,CHFJPY,,CHFJPY,CHFJPY-05-N1R017E06,ENTRY
2025-05-29 15:30:00+00:00,2025-05-29 16:00:00+00:00,"EURJPY,CHFJPY",CHFJPY,EURJPY,EURJPY-05-N1R017E06,ENTRY
2025-05-30 01:30:00+00:00,2025-05-30 02:00:00+00:00,USDCHF,,USDCHF,USDCHF-05-N1R111E08,ENTRY
2025-05-30 05:30:00+00:00,2025-05-30 06:00:00+00:00,EURNZD,USDCHF,EURNZD,EURNZD-05-R05E6,ENTRY
2025-05-30 09:30:00+00:00,2025-05-30 10:00:00+00:00,,"EURNZD,USDCHF",,,NO_TRIGGER
2025-05-30 11:30:00+00:00,2025-05-30 12:00:00+00:00,,"EURNZD,USDCHF",,,NO_TRIGGER
2025-05-30 13:30:00+00:00,2025-05-30 14:00:00+00:00,,USDCHF,,,NO_TRIGGER
2025-05-30 15:30:00+00:00,2025-05-30 16:00:00+00:00,"CHFJPY,NZDCAD",,CHFJPY,CHFJPY-05-N1R017E06,ENTRY
2025-06-02 01:30:00+00:00,2025-06-02 02:00:00+00:00,,,,,NO_TRIGGER
2025-06-02 05:30:00+00:00,2025-06-02 06:00:00+00:00,EURUSD,,EURUSD,EURUSD-06-N1R028E07,ENTRY
2025-06-02 09:30:00+00:00,2025-06-02 10:00:00+00:00,"EURUSD,AUDCHF,USDCHF,GBPUSD",,EURUSD,EURUSD-06-N1R028E07,ENTRY
2025-06-02 11:30:00+00:00,2025-06-02 12:00:00+00:00,"EURUSD,AUDCHF,GBPUSD",EURUSD,AUDCHF,AUDCHF-06-N1R087E05,ENTRY
2025-06-02 13:30:00+00:00,2025-06-02 14:00:00+00:00,EURUSD,AUDCHF,EURUSD,EURUSD-06-N1R028E07,ENTRY
2025-06-02 15:30:00+00:00,2025-06-02 16:00:00+00:00,,"AUDCHF,EURUSD",,,NO_TRIGGER
2025-06-03 01:30:00+00:00,2025-06-03 02:00:00+00:00,"EURCAD,AUDNZD",AUDCHF,EURCAD,EURCAD-06-N1R003E03,ENTRY
2025-06-03 05:30:00+00:00,2025-06-03 06:00:00+00:00,,"AUDCHF,EURCAD",,,NO_TRIGGER
2025-06-03 09:30:00+00:00,2025-06-03 10:00:00+00:00,"AUDCHF,EURAUD","AUDCHF,EURCAD",EURAUD,EURAUD-06-N1R057E05,ENTRY
2025-06-03 11:30:00+00:00,2025-06-03 12:00:00+00:00,EURAUD,"AUDCHF,EURAUD",,,TOP_FOUR_HELD
2025-06-03 13:30:00+00:00,2025-06-03 14:00:00+00:00,EURAUD,EURAUD,,,TOP_FOUR_HELD
2025-06-03 15:30:00+00:00,2025-06-03 16:00:00+00:00,"USDCHF,EURAUD",,USDCHF,USDCHF-06-N1R136E05,ENTRY
2025-06-04 01:30:00+00:00,2025-06-04 02:00:00+00:00,"GBPJPY,EURJPY",,GBPJPY,GBPJPY-06-N1R001E04,ENTRY
2025-06-04 05:30:00+00:00,2025-06-04 06:00:00+00:00,"GBPJPY,EURJPY,AUDJPY",GBPJPY,EURJPY,EURJPY-06-N1R001E02,ENTRY
2025-06-04 09:30:00+00:00,2025-06-04 10:00:00+00:00,"GBPJPY,CHFJPY,EURJPY,AUDJPY",GBPJPY,CHFJPY,CHFJPY-06-N1R001E08,ENTRY
2025-06-04 11:30:00+00:00,2025-06-04 12:00:00+00:00,"GBPJPY,EURJPY,GBPUSD","CHFJPY,GBPJPY",EURJPY,EURJPY-06-N1R001E02,ENTRY
2025-06-04 13:30:00+00:00,2025-06-04 14:00:00+00:00,,"CHFJPY,GBPJPY",,,NO_TRIGGER
2025-06-04 15:30:00+00:00,2025-06-04 16:00:00+00:00,,CHFJPY,,,NO_TRIGGER
2025-06-05 01:30:00+00:00,2025-06-05 02:00:00+00:00,,,,,NO_TRIGGER
2025-06-05 05:30:00+00:00,2025-06-05 06:00:00+00:00,,,,,NO_TRIGGER
2025-06-05 09:30:00+00:00,2025-06-05 10:00:00+00:00,AUDJPY,,AUDJPY,AUDJPY-06-N1R004E08,ENTRY
2025-06-05 11:30:00+00:00,2025-06-05 12:00:00+00:00,"EURUSD,USDCHF,GBPUSD,AUDJPY",AUDJPY,EURUSD,EURUSD-06-N1R028E07,ENTRY
2025-06-05 13:30:00+00:00,2025-06-05 14:00:00+00:00,"EURUSD,GBPUSD",AUDJPY,EURUSD,EURUSD-06-N1R028E07,ENTRY
2025-06-05 15:30:00+00:00,2025-06-05 16:00:00+00:00,"GBPJPY,EURJPY,GBPUSD",,GBPJPY,GBPJPY-06-N1R001E04,ENTRY
2025-06-06 01:30:00+00:00,2025-06-06 02:00:00+00:00,"GBPJPY,CHFJPY,EURJPY",,GBPJPY,GBPJPY-06-N1R001E04,ENTRY
2025-06-06 05:30:00+00:00,2025-06-06 06:00:00+00:00,"GBPJPY,CHFJPY,EURJPY,AUDJPY",GBPJPY,CHFJPY,CHFJPY-06-N1R001E08,ENTRY
2025-06-06 09:30:00+00:00,2025-06-06 10:00:00+00:00,,"CHFJPY,GBPJPY",,,NO_TRIGGER
2025-06-06 11:30:00+00:00,2025-06-06 12:00:00+00:00,"GBPJPY,CHFJPY,EURJPY,AUDJPY","CHFJPY,GBPJPY",EURJPY,EURJPY-06-N1R001E02,ENTRY
2025-06-06 13:30:00+00:00,2025-06-06 14:00:00+00:00,"GBPJPY,EURJPY,AUDJPY","CHFJPY,GBPJPY",EURJPY,EURJPY-06-N1R001E02,ENTRY
2025-06-06 15:30:00+00:00,2025-06-06 16:00:00+00:00,"GBPJPY,CHFJPY,EURJPY,AUDJPY",EURJPY,GBPJPY,GBPJPY-06-N1R001E04,ENTRY
2025-06-09 01:30:00+00:00,2025-06-09 02:00:00+00:00,"GBPJPY,CHFJPY,EURJPY,AUDJPY",,GBPJPY,GBPJPY-06-N1R001E04,ENTRY
2025-06-09 05:30:00+00:00,2025-06-09 06:00:00+00:00,,GBPJPY,,,NO_TRIGGER
2025-06-09 09:30:00+00:00,2025-06-09 10:00:00+00:00,"USDJPY,AUDJPY",,USDJPY,USDJPY-06-R50E8,ENTRY
2025-06-09 11:30:00+00:00,2025-06-09 12:00:00+00:00,"USDJPY,AUDJPY",USDJPY,AUDJPY,AUDJPY-06-N1R004E08,ENTRY
2025-06-09 13:30:00+00:00,2025-06-09 14:00:00+00:00,"GBPJPY,CHFJPY,EURJPY,AUDJPY","AUDJPY,USDJPY",GBPJPY,GBPJPY-06-N1R001E04,ENTRY
2025-06-09 15:30:00+00:00,2025-06-09 16:00:00+00:00,"CHFJPY,EURJPY,AUDJPY","AUDJPY,GBPJPY,USDJPY",CHFJPY,CHFJPY-06-N1R001E08,ENTRY
2025-06-10 01:30:00+00:00,2025-06-10 02:00:00+00:00,"GBPJPY,CHFJPY,EURJPY","CHFJPY,GBPJPY,USDJPY",EURJPY,EURJPY-06-N1R001E02,ENTRY
2025-06-10 05:30:00+00:00,2025-06-10 06:00:00+00:00,"CHFJPY,AUDJPY",,CHFJPY,CHFJPY-06-N1R001E08,ENTRY
2025-06-10 09:30:00+00:00,2025-06-10 10:00:00+00:00,"CHFJPY,EURJPY",CHFJPY,EURJPY,EURJPY-06-N1R001E02,ENTRY
2025-06-10 11:30:00+00:00,2025-06-10 12:00:00+00:00,"GBPJPY,CHFJPY,EURJPY","CHFJPY,EURJPY",GBPJPY,GBPJPY-06-N1R001E04,ENTRY
2025-06-10 13:30:00+00:00,2025-06-10 14:00:00+00:00,"USDJPY,EURJPY","CHFJPY,EURJPY,GBPJPY",USDJPY,USDJPY-06-R50E8,ENTRY
2025-06-10 15:30:00+00:00,2025-06-10 16:00:00+00:00,"USDJPY,GBPJPY,CHFJPY,EURJPY","CHFJPY,GBPJPY,USDJPY",EURJPY,EURJPY-06-N1R001E02,ENTRY
2025-06-11 01:30:00+00:00,2025-06-11 02:00:00+00:00,"CHFJPY,EURJPY","GBPJPY,USDJPY",CHFJPY,CHFJPY-06-N1R001E08,ENTRY
2025-06-11 05:30:00+00:00,2025-06-11 06:00:00+00:00,"CHFJPY,EURJPY,EURCHF","CHFJPY,GBPJPY,USDJPY",EURJPY,EURJPY-06-N1R001E02,ENTRY
2025-06-11 09:30:00+00:00,2025-06-11 10:00:00+00:00,"CHFJPY,EURNZD,EURJPY","CHFJPY,GBPJPY,USDJPY",EURNZD,EURNZD-06-N1R049E08,ENTRY
2025-06-11 11:30:00+00:00,2025-06-11 12:00:00+00:00,"EURUSD,CHFJPY,EURNZD,EURJPY","CHFJPY,EURNZD,GBPJPY,USDJPY",EURUSD,EURUSD-06-N1R028E07,ENTRY
2025-06-11 13:30:00+00:00,2025-06-11 14:00:00+00:00,"EURNZD,EURJPY,EURAUD",EURNZD,EURJPY,EURJPY-06-N1R001E02,ENTRY
2025-06-11 15:30:00+00:00,2025-06-11 16:00:00+00:00,"GBPJPY,CHFJPY,EURNZD,EURCAD",,GBPJPY,GBPJPY-06-N1R001E04,ENTRY
2025-06-12 01:30:00+00:00,2025-06-12 02:00:00+00:00,"AUDCHF,EURNZD,EURCAD,EURAUD",GBPJPY,AUDCHF,AUDCHF-06-N1R087E05,ENTRY
2025-06-12 05:30:00+00:00,2025-06-12 06:00:00+00:00,"NZDCAD,EURUSD,AUDCHF,EURNZD",AUDCHF,NZDCAD,NZDCAD-06-R16E5,ENTRY
2025-06-12 09:30:00+00:00,2025-06-12 10:00:00+00:00,"EURUSD,AUDCHF,CHFJPY,EURNZD","AUDCHF,NZDCAD",EURUSD,EURUSD-06-N1R028E07,ENTRY
2025-06-12 11:30:00+00:00,2025-06-12 12:00:00+00:00,"AUDCHF,CHFJPY,EURNZD,EURCAD","AUDCHF,NZDCAD",CHFJPY,CHFJPY-06-N1R001E08,ENTRY
2025-06-12 13:30:00+00:00,2025-06-12 14:00:00+00:00,"AUDCHF,CHFJPY,EURNZD,EURCAD","AUDCHF,CHFJPY,NZDCAD",EURNZD,EURNZD-06-N1R049E08,ENTRY
2025-06-12 15:30:00+00:00,2025-06-12 16:00:00+00:00,"EURNZD,GBPUSD,EURAUD","AUDCHF,CHFJPY,EURNZD,NZDCAD",GBPUSD,GBPUSD-06-N1R029E06,ENTRY
2025-06-13 01:30:00+00:00,2025-06-13 02:00:00+00:00,"NZDCAD,AUDCHF,CHFJPY,EURNZD","EURNZD,NZDCAD",AUDCHF,AUDCHF-06-N1R087E05,ENTRY
2025-06-13 05:30:00+00:00,2025-06-13 06:00:00+00:00,"NZDCAD,AUDCHF,CHFJPY,EURNZD",AUDCHF,NZDCAD,NZDCAD-06-R16E5,ENTRY
2025-06-13 09:30:00+00:00,2025-06-13 10:00:00+00:00,"EURNZD,EURAUD",NZDCAD,EURNZD,EURNZD-06-N1R049E08,ENTRY
2025-06-13 11:30:00+00:00,2025-06-13 12:00:00+00:00,"NZDUSD,CHFJPY,EURNZD,EURJPY","EURNZD,NZDCAD",NZDUSD,NZDUSD-06-N1R088E12,ENTRY
2025-06-13 13:30:00+00:00,2025-06-13 14:00:00+00:00,"NZDUSD,CHFJPY,EURNZD,EURAUD","EURNZD,NZDCAD,NZDUSD",CHFJPY,CHFJPY-06-N1R001E08,ENTRY
2025-06-13 15:30:00+00:00,2025-06-13 16:00:00+00:00,"EURNZD,EURJPY,EURAUD","CHFJPY,EURNZD,NZDCAD,NZDUSD",EURJPY,EURJPY-06-N1R001E02,ENTRY
2025-06-16 01:30:00+00:00,2025-06-16 02:00:00+00:00,"AUDCHF,CHFJPY,EURNZD,EURJPY",,AUDCHF,AUDCHF-06-N1R087E05,ENTRY
2025-06-16 05:30:00+00:00,2025-06-16 06:00:00+00:00,"AUDCHF,EURNZD,EURJPY",AUDCHF,EURNZD,EURNZD-06-N1R049E08,ENTRY
2025-06-16 09:30:00+00:00,2025-06-16 10:00:00+00:00,"EURUSD,GBPJPY,EURNZD,EURJPY",EURNZD,EURUSD,EURUSD-06-N1R028E07,ENTRY
2025-06-16 11:30:00+00:00,2025-06-16 12:00:00+00:00,"USDJPY,EURUSD,CHFJPY,EURNZD","EURNZD,EURUSD",USDJPY,USDJPY-06-R50E8,ENTRY
2025-06-16 13:30:00+00:00,2025-06-16 14:00:00+00:00,"USDJPY,EURNZD,EURJPY,AUDJPY",USDJPY,EURNZD,EURNZD-06-N1R049E08,ENTRY
2025-06-16 15:30:00+00:00,2025-06-16 16:00:00+00:00,"EURUSD,GBPJPY,EURJPY,AUDJPY","EURNZD,USDJPY",EURUSD,EURUSD-06-N1R028E07,ENTRY
2025-06-17 01:30:00+00:00,2025-06-17 02:00:00+00:00,"GBPJPY,CHFJPY,EURJPY,AUDJPY",,GBPJPY,GBPJPY-06-N1R001E04,ENTRY
2025-06-17 05:30:00+00:00,2025-06-17 06:00:00+00:00,,,,,NO_TRIGGER
2025-06-17 09:30:00+00:00,2025-06-17 10:00:00+00:00,AUDNZD,,AUDNZD,AUDNZD-06-N1R124E01,ENTRY
2025-06-17 11:30:00+00:00,2025-06-17 12:00:00+00:00,"CHFJPY,EURJPY,AUDNZD",AUDNZD,CHFJPY,CHFJPY-06-N1R001E08,ENTRY
2025-06-17 13:30:00+00:00,2025-06-17 14:00:00+00:00,GBPJPY,CHFJPY,GBPJPY,GBPJPY-06-N1R001E04,ENTRY
2025-06-17 15:30:00+00:00,2025-06-17 16:00:00+00:00,"AUDCAD,GBPJPY,CHFJPY,EURJPY","CHFJPY,GBPJPY",AUDCAD,AUDCAD-06-R62E4,ENTRY
2025-06-18 01:30:00+00:00,2025-06-18 02:00:00+00:00,"CHFJPY,EURJPY,AUDJPY",AUDCAD,CHFJPY,CHFJPY-06-N1R001E08,ENTRY
2025-06-18 05:30:00+00:00,2025-06-18 06:00:00+00:00,AUDJPY,"AUDCAD,CHFJPY",AUDJPY,AUDJPY-06-N1R004E08,ENTRY
2025-06-18 09:30:00+00:00,2025-06-18 10:00:00+00:00,EURJPY,"AUDCAD,AUDJPY",EURJPY,EURJPY-06-N1R001E02,ENTRY
2025-06-18 11:30:00+00:00,2025-06-18 12:00:00+00:00,"USDJPY,NZDUSD",AUDCAD,USDJPY,USDJPY-06-R50E8,ENTRY
2025-06-18 13:30:00+00:00,2025-06-18 14:00:00+00:00,USDJPY,"AUDCAD,USDJPY",,,TOP_FOUR_HELD
2025-06-18 15:30:00+00:00,2025-06-18 16:00:00+00:00,"AUDUSD,USDCAD,AUDJPY",USDJPY,AUDUSD,AUDUSD-06-R47E8,ENTRY
2025-06-19 01:30:00+00:00,2025-06-19 02:00:00+00:00,,"AUDUSD,USDJPY",,,NO_TRIGGER
2025-06-19 05:30:00+00:00,2025-06-19 06:00:00+00:00,NZDUSD,"AUDUSD,USDJPY",NZDUSD,NZDUSD-06-N1R088E12,ENTRY
2025-06-19 09:30:00+00:00,2025-06-19 10:00:00+00:00,"NZDUSD,EURNZD","AUDUSD,NZDUSD,USDJPY",EURNZD,EURNZD-06-N1R049E08,ENTRY
2025-06-19 11:30:00+00:00,2025-06-19 12:00:00+00:00,"AUDCAD,NZDUSD,EURNZD","AUDUSD,EURNZD,NZDUSD,USDJPY",AUDCAD,AUDCAD-06-R62E4,ENTRY
2025-06-19 13:30:00+00:00,2025-06-19 14:00:00+00:00,EURNZD,"AUDCAD,AUDUSD,EURNZD,NZDUSD",,,TOP_FOUR_HELD
2025-06-19 15:30:00+00:00,2025-06-19 16:00:00+00:00,"NZDUSD,EURNZD,EURCAD,EURAUD","AUDCAD,AUDUSD,EURNZD,NZDUSD",EURCAD,EURCAD-06-N1R003E03,ENTRY
2025-06-20 01:30:00+00:00,2025-06-20 02:00:00+00:00,"EURNZD,EURJPY,EURAUD","AUDCAD,NZDUSD",EURNZD,EURNZD-06-N1R049E08,ENTRY
2025-06-20 05:30:00+00:00,2025-06-20 06:00:00+00:00,"USDCAD,GBPJPY,CHFJPY,EURNZD","AUDCAD,EURNZD,NZDUSD",USDCAD,USDCAD-06-N1R069E08,ENTRY
2025-06-20 09:30:00+00:00,2025-06-20 10:00:00+00:00,"USDJPY,AUDCHF,EURNZD,EURAUD","AUDCAD,EURNZD,USDCAD",USDJPY,USDJPY-06-R50E8,ENTRY
2025-06-20 11:30:00+00:00,2025-06-20 12:00:00+00:00,"USDJPY,GBPJPY,EURNZD,EURCAD","AUDCAD,EURNZD,USDCAD,USDJPY",GBPJPY,GBPJPY-06-N1R001E04,ENTRY
2025-06-20 13:30:00+00:00,2025-06-20 14:00:00+00:00,"GBPJPY,CHFJPY,EURNZD,EURJPY","EURNZD,GBPJPY,USDCAD,USDJPY",CHFJPY,CHFJPY-06-N1R001E08,ENTRY
2025-06-20 15:30:00+00:00,2025-06-20 16:00:00+00:00,"NZDCAD,AUDCHF,CHFJPY,EURNZD","CHFJPY,GBPJPY,USDJPY",NZDCAD,NZDCAD-06-R16E5,ENTRY
2025-06-23 01:30:00+00:00,2025-06-23 02:00:00+00:00,"AUDCHF,NZDUSD,CHFJPY,EURNZD",,AUDCHF,AUDCHF-06-N1R087E05,ENTRY
2025-06-23 05:30:00+00:00,2025-06-23 06:00:00+00:00,"GBPJPY,AUDCHF,NZDUSD,CHFJPY",AUDCHF,GBPJPY,GBPJPY-06-N1R001E04,ENTRY
2025-06-23 09:30:00+00:00,2025-06-23 10:00:00+00:00,"GBPJPY,AUDCHF,NZDUSD,CHFJPY",AUDCHF,GBPJPY,GBPJPY-06-N1R001E04,ENTRY
2025-06-23 11:30:00+00:00,2025-06-23 12:00:00+00:00,"AUDCHF,NZDUSD,CHFJPY,EURNZD","AUDCHF,GBPJPY",NZDUSD,NZDUSD-06-N1R088E12,ENTRY
2025-06-23 13:30:00+00:00,2025-06-23 14:00:00+00:00,"AUDCHF,NZDUSD,EURNZD,EURAUD",NZDUSD,AUDCHF,AUDCHF-06-N1R087E05,ENTRY
2025-06-23 15:30:00+00:00,2025-06-23 16:00:00+00:00,"GBPJPY,AUDCHF,EURNZD,EURAUD",AUDCHF,GBPJPY,GBPJPY-06-N1R001E04,ENTRY
2025-06-24 01:30:00+00:00,2025-06-24 02:00:00+00:00,"USDCAD,EURNZD,EURCAD,EURAUD",GBPJPY,USDCAD,USDCAD-06-N1R069E08,ENTRY
2025-06-24 05:30:00+00:00,2025-06-24 06:00:00+00:00,"GBPJPY,GBPUSD",USDCAD,GBPJPY,GBPJPY-06-N1R001E04,ENTRY
2025-06-24 09:30:00+00:00,2025-06-24 10:00:00+00:00,"EURGBP,GBPJPY,GBPUSD,AUDNZD","GBPJPY,USDCAD",EURGBP,EURGBP-06-N1R117E03,ENTRY
2025-06-24 11:30:00+00:00,2025-06-24 12:00:00+00:00,"EURGBP,GBPJPY,CHFJPY,USDCHF","EURGBP,GBPJPY,USDCAD",CHFJPY,CHFJPY-06-N1R001E08,ENTRY
2025-06-24 13:30:00+00:00,2025-06-24 14:00:00+00:00,"EURGBP,AUDCHF,CHFJPY,GBPUSD","CHFJPY,EURGBP,GBPJPY,USDCAD",AUDCHF,AUDCHF-06-N1R087E05,ENTRY
2025-06-24 15:30:00+00:00,2025-06-24 16:00:00+00:00,"AUDCHF,CHFJPY","AUDCHF,CHFJPY,EURGBP,GBPJPY",,,TOP_FOUR_HELD
2025-06-25 01:30:00+00:00,2025-06-25 02:00:00+00:00,"GBPJPY,AUDCHF,CHFJPY,EURCAD","AUDCHF,EURGBP,GBPJPY",CHFJPY,CHFJPY-06-N1R001E08,ENTRY
2025-06-25 05:30:00+00:00,2025-06-25 06:00:00+00:00,"GBPJPY,CHFJPY","AUDCHF,CHFJPY,EURGBP,GBPJPY",,,TOP_FOUR_HELD
2025-06-25 09:30:00+00:00,2025-06-25 10:00:00+00:00,"GBPJPY,AUDCHF,CHFJPY,EURJPY",AUDCHF,GBPJPY,GBPJPY-06-N1R001E04,ENTRY
2025-06-25 11:30:00+00:00,2025-06-25 12:00:00+00:00,"GBPJPY,CHFJPY,EURJPY,AUDJPY","AUDCHF,GBPJPY",CHFJPY,CHFJPY-06-N1R001E08,ENTRY
2025-06-25 13:30:00+00:00,2025-06-25 14:00:00+00:00,"GBPJPY,CHFJPY,EURJPY,AUDJPY","AUDCHF,CHFJPY,GBPJPY",EURJPY,EURJPY-06-N1R001E02,ENTRY
2025-06-25 15:30:00+00:00,2025-06-25 16:00:00+00:00,"GBPJPY,CHFJPY,EURJPY","CHFJPY,EURJPY,GBPJPY",,,TOP_FOUR_HELD
2025-06-26 01:30:00+00:00,2025-06-26 02:00:00+00:00,"EURUSD,EURNZD,EURCAD,GBPUSD",GBPJPY,EURUSD,EURUSD-06-N1R028E07,ENTRY
2025-06-26 05:30:00+00:00,2025-06-26 06:00:00+00:00,"EURUSD,GBPJPY,CHFJPY,EURNZD",GBPJPY,EURUSD,EURUSD-06-N1R028E07,ENTRY
2025-06-26 09:30:00+00:00,2025-06-26 10:00:00+00:00,"AUDCHF,USDCHF,EURNZD,EURCAD",,AUDCHF,AUDCHF-06-N1R087E05,ENTRY
2025-06-26 11:30:00+00:00,2025-06-26 12:00:00+00:00,"GBPJPY,AUDCHF,CHFJPY,EURNZD",AUDCHF,GBPJPY,GBPJPY-06-N1R001E04,ENTRY
2025-06-26 13:30:00+00:00,2025-06-26 14:00:00+00:00,"CHFJPY,EURNZD,EURAUD","AUDCHF,GBPJPY",CHFJPY,CHFJPY-06-N1R001E08,ENTRY
2025-06-26 15:30:00+00:00,2025-06-26 16:00:00+00:00,"GBPJPY,CHFJPY,EURNZD,EURJPY","AUDCHF,CHFJPY,GBPJPY",EURNZD,EURNZD-06-N1R049E08,ENTRY
2025-06-27 01:30:00+00:00,2025-06-27 02:00:00+00:00,"GBPJPY,CHFJPY,EURJPY,AUDJPY","AUDCHF,CHFJPY,EURNZD",GBPJPY,GBPJPY-06-N1R001E04,ENTRY
2025-06-27 05:30:00+00:00,2025-06-27 06:00:00+00:00,"GBPJPY,CHFJPY,EURJPY","AUDCHF,GBPJPY",CHFJPY,CHFJPY-06-N1R001E08,ENTRY
2025-06-27 09:30:00+00:00,2025-06-27 10:00:00+00:00,"GBPJPY,CHFJPY,EURJPY","AUDCHF,GBPJPY",CHFJPY,CHFJPY-06-N1R001E08,ENTRY
2025-06-27 11:30:00+00:00,2025-06-27 12:00:00+00:00,"EURUSD,AUDCHF,CHFJPY,EURCAD","CHFJPY,GBPJPY",EURUSD,EURUSD-06-N1R028E07,ENTRY
2025-06-27 13:30:00+00:00,2025-06-27 14:00:00+00:00,"GBPJPY,AUDCHF,CHFJPY,EURCAD","CHFJPY,GBPJPY",AUDCHF,AUDCHF-06-N1R087E05,ENTRY
2025-06-27 15:30:00+00:00,2025-06-27 16:00:00+00:00,"GBPJPY,AUDCHF,CHFJPY,EURJPY","AUDCHF,CHFJPY,GBPJPY",EURJPY,EURJPY-06-N1R001E02,ENTRY
2025-06-30 01:30:00+00:00,2025-06-30 02:00:00+00:00,"AUDCHF,EURNZD,EURJPY,AUDNZD",,AUDCHF,AUDCHF-06-N1R087E05,ENTRY
2025-06-30 05:30:00+00:00,2025-06-30 06:00:00+00:00,"AUDNZD,EURAUD",AUDCHF,AUDNZD,AUDNZD-06-N1R124E01,ENTRY
2025-06-30 09:30:00+00:00,2025-06-30 10:00:00+00:00,"EURUSD,CHFJPY,EURNZD,EURJPY",AUDCHF,EURUSD,EURUSD-06-N1R028E07,ENTRY
2025-06-30 11:30:00+00:00,2025-06-30 12:00:00+00:00,"AUDCHF,CHFJPY,EURNZD,EURAUD","AUDCHF,EURUSD",CHFJPY,CHFJPY-06-N1R001E08,ENTRY
2025-06-30 13:30:00+00:00,2025-06-30 14:00:00+00:00,"AUDCHF,CHFJPY,EURNZD,EURJPY","AUDCHF,CHFJPY,EURUSD",EURNZD,EURNZD-06-N1R049E08,ENTRY
2025-06-30 15:30:00+00:00,2025-06-30 16:00:00+00:00,"CHFJPY,EURJPY","AUDCHF,CHFJPY,EURNZD,EURUSD",EURJPY,EURJPY-06-N1R001E02,ENTRY
2025-07-01 01:30:00+00:00,2025-07-01 02:00:00+00:00,"USDJPY,AUDUSD,USDCHF,AUDCAD","AUDCHF,EURNZD",USDJPY,USDJPY-07-R16E8,ENTRY
2025-07-01 05:30:00+00:00,2025-07-01 06:00:00+00:00,"GBPJPY,USDJPY,USDCHF",USDJPY,GBPJPY,GBPJPY-07-R56E8,ENTRY
2025-07-01 09:30:00+00:00,2025-07-01 10:00:00+00:00,"AUDUSD,USDCHF,NZDCAD,EURUSD","GBPJPY,USDJPY",AUDUSD,AUDUSD-07-N1R054E05,ENTRY
2025-07-01 11:30:00+00:00,2025-07-01 12:00:00+00:00,"AUDUSD,USDCHF,NZDCAD,EURCAD","AUDUSD,GBPJPY,USDJPY",USDCHF,USDCHF-07-N1R131E12,ENTRY
2025-07-01 13:30:00+00:00,2025-07-01 14:00:00+00:00,"AUDUSD,USDCHF,NZDCAD,EURJPY","AUDUSD,USDCHF",NZDCAD,NZDCAD-07-N1R025E10,ENTRY
2025-07-01 15:30:00+00:00,2025-07-01 16:00:00+00:00,"USDCHF,EURJPY,AUDCAD",,USDCHF,USDCHF-07-N1R131E12,ENTRY
2025-07-02 01:30:00+00:00,2025-07-02 02:00:00+00:00,"GBPJPY,NZDCAD,AUDCAD",USDCHF,GBPJPY,GBPJPY-07-R56E8,ENTRY
2025-07-02 05:30:00+00:00,2025-07-02 06:00:00+00:00,GBPJPY,"GBPJPY,USDCHF",,,TOP_FOUR_HELD
2025-07-02 09:30:00+00:00,2025-07-02 10:00:00+00:00,,"GBPJPY,USDCHF",,,NO_TRIGGER
2025-07-02 11:30:00+00:00,2025-07-02 12:00:00+00:00,"USDJPY,EURCAD","GBPJPY,USDCHF",USDJPY,USDJPY-07-R16E8,ENTRY
2025-07-02 13:30:00+00:00,2025-07-02 14:00:00+00:00,"USDJPY,GBPUSD,EURCAD","USDCHF,USDJPY",GBPUSD,GBPUSD-07-N1R071E08,ENTRY
2025-07-02 15:30:00+00:00,2025-07-02 16:00:00+00:00,"NZDUSD,GBPUSD,EURCAD,EURUSD","GBPUSD,USDCHF,USDJPY",NZDUSD,NZDUSD-07-N1R087E08,ENTRY
2025-07-03 01:30:00+00:00,2025-07-03 02:00:00+00:00,"GBPUSD,EURUSD","NZDUSD,USDJPY",GBPUSD,GBPUSD-07-N1R071E08,ENTRY
2025-07-03 05:30:00+00:00,2025-07-03 06:00:00+00:00,"NZDUSD,GBPUSD","GBPUSD,USDJPY",NZDUSD,NZDUSD-07-N1R087E08,ENTRY
2025-07-03 09:30:00+00:00,2025-07-03 10:00:00+00:00,,"GBPUSD,NZDUSD,USDJPY",,,NO_TRIGGER
2025-07-03 11:30:00+00:00,2025-07-03 12:00:00+00:00,GBPUSD,"GBPUSD,NZDUSD,USDJPY",,,TOP_FOUR_HELD
2025-07-03 13:30:00+00:00,2025-07-03 14:00:00+00:00,"NZDUSD,AUDJPY,GBPUSD,EURCHF",GBPUSD,NZDUSD,NZDUSD-07-N1R087E08,ENTRY
2025-07-03 15:30:00+00:00,2025-07-03 16:00:00+00:00,"NZDUSD,AUDJPY",NZDUSD,AUDJPY,AUDJPY-07-N1R002E06,ENTRY
2025-07-04 01:30:00+00:00,2025-07-04 02:00:00+00:00,,NZDUSD,,,NO_TRIGGER
2025-07-04 05:30:00+00:00,2025-07-04 06:00:00+00:00,NZDUSD,,NZDUSD,NZDUSD-07-N1R087E08,ENTRY
2025-07-04 09:30:00+00:00,2025-07-04 10:00:00+00:00,"NZDUSD,GBPUSD",NZDUSD,GBPUSD,GBPUSD-07-N1R071E08,ENTRY
2025-07-04 11:30:00+00:00,2025-07-04 12:00:00+00:00,"NZDUSD,GBPUSD","GBPUSD,NZDUSD",,,TOP_FOUR_HELD
2025-07-04 13:30:00+00:00,2025-07-04 14:00:00+00:00,"NZDUSD,AUDJPY,GBPUSD","GBPUSD,NZDUSD",AUDJPY,AUDJPY-07-N1R002E06,ENTRY
2025-07-04 15:30:00+00:00,2025-07-04 16:00:00+00:00,NZDUSD,"AUDJPY,GBPUSD",NZDUSD,NZDUSD-07-N1R087E08,ENTRY
2025-07-07 01:30:00+00:00,2025-07-07 02:00:00+00:00,NZDUSD,,NZDUSD,NZDUSD-07-N1R087E08,ENTRY
2025-07-07 05:30:00+00:00,2025-07-07 06:00:00+00:00,"NZDUSD,GBPUSD",,NZDUSD,NZDUSD-07-N1R087E08,ENTRY
2025-07-07 09:30:00+00:00,2025-07-07 10:00:00+00:00,"NZDUSD,GBPUSD",,NZDUSD,NZDUSD-07-N1R087E08,ENTRY
2025-07-07 11:30:00+00:00,2025-07-07 12:00:00+00:00,NZDUSD,NZDUSD,,,TOP_FOUR_HELD
2025-07-07 13:30:00+00:00,2025-07-07 14:00:00+00:00,NZDUSD,NZDUSD,,,TOP_FOUR_HELD
2025-07-07 15:30:00+00:00,2025-07-07 16:00:00+00:00,EURCAD,,EURCAD,EURCAD-07-N1R067E08,ENTRY
2025-07-08 01:30:00+00:00,2025-07-08 02:00:00+00:00,AUDJPY,,AUDJPY,AUDJPY-07-N1R002E06,ENTRY
2025-07-08 05:30:00+00:00,2025-07-08 06:00:00+00:00,"AUDJPY,EURGBP",,AUDJPY,AUDJPY-07-N1R002E06,ENTRY
2025-07-08 09:30:00+00:00,2025-07-08 10:00:00+00:00,"AUDJPY,USDCAD,GBPUSD",AUDJPY,USDCAD,USDCAD-07-N1R065E06,ENTRY
2025-07-08 11:30:00+00:00,2025-07-08 12:00:00+00:00,"AUDJPY,USDCAD,GBPUSD","AUDJPY,USDCAD",GBPUSD,GBPUSD-07-N1R071E08,ENTRY
2025-07-08 13:30:00+00:00,2025-07-08 14:00:00+00:00,"NZDUSD,AUDJPY,USDCAD,GBPUSD","GBPUSD,USDCAD",NZDUSD,NZDUSD-07-N1R087E08,ENTRY
2025-07-08 15:30:00+00:00,2025-07-08 16:00:00+00:00,"NZDUSD,USDCAD,GBPUSD",NZDUSD,USDCAD,USDCAD-07-N1R065E06,ENTRY
2025-07-09 01:30:00+00:00,2025-07-09 02:00:00+00:00,"NZDUSD,AUDJPY,GBPUSD",NZDUSD,AUDJPY,AUDJPY-07-N1R002E06,ENTRY
2025-07-09 05:30:00+00:00,2025-07-09 06:00:00+00:00,"NZDUSD,AUDJPY,USDCAD,GBPUSD",,NZDUSD,NZDUSD-07-N1R087E08,ENTRY
2025-07-09 09:30:00+00:00,2025-07-09 10:00:00+00:00,"USDCAD,GBPUSD,EURCAD,EURAUD",NZDUSD,USDCAD,USDCAD-07-N1R065E06,ENTRY
2025-07-09 11:30:00+00:00,2025-07-09 12:00:00+00:00,"NZDUSD,GBPUSD,AUDCAD","NZDUSD,USDCAD",GBPUSD,GBPUSD-07-N1R071E08,ENTRY
2025-07-09 13:30:00+00:00,2025-07-09 14:00:00+00:00,"NZDUSD,AUDCAD",NZDUSD,AUDCAD,AUDCAD-07-N1R041E11,ENTRY
2025-07-09 15:30:00+00:00,2025-07-09 16:00:00+00:00,"NZDUSD,GBPUSD,EURAUD","AUDCAD,NZDUSD",GBPUSD,GBPUSD-07-N1R071E08,ENTRY
2025-07-10 01:30:00+00:00,2025-07-10 02:00:00+00:00,"USDCHF,USDCAD","AUDCAD,GBPUSD",USDCHF,USDCHF-07-N1R131E12,ENTRY
2025-07-10 05:30:00+00:00,2025-07-10 06:00:00+00:00,"USDCHF,AUDJPY,USDCAD,EURAUD","AUDCAD,USDCHF",AUDJPY,AUDJPY-07-N1R002E06,ENTRY
2025-07-10 09:30:00+00:00,2025-07-10 10:00:00+00:00,"USDCHF,USDCAD,AUDCAD,EURAUD","AUDCAD,USDCHF",USDCAD,USDCAD-07-N1R065E06,ENTRY
2025-07-10 11:30:00+00:00,2025-07-10 12:00:00+00:00,"AUDUSD,USDCHF,NZDCAD,USDCAD","AUDCAD,USDCAD,USDCHF",AUDUSD,AUDUSD-07-N1R054E05,ENTRY
2025-07-10 13:30:00+00:00,2025-07-10 14:00:00+00:00,"USDCHF,NZDCAD,USDCAD,GBPUSD","AUDCAD,AUDUSD",USDCHF,USDCHF-07-N1R131E12,ENTRY
2025-07-10 15:30:00+00:00,2025-07-10 16:00:00+00:00,"AUDUSD,AUDJPY,GBPUSD,AUDCAD","AUDUSD,USDCHF",AUDJPY,AUDJPY-07-N1R002E06,ENTRY
2025-07-11 01:30:00+00:00,2025-07-11 02:00:00+00:00,"AUDJPY,EURJPY,GBPUSD,AUDCAD",,AUDJPY,AUDJPY-07-N1R002E06,ENTRY
2025-07-11 05:30:00+00:00,2025-07-11 06:00:00+00:00,"EURNZD,AUDJPY,AUDCAD,EURAUD",AUDJPY,EURNZD,EURNZD-07-R13E2,ENTRY
2025-07-11 09:30:00+00:00,2025-07-11 10:00:00+00:00,"EURNZD,GBPUSD,AUDCAD",EURNZD,GBPUSD,GBPUSD-07-N1R071E08,ENTRY
2025-07-11 11:30:00+00:00,2025-07-11 12:00:00+00:00,"AUDJPY,GBPUSD,AUDCAD","EURNZD,GBPUSD",AUDJPY,AUDJPY-07-N1R002E06,ENTRY
2025-07-11 13:30:00+00:00,2025-07-11 14:00:00+00:00,"EURNZD,AUDJPY,GBPUSD",AUDJPY,EURNZD,EURNZD-07-R13E2,ENTRY
2025-07-11 15:30:00+00:00,2025-07-11 16:00:00+00:00,"EURNZD,AUDJPY,USDCAD,GBPUSD",EURNZD,AUDJPY,AUDJPY-07-N1R002E06,ENTRY
2025-07-14 01:30:00+00:00,2025-07-14 02:00:00+00:00,USDCAD,,USDCAD,USDCAD-07-N1R065E06,ENTRY
2025-07-14 05:30:00+00:00,2025-07-14 06:00:00+00:00,"NZDUSD,GBPUSD",USDCAD,NZDUSD,NZDUSD-07-N1R087E08,ENTRY
2025-07-14 09:30:00+00:00,2025-07-14 10:00:00+00:00,,NZDUSD,,,NO_TRIGGER
2025-07-14 11:30:00+00:00,2025-07-14 12:00:00+00:00,GBPJPY,NZDUSD,GBPJPY,GBPJPY-07-R56E8,ENTRY
2025-07-14 13:30:00+00:00,2025-07-14 14:00:00+00:00,GBPUSD,"GBPJPY,NZDUSD",GBPUSD,GBPUSD-07-N1R071E08,ENTRY
2025-07-14 15:30:00+00:00,2025-07-14 16:00:00+00:00,"NZDUSD,USDCAD,GBPUSD","GBPJPY,GBPUSD,NZDUSD",USDCAD,USDCAD-07-N1R065E06,ENTRY
2025-07-15 01:30:00+00:00,2025-07-15 02:00:00+00:00,"GBPJPY,NZDUSD",GBPJPY,NZDUSD,NZDUSD-07-N1R087E08,ENTRY
2025-07-15 05:30:00+00:00,2025-07-15 06:00:00+00:00,GBPUSD,"GBPJPY,NZDUSD",GBPUSD,GBPUSD-07-N1R071E08,ENTRY
2025-07-15 09:30:00+00:00,2025-07-15 10:00:00+00:00,,"GBPJPY,GBPUSD",,,NO_TRIGGER
2025-07-15 11:30:00+00:00,2025-07-15 12:00:00+00:00,USDCAD,GBPJPY,USDCAD,USDCAD-07-N1R065E06,ENTRY
2025-07-15 13:30:00+00:00,2025-07-15 14:00:00+00:00,"AUDJPY,GBPUSD",,AUDJPY,AUDJPY-07-N1R002E06,ENTRY
2025-07-15 15:30:00+00:00,2025-07-15 16:00:00+00:00,"NZDUSD,USDCAD,GBPUSD",,NZDUSD,NZDUSD-07-N1R087E08,ENTRY
2025-07-16 01:30:00+00:00,2025-07-16 02:00:00+00:00,AUDJPY,NZDUSD,AUDJPY,AUDJPY-07-N1R002E06,ENTRY
2025-07-16 05:30:00+00:00,2025-07-16 06:00:00+00:00,"NZDUSD,AUDJPY",AUDJPY,NZDUSD,NZDUSD-07-N1R087E08,ENTRY
2025-07-16 09:30:00+00:00,2025-07-16 10:00:00+00:00,"NZDUSD,USDCAD,GBPUSD",NZDUSD,USDCAD,USDCAD-07-N1R065E06,ENTRY
2025-07-16 11:30:00+00:00,2025-07-16 12:00:00+00:00,"NZDUSD,USDCAD","NZDUSD,USDCAD",,,TOP_FOUR_HELD
2025-07-16 13:30:00+00:00,2025-07-16 14:00:00+00:00,"NZDUSD,GBPUSD,EURCHF,EURAUD","NZDUSD,USDCAD",GBPUSD,GBPUSD-07-N1R071E08,ENTRY
2025-07-16 15:30:00+00:00,2025-07-16 16:00:00+00:00,"NZDUSD,GBPUSD,EURCHF",GBPUSD,NZDUSD,NZDUSD-07-N1R087E08,ENTRY
2025-07-17 01:30:00+00:00,2025-07-17 02:00:00+00:00,"NZDUSD,GBPUSD",,NZDUSD,NZDUSD-07-N1R087E08,ENTRY
2025-07-17 05:30:00+00:00,2025-07-17 06:00:00+00:00,"NZDUSD,USDCAD,GBPUSD",NZDUSD,USDCAD,USDCAD-07-N1R065E06,ENTRY
2025-07-17 09:30:00+00:00,2025-07-17 10:00:00+00:00,NZDUSD,NZDUSD,,,TOP_FOUR_HELD
2025-07-17 11:30:00+00:00,2025-07-17 12:00:00+00:00,NZDUSD,NZDUSD,,,TOP_FOUR_HELD
2025-07-17 13:30:00+00:00,2025-07-17 14:00:00+00:00,NZDUSD,NZDUSD,,,TOP_FOUR_HELD
2025-07-17 15:30:00+00:00,2025-07-17 16:00:00+00:00,NZDUSD,,NZDUSD,NZDUSD-07-N1R087E08,ENTRY
2025-07-18 01:30:00+00:00,2025-07-18 02:00:00+00:00,AUDNZD,,AUDNZD,AUDNZD-07-N1R135E09,ENTRY
2025-07-18 05:30:00+00:00,2025-07-18 06:00:00+00:00,"NZDCAD,USDCAD",AUDNZD,NZDCAD,NZDCAD-07-N1R025E10,ENTRY
2025-07-18 09:30:00+00:00,2025-07-18 10:00:00+00:00,,NZDCAD,,,NO_TRIGGER
2025-07-18 11:30:00+00:00,2025-07-18 12:00:00+00:00,"AUDJPY,NZDCAD,USDCAD",,AUDJPY,AUDJPY-07-N1R002E06,ENTRY
2025-07-18 13:30:00+00:00,2025-07-18 14:00:00+00:00,"NZDCAD,USDCAD,AUDCAD",AUDJPY,NZDCAD,NZDCAD-07-N1R025E10,ENTRY
2025-07-18 15:30:00+00:00,2025-07-18 16:00:00+00:00,"AUDJPY,NZDCAD,USDCAD,AUDCAD","AUDJPY,NZDCAD",USDCAD,USDCAD-07-N1R065E06,ENTRY
2025-07-21 01:30:00+00:00,2025-07-21 02:00:00+00:00,"EURNZD,USDCHF,EURCAD",,EURNZD,EURNZD-07-R13E2,ENTRY
2025-07-21 05:30:00+00:00,2025-07-21 06:00:00+00:00,"AUDNZD,USDCHF,EURCAD,EURUSD",EURNZD,AUDNZD,AUDNZD-07-N1R135E09,ENTRY
2025-07-21 09:30:00+00:00,2025-07-21 10:00:00+00:00,"USDJPY,AUDNZD,NZDCAD,EURUSD",,USDJPY,USDJPY-07-R16E8,ENTRY
2025-07-21 11:30:00+00:00,2025-07-21 12:00:00+00:00,"USDJPY,NZDCAD",USDJPY,NZDCAD,NZDCAD-07-N1R025E10,ENTRY
2025-07-21 13:30:00+00:00,2025-07-21 14:00:00+00:00,"EURJPY,EURUSD","NZDCAD,USDJPY",EURJPY,EURJPY-07-N1R115E03,ENTRY
2025-07-21 15:30:00+00:00,2025-07-21 16:00:00+00:00,EURUSD,"NZDCAD,USDJPY",EURUSD,EURUSD-07-N1R005E12,ENTRY
2025-07-22 01:30:00+00:00,2025-07-22 02:00:00+00:00,"GBPJPY,USDCHF","EURUSD,USDJPY",GBPJPY,GBPJPY-07-R56E8,ENTRY
2025-07-22 05:30:00+00:00,2025-07-22 06:00:00+00:00,"GBPJPY,USDCHF,EURCAD","EURUSD,GBPJPY,USDJPY",USDCHF,USDCHF-07-N1R131E12,ENTRY
2025-07-22 09:30:00+00:00,2025-07-22 10:00:00+00:00,"USDJPY,USDCHF,EURUSD","EURUSD,GBPJPY,USDCHF,USDJPY",,,TOP_FOUR_HELD
2025-07-22 11:30:00+00:00,2025-07-22 12:00:00+00:00,"USDCHF,EURUSD","EURUSD,GBPJPY,USDCHF",,,TOP_FOUR_HELD
2025-07-22 13:30:00+00:00,2025-07-22 14:00:00+00:00,"USDJPY,USDCHF","EURUSD,USDCHF",USDJPY,USDJPY-07-R16E8,ENTRY
2025-07-22 15:30:00+00:00,2025-07-22 16:00:00+00:00,"USDCHF,EURJPY,EURUSD","EURUSD,USDCHF,USDJPY",EURJPY,EURJPY-07-N1R115E03,ENTRY
2025-07-23 01:30:00+00:00,2025-07-23 02:00:00+00:00,"USDJPY,AUDUSD,USDCHF",USDJPY,AUDUSD,AUDUSD-07-N1R054E05,ENTRY
2025-07-23 05:30:00+00:00,2025-07-23 06:00:00+00:00,"GBPJPY,AUDNZD,AUDUSD,USDCHF","AUDUSD,USDJPY",GBPJPY,GBPJPY-07-R56E8,ENTRY
2025-07-23 09:30:00+00:00,2025-07-23 10:00:00+00:00,"GBPJPY,AUDUSD,USDCHF,AUDJPY","AUDUSD,GBPJPY,USDJPY",USDCHF,USDCHF-07-N1R131E12,ENTRY
2025-07-23 11:30:00+00:00,2025-07-23 12:00:00+00:00,"AUDUSD,USDCHF,NZDCAD,AUDCAD","GBPJPY,USDCHF,USDJPY",AUDUSD,AUDUSD-07-N1R054E05,ENTRY
2025-07-23 13:30:00+00:00,2025-07-23 14:00:00+00:00,"AUDUSD,USDCHF,NZDCAD,AUDCAD","AUDUSD,USDCHF,USDJPY",NZDCAD,NZDCAD-07-N1R025E10,ENTRY
2025-07-23 15:30:00+00:00,2025-07-23 16:00:00+00:00,"AUDUSD,USDCHF,AUDJPY,NZDCAD","NZDCAD,USDCHF",AUDUSD,AUDUSD-07-N1R054E05,ENTRY
2025-07-24 01:30:00+00:00,2025-07-24 02:00:00+00:00,"AUDUSD,AUDJPY,NZDCAD,AUDCAD","AUDUSD,NZDCAD,USDCHF",AUDJPY,AUDJPY-07-N1R002E06,ENTRY
2025-07-24 05:30:00+00:00,2025-07-24 06:00:00+00:00,"AUDUSD,NZDCAD,AUDCAD,EURAUD","AUDUSD,USDCHF",NZDCAD,NZDCAD-07-N1R025E10,ENTRY
2025-07-24 09:30:00+00:00,2025-07-24 10:00:00+00:00,"AUDUSD,USDCHF,AUDCAD,EURCHF","NZDCAD,USDCHF",AUDUSD,AUDUSD-07-N1R054E05,ENTRY
2025-07-24 11:30:00+00:00,2025-07-24 12:00:00+00:00,"AUDCAD,EURCHF,EURAUD","AUDUSD,NZDCAD",AUDCAD,AUDCAD-07-N1R041E11,ENTRY
2025-07-24 13:30:00+00:00,2025-07-24 14:00:00+00:00,"AUDJPY,AUDCAD,EURCAD,EURCHF","AUDCAD,NZDCAD",AUDJPY,AUDJPY-07-N1R002E06,ENTRY
2025-07-24 15:30:00+00:00,2025-07-24 16:00:00+00:00,"EURNZD,EURCAD,EURUSD,EURCHF","AUDCAD,AUDJPY,NZDCAD",EURNZD,EURNZD-07-R13E2,ENTRY
2025-07-25 01:30:00+00:00,2025-07-25 02:00:00+00:00,EURUSD,AUDCAD,EURUSD,EURUSD-07-N1R005E12,ENTRY
2025-07-25 05:30:00+00:00,2025-07-25 06:00:00+00:00,"GBPUSD,EURCAD",EURUSD,GBPUSD,GBPUSD-07-N1R071E08,ENTRY
2025-07-25 09:30:00+00:00,2025-07-25 10:00:00+00:00,"GBPUSD,EURCAD",EURUSD,GBPUSD,GBPUSD-07-N1R071E08,ENTRY
2025-07-25 11:30:00+00:00,2025-07-25 12:00:00+00:00,GBPUSD,"EURUSD,GBPUSD",,,TOP_FOUR_HELD
2025-07-25 13:30:00+00:00,2025-07-25 14:00:00+00:00,"NZDUSD,GBPUSD",EURUSD,NZDUSD,NZDUSD-07-N1R087E08,ENTRY
2025-07-25 15:30:00+00:00,2025-07-25 16:00:00+00:00,"NZDUSD,NZDCAD,GBPUSD,EURCAD",NZDUSD,NZDCAD,NZDCAD-07-N1R025E10,ENTRY
2025-07-28 01:30:00+00:00,2025-07-28 02:00:00+00:00,AUDCAD,,AUDCAD,AUDCAD-07-N1R041E11,ENTRY
2025-07-28 05:30:00+00:00,2025-07-28 06:00:00+00:00,"NZDUSD,AUDCAD",AUDCAD,NZDUSD,NZDUSD-07-N1R087E08,ENTRY
2025-07-28 09:30:00+00:00,2025-07-28 10:00:00+00:00,"AUDNZD,NZDUSD,USDCAD,GBPUSD",,AUDNZD,AUDNZD-07-N1R135E09,ENTRY
2025-07-28 11:30:00+00:00,2025-07-28 12:00:00+00:00,"NZDUSD,EURCAD",AUDNZD,NZDUSD,NZDUSD-07-N1R087E08,ENTRY
2025-07-28 13:30:00+00:00,2025-07-28 14:00:00+00:00,NZDUSD,"AUDNZD,NZDUSD",,,TOP_FOUR_HELD
2025-07-28 15:30:00+00:00,2025-07-28 16:00:00+00:00,GBPUSD,"AUDNZD,NZDUSD",GBPUSD,GBPUSD-07-N1R071E08,ENTRY
2025-07-29 01:30:00+00:00,2025-07-29 02:00:00+00:00,"EURJPY,GBPUSD,EURGBP,EURAUD",,EURJPY,EURJPY-07-N1R115E03,ENTRY
2025-07-29 05:30:00+00:00,2025-07-29 06:00:00+00:00,"CHFJPY,EURJPY,GBPUSD,EURGBP",,CHFJPY,CHFJPY-07-N1R080E04,ENTRY
2025-07-29 09:30:00+00:00,2025-07-29 10:00:00+00:00,"NZDUSD,EURJPY,GBPUSD,EURGBP",CHFJPY,NZDUSD,NZDUSD-07-N1R087E08,ENTRY
2025-07-29 11:30:00+00:00,2025-07-29 12:00:00+00:00,"GBPJPY,EURNZD,NZDUSD,EURJPY",NZDUSD,GBPJPY,GBPJPY-07-R56E8,ENTRY
2025-07-29 13:30:00+00:00,2025-07-29 14:00:00+00:00,"CHFJPY,NZDUSD,EURJPY,GBPUSD","GBPJPY,NZDUSD",CHFJPY,CHFJPY-07-N1R080E04,ENTRY
2025-07-29 15:30:00+00:00,2025-07-29 16:00:00+00:00,"NZDUSD,GBPUSD,EURAUD","CHFJPY,GBPJPY,NZDUSD",GBPUSD,GBPUSD-07-N1R071E08,ENTRY
2025-07-30 01:30:00+00:00,2025-07-30 02:00:00+00:00,,"CHFJPY,GBPJPY,GBPUSD",,,NO_TRIGGER
2025-07-30 05:30:00+00:00,2025-07-30 06:00:00+00:00,"USDCAD,GBPUSD","CHFJPY,GBPJPY",USDCAD,USDCAD-07-N1R065E06,ENTRY
2025-07-30 09:30:00+00:00,2025-07-30 10:00:00+00:00,"EURNZD,NZDUSD,USDCAD,EURJPY","GBPJPY,USDCAD",EURNZD,EURNZD-07-R13E2,ENTRY
2025-07-30 11:30:00+00:00,2025-07-30 12:00:00+00:00,"GBPJPY,EURNZD,NZDUSD,USDCAD","EURNZD,GBPJPY",NZDUSD,NZDUSD-07-N1R087E08,ENTRY
2025-07-30 13:30:00+00:00,2025-07-30 14:00:00+00:00,"NZDUSD,EURJPY,GBPUSD,EURGBP",,NZDUSD,NZDUSD-07-N1R087E08,ENTRY
2025-07-30 15:30:00+00:00,2025-07-30 16:00:00+00:00,"EURNZD,NZDUSD,GBPUSD,EURAUD",NZDUSD,EURNZD,EURNZD-07-R13E2,ENTRY
2025-07-31 01:30:00+00:00,2025-07-31 02:00:00+00:00,"AUDNZD,EURJPY,EURAUD",,AUDNZD,AUDNZD-07-N1R135E09,ENTRY
2025-07-31 05:30:00+00:00,2025-07-31 06:00:00+00:00,"AUDNZD,EURJPY,EURGBP,EURAUD",,AUDNZD,AUDNZD-07-N1R135E09,ENTRY
2025-07-31 09:30:00+00:00,2025-07-31 10:00:00+00:00,"EURNZD,USDCAD,GBPUSD",,EURNZD,EURNZD-07-R13E2,ENTRY
2025-07-31 11:30:00+00:00,2025-07-31 12:00:00+00:00,"EURNZD,AUDNZD,NZDUSD,USDCAD",EURNZD,AUDNZD,AUDNZD-07-N1R135E09,ENTRY
2025-07-31 13:30:00+00:00,2025-07-31 14:00:00+00:00,"EURNZD,AUDNZD,NZDUSD,GBPUSD","AUDNZD,EURNZD",NZDUSD,NZDUSD-07-N1R087E08,ENTRY
2025-07-31 15:30:00+00:00,2025-07-31 16:00:00+00:00,"EURNZD,NZDUSD,GBPUSD",NZDUSD,EURNZD,EURNZD-07-R13E2,ENTRY
2025-08-01 01:30:00+00:00,2025-08-01 02:00:00+00:00,GBPUSD,NZDUSD,GBPUSD,GBPUSD-08-R45E3,ENTRY
2025-08-01 05:30:00+00:00,2025-08-01 06:00:00+00:00,,GBPUSD,,,NO_TRIGGER
2025-08-01 09:30:00+00:00,2025-08-01 10:00:00+00:00,,GBPUSD,,,NO_TRIGGER
2025-08-01 11:30:00+00:00,2025-08-01 12:00:00+00:00,GBPUSD,,GBPUSD,GBPUSD-08-R45E3,ENTRY
2025-08-01 13:30:00+00:00,2025-08-01 14:00:00+00:00,GBPUSD,,GBPUSD,GBPUSD-08-R45E3,ENTRY
2025-08-01 15:30:00+00:00,2025-08-01 16:00:00+00:00,EURAUD,GBPUSD,EURAUD,EURAUD-08-N1R050E06,ENTRY
2025-08-04 01:30:00+00:00,2025-08-04 02:00:00+00:00,GBPUSD,,GBPUSD,GBPUSD-08-R45E3,ENTRY
2025-08-04 05:30:00+00:00,2025-08-04 06:00:00+00:00,"EURCHF,EURAUD,USDCAD",GBPUSD,EURCHF,EURCHF-08-R41E7,ENTRY
2025-08-04 09:30:00+00:00,2025-08-04 10:00:00+00:00,USDCAD,"EURCHF,GBPUSD",USDCAD,USDCAD-08-N1R123E11,ENTRY
2025-08-04 11:30:00+00:00,2025-08-04 12:00:00+00:00,"EURAUD,USDCAD",USDCAD,EURAUD,EURAUD-08-N1R050E06,ENTRY
2025-08-04 13:30:00+00:00,2025-08-04 14:00:00+00:00,"EURCHF,CHFJPY,USDCAD","EURAUD,USDCAD",EURCHF,EURCHF-08-R41E7,ENTRY
2025-08-04 15:30:00+00:00,2025-08-04 16:00:00+00:00,"CHFJPY,USDCAD","EURAUD,EURCHF,USDCAD",CHFJPY,CHFJPY-08-N1R118E01,ENTRY
2025-08-05 01:30:00+00:00,2025-08-05 02:00:00+00:00,"CHFJPY,USDCAD","EURCHF,USDCAD",CHFJPY,CHFJPY-08-N1R118E01,ENTRY
2025-08-05 05:30:00+00:00,2025-08-05 06:00:00+00:00,USDCAD,"EURCHF,USDCAD",,,TOP_FOUR_HELD
2025-08-05 09:30:00+00:00,2025-08-05 10:00:00+00:00,EURCHF,EURCHF,,,TOP_FOUR_HELD
2025-08-05 11:30:00+00:00,2025-08-05 12:00:00+00:00,"EURCAD,EURCHF,AUDCHF",EURCHF,EURCAD,EURCAD-08-R58E8,ENTRY
2025-08-05 13:30:00+00:00,2025-08-05 14:00:00+00:00,"EURCHF,AUDNZD,AUDCHF","EURCAD,EURCHF",AUDNZD,AUDNZD-08-N1R012E06,ENTRY
2025-08-05 15:30:00+00:00,2025-08-05 16:00:00+00:00,"EURCAD,EURCHF","AUDNZD,EURCAD",EURCHF,EURCHF-08-R41E7,ENTRY
2025-08-06 01:30:00+00:00,2025-08-06 02:00:00+00:00,USDCHF,"EURCAD,EURCHF",USDCHF,USDCHF-08-N1R121E08,ENTRY
2025-08-06 05:30:00+00:00,2025-08-06 06:00:00+00:00,"EURCAD,EURCHF,USDCAD","EURCAD,EURCHF,USDCHF",USDCAD,USDCAD-08-N1R123E11,ENTRY
2025-08-06 09:30:00+00:00,2025-08-06 10:00:00+00:00,"AUDCAD,EURCHF,AUDCHF,USDCAD","EURCAD,EURCHF,USDCAD,USDCHF",AUDCAD,AUDCAD-08-N1R035E05,ENTRY
2025-08-06 11:30:00+00:00,2025-08-06 12:00:00+00:00,"EURUSD,EURCAD,AUDCAD,EURCHF","AUDCAD,EURCAD,EURCHF,USDCAD,USDCHF",EURUSD,EURUSD-08-R60E7,ENTRY
2025-08-06 13:30:00+00:00,2025-08-06 14:00:00+00:00,"EURUSD,EURCHF,NZDUSD,AUDUSD","AUDCAD,EURCHF,EURUSD,USDCAD,USDCHF",NZDUSD,NZDUSD-08-N1R032E03,ENTRY
2025-08-06 15:30:00+00:00,2025-08-06 16:00:00+00:00,"EURCHF,EURJPY,USDCAD","AUDCAD,NZDUSD,USDCAD",EURCHF,EURCHF-08-R41E7,ENTRY
2025-08-07 01:30:00+00:00,2025-08-07 02:00:00+00:00,"EURCHF,EURAUD,EURJPY,USDCAD","AUDCAD,NZDUSD",EURCHF,EURCHF-08-R41E7,ENTRY
2025-08-07 05:30:00+00:00,2025-08-07 06:00:00+00:00,"NZDUSD,EURAUD,AUDCHF,USDCHF","AUDCAD,EURCHF",NZDUSD,NZDUSD-08-N1R032E03,ENTRY
2025-08-07 09:30:00+00:00,2025-08-07 10:00:00+00:00,"EURCHF,AUDCHF,USDCAD",AUDCAD,EURCHF,EURCHF-08-R41E7,ENTRY
2025-08-07 11:30:00+00:00,2025-08-07 12:00:00+00:00,"GBPJPY,EURCHF,USDCAD",EURCHF,GBPJPY,GBPJPY-08-N1R069E03,ENTRY
2025-08-07 13:30:00+00:00,2025-08-07 14:00:00+00:00,"GBPJPY,AUDCAD,EURCHF,AUDCHF","EURCHF,GBPJPY",AUDCAD,AUDCAD-08-N1R035E05,ENTRY
2025-08-07 15:30:00+00:00,2025-08-07 16:00:00+00:00,"EURCHF,USDCAD","AUDCAD,EURCHF,GBPJPY",USDCAD,USDCAD-08-N1R123E11,ENTRY
2025-08-08 01:30:00+00:00,2025-08-08 02:00:00+00:00,AUDCHF,"EURCHF,GBPJPY,USDCAD",AUDCHF,AUDCHF-08-N1R001E12,ENTRY
2025-08-08 05:30:00+00:00,2025-08-08 06:00:00+00:00,"EURCHF,EURGBP,AUDCHF","AUDCHF,EURCHF,GBPJPY,USDCAD",EURGBP,EURGBP-08-N1R090E12,ENTRY
2025-08-08 09:30:00+00:00,2025-08-08 10:00:00+00:00,"EURCHF,EURGBP,AUDCHF,AUDJPY","AUDCHF,EURCHF,EURGBP,USDCAD",AUDJPY,AUDJPY-08-N1R029E11,ENTRY
2025-08-08 11:30:00+00:00,2025-08-08 12:00:00+00:00,"EURCHF,EURGBP,AUDJPY","AUDCHF,AUDJPY,EURGBP,USDCAD",EURCHF,EURCHF-08-R41E7,ENTRY
2025-08-08 13:30:00+00:00,2025-08-08 14:00:00+00:00,"EURCAD,EURCHF,EURGBP,AUDJPY","AUDCHF,AUDJPY,EURCHF,EURGBP,USDCAD",EURCAD,EURCAD-08-R58E8,ENTRY
2025-08-08 15:30:00+00:00,2025-08-08 16:00:00+00:00,"EURCAD,AUDCHF,EURJPY","AUDCHF,AUDJPY,EURCAD,EURCHF,EURGBP,USDCAD",EURJPY,EURJPY-08-N1R019E08,ENTRY
2025-08-11 01:30:00+00:00,2025-08-11 02:00:00+00:00,"EURCHF,EURGBP",,EURCHF,EURCHF-08-R41E7,ENTRY
2025-08-11 05:30:00+00:00,2025-08-11 06:00:00+00:00,,EURCHF,,,NO_TRIGGER
2025-08-11 09:30:00+00:00,2025-08-11 10:00:00+00:00,"EURCHF,EURGBP,AUDCHF",EURCHF,EURGBP,EURGBP-08-N1R090E12,ENTRY
2025-08-11 11:30:00+00:00,2025-08-11 12:00:00+00:00,"GBPJPY,EURGBP,AUDCHF,USDJPY","EURCHF,EURGBP",GBPJPY,GBPJPY-08-N1R069E03,ENTRY
2025-08-11 13:30:00+00:00,2025-08-11 14:00:00+00:00,"CHFJPY,EURGBP,AUDCHF","EURCHF,EURGBP,GBPJPY",CHFJPY,CHFJPY-08-N1R118E01,ENTRY
2025-08-11 15:30:00+00:00,2025-08-11 16:00:00+00:00,"EURCHF,CHFJPY,EURGBP,AUDCHF","EURCHF,EURGBP,GBPJPY",CHFJPY,CHFJPY-08-N1R118E01,ENTRY
2025-08-12 01:30:00+00:00,2025-08-12 02:00:00+00:00,"EURCHF,AUDCHF,EURJPY","EURCHF,EURGBP",AUDCHF,AUDCHF-08-N1R001E12,ENTRY
2025-08-12 05:30:00+00:00,2025-08-12 06:00:00+00:00,"EURCAD,EURJPY,AUDJPY","AUDCHF,EURGBP",EURCAD,EURCAD-08-R58E8,ENTRY
2025-08-12 09:30:00+00:00,2025-08-12 10:00:00+00:00,EURGBP,"AUDCHF,EURCAD,EURGBP",,,TOP_FOUR_HELD
2025-08-12 11:30:00+00:00,2025-08-12 12:00:00+00:00,EURGBP,"AUDCHF,EURCAD",EURGBP,EURGBP-08-N1R090E12,ENTRY
2025-08-12 13:30:00+00:00,2025-08-12 14:00:00+00:00,EURGBP,"AUDCHF,EURCAD,EURGBP",,,TOP_FOUR_HELD
2025-08-12 15:30:00+00:00,2025-08-12 16:00:00+00:00,EURAUD,"AUDCHF,EURCAD,EURGBP",EURAUD,EURAUD-08-N1R050E06,ENTRY
2025-08-13 01:30:00+00:00,2025-08-13 02:00:00+00:00,"AUDCAD,EURCHF,EURAUD,USDCHF","AUDCHF,EURCAD,EURGBP",AUDCAD,AUDCAD-08-N1R035E05,ENTRY
2025-08-13 05:30:00+00:00,2025-08-13 06:00:00+00:00,AUDJPY,"AUDCAD,EURCAD,EURGBP",AUDJPY,AUDJPY-08-N1R029E11,ENTRY
2025-08-13 09:30:00+00:00,2025-08-13 10:00:00+00:00,"AUDCAD,NZDUSD,EURGBP,USDCHF","AUDCAD,AUDJPY,EURGBP",NZDUSD,NZDUSD-08-N1R032E03,ENTRY
2025-08-13 11:30:00+00:00,2025-08-13 12:00:00+00:00,"AUDCAD,EURGBP","AUDCAD,AUDJPY,EURGBP,NZDUSD",,,TOP_FOUR_HELD
2025-08-13 13:30:00+00:00,2025-08-13 14:00:00+00:00,EURGBP,"AUDCAD,AUDJPY",EURGBP,EURGBP-08-N1R090E12,ENTRY
2025-08-13 15:30:00+00:00,2025-08-13 16:00:00+00:00,EURGBP,"AUDCAD,EURGBP",,,TOP_FOUR_HELD
2025-08-14 01:30:00+00:00,2025-08-14 02:00:00+00:00,"NZDUSD,CHFJPY,USDCAD","AUDCAD,EURGBP",NZDUSD,NZDUSD-08-N1R032E03,ENTRY
2025-08-14 05:30:00+00:00,2025-08-14 06:00:00+00:00,"GBPJPY,CHFJPY,USDCAD",EURGBP,GBPJPY,GBPJPY-08-N1R069E03,ENTRY
2025-08-14 09:30:00+00:00,2025-08-14 10:00:00+00:00,EURGBP,"EURGBP,GBPJPY",,,TOP_FOUR_HELD
2025-08-14 11:30:00+00:00,2025-08-14 12:00:00+00:00,"EURCAD,EURGBP","EURGBP,GBPJPY",EURCAD,EURCAD-08-R58E8,ENTRY
2025-08-14 13:30:00+00:00,2025-08-14 14:00:00+00:00,,"EURCAD,EURGBP",,,NO_TRIGGER
2025-08-14 15:30:00+00:00,2025-08-14 16:00:00+00:00,,EURCAD,,,NO_TRIGGER
2025-08-15 01:30:00+00:00,2025-08-15 02:00:00+00:00,EURAUD,EURCAD,EURAUD,EURAUD-08-N1R050E06,ENTRY
2025-08-15 05:30:00+00:00,2025-08-15 06:00:00+00:00,"EURAUD,EURGBP","EURAUD,EURCAD",EURGBP,EURGBP-08-N1R090E12,ENTRY
2025-08-15 09:30:00+00:00,2025-08-15 10:00:00+00:00,"CHFJPY,EURAUD","EURCAD,EURGBP",CHFJPY,CHFJPY-08-N1R118E01,ENTRY
2025-08-15 11:30:00+00:00,2025-08-15 12:00:00+00:00,CHFJPY,"CHFJPY,EURCAD,EURGBP",,,TOP_FOUR_HELD
2025-08-15 13:30:00+00:00,2025-08-15 14:00:00+00:00,CHFJPY,EURGBP,CHFJPY,CHFJPY-08-N1R118E01,ENTRY
2025-08-15 15:30:00+00:00,2025-08-15 16:00:00+00:00,,"CHFJPY,EURGBP",,,NO_TRIGGER
2025-08-18 01:30:00+00:00,2025-08-18 02:00:00+00:00,"EURCHF,EURJPY",,EURCHF,EURCHF-08-R41E7,ENTRY
2025-08-18 05:30:00+00:00,2025-08-18 06:00:00+00:00,EURJPY,EURCHF,EURJPY,EURJPY-08-N1R019E08,ENTRY
2025-08-18 09:30:00+00:00,2025-08-18 10:00:00+00:00,,EURCHF,,,NO_TRIGGER
2025-08-18 11:30:00+00:00,2025-08-18 12:00:00+00:00,,EURCHF,,,NO_TRIGGER
2025-08-18 13:30:00+00:00,2025-08-18 14:00:00+00:00,"GBPJPY,EURCHF",EURCHF,GBPJPY,GBPJPY-08-N1R069E03,ENTRY
2025-08-18 15:30:00+00:00,2025-08-18 16:00:00+00:00,,"EURCHF,GBPJPY",,,NO_TRIGGER
2025-08-19 01:30:00+00:00,2025-08-19 02:00:00+00:00,,EURCHF,,,NO_TRIGGER
2025-08-19 05:30:00+00:00,2025-08-19 06:00:00+00:00,GBPJPY,,GBPJPY,GBPJPY-08-N1R069E03,ENTRY
2025-08-19 09:30:00+00:00,2025-08-19 10:00:00+00:00,"GBPJPY,EURAUD",,GBPJPY,GBPJPY-08-N1R069E03,ENTRY
2025-08-19 11:30:00+00:00,2025-08-19 12:00:00+00:00,"GBPUSD,EURAUD",GBPJPY,GBPUSD,GBPUSD-08-R45E3,ENTRY
2025-08-19 13:30:00+00:00,2025-08-19 14:00:00+00:00,EURAUD,"GBPJPY,GBPUSD",EURAUD,EURAUD-08-N1R050E06,ENTRY
2025-08-19 15:30:00+00:00,2025-08-19 16:00:00+00:00,"GBPUSD,EURAUD",,GBPUSD,GBPUSD-08-R45E3,ENTRY
2025-08-20 01:30:00+00:00,2025-08-20 02:00:00+00:00,EURAUD,GBPUSD,EURAUD,EURAUD-08-N1R050E06,ENTRY
2025-08-20 05:30:00+00:00,2025-08-20 06:00:00+00:00,"NZDCAD,CHFJPY,EURAUD",,NZDCAD,NZDCAD-08-N1R085E12,ENTRY
2025-08-20 09:30:00+00:00,2025-08-20 10:00:00+00:00,"GBPUSD,EURAUD",NZDCAD,GBPUSD,GBPUSD-08-R45E3,ENTRY
2025-08-20 11:30:00+00:00,2025-08-20 12:00:00+00:00,"GBPUSD,EURAUD","GBPUSD,NZDCAD",EURAUD,EURAUD-08-N1R050E06,ENTRY
2025-08-20 13:30:00+00:00,2025-08-20 14:00:00+00:00,"GBPUSD,EURAUD","EURAUD,NZDCAD",GBPUSD,GBPUSD-08-R45E3,ENTRY
2025-08-20 15:30:00+00:00,2025-08-20 16:00:00+00:00,EURAUD,"GBPUSD,NZDCAD",EURAUD,EURAUD-08-N1R050E06,ENTRY
2025-08-21 01:30:00+00:00,2025-08-21 02:00:00+00:00,EURAUD,NZDCAD,EURAUD,EURAUD-08-N1R050E06,ENTRY
2025-08-21 05:30:00+00:00,2025-08-21 06:00:00+00:00,"AUDNZD,EURAUD",NZDCAD,AUDNZD,AUDNZD-08-N1R012E06,ENTRY
2025-08-21 09:30:00+00:00,2025-08-21 10:00:00+00:00,GBPUSD,AUDNZD,GBPUSD,GBPUSD-08-R45E3,ENTRY
2025-08-21 11:30:00+00:00,2025-08-21 12:00:00+00:00,GBPUSD,"AUDNZD,GBPUSD",,,TOP_FOUR_HELD
2025-08-21 13:30:00+00:00,2025-08-21 14:00:00+00:00,GBPUSD,,GBPUSD,GBPUSD-08-R45E3,ENTRY
2025-08-21 15:30:00+00:00,2025-08-21 16:00:00+00:00,,GBPUSD,,,NO_TRIGGER
2025-08-22 01:30:00+00:00,2025-08-22 02:00:00+00:00,AUDNZD,GBPUSD,AUDNZD,AUDNZD-08-N1R012E06,ENTRY
2025-08-22 05:30:00+00:00,2025-08-22 06:00:00+00:00,"AUDNZD,AUDJPY,USDJPY",AUDNZD,AUDJPY,AUDJPY-08-N1R029E11,ENTRY
2025-08-22 09:30:00+00:00,2025-08-22 10:00:00+00:00,,AUDJPY,,,NO_TRIGGER
2025-08-22 11:30:00+00:00,2025-08-22 12:00:00+00:00,,AUDJPY,,,NO_TRIGGER
2025-08-22 13:30:00+00:00,2025-08-22 14:00:00+00:00,GBPUSD,AUDJPY,GBPUSD,GBPUSD-08-R45E3,ENTRY
2025-08-22 15:30:00+00:00,2025-08-22 16:00:00+00:00,"GBPUSD,AUDCHF",AUDJPY,GBPUSD,GBPUSD-08-R45E3,ENTRY
2025-08-25 01:30:00+00:00,2025-08-25 02:00:00+00:00,"AUDCHF,USDCAD,AUDJPY",,AUDCHF,AUDCHF-08-N1R001E12,ENTRY
2025-08-25 05:30:00+00:00,2025-08-25 06:00:00+00:00,"AUDCHF,USDCAD",AUDCHF,USDCAD,USDCAD-08-N1R123E11,ENTRY
2025-08-25 09:30:00+00:00,2025-08-25 10:00:00+00:00,"NZDUSD,USDCAD","AUDCHF,USDCAD",NZDUSD,NZDUSD-08-N1R032E03,ENTRY
2025-08-25 11:30:00+00:00,2025-08-25 12:00:00+00:00,"AUDNZD,AUDCHF,USDCAD","AUDCHF,NZDUSD,USDCAD",AUDNZD,AUDNZD-08-N1R012E06,ENTRY
2025-08-25 13:30:00+00:00,2025-08-25 14:00:00+00:00,"AUDCHF,USDCAD","AUDCHF,AUDNZD,USDCAD",,,TOP_FOUR_HELD
2025-08-25 15:30:00+00:00,2025-08-25 16:00:00+00:00,"AUDCHF,USDCAD","AUDCHF,AUDNZD,USDCAD",,,TOP_FOUR_HELD
2025-08-26 01:30:00+00:00,2025-08-26 02:00:00+00:00,,AUDCHF,,,NO_TRIGGER
2025-08-26 05:30:00+00:00,2025-08-26 06:00:00+00:00,"EURNZD,AUDCHF",,EURNZD,EURNZD-08-N1R135E11,ENTRY
2025-08-26 09:30:00+00:00,2025-08-26 10:00:00+00:00,EURNZD,,EURNZD,EURNZD-08-N1R135E11,ENTRY
2025-08-26 11:30:00+00:00,2025-08-26 12:00:00+00:00,"EURNZD,AUDCHF",EURNZD,AUDCHF,AUDCHF-08-N1R001E12,ENTRY
2025-08-26 13:30:00+00:00,2025-08-26 14:00:00+00:00,EURNZD,"AUDCHF,EURNZD",,,TOP_FOUR_HELD
2025-08-26 15:30:00+00:00,2025-08-26 16:00:00+00:00,,"AUDCHF,EURNZD",,,NO_TRIGGER
2025-08-27 01:30:00+00:00,2025-08-27 02:00:00+00:00,"AUDCHF,USDCAD",AUDCHF,USDCAD,USDCAD-08-N1R123E11,ENTRY
2025-08-27 05:30:00+00:00,2025-08-27 06:00:00+00:00,"USDCAD,AUDJPY","AUDCHF,USDCAD",AUDJPY,AUDJPY-08-N1R029E11,ENTRY
2025-08-27 09:30:00+00:00,2025-08-27 10:00:00+00:00,"EURNZD,NZDCAD,EURGBP","AUDCHF,AUDJPY",EURNZD,EURNZD-08-N1R135E11,ENTRY
2025-08-27 11:30:00+00:00,2025-08-27 12:00:00+00:00,"EURNZD,EURGBP,USDCAD,USDJPY","AUDCHF,AUDJPY,EURNZD",EURGBP,EURGBP-08-N1R090E12,ENTRY
2025-08-27 13:30:00+00:00,2025-08-27 14:00:00+00:00,"EURNZD,EURGBP","AUDJPY,EURGBP,EURNZD",,,TOP_FOUR_HELD
2025-08-27 15:30:00+00:00,2025-08-27 16:00:00+00:00,"EURNZD,EURGBP","AUDJPY,EURGBP,EURNZD",,,TOP_FOUR_HELD
2025-08-28 01:30:00+00:00,2025-08-28 02:00:00+00:00,"AUDNZD,AUDUSD,USDCHF,USDCAD","AUDJPY,EURGBP",AUDNZD,AUDNZD-08-N1R012E06,ENTRY
2025-08-28 05:30:00+00:00,2025-08-28 06:00:00+00:00,"EURNZD,EURGBP,USDCAD","AUDJPY,AUDNZD,EURGBP",EURNZD,EURNZD-08-N1R135E11,ENTRY
2025-08-28 09:30:00+00:00,2025-08-28 10:00:00+00:00,"EURNZD,USDCAD","EURGBP,EURNZD",USDCAD,USDCAD-08-N1R123E11,ENTRY
2025-08-28 11:30:00+00:00,2025-08-28 12:00:00+00:00,"EURUSD,USDCHF,USDCAD","EURGBP,EURNZD,USDCAD",EURUSD,EURUSD-08-R60E7,ENTRY
2025-08-28 13:30:00+00:00,2025-08-28 14:00:00+00:00,"NZDUSD,AUDCHF,USDCAD","EURUSD,USDCAD",NZDUSD,NZDUSD-08-N1R032E03,ENTRY
2025-08-28 15:30:00+00:00,2025-08-28 16:00:00+00:00,USDCAD,"EURUSD,USDCAD",,,TOP_FOUR_HELD
2025-08-29 01:30:00+00:00,2025-08-29 02:00:00+00:00,"AUDCHF,USDCAD",USDCAD,AUDCHF,AUDCHF-08-N1R001E12,ENTRY
2025-08-29 05:30:00+00:00,2025-08-29 06:00:00+00:00,"NZDUSD,CHFJPY,USDCAD,AUDJPY","AUDCHF,USDCAD",NZDUSD,NZDUSD-08-N1R032E03,ENTRY
2025-08-29 09:30:00+00:00,2025-08-29 10:00:00+00:00,USDCAD,"AUDCHF,NZDUSD,USDCAD",,,TOP_FOUR_HELD
2025-08-29 11:30:00+00:00,2025-08-29 12:00:00+00:00,"AUDCHF,USDCAD",AUDCHF,USDCAD,USDCAD-08-N1R123E11,ENTRY
2025-08-29 13:30:00+00:00,2025-08-29 14:00:00+00:00,"EURNZD,EURCHF,AUDCHF,USDCAD",AUDCHF,EURNZD,EURNZD-08-N1R135E11,ENTRY
2025-08-29 15:30:00+00:00,2025-08-29 16:00:00+00:00,"EURUSD,USDCAD",AUDCHF,EURUSD,EURUSD-08-R60E7,ENTRY
2025-09-01 01:30:00+00:00,2025-09-01 02:00:00+00:00,,,,,NO_TRIGGER
2025-09-01 05:30:00+00:00,2025-09-01 06:00:00+00:00,,,,,NO_TRIGGER
2025-09-01 09:30:00+00:00,2025-09-01 10:00:00+00:00,"USDCHF,EURGBP,AUDUSD",,USDCHF,USDCHF-09-N1R102E09,ENTRY
2025-09-01 11:30:00+00:00,2025-09-01 12:00:00+00:00,,USDCHF,,,NO_TRIGGER
2025-09-01 13:30:00+00:00,2025-09-01 14:00:00+00:00,,,,,NO_TRIGGER
2025-09-01 15:30:00+00:00,2025-09-01 16:00:00+00:00,,,,,NO_TRIGGER
2025-09-02 01:30:00+00:00,2025-09-02 02:00:00+00:00,"AUDNZD,AUDUSD",,AUDNZD,AUDNZD-09-R20E8,ENTRY
2025-09-02 05:30:00+00:00,2025-09-02 06:00:00+00:00,,AUDNZD,,,NO_TRIGGER
2025-09-02 09:30:00+00:00,2025-09-02 10:00:00+00:00,"NZDUSD,EURGBP,GBPUSD",AUDNZD,NZDUSD,NZDUSD-09-N1R132E12,ENTRY
2025-09-02 11:30:00+00:00,2025-09-02 12:00:00+00:00,"EURCAD,NZDUSD,GBPUSD","AUDNZD,NZDUSD",EURCAD,EURCAD-09-N1R096E06,ENTRY
2025-09-02 13:30:00+00:00,2025-09-02 14:00:00+00:00,"EURCAD,NZDUSD,GBPUSD","AUDNZD,NZDUSD",EURCAD,EURCAD-09-N1R096E06,ENTRY
2025-09-02 15:30:00+00:00,2025-09-02 16:00:00+00:00,"AUDNZD,NZDUSD,GBPUSD","AUDNZD,NZDUSD",GBPUSD,GBPUSD-09-N1R087E08,ENTRY
2025-09-03 01:30:00+00:00,2025-09-03 02:00:00+00:00,"AUDNZD,NZDUSD,EURGBP,GBPUSD","AUDNZD,GBPUSD,NZDUSD",EURGBP,EURGBP-09-R23E8,ENTRY
2025-09-03 05:30:00+00:00,2025-09-03 06:00:00+00:00,"AUDNZD,GBPJPY,GBPUSD","EURGBP,NZDUSD",AUDNZD,AUDNZD-09-R20E8,ENTRY
2025-09-03 09:30:00+00:00,2025-09-03 10:00:00+00:00,AUDNZD,"AUDNZD,EURGBP,NZDUSD",,,TOP_FOUR_HELD
2025-09-03 11:30:00+00:00,2025-09-03 12:00:00+00:00,AUDNZD,"AUDNZD,EURGBP",,,TOP_FOUR_HELD
2025-09-03 13:30:00+00:00,2025-09-03 14:00:00+00:00,EURNZD,"AUDNZD,EURGBP",EURNZD,EURNZD-09-R05E8,ENTRY
2025-09-03 15:30:00+00:00,2025-09-03 16:00:00+00:00,"CHFJPY,USDCAD","AUDNZD,EURGBP,EURNZD",CHFJPY,CHFJPY-09-R60E8,ENTRY
2025-09-04 01:30:00+00:00,2025-09-04 02:00:00+00:00,GBPUSD,"AUDNZD,CHFJPY,EURGBP",GBPUSD,GBPUSD-09-N1R087E08,ENTRY
2025-09-04 05:30:00+00:00,2025-09-04 06:00:00+00:00,GBPUSD,"AUDNZD,CHFJPY,GBPUSD",,,TOP_FOUR_HELD
2025-09-04 09:30:00+00:00,2025-09-04 10:00:00+00:00,AUDCAD,"CHFJPY,GBPUSD",AUDCAD,AUDCAD-09-N1R067E02,ENTRY
2025-09-04 11:30:00+00:00,2025-09-04 12:00:00+00:00,,"AUDCAD,CHFJPY",,,NO_TRIGGER
2025-09-04 13:30:00+00:00,2025-09-04 14:00:00+00:00,AUDCAD,CHFJPY,AUDCAD,AUDCAD-09-N1R067E02,ENTRY
2025-09-04 15:30:00+00:00,2025-09-04 16:00:00+00:00,AUDCAD,CHFJPY,AUDCAD,AUDCAD-09-N1R067E02,ENTRY
2025-09-05 01:30:00+00:00,2025-09-05 02:00:00+00:00,"EURUSD,EURNZD,NZDUSD",,EURUSD,EURUSD-09-R51E4,ENTRY
2025-09-05 05:30:00+00:00,2025-09-05 06:00:00+00:00,,EURUSD,,,NO_TRIGGER
2025-09-05 09:30:00+00:00,2025-09-05 10:00:00+00:00,"EURAUD,EURNZD",,EURAUD,EURAUD-09-R07E6,ENTRY
2025-09-05 11:30:00+00:00,2025-09-05 12:00:00+00:00,,EURAUD,,,NO_TRIGGER
2025-09-05 13:30:00+00:00,2025-09-05 14:00:00+00:00,"EURNZD,USDCHF",,EURNZD,EURNZD-09-R05E8,ENTRY
2025-09-05 15:30:00+00:00,2025-09-05 16:00:00+00:00,AUDCHF,EURNZD,AUDCHF,AUDCHF-09-N1R135E09,ENTRY
2025-09-08 01:30:00+00:00,2025-09-08 02:00:00+00:00,,,,,NO_TRIGGER
2025-09-08 05:30:00+00:00,2025-09-08 06:00:00+00:00,,,,,NO_TRIGGER
2025-09-08 09:30:00+00:00,2025-09-08 10:00:00+00:00,USDCHF,,USDCHF,USDCHF-09-N1R102E09,ENTRY
2025-09-08 11:30:00+00:00,2025-09-08 12:00:00+00:00,"USDCAD,USDCHF,AUDCHF",USDCHF,USDCAD,USDCAD-09-R55E7,ENTRY
2025-09-08 13:30:00+00:00,2025-09-08 14:00:00+00:00,,USDCAD,,,NO_TRIGGER
2025-09-08 15:30:00+00:00,2025-09-08 16:00:00+00:00,"USDCHF,AUDCHF",USDCAD,USDCHF,USDCHF-09-N1R102E09,ENTRY
2025-09-09 01:30:00+00:00,2025-09-09 02:00:00+00:00,USDJPY,,USDJPY,USDJPY-09-R60E8,ENTRY
2025-09-09 05:30:00+00:00,2025-09-09 06:00:00+00:00,USDJPY,USDJPY,,,TOP_FOUR_HELD
2025-09-09 09:30:00+00:00,2025-09-09 10:00:00+00:00,,USDJPY,,,NO_TRIGGER
2025-09-09 11:30:00+00:00,2025-09-09 12:00:00+00:00,"USDJPY,CHFJPY,EURJPY",USDJPY,CHFJPY,CHFJPY-09-R60E8,ENTRY
2025-09-09 13:30:00+00:00,2025-09-09 14:00:00+00:00,EURJPY,"CHFJPY,USDJPY",EURJPY,EURJPY-09-N1R132E12,ENTRY
2025-09-09 15:30:00+00:00,2025-09-09 16:00:00+00:00,EURJPY,"CHFJPY,EURJPY,USDJPY",,,TOP_FOUR_HELD
2025-09-10 01:30:00+00:00,2025-09-10 02:00:00+00:00,"EURJPY,AUDUSD,GBPJPY,AUDCAD","EURJPY,USDJPY",AUDUSD,AUDUSD-09-N1R065E11,ENTRY
2025-09-10 05:30:00+00:00,2025-09-10 06:00:00+00:00,"USDCAD,EURJPY,AUDUSD","AUDUSD,EURJPY",USDCAD,USDCAD-09-R55E7,ENTRY
2025-09-10 09:30:00+00:00,2025-09-10 10:00:00+00:00,,"AUDUSD,EURJPY,USDCAD",,,NO_TRIGGER
2025-09-10 11:30:00+00:00,2025-09-10 12:00:00+00:00,,"AUDUSD,EURJPY,USDCAD",,,NO_TRIGGER
2025-09-10 13:30:00+00:00,2025-09-10 14:00:00+00:00,AUDNZD,"AUDUSD,EURJPY,USDCAD",AUDNZD,AUDNZD-09-R20E8,ENTRY
2025-09-10 15:30:00+00:00,2025-09-10 16:00:00+00:00,"EURUSD,AUDNZD,AUDUSD","AUDNZD,USDCAD",EURUSD,EURUSD-09-R51E4,ENTRY
2025-09-11 01:30:00+00:00,2025-09-11 02:00:00+00:00,AUDNZD,"AUDNZD,EURUSD,USDCAD",,,TOP_FOUR_HELD
2025-09-11 05:30:00+00:00,2025-09-11 06:00:00+00:00,"AUDNZD,AUDUSD","AUDNZD,EURUSD",AUDUSD,AUDUSD-09-N1R065E11,ENTRY
2025-09-11 09:30:00+00:00,2025-09-11 10:00:00+00:00,"AUDNZD,AUDUSD","AUDNZD,AUDUSD,EURUSD",,,TOP_FOUR_HELD
2025-09-11 11:30:00+00:00,2025-09-11 12:00:00+00:00,AUDNZD,"AUDNZD,AUDUSD,EURUSD",,,TOP_FOUR_HELD
2025-09-11 13:30:00+00:00,2025-09-11 14:00:00+00:00,"USDCAD,AUDUSD","AUDNZD,AUDUSD",USDCAD,USDCAD-09-R55E7,ENTRY
2025-09-11 15:30:00+00:00,2025-09-11 16:00:00+00:00,"USDCAD,AUDNZD,AUDUSD,AUDCAD",USDCAD,AUDNZD,AUDNZD-09-R20E8,ENTRY
2025-09-12 01:30:00+00:00,2025-09-12 02:00:00+00:00,AUDNZD,"AUDNZD,USDCAD",,,TOP_FOUR_HELD
2025-09-12 05:30:00+00:00,2025-09-12 06:00:00+00:00,AUDNZD,"AUDNZD,USDCAD",,,TOP_FOUR_HELD
2025-09-12 09:30:00+00:00,2025-09-12 10:00:00+00:00,,"AUDNZD,USDCAD",,,NO_TRIGGER
2025-09-12 11:30:00+00:00,2025-09-12 12:00:00+00:00,AUDUSD,AUDNZD,AUDUSD,AUDUSD-09-N1R065E11,ENTRY
2025-09-12 13:30:00+00:00,2025-09-12 14:00:00+00:00,AUDUSD,"AUDNZD,AUDUSD",,,TOP_FOUR_HELD
2025-09-12 15:30:00+00:00,2025-09-12 16:00:00+00:00,"AUDNZD,AUDUSD,AUDCAD","AUDNZD,AUDUSD",AUDCAD,AUDCAD-09-N1R067E02,ENTRY
2025-09-15 01:30:00+00:00,2025-09-15 02:00:00+00:00,,,,,NO_TRIGGER
2025-09-15 05:30:00+00:00,2025-09-15 06:00:00+00:00,,,,,NO_TRIGGER
2025-09-15 09:30:00+00:00,2025-09-15 10:00:00+00:00,,,,,NO_TRIGGER
2025-09-15 11:30:00+00:00,2025-09-15 12:00:00+00:00,USDCHF,,USDCHF,USDCHF-09-N1R102E09,ENTRY
2025-09-15 13:30:00+00:00,2025-09-15 14:00:00+00:00,"USDCHF,AUDUSD",USDCHF,AUDUSD,AUDUSD-09-N1R065E11,ENTRY
2025-09-15 15:30:00+00:00,2025-09-15 16:00:00+00:00,USDCHF,"AUDUSD,USDCHF",,,TOP_FOUR_HELD
2025-09-16 01:30:00+00:00,2025-09-16 02:00:00+00:00,,AUDUSD,,,NO_TRIGGER
2025-09-16 05:30:00+00:00,2025-09-16 06:00:00+00:00,"USDJPY,CHFJPY",AUDUSD,USDJPY,USDJPY-09-R60E8,ENTRY
2025-09-16 09:30:00+00:00,2025-09-16 10:00:00+00:00,USDCHF,"AUDUSD,USDJPY",USDCHF,USDCHF-09-N1R102E09,ENTRY
2025-09-16 11:30:00+00:00,2025-09-16 12:00:00+00:00,"USDCHF,EURGBP,AUDUSD","AUDUSD,USDCHF,USDJPY",EURGBP,EURGBP-09-R23E8,ENTRY
2025-09-16 13:30:00+00:00,2025-09-16 14:00:00+00:00,AUDUSD,"AUDUSD,EURGBP,USDCHF,USDJPY",,,TOP_FOUR_HELD
2025-09-16 15:30:00+00:00,2025-09-16 16:00:00+00:00,EURGBP,"EURGBP,USDJPY",,,TOP_FOUR_HELD
2025-09-17 01:30:00+00:00,2025-09-17 02:00:00+00:00,EURGBP,"EURGBP,USDJPY",,,TOP_FOUR_HELD
2025-09-17 05:30:00+00:00,2025-09-17 06:00:00+00:00,"USDJPY,AUDJPY,GBPJPY","EURGBP,USDJPY",AUDJPY,AUDJPY-09-N1R075E04,ENTRY
2025-09-17 09:30:00+00:00,2025-09-17 10:00:00+00:00,"USDJPY,AUDJPY,AUDUSD,GBPJPY","AUDJPY,EURGBP",USDJPY,USDJPY-09-R60E8,ENTRY
2025-09-17 11:30:00+00:00,2025-09-17 12:00:00+00:00,"USDJPY,CHFJPY,EURNZD,AUDJPY","EURGBP,USDJPY",CHFJPY,CHFJPY-09-R60E8,ENTRY
2025-09-17 13:30:00+00:00,2025-09-17 14:00:00+00:00,"EURAUD,EURNZD,AUDUSD","CHFJPY,USDJPY",EURAUD,EURAUD-09-R07E6,ENTRY
2025-09-17 15:30:00+00:00,2025-09-17 16:00:00+00:00,"AUDJPY,AUDUSD","CHFJPY,EURAUD,USDJPY",AUDJPY,AUDJPY-09-N1R075E04,ENTRY
2025-09-18 01:30:00+00:00,2025-09-18 02:00:00+00:00,"AUDNZD,NZDUSD,EURGBP",CHFJPY,AUDNZD,AUDNZD-09-R20E8,ENTRY
2025-09-18 05:30:00+00:00,2025-09-18 06:00:00+00:00,"AUDNZD,NZDUSD","AUDNZD,CHFJPY",NZDUSD,NZDUSD-09-N1R132E12,ENTRY
2025-09-18 09:30:00+00:00,2025-09-18 10:00:00+00:00,"AUDNZD,NZDUSD","AUDNZD,CHFJPY,NZDUSD",,,TOP_FOUR_HELD
2025-09-18 11:30:00+00:00,2025-09-18 12:00:00+00:00,"EURAUD,AUDNZD,NZDUSD","AUDNZD,NZDUSD",EURAUD,EURAUD-09-R07E6,ENTRY
2025-09-18 13:30:00+00:00,2025-09-18 14:00:00+00:00,"AUDNZD,NZDUSD","AUDNZD,EURAUD,NZDUSD",,,TOP_FOUR_HELD
2025-09-18 15:30:00+00:00,2025-09-18 16:00:00+00:00,"NZDUSD,GBPUSD","AUDNZD,EURAUD,NZDUSD",GBPUSD,GBPUSD-09-N1R087E08,ENTRY
2025-09-19 01:30:00+00:00,2025-09-19 02:00:00+00:00,"EURGBP,GBPUSD","AUDNZD,GBPUSD,NZDUSD",EURGBP,EURGBP-09-R23E8,ENTRY
2025-09-19 05:30:00+00:00,2025-09-19 06:00:00+00:00,"CHFJPY,AUDJPY,NZDUSD,GBPUSD","EURGBP,NZDUSD",CHFJPY,CHFJPY-09-R60E8,ENTRY
2025-09-19 09:30:00+00:00,2025-09-19 10:00:00+00:00,"EURAUD,CHFJPY,EURNZD,EURGBP","CHFJPY,EURGBP",EURAUD,EURAUD-09-R07E6,ENTRY
2025-09-19 11:30:00+00:00,2025-09-19 12:00:00+00:00,"EURAUD,EURNZD,NZDUSD,GBPUSD","CHFJPY,EURAUD,EURGBP",EURNZD,EURNZD-09-R05E8,ENTRY
2025-09-19 13:30:00+00:00,2025-09-19 14:00:00+00:00,"EURCAD,AUDJPY,AUDCHF,NZDUSD","CHFJPY,EURAUD,EURGBP,EURNZD",EURCAD,EURCAD-09-N1R096E06,ENTRY
2025-09-19 15:30:00+00:00,2025-09-19 16:00:00+00:00,"USDCAD,EURCAD,AUDJPY,AUDCHF","CHFJPY,EURAUD,EURGBP,EURNZD",USDCAD,USDCAD-09-R55E7,ENTRY
2025-09-22 01:30:00+00:00,2025-09-22 02:00:00+00:00,"NZDUSD,GBPUSD",,NZDUSD,NZDUSD-09-N1R132E12,ENTRY
2025-09-22 05:30:00+00:00,2025-09-22 06:00:00+00:00,"EURAUD,EURNZD,NZDUSD,EURGBP",NZDUSD,EURAUD,EURAUD-09-R07E6,ENTRY
2025-09-22 09:30:00+00:00,2025-09-22 10:00:00+00:00,"AUDJPY,GBPJPY",NZDUSD,AUDJPY,AUDJPY-09-N1R075E04,ENTRY
2025-09-22 11:30:00+00:00,2025-09-22 12:00:00+00:00,EURGBP,"AUDJPY,NZDUSD",EURGBP,EURGBP-09-R23E8,ENTRY
2025-09-22 13:30:00+00:00,2025-09-22 14:00:00+00:00,"USDCAD,GBPJPY","AUDJPY,EURGBP,NZDUSD",USDCAD,USDCAD-09-R55E7,ENTRY
2025-09-22 15:30:00+00:00,2025-09-22 16:00:00+00:00,"AUDJPY,GBPJPY","AUDJPY,EURGBP,NZDUSD,USDCAD",GBPJPY,GBPJPY-09-N1R071E02,ENTRY
2025-09-23 01:30:00+00:00,2025-09-23 02:00:00+00:00,"NZDCAD,GBPUSD","AUDJPY,EURGBP,GBPJPY,NZDUSD,USDCAD",NZDCAD,NZDCAD-09-N1R140E07,ENTRY
2025-09-23 05:30:00+00:00,2025-09-23 06:00:00+00:00,GBPUSD,"EURGBP,NZDCAD,USDCAD",GBPUSD,GBPUSD-09-N1R087E08,ENTRY
2025-09-23 09:30:00+00:00,2025-09-23 10:00:00+00:00,"EURAUD,EURNZD,EURGBP,GBPJPY",EURGBP,EURAUD,EURAUD-09-R07E6,ENTRY
2025-09-23 11:30:00+00:00,2025-09-23 12:00:00+00:00,"EURAUD,USDCAD,EURNZD,EURGBP",EURGBP,EURAUD,EURAUD-09-R07E6,ENTRY
2025-09-23 13:30:00+00:00,2025-09-23 14:00:00+00:00,"USDCAD,EURNZD,AUDCHF",EURAUD,USDCAD,USDCAD-09-R55E7,ENTRY
2025-09-23 15:30:00+00:00,2025-09-23 16:00:00+00:00,"AUDJPY,AUDCHF,AUDNZD","EURAUD,USDCAD",AUDJPY,AUDJPY-09-N1R075E04,ENTRY
2025-09-24 01:30:00+00:00,2025-09-24 02:00:00+00:00,,USDCAD,,,NO_TRIGGER
2025-09-24 05:30:00+00:00,2025-09-24 06:00:00+00:00,"AUDNZD,EURGBP,GBPUSD",USDCAD,AUDNZD,AUDNZD-09-R20E8,ENTRY
2025-09-24 09:30:00+00:00,2025-09-24 10:00:00+00:00,"EURNZD,GBPUSD",AUDNZD,EURNZD,EURNZD-09-R05E8,ENTRY
2025-09-24 11:30:00+00:00,2025-09-24 12:00:00+00:00,"EURNZD,GBPUSD","AUDNZD,EURNZD",GBPUSD,GBPUSD-09-N1R087E08,ENTRY
2025-09-24 13:30:00+00:00,2025-09-24 14:00:00+00:00,"GBPUSD,EURCHF","AUDNZD,EURNZD,GBPUSD",EURCHF,EURCHF-09-N1R086E04,ENTRY
2025-09-24 15:30:00+00:00,2025-09-24 16:00:00+00:00,"AUDNZD,NZDUSD,GBPUSD","AUDNZD,EURCHF,EURNZD",NZDUSD,NZDUSD-09-N1R132E12,ENTRY
2025-09-25 01:30:00+00:00,2025-09-25 02:00:00+00:00,"AUDNZD,NZDUSD,AUDCAD","AUDNZD,EURNZD,NZDUSD",AUDCAD,AUDCAD-09-N1R067E02,ENTRY
2025-09-25 05:30:00+00:00,2025-09-25 06:00:00+00:00,"AUDNZD,NZDUSD","AUDCAD,AUDNZD,EURNZD,NZDUSD",,,TOP_FOUR_HELD
2025-09-25 09:30:00+00:00,2025-09-25 10:00:00+00:00,"EURNZD,EURGBP,GBPUSD","AUDCAD,EURNZD,NZDUSD",EURGBP,EURGBP-09-R23E8,ENTRY
2025-09-25 11:30:00+00:00,2025-09-25 12:00:00+00:00,"EURUSD,GBPUSD","EURGBP,NZDUSD",EURUSD,EURUSD-09-R51E4,ENTRY
2025-09-25 13:30:00+00:00,2025-09-25 14:00:00+00:00,"CHFJPY,NZDUSD,GBPUSD","EURGBP,NZDUSD",CHFJPY,CHFJPY-09-R60E8,ENTRY
2025-09-25 15:30:00+00:00,2025-09-25 16:00:00+00:00,"NZDCAD,EURCAD,AUDNZD,NZDUSD","CHFJPY,EURGBP,NZDUSD",NZDCAD,NZDCAD-09-N1R140E07,ENTRY
2025-09-26 01:30:00+00:00,2025-09-26 02:00:00+00:00,"NZDUSD,EURGBP","CHFJPY,EURGBP,NZDCAD",NZDUSD,NZDUSD-09-N1R132E12,ENTRY
2025-09-26 05:30:00+00:00,2025-09-26 06:00:00+00:00,NZDUSD,"CHFJPY,EURGBP,NZDUSD",,,TOP_FOUR_HELD
2025-09-26 09:30:00+00:00,2025-09-26 10:00:00+00:00,NZDUSD,"CHFJPY,EURGBP,NZDUSD",,,TOP_FOUR_HELD
2025-09-26 11:30:00+00:00,2025-09-26 12:00:00+00:00,"NZDUSD,GBPUSD","CHFJPY,NZDUSD",GBPUSD,GBPUSD-09-N1R087E08,ENTRY
2025-09-26 13:30:00+00:00,2025-09-26 14:00:00+00:00,"EURAUD,USDCAD,NZDUSD,GBPUSD","CHFJPY,NZDUSD",EURAUD,EURAUD-09-R07E6,ENTRY
2025-09-26 15:30:00+00:00,2025-09-26 16:00:00+00:00,,"EURAUD,NZDUSD",,,NO_TRIGGER
2025-09-29 01:30:00+00:00,2025-09-29 02:00:00+00:00,"USDCAD,AUDNZD",,USDCAD,USDCAD-09-R55E7,ENTRY
2025-09-29 05:30:00+00:00,2025-09-29 06:00:00+00:00,"EURAUD,EURNZD,AUDNZD",USDCAD,EURAUD,EURAUD-09-R07E6,ENTRY
2025-09-29 09:30:00+00:00,2025-09-29 10:00:00+00:00,"USDJPY,EURNZD,AUDJPY,AUDCHF","EURAUD,USDCAD",USDJPY,USDJPY-09-R60E8,ENTRY
2025-09-29 11:30:00+00:00,2025-09-29 12:00:00+00:00,"USDJPY,EURJPY","EURAUD,USDCAD,USDJPY",EURJPY,EURJPY-09-N1R132E12,ENTRY
2025-09-29 13:30:00+00:00,2025-09-29 14:00:00+00:00,USDJPY,"EURJPY,USDCAD,USDJPY",,,TOP_FOUR_HELD
2025-09-29 15:30:00+00:00,2025-09-29 16:00:00+00:00,"EURAUD,USDCAD,GBPJPY","EURJPY,USDCAD,USDJPY",EURAUD,EURAUD-09-R07E6,ENTRY
2025-09-30 01:30:00+00:00,2025-09-30 02:00:00+00:00,EURNZD,"EURJPY,USDCAD,USDJPY",EURNZD,EURNZD-09-R05E8,ENTRY
2025-09-30 05:30:00+00:00,2025-09-30 06:00:00+00:00,"EURNZD,AUDNZD,AUDUSD,GBPJPY","EURJPY,EURNZD,USDJPY",AUDNZD,AUDNZD-09-R20E8,ENTRY
2025-09-30 09:30:00+00:00,2025-09-30 10:00:00+00:00,"USDCHF,AUDNZD,GBPJPY","AUDNZD,EURNZD,USDJPY",USDCHF,USDCHF-09-N1R102E09,ENTRY
2025-09-30 11:30:00+00:00,2025-09-30 12:00:00+00:00,"USDJPY,AUDNZD,EURGBP,GBPJPY","AUDNZD,EURNZD,USDCHF",USDJPY,USDJPY-09-R60E8,ENTRY
2025-09-30 13:30:00+00:00,2025-09-30 14:00:00+00:00,"USDJPY,EURJPY,GBPJPY","AUDNZD,EURNZD,USDJPY",EURJPY,EURJPY-09-N1R132E12,ENTRY
2025-09-30 15:30:00+00:00,2025-09-30 16:00:00+00:00,"EURJPY,GBPJPY","AUDNZD,EURJPY,EURNZD,USDJPY",GBPJPY,GBPJPY-09-N1R071E02,ENTRY
2025-10-01 01:30:00+00:00,2025-10-01 02:00:00+00:00,"EURJPY,AUDCAD","AUDNZD,EURNZD,USDJPY",EURJPY,EURJPY-10-N1R107E01,ENTRY
2025-10-01 05:30:00+00:00,2025-10-01 06:00:00+00:00,,"AUDNZD,USDJPY",,,NO_TRIGGER
2025-10-01 09:30:00+00:00,2025-10-01 10:00:00+00:00,EURJPY,,EURJPY,EURJPY-10-N1R107E01,ENTRY
2025-10-01 11:30:00+00:00,2025-10-01 12:00:00+00:00,"EURJPY,USDCAD",,EURJPY,EURJPY-10-N1R107E01,ENTRY
2025-10-01 13:30:00+00:00,2025-10-01 14:00:00+00:00,EURJPY,,EURJPY,EURJPY-10-N1R107E01,ENTRY
2025-10-01 15:30:00+00:00,2025-10-01 16:00:00+00:00,EURJPY,,EURJPY,EURJPY-10-N1R107E01,ENTRY
2025-10-02 01:30:00+00:00,2025-10-02 02:00:00+00:00,,,,,NO_TRIGGER
2025-10-02 05:30:00+00:00,2025-10-02 06:00:00+00:00,"AUDCAD,USDCAD",,AUDCAD,AUDCAD-10-N1R058E03,ENTRY
2025-10-02 09:30:00+00:00,2025-10-02 10:00:00+00:00,,AUDCAD,,,NO_TRIGGER
2025-10-02 11:30:00+00:00,2025-10-02 12:00:00+00:00,,AUDCAD,,,NO_TRIGGER
2025-10-02 13:30:00+00:00,2025-10-02 14:00:00+00:00,USDCAD,,USDCAD,USDCAD-10-N1R008E12,ENTRY
2025-10-02 15:30:00+00:00,2025-10-02 16:00:00+00:00,"EURJPY,USDCAD",USDCAD,EURJPY,EURJPY-10-N1R107E01,ENTRY
2025-10-03 01:30:00+00:00,2025-10-03 02:00:00+00:00,USDCHF,USDCAD,USDCHF,USDCHF-10-R56E7,ENTRY
2025-10-03 05:30:00+00:00,2025-10-03 06:00:00+00:00,"EURUSD,USDCHF","USDCAD,USDCHF",EURUSD,EURUSD-10-R32E3,ENTRY
2025-10-03 09:30:00+00:00,2025-10-03 10:00:00+00:00,,"USDCAD,USDCHF",,,NO_TRIGGER
2025-10-03 11:30:00+00:00,2025-10-03 12:00:00+00:00,USDCAD,"USDCAD,USDCHF",,,TOP_FOUR_HELD
2025-10-03 13:30:00+00:00,2025-10-03 14:00:00+00:00,,"USDCAD,USDCHF",,,NO_TRIGGER
2025-10-03 15:30:00+00:00,2025-10-03 16:00:00+00:00,EURGBP,USDCHF,EURGBP,EURGBP-10-R22E8,ENTRY
2025-10-06 01:30:00+00:00,2025-10-06 02:00:00+00:00,,,,,NO_TRIGGER
2025-10-06 05:30:00+00:00,2025-10-06 06:00:00+00:00,,,,,NO_TRIGGER
2025-10-06 09:30:00+00:00,2025-10-06 10:00:00+00:00,EURCAD,,EURCAD,EURCAD-10-R29E8,ENTRY
2025-10-06 11:30:00+00:00,2025-10-06 12:00:00+00:00,EURCAD,EURCAD,,,TOP_FOUR_HELD
2025-10-06 13:30:00+00:00,2025-10-06 14:00:00+00:00,AUDNZD,EURCAD,AUDNZD,AUDNZD-10-N1R079E09,ENTRY
2025-10-06 15:30:00+00:00,2025-10-06 16:00:00+00:00,EURUSD,"AUDNZD,EURCAD",EURUSD,EURUSD-10-R32E3,ENTRY
2025-10-07 01:30:00+00:00,2025-10-07 02:00:00+00:00,,"EURCAD,EURUSD",,,NO_TRIGGER
2025-10-07 05:30:00+00:00,2025-10-07 06:00:00+00:00,"EURUSD,EURCAD","EURCAD,EURUSD",,,TOP_FOUR_HELD
2025-10-07 09:30:00+00:00,2025-10-07 10:00:00+00:00,,EURCAD,,,NO_TRIGGER
2025-10-07 11:30:00+00:00,2025-10-07 12:00:00+00:00,"NZDUSD,EURCAD",,NZDUSD,NZDUSD-10-R37E7,ENTRY
2025-10-07 13:30:00+00:00,2025-10-07 14:00:00+00:00,"EURUSD,NZDUSD,EURCAD,GBPUSD",NZDUSD,EURUSD,EURUSD-10-R32E3,ENTRY
2025-10-07 15:30:00+00:00,2025-10-07 16:00:00+00:00,"EURUSD,NZDUSD,EURCAD","EURUSD,NZDUSD",EURCAD,EURCAD-10-R29E8,ENTRY
2025-10-08 01:30:00+00:00,2025-10-08 02:00:00+00:00,"EURUSD,GBPUSD",EURCAD,EURUSD,EURUSD-10-R32E3,ENTRY
2025-10-08 05:30:00+00:00,2025-10-08 06:00:00+00:00,"EURUSD,NZDUSD,EURCAD","EURCAD,EURUSD",NZDUSD,NZDUSD-10-R37E7,ENTRY
2025-10-08 09:30:00+00:00,2025-10-08 10:00:00+00:00,NZDUSD,"EURCAD,EURUSD,NZDUSD",,,TOP_FOUR_HELD
2025-10-08 11:30:00+00:00,2025-10-08 12:00:00+00:00,"NZDCAD,NZDUSD","EURCAD,EURUSD",NZDCAD,NZDCAD-10-R13E4,ENTRY
2025-10-08 13:30:00+00:00,2025-10-08 14:00:00+00:00,NZDCAD,"EURCAD,EURUSD,NZDCAD",,,TOP_FOUR_HELD
2025-10-08 15:30:00+00:00,2025-10-08 16:00:00+00:00,"NZDCAD,NZDUSD","EURCAD,NZDCAD",NZDUSD,NZDUSD-10-R37E7,ENTRY
2025-10-09 01:30:00+00:00,2025-10-09 02:00:00+00:00,"NZDCAD,NZDUSD","NZDCAD,NZDUSD",,,TOP_FOUR_HELD
2025-10-09 05:30:00+00:00,2025-10-09 06:00:00+00:00,"USDCHF,USDJPY","NZDCAD,NZDUSD",USDCHF,USDCHF-10-R56E7,ENTRY
2025-10-09 09:30:00+00:00,2025-10-09 10:00:00+00:00,"EURCAD,GBPUSD","NZDCAD,NZDUSD,USDCHF",EURCAD,EURCAD-10-R29E8,ENTRY
2025-10-09 11:30:00+00:00,2025-10-09 12:00:00+00:00,"NZDUSD,EURCAD,USDJPY","EURCAD,NZDCAD,NZDUSD,USDCHF",USDJPY,USDJPY-10-R54E8,ENTRY
2025-10-09 13:30:00+00:00,2025-10-09 14:00:00+00:00,"EURUSD,EURCAD,AUDCAD","EURCAD,NZDUSD,USDCHF,USDJPY",EURUSD,EURUSD-10-R32E3,ENTRY
2025-10-09 15:30:00+00:00,2025-10-09 16:00:00+00:00,GBPJPY,"EURCAD,NZDUSD,USDJPY",GBPJPY,GBPJPY-10-R53E3,ENTRY
2025-10-10 01:30:00+00:00,2025-10-10 02:00:00+00:00,"NZDCAD,EURUSD,USDJPY","EURCAD,GBPJPY,USDJPY",NZDCAD,NZDCAD-10-R13E4,ENTRY
2025-10-10 05:30:00+00:00,2025-10-10 06:00:00+00:00,"AUDJPY,NZDCAD,EURUSD,USDJPY","EURCAD,GBPJPY,NZDCAD,USDJPY",AUDJPY,AUDJPY-10-R22E5,ENTRY
2025-10-10 09:30:00+00:00,2025-10-10 10:00:00+00:00,EURUSD,"EURCAD,NZDCAD,USDJPY",EURUSD,EURUSD-10-R32E3,ENTRY
2025-10-10 11:30:00+00:00,2025-10-10 12:00:00+00:00,"EURUSD,NZDUSD,GBPUSD","EURUSD,NZDCAD,USDJPY",NZDUSD,NZDUSD-10-R37E7,ENTRY
2025-10-10 13:30:00+00:00,2025-10-10 14:00:00+00:00,"EURUSD,NZDUSD,EURJPY","EURUSD,NZDCAD,NZDUSD",EURJPY,EURJPY-10-N1R107E01,ENTRY
2025-10-10 15:30:00+00:00,2025-10-10 16:00:00+00:00,"EURNZD,AUDUSD,EURCAD,EURJPY","EURJPY,EURUSD,NZDCAD,NZDUSD",EURNZD,EURNZD-10-R61E5,ENTRY
2025-10-13 01:30:00+00:00,2025-10-13 02:00:00+00:00,EURJPY,,EURJPY,EURJPY-10-N1R107E01,ENTRY
2025-10-13 05:30:00+00:00,2025-10-13 06:00:00+00:00,NZDUSD,EURJPY,NZDUSD,NZDUSD-10-R37E7,ENTRY
2025-10-13 09:30:00+00:00,2025-10-13 10:00:00+00:00,"EURAUD,GBPUSD",NZDUSD,EURAUD,EURAUD-10-R05E8,ENTRY
2025-10-13 11:30:00+00:00,2025-10-13 12:00:00+00:00,"EURAUD,NZDUSD","EURAUD,NZDUSD",,,TOP_FOUR_HELD
2025-10-13 13:30:00+00:00,2025-10-13 14:00:00+00:00,"EURAUD,NZDUSD,USDCAD","EURAUD,NZDUSD",USDCAD,USDCAD-10-N1R008E12,ENTRY
2025-10-13 15:30:00+00:00,2025-10-13 16:00:00+00:00,"NZDCAD,EURAUD,NZDUSD,EURJPY","EURAUD,NZDUSD,USDCAD",NZDCAD,NZDCAD-10-R13E4,ENTRY
2025-10-14 01:30:00+00:00,2025-10-14 02:00:00+00:00,"EURUSD,EURAUD,USDCHF,USDCAD","EURAUD,NZDCAD,NZDUSD,USDCAD",EURUSD,EURUSD-10-R32E3,ENTRY
2025-10-14 05:30:00+00:00,2025-10-14 06:00:00+00:00,"EURNZD,AUDUSD,EURUSD,NZDUSD",USDCAD,EURNZD,EURNZD-10-R61E5,ENTRY
2025-10-14 09:30:00+00:00,2025-10-14 10:00:00+00:00,"AUDUSD,NZDUSD,EURJPY,USDCAD","EURNZD,USDCAD",AUDUSD,AUDUSD-10-N1R085E10,ENTRY
2025-10-14 11:30:00+00:00,2025-10-14 12:00:00+00:00,"EURUSD,EURJPY,USDCAD,AUDNZD","AUDUSD,EURNZD",EURUSD,EURUSD-10-R32E3,ENTRY
2025-10-14 13:30:00+00:00,2025-10-14 14:00:00+00:00,EURJPY,"AUDUSD,EURNZD,EURUSD",EURJPY,EURJPY-10-N1R107E01,ENTRY
2025-10-14 15:30:00+00:00,2025-10-14 16:00:00+00:00,"NZDCAD,NZDUSD,EURJPY",EURNZD,NZDCAD,NZDCAD-10-R13E4,ENTRY
2025-10-15 01:30:00+00:00,2025-10-15 02:00:00+00:00,EURAUD,"EURNZD,NZDCAD",EURAUD,EURAUD-10-R05E8,ENTRY
2025-10-15 05:30:00+00:00,2025-10-15 06:00:00+00:00,"EURAUD,NZDUSD,EURJPY","EURAUD,EURNZD,NZDCAD",NZDUSD,NZDUSD-10-R37E7,ENTRY
2025-10-15 09:30:00+00:00,2025-10-15 10:00:00+00:00,"EURAUD,NZDUSD,EURJPY,USDCAD","EURAUD,NZDCAD,NZDUSD",EURJPY,EURJPY-10-N1R107E01,ENTRY
2025-10-15 11:30:00+00:00,2025-10-15 12:00:00+00:00,"EURAUD,EURJPY","EURAUD,EURJPY,NZDCAD,NZDUSD",,,TOP_FOUR_HELD
2025-10-15 13:30:00+00:00,2025-10-15 14:00:00+00:00,"NZDUSD,AUDCHF,USDCAD","EURAUD,EURJPY,NZDCAD,NZDUSD",AUDCHF,AUDCHF-10-N1R082E03,ENTRY
2025-10-15 15:30:00+00:00,2025-10-15 16:00:00+00:00,"EURAUD,EURCHF,AUDCHF","AUDCHF,EURAUD,NZDCAD,NZDUSD",EURCHF,EURCHF-10-N1R139E10,ENTRY
2025-10-16 01:30:00+00:00,2025-10-16 02:00:00+00:00,EURJPY,"EURCHF,NZDUSD",EURJPY,EURJPY-10-N1R107E01,ENTRY
2025-10-16 05:30:00+00:00,2025-10-16 06:00:00+00:00,,,,,NO_TRIGGER
2025-10-16 09:30:00+00:00,2025-10-16 10:00:00+00:00,,,,,NO_TRIGGER
2025-10-16 11:30:00+00:00,2025-10-16 12:00:00+00:00,EURAUD,,EURAUD,EURAUD-10-R05E8,ENTRY
2025-10-16 13:30:00+00:00,2025-10-16 14:00:00+00:00,USDCAD,EURAUD,USDCAD,USDCAD-10-N1R008E12,ENTRY
2025-10-16 15:30:00+00:00,2025-10-16 16:00:00+00:00,"GBPJPY,EURCHF","EURAUD,USDCAD",GBPJPY,GBPJPY-10-R53E3,ENTRY
2025-10-17 01:30:00+00:00,2025-10-17 02:00:00+00:00,EURJPY,USDCAD,EURJPY,EURJPY-10-N1R107E01,ENTRY
2025-10-17 05:30:00+00:00,2025-10-17 06:00:00+00:00,"EURJPY,AUDNZD",USDCAD,EURJPY,EURJPY-10-N1R107E01,ENTRY
2025-10-17 09:30:00+00:00,2025-10-17 10:00:00+00:00,"EURJPY,USDCAD",USDCAD,EURJPY,EURJPY-10-N1R107E01,ENTRY
2025-10-17 11:30:00+00:00,2025-10-17 12:00:00+00:00,"EURAUD,EURJPY",USDCAD,EURAUD,EURAUD-10-R05E8,ENTRY
2025-10-17 13:30:00+00:00,2025-10-17 14:00:00+00:00,"EURAUD,EURJPY","EURAUD,USDCAD",EURJPY,EURJPY-10-N1R107E01,ENTRY
2025-10-17 15:30:00+00:00,2025-10-17 16:00:00+00:00,"EURAUD,EURJPY","EURAUD,EURJPY",,,TOP_FOUR_HELD
2025-10-20 01:30:00+00:00,2025-10-20 02:00:00+00:00,,,,,NO_TRIGGER
2025-10-20 05:30:00+00:00,2025-10-20 06:00:00+00:00,,,,,NO_TRIGGER
2025-10-20 09:30:00+00:00,2025-10-20 10:00:00+00:00,"EURCHF,AUDCHF",,EURCHF,EURCHF-10-N1R139E10,ENTRY
2025-10-20 11:30:00+00:00,2025-10-20 12:00:00+00:00,,EURCHF,,,NO_TRIGGER
2025-10-20 13:30:00+00:00,2025-10-20 14:00:00+00:00,EURJPY,EURCHF,EURJPY,EURJPY-10-N1R107E01,ENTRY
2025-10-20 15:30:00+00:00,2025-10-20 16:00:00+00:00,"EURUSD,EURCAD,EURJPY,AUDCAD",EURJPY,EURUSD,EURUSD-10-R32E3,ENTRY
2025-10-21 01:30:00+00:00,2025-10-21 02:00:00+00:00,"EURUSD,EURJPY,AUDCAD",EURUSD,EURJPY,EURJPY-10-N1R107E01,ENTRY
2025-10-21 05:30:00+00:00,2025-10-21 06:00:00+00:00,"EURUSD,USDCAD",,EURUSD,EURUSD-10-R32E3,ENTRY
2025-10-21 09:30:00+00:00,2025-10-21 10:00:00+00:00,"EURUSD,USDCAD",EURUSD,USDCAD,USDCAD-10-N1R008E12,ENTRY
2025-10-21 11:30:00+00:00,2025-10-21 12:00:00+00:00,"EURUSD,NZDUSD",USDCAD,EURUSD,EURUSD-10-R32E3,ENTRY
2025-10-21 13:30:00+00:00,2025-10-21 14:00:00+00:00,"EURUSD,NZDUSD",EURUSD,NZDUSD,NZDUSD-10-R37E7,ENTRY
2025-10-21 15:30:00+00:00,2025-10-21 16:00:00+00:00,EURUSD,"EURUSD,NZDUSD",,,TOP_FOUR_HELD
2025-10-22 01:30:00+00:00,2025-10-22 02:00:00+00:00,"CHFJPY,EURUSD",EURUSD,CHFJPY,CHFJPY-10-R53E8,ENTRY
2025-10-22 05:30:00+00:00,2025-10-22 06:00:00+00:00,"EURUSD,USDCHF,EURCAD,USDJPY","CHFJPY,EURUSD",USDCHF,USDCHF-10-R56E7,ENTRY
2025-10-22 09:30:00+00:00,2025-10-22 10:00:00+00:00,"GBPJPY,EURUSD,USDCHF,EURCAD","CHFJPY,USDCHF",GBPJPY,GBPJPY-10-R53E3,ENTRY
2025-10-22 11:30:00+00:00,2025-10-22 12:00:00+00:00,"EURUSD,EURCAD","CHFJPY,GBPJPY,USDCHF",EURUSD,EURUSD-10-R32E3,ENTRY
2025-10-22 13:30:00+00:00,2025-10-22 14:00:00+00:00,EURUSD,"CHFJPY,EURUSD,GBPJPY,USDCHF",,,TOP_FOUR_HELD
2025-10-22 15:30:00+00:00,2025-10-22 16:00:00+00:00,USDJPY,"CHFJPY,USDCHF",USDJPY,USDJPY-10-R54E8,ENTRY
2025-10-23 01:30:00+00:00,2025-10-23 02:00:00+00:00,"CHFJPY,USDCHF","CHFJPY,USDCHF,USDJPY",,,TOP_FOUR_HELD
2025-10-23 05:30:00+00:00,2025-10-23 06:00:00+00:00,"EURUSD,EURCAD","USDCHF,USDJPY",EURUSD,EURUSD-10-R32E3,ENTRY
2025-10-23 09:30:00+00:00,2025-10-23 10:00:00+00:00,NZDCAD,"EURUSD,USDJPY",NZDCAD,NZDCAD-10-R13E4,ENTRY
2025-10-23 11:30:00+00:00,2025-10-23 12:00:00+00:00,"NZDCAD,EURCAD,GBPUSD","NZDCAD,USDJPY",EURCAD,EURCAD-10-R29E8,ENTRY
2025-10-23 13:30:00+00:00,2025-10-23 14:00:00+00:00,NZDCAD,"EURCAD,NZDCAD",,,TOP_FOUR_HELD
2025-10-23 15:30:00+00:00,2025-10-23 16:00:00+00:00,GBPUSD,"EURCAD,NZDCAD",GBPUSD,GBPUSD-10-N1R082E12,ENTRY
2025-10-24 01:30:00+00:00,2025-10-24 02:00:00+00:00,,"EURCAD,GBPUSD,NZDCAD",,,NO_TRIGGER
2025-10-24 05:30:00+00:00,2025-10-24 06:00:00+00:00,AUDCAD,GBPUSD,AUDCAD,AUDCAD-10-N1R058E03,ENTRY
2025-10-24 09:30:00+00:00,2025-10-24 10:00:00+00:00,GBPUSD,"AUDCAD,GBPUSD",,,TOP_FOUR_HELD
2025-10-24 11:30:00+00:00,2025-10-24 12:00:00+00:00,,"AUDCAD,GBPUSD",,,NO_TRIGGER
2025-10-24 13:30:00+00:00,2025-10-24 14:00:00+00:00,,,,,NO_TRIGGER
2025-10-24 15:30:00+00:00,2025-10-24 16:00:00+00:00,"GBPJPY,USDJPY",,GBPJPY,GBPJPY-10-R53E3,ENTRY
2025-10-27 01:30:00+00:00,2025-10-27 02:00:00+00:00,USDJPY,,USDJPY,USDJPY-10-R54E8,ENTRY
2025-10-27 05:30:00+00:00,2025-10-27 06:00:00+00:00,,USDJPY,,,NO_TRIGGER
2025-10-27 09:30:00+00:00,2025-10-27 10:00:00+00:00,AUDCAD,USDJPY,AUDCAD,AUDCAD-10-N1R058E03,ENTRY
2025-10-27 11:30:00+00:00,2025-10-27 12:00:00+00:00,"USDJPY,EURGBP,AUDCAD","AUDCAD,USDJPY",EURGBP,EURGBP-10-R22E8,ENTRY
2025-10-27 13:30:00+00:00,2025-10-27 14:00:00+00:00,AUDCAD,"AUDCAD,EURGBP,USDJPY",,,TOP_FOUR_HELD
2025-10-27 15:30:00+00:00,2025-10-27 16:00:00+00:00,AUDCAD,"AUDCAD,EURGBP,USDJPY",,,TOP_FOUR_HELD
2025-10-28 01:30:00+00:00,2025-10-28 02:00:00+00:00,AUDCAD,"AUDCAD,EURGBP,USDJPY",,,TOP_FOUR_HELD
2025-10-28 05:30:00+00:00,2025-10-28 06:00:00+00:00,AUDCAD,"AUDCAD,EURGBP",,,TOP_FOUR_HELD
2025-10-28 09:30:00+00:00,2025-10-28 10:00:00+00:00,,"AUDCAD,EURGBP",,,NO_TRIGGER
2025-10-28 11:30:00+00:00,2025-10-28 12:00:00+00:00,"AUDJPY,AUDCAD",EURGBP,AUDJPY,AUDJPY-10-R22E5,ENTRY
2025-10-28 13:30:00+00:00,2025-10-28 14:00:00+00:00,EURJPY,AUDJPY,EURJPY,EURJPY-10-N1R107E01,ENTRY
2025-10-28 15:30:00+00:00,2025-10-28 16:00:00+00:00,EURJPY,AUDJPY,EURJPY,EURJPY-10-N1R107E01,ENTRY
2025-10-29 01:30:00+00:00,2025-10-29 02:00:00+00:00,EURCAD,,EURCAD,EURCAD-10-R29E8,ENTRY
2025-10-29 05:30:00+00:00,2025-10-29 06:00:00+00:00,"EURCAD,EURJPY,GBPUSD",EURCAD,EURJPY,EURJPY-10-N1R107E01,ENTRY
2025-10-29 09:30:00+00:00,2025-10-29 10:00:00+00:00,"EURCAD,EURJPY,GBPUSD",EURCAD,EURJPY,EURJPY-10-N1R107E01,ENTRY
2025-10-29 11:30:00+00:00,2025-10-29 12:00:00+00:00,,"EURCAD,EURJPY",,,NO_TRIGGER
2025-10-29 13:30:00+00:00,2025-10-29 14:00:00+00:00,GBPUSD,EURCAD,GBPUSD,GBPUSD-10-N1R082E12,ENTRY
2025-10-29 15:30:00+00:00,2025-10-29 16:00:00+00:00,EURCAD,"EURCAD,GBPUSD",,,TOP_FOUR_HELD
2025-10-30 01:30:00+00:00,2025-10-30 02:00:00+00:00,"NZDCAD,EURUSD,USDJPY","EURCAD,GBPUSD",NZDCAD,NZDCAD-10-R13E4,ENTRY
2025-10-30 05:30:00+00:00,2025-10-30 06:00:00+00:00,NZDCAD,"GBPUSD,NZDCAD",,,TOP_FOUR_HELD
2025-10-30 09:30:00+00:00,2025-10-30 10:00:00+00:00,USDCHF,"GBPUSD,NZDCAD",USDCHF,USDCHF-10-R56E7,ENTRY
2025-10-30 11:30:00+00:00,2025-10-30 12:00:00+00:00,"EURUSD,GBPUSD","GBPUSD,NZDCAD,USDCHF",EURUSD,EURUSD-10-R32E3,ENTRY
2025-10-30 13:30:00+00:00,2025-10-30 14:00:00+00:00,GBPUSD,NZDCAD,GBPUSD,GBPUSD-10-N1R082E12,ENTRY
2025-10-30 15:30:00+00:00,2025-10-30 16:00:00+00:00,NZDUSD,"GBPUSD,NZDCAD",NZDUSD,NZDUSD-10-R37E7,ENTRY
2025-10-31 01:30:00+00:00,2025-10-31 02:00:00+00:00,"EURUSD,USDJPY","GBPUSD,NZDCAD,NZDUSD",EURUSD,EURUSD-10-R32E3,ENTRY
2025-10-31 05:30:00+00:00,2025-10-31 06:00:00+00:00,"EURUSD,NZDUSD","EURUSD,GBPUSD,NZDUSD",,,TOP_FOUR_HELD
2025-10-31 09:30:00+00:00,2025-10-31 10:00:00+00:00,"EURUSD,NZDUSD,USDCAD","EURUSD,GBPUSD",NZDUSD,NZDUSD-10-R37E7,ENTRY
2025-10-31 11:30:00+00:00,2025-10-31 12:00:00+00:00,"NZDCAD,EURUSD,NZDUSD,USDJPY","EURUSD,GBPUSD,NZDUSD",NZDCAD,NZDCAD-10-R13E4,ENTRY
2025-10-31 13:30:00+00:00,2025-10-31 14:00:00+00:00,"GBPJPY,USDCAD,GBPUSD","EURUSD,GBPUSD,NZDCAD,NZDUSD",GBPJPY,GBPJPY-10-R53E3,ENTRY
2025-10-31 15:30:00+00:00,2025-10-31 16:00:00+00:00,"NZDCAD,EURUSD","GBPJPY,NZDCAD,NZDUSD",EURUSD,EURUSD-10-R32E3,ENTRY
2025-11-03 01:30:00+00:00,2025-11-03 02:00:00+00:00,"AUDNZD,EURUSD",,AUDNZD,AUDNZD-11-R01E7,ENTRY
2025-11-03 05:30:00+00:00,2025-11-03 06:00:00+00:00,AUDNZD,AUDNZD,,,TOP_FOUR_HELD
2025-11-03 09:30:00+00:00,2025-11-03 10:00:00+00:00,"AUDCHF,AUDNZD,GBPUSD,EURJPY",AUDNZD,AUDCHF,AUDCHF-11-R08E3,ENTRY
2025-11-03 11:30:00+00:00,2025-11-03 12:00:00+00:00,"CHFJPY,AUDNZD,EURJPY","AUDCHF,AUDNZD",CHFJPY,CHFJPY-11-R26E5,ENTRY
2025-11-03 13:30:00+00:00,2025-11-03 14:00:00+00:00,"NZDCAD,AUDUSD","AUDCHF,AUDNZD,CHFJPY",NZDCAD,NZDCAD-11-R16E4,ENTRY
2025-11-03 15:30:00+00:00,2025-11-03 16:00:00+00:00,"NZDCAD,AUDUSD,GBPUSD,EURUSD","AUDCHF,AUDNZD,CHFJPY,NZDCAD",AUDUSD,AUDUSD-11-N1R102E10,ENTRY
2025-11-04 01:30:00+00:00,2025-11-04 02:00:00+00:00,"NZDCAD,AUDNZD,EURJPY","AUDNZD,AUDUSD,CHFJPY,NZDCAD",EURJPY,EURJPY-11-N1R074E12,ENTRY
2025-11-04 05:30:00+00:00,2025-11-04 06:00:00+00:00,"CHFJPY,NZDCAD,AUDNZD,EURJPY",EURJPY,CHFJPY,CHFJPY-11-R26E5,ENTRY
2025-11-04 09:30:00+00:00,2025-11-04 10:00:00+00:00,"NZDCAD,GBPUSD,EURJPY",CHFJPY,NZDCAD,NZDCAD-11-R16E4,ENTRY
2025-11-04 11:30:00+00:00,2025-11-04 12:00:00+00:00,,"CHFJPY,NZDCAD",,,NO_TRIGGER
2025-11-04 13:30:00+00:00,2025-11-04 14:00:00+00:00,AUDNZD,"CHFJPY,NZDCAD",AUDNZD,AUDNZD-11-R01E7,ENTRY
2025-11-04 15:30:00+00:00,2025-11-04 16:00:00+00:00,"GBPUSD,EURUSD","AUDNZD,CHFJPY,NZDCAD",GBPUSD,GBPUSD-11-R16E8,ENTRY
2025-11-05 01:30:00+00:00,2025-11-05 02:00:00+00:00,"CHFJPY,EURUSD","GBPUSD,NZDCAD",CHFJPY,CHFJPY-11-R26E5,ENTRY
2025-11-05 05:30:00+00:00,2025-11-05 06:00:00+00:00,,"CHFJPY,GBPUSD,NZDCAD",,,NO_TRIGGER
2025-11-05 09:30:00+00:00,2025-11-05 10:00:00+00:00,,"GBPUSD,NZDCAD",,,NO_TRIGGER
2025-11-05 11:30:00+00:00,2025-11-05 12:00:00+00:00,GBPUSD,GBPUSD,,,TOP_FOUR_HELD
2025-11-05 13:30:00+00:00,2025-11-05 14:00:00+00:00,,GBPUSD,,,NO_TRIGGER
2025-11-05 15:30:00+00:00,2025-11-05 16:00:00+00:00,"GBPJPY,AUDNZD",GBPUSD,GBPJPY,GBPJPY-11-R59E5,ENTRY
2025-11-06 01:30:00+00:00,2025-11-06 02:00:00+00:00,EURJPY,GBPJPY,EURJPY,EURJPY-11-N1R074E12,ENTRY
2025-11-06 05:30:00+00:00,2025-11-06 06:00:00+00:00,AUDNZD,"EURJPY,GBPJPY",AUDNZD,AUDNZD-11-R01E7,ENTRY
2025-11-06 09:30:00+00:00,2025-11-06 10:00:00+00:00,AUDNZD,"AUDNZD,GBPJPY",,,TOP_FOUR_HELD
2025-11-06 11:30:00+00:00,2025-11-06 12:00:00+00:00,AUDNZD,"AUDNZD,GBPJPY",,,TOP_FOUR_HELD
2025-11-06 13:30:00+00:00,2025-11-06 14:00:00+00:00,,"AUDNZD,GBPJPY",,,NO_TRIGGER
2025-11-06 15:30:00+00:00,2025-11-06 16:00:00+00:00,NZDCAD,"AUDNZD,GBPJPY",NZDCAD,NZDCAD-11-R16E4,ENTRY
2025-11-07 01:30:00+00:00,2025-11-07 02:00:00+00:00,AUDNZD,"AUDNZD,NZDCAD",,,TOP_FOUR_HELD
2025-11-07 05:30:00+00:00,2025-11-07 06:00:00+00:00,AUDNZD,NZDCAD,AUDNZD,AUDNZD-11-R01E7,ENTRY
2025-11-07 09:30:00+00:00,2025-11-07 10:00:00+00:00,"AUDNZD,USDCHF",,AUDNZD,AUDNZD-11-R01E7,ENTRY
2025-11-07 11:30:00+00:00,2025-11-07 12:00:00+00:00,AUDNZD,AUDNZD,,,TOP_FOUR_HELD
2025-11-07 13:30:00+00:00,2025-11-07 14:00:00+00:00,,AUDNZD,,,NO_TRIGGER
2025-11-07 15:30:00+00:00,2025-11-07 16:00:00+00:00,,AUDNZD,,,NO_TRIGGER
2025-11-10 01:30:00+00:00,2025-11-10 02:00:00+00:00,"AUDNZD,USDCAD",,AUDNZD,AUDNZD-11-R01E7,ENTRY
2025-11-10 05:30:00+00:00,2025-11-10 06:00:00+00:00,AUDNZD,AUDNZD,,,TOP_FOUR_HELD
2025-11-10 09:30:00+00:00,2025-11-10 10:00:00+00:00,,AUDNZD,,,NO_TRIGGER
2025-11-10 11:30:00+00:00,2025-11-10 12:00:00+00:00,USDCAD,AUDNZD,USDCAD,USDCAD-11-N1R100E01,ENTRY
2025-11-10 13:30:00+00:00,2025-11-10 14:00:00+00:00,,"AUDNZD,USDCAD",,,NO_TRIGGER
2025-11-10 15:30:00+00:00,2025-11-10 16:00:00+00:00,AUDNZD,AUDNZD,,,TOP_FOUR_HELD
2025-11-11 01:30:00+00:00,2025-11-11 02:00:00+00:00,,,,,NO_TRIGGER
2025-11-11 05:30:00+00:00,2025-11-11 06:00:00+00:00,NZDCAD,,NZDCAD,NZDCAD-11-R16E4,ENTRY
2025-11-11 09:30:00+00:00,2025-11-11 10:00:00+00:00,NZDUSD,NZDCAD,NZDUSD,NZDUSD-11-N1R016E03,ENTRY
2025-11-11 11:30:00+00:00,2025-11-11 12:00:00+00:00,,"NZDCAD,NZDUSD",,,NO_TRIGGER
2025-11-11 13:30:00+00:00,2025-11-11 14:00:00+00:00,USDCHF,,USDCHF,USDCHF-11-N1R121E11,ENTRY
2025-11-11 15:30:00+00:00,2025-11-11 16:00:00+00:00,"NZDUSD,USDCHF",USDCHF,NZDUSD,NZDUSD-11-N1R016E03,ENTRY
2025-11-12 01:30:00+00:00,2025-11-12 02:00:00+00:00,,"NZDUSD,USDCHF",,,NO_TRIGGER
2025-11-12 05:30:00+00:00,2025-11-12 06:00:00+00:00,USDJPY,"NZDUSD,USDCHF",USDJPY,USDJPY-11-R35E8,ENTRY
2025-11-12 09:30:00+00:00,2025-11-12 10:00:00+00:00,"USDJPY,GBPUSD","NZDUSD,USDCHF,USDJPY",GBPUSD,GBPUSD-11-R16E8,ENTRY
2025-11-12 11:30:00+00:00,2025-11-12 12:00:00+00:00,,"GBPUSD,NZDUSD,USDCHF,USDJPY",,,NO_TRIGGER
2025-11-12 13:30:00+00:00,2025-11-12 14:00:00+00:00,"NZDUSD,GBPUSD,USDCHF","GBPUSD,USDCHF,USDJPY",NZDUSD,NZDUSD-11-N1R016E03,ENTRY
2025-11-12 15:30:00+00:00,2025-11-12 16:00:00+00:00,USDCHF,"GBPUSD,NZDUSD,USDJPY",USDCHF,USDCHF-11-N1R121E11,ENTRY
2025-11-13 01:30:00+00:00,2025-11-13 02:00:00+00:00,"AUDNZD,GBPUSD,AUDJPY","GBPUSD,USDCHF,USDJPY",AUDNZD,AUDNZD-11-R01E7,ENTRY
2025-11-13 05:30:00+00:00,2025-11-13 06:00:00+00:00,AUDNZD,"AUDNZD,GBPUSD,USDCHF,USDJPY",,,TOP_FOUR_HELD
2025-11-13 09:30:00+00:00,2025-11-13 10:00:00+00:00,,USDCHF,,,NO_TRIGGER
2025-11-13 11:30:00+00:00,2025-11-13 12:00:00+00:00,,USDCHF,,,NO_TRIGGER
2025-11-13 13:30:00+00:00,2025-11-13 14:00:00+00:00,,USDCHF,,,NO_TRIGGER
2025-11-13 15:30:00+00:00,2025-11-13 16:00:00+00:00,,USDCHF,,,NO_TRIGGER
2025-11-14 01:30:00+00:00,2025-11-14 02:00:00+00:00,"AUDJPY,EURGBP",,AUDJPY,AUDJPY-11-N1R066E01,ENTRY
2025-11-14 05:30:00+00:00,2025-11-14 06:00:00+00:00,,,,,NO_TRIGGER
2025-11-14 09:30:00+00:00,2025-11-14 10:00:00+00:00,,,,,NO_TRIGGER
2025-11-14 11:30:00+00:00,2025-11-14 12:00:00+00:00,,,,,NO_TRIGGER
2025-11-14 13:30:00+00:00,2025-11-14 14:00:00+00:00,USDCHF,,USDCHF,USDCHF-11-N1R121E11,ENTRY
2025-11-14 15:30:00+00:00,2025-11-14 16:00:00+00:00,,USDCHF,,,NO_TRIGGER
2025-11-17 01:30:00+00:00,2025-11-17 02:00:00+00:00,EURNZD,,EURNZD,EURNZD-11-R15E1,ENTRY
2025-11-17 05:30:00+00:00,2025-11-17 06:00:00+00:00,"EURCHF,AUDUSD,AUDCAD",EURNZD,EURCHF,EURCHF-11-R46E4,ENTRY
2025-11-17 09:30:00+00:00,2025-11-17 10:00:00+00:00,NZDUSD,EURCHF,NZDUSD,NZDUSD-11-N1R016E03,ENTRY
2025-11-17 11:30:00+00:00,2025-11-17 12:00:00+00:00,"EURNZD,EURUSD",EURCHF,EURNZD,EURNZD-11-R15E1,ENTRY
2025-11-17 13:30:00+00:00,2025-11-17 14:00:00+00:00,"AUDUSD,AUDCAD","EURCHF,EURNZD",AUDUSD,AUDUSD-11-N1R102E10,ENTRY
2025-11-17 15:30:00+00:00,2025-11-17 16:00:00+00:00,EURCAD,"AUDUSD,EURCHF,EURNZD",EURCAD,EURCAD-11-R25E8,ENTRY
2025-11-18 01:30:00+00:00,2025-11-18 02:00:00+00:00,,"EURCAD,EURCHF",,,NO_TRIGGER
2025-11-18 05:30:00+00:00,2025-11-18 06:00:00+00:00,,"EURCAD,EURCHF",,,NO_TRIGGER
2025-11-18 09:30:00+00:00,2025-11-18 10:00:00+00:00,,EURCAD,,,NO_TRIGGER
2025-11-18 11:30:00+00:00,2025-11-18 12:00:00+00:00,EURCAD,EURCAD,,,TOP_FOUR_HELD
2025-11-18 13:30:00+00:00,2025-11-18 14:00:00+00:00,EURCAD,EURCAD,,,TOP_FOUR_HELD
2025-11-18 15:30:00+00:00,2025-11-18 16:00:00+00:00,NZDCAD,EURCAD,NZDCAD,NZDCAD-11-R16E4,ENTRY
2025-11-19 01:30:00+00:00,2025-11-19 02:00:00+00:00,NZDCAD,NZDCAD,,,TOP_FOUR_HELD
2025-11-19 05:30:00+00:00,2025-11-19 06:00:00+00:00,,,,,NO_TRIGGER
2025-11-19 09:30:00+00:00,2025-11-19 10:00:00+00:00,"NZDCAD,GBPUSD",,NZDCAD,NZDCAD-11-R16E4,ENTRY
2025-11-19 11:30:00+00:00,2025-11-19 12:00:00+00:00,"NZDCAD,AUDCHF,AUDNZD,GBPUSD",NZDCAD,AUDCHF,AUDCHF-11-R08E3,ENTRY
2025-11-19 13:30:00+00:00,2025-11-19 14:00:00+00:00,"USDJPY,AUDNZD,GBPUSD","AUDCHF,NZDCAD",USDJPY,USDJPY-11-R35E8,ENTRY
2025-11-19 15:30:00+00:00,2025-11-19 16:00:00+00:00,"AUDCHF,AUDNZD,EURCAD,GBPUSD","AUDCHF,NZDCAD,USDJPY",AUDNZD,AUDNZD-11-R01E7,ENTRY
2025-11-20 01:30:00+00:00,2025-11-20 02:00:00+00:00,"AUDNZD,EURUSD","AUDCHF,USDJPY",AUDNZD,AUDNZD-11-R01E7,ENTRY
2025-11-20 05:30:00+00:00,2025-11-20 06:00:00+00:00,"USDJPY,AUDNZD,EURCAD,EURUSD",AUDNZD,USDJPY,USDJPY-11-R35E8,ENTRY
2025-11-20 09:30:00+00:00,2025-11-20 10:00:00+00:00,EURUSD,"AUDNZD,USDJPY",EURUSD,EURUSD-11-N1R115E06,ENTRY
2025-11-20 11:30:00+00:00,2025-11-20 12:00:00+00:00,"GBPUSD,EURUSD","AUDNZD,EURUSD,USDJPY",GBPUSD,GBPUSD-11-R16E8,ENTRY
2025-11-20 13:30:00+00:00,2025-11-20 14:00:00+00:00,"EURCAD,GBPUSD","GBPUSD,USDJPY",EURCAD,EURCAD-11-R25E8,ENTRY
2025-11-20 15:30:00+00:00,2025-11-20 16:00:00+00:00,,"EURCAD,GBPUSD,USDJPY",,,NO_TRIGGER
2025-11-21 01:30:00+00:00,2025-11-21 02:00:00+00:00,AUDNZD,"GBPUSD,USDJPY",AUDNZD,AUDNZD-11-R01E7,ENTRY
2025-11-21 05:30:00+00:00,2025-11-21 06:00:00+00:00,,"AUDNZD,GBPUSD,USDJPY",,,NO_TRIGGER
2025-11-21 09:30:00+00:00,2025-11-21 10:00:00+00:00,,GBPUSD,,,NO_TRIGGER
2025-11-21 11:30:00+00:00,2025-11-21 12:00:00+00:00,,GBPUSD,,,NO_TRIGGER
2025-11-21 13:30:00+00:00,2025-11-21 14:00:00+00:00,,,,,NO_TRIGGER
2025-11-21 15:30:00+00:00,2025-11-21 16:00:00+00:00,,,,,NO_TRIGGER
2025-11-24 01:30:00+00:00,2025-11-24 02:00:00+00:00,,,,,NO_TRIGGER
2025-11-24 05:30:00+00:00,2025-11-24 06:00:00+00:00,"CHFJPY,EURJPY",,CHFJPY,CHFJPY-11-R26E5,ENTRY
2025-11-24 09:30:00+00:00,2025-11-24 10:00:00+00:00,,CHFJPY,,,NO_TRIGGER
2025-11-24 11:30:00+00:00,2025-11-24 12:00:00+00:00,,,,,NO_TRIGGER
2025-11-24 13:30:00+00:00,2025-11-24 14:00:00+00:00,AUDUSD,,AUDUSD,AUDUSD-11-N1R102E10,ENTRY
2025-11-24 15:30:00+00:00,2025-11-24 16:00:00+00:00,EURJPY,AUDUSD,EURJPY,EURJPY-11-N1R074E12,ENTRY
2025-11-25 01:30:00+00:00,2025-11-25 02:00:00+00:00,"EURUSD,EURJPY","AUDUSD,EURJPY",EURUSD,EURUSD-11-N1R115E06,ENTRY
2025-11-25 05:30:00+00:00,2025-11-25 06:00:00+00:00,,EURJPY,,,NO_TRIGGER
2025-11-25 09:30:00+00:00,2025-11-25 10:00:00+00:00,"CHFJPY,AUDNZD,EURJPY",EURJPY,CHFJPY,CHFJPY-11-R26E5,ENTRY
2025-11-25 11:30:00+00:00,2025-11-25 12:00:00+00:00,"CHFJPY,EURJPY",CHFJPY,EURJPY,EURJPY-11-N1R074E12,ENTRY
2025-11-25 13:30:00+00:00,2025-11-25 14:00:00+00:00,,,,,NO_TRIGGER
2025-11-25 15:30:00+00:00,2025-11-25 16:00:00+00:00,,,,,NO_TRIGGER
2025-11-26 01:30:00+00:00,2025-11-26 02:00:00+00:00,,,,,NO_TRIGGER
2025-11-26 05:30:00+00:00,2025-11-26 06:00:00+00:00,AUDCHF,,AUDCHF,AUDCHF-11-R08E3,ENTRY
2025-11-26 09:30:00+00:00,2025-11-26 10:00:00+00:00,,AUDCHF,,,NO_TRIGGER
2025-11-26 11:30:00+00:00,2025-11-26 12:00:00+00:00,,AUDCHF,,,NO_TRIGGER
2025-11-26 13:30:00+00:00,2025-11-26 14:00:00+00:00,,AUDCHF,,,NO_TRIGGER
2025-11-26 15:30:00+00:00,2025-11-26 16:00:00+00:00,,,,,NO_TRIGGER
2025-11-27 01:30:00+00:00,2025-11-27 02:00:00+00:00,"NZDUSD,USDCHF",,NZDUSD,NZDUSD-11-N1R016E03,ENTRY
2025-11-27 05:30:00+00:00,2025-11-27 06:00:00+00:00,"AUDCHF,EURAUD",NZDUSD,AUDCHF,AUDCHF-11-R08E3,ENTRY
2025-11-27 09:30:00+00:00,2025-11-27 10:00:00+00:00,"EURNZD,AUDJPY","AUDCHF,NZDUSD",EURNZD,EURNZD-11-R15E1,ENTRY
2025-11-27 11:30:00+00:00,2025-11-27 12:00:00+00:00,EURNZD,NZDUSD,EURNZD,EURNZD-11-R15E1,ENTRY
2025-11-27 13:30:00+00:00,2025-11-27 14:00:00+00:00,USDCHF,"EURNZD,NZDUSD",USDCHF,USDCHF-11-N1R121E11,ENTRY
2025-11-27 15:30:00+00:00,2025-11-27 16:00:00+00:00,"AUDCHF,USDCHF","EURNZD,NZDUSD,USDCHF",AUDCHF,AUDCHF-11-R08E3,ENTRY
2025-11-28 01:30:00+00:00,2025-11-28 02:00:00+00:00,,"AUDCHF,NZDUSD,USDCHF",,,NO_TRIGGER
2025-11-28 05:30:00+00:00,2025-11-28 06:00:00+00:00,EURNZD,"AUDCHF,USDCHF",EURNZD,EURNZD-11-R15E1,ENTRY
2025-11-28 09:30:00+00:00,2025-11-28 10:00:00+00:00,EURCAD,"EURNZD,USDCHF",EURCAD,EURCAD-11-R25E8,ENTRY
2025-11-28 11:30:00+00:00,2025-11-28 12:00:00+00:00,"EURCAD,EURAUD","EURCAD,EURNZD,USDCHF",EURAUD,EURAUD-11-N1R083E06,ENTRY
2025-11-28 13:30:00+00:00,2025-11-28 14:00:00+00:00,EURCAD,"EURAUD,EURCAD,EURNZD,USDCHF",,,TOP_FOUR_HELD
2025-11-28 15:30:00+00:00,2025-11-28 16:00:00+00:00,"EURCAD,NZDUSD,USDCAD",EURCAD,NZDUSD,NZDUSD-11-N1R016E03,ENTRY
2025-12-01 01:30:00+00:00,2025-12-01 02:00:00+00:00,,,,,NO_TRIGGER
2025-12-01 05:30:00+00:00,2025-12-01 06:00:00+00:00,CHFJPY,,CHFJPY,CHFJPY-12-N1R099E01,ENTRY
2025-12-01 09:30:00+00:00,2025-12-01 10:00:00+00:00,EURCHF,,EURCHF,EURCHF-12-N1R139E11,ENTRY
2025-12-01 11:30:00+00:00,2025-12-01 12:00:00+00:00,USDCHF,EURCHF,USDCHF,USDCHF-12-N1R120E10,ENTRY
2025-12-01 13:30:00+00:00,2025-12-01 14:00:00+00:00,"USDCHF,EURCHF,GBPUSD",EURCHF,USDCHF,USDCHF-12-N1R120E10,ENTRY
2025-12-01 15:30:00+00:00,2025-12-01 16:00:00+00:00,,EURCHF,,,NO_TRIGGER
2025-12-02 01:30:00+00:00,2025-12-02 02:00:00+00:00,"GBPJPY,AUDJPY",,GBPJPY,GBPJPY-12-R53E4,ENTRY
2025-12-02 05:30:00+00:00,2025-12-02 06:00:00+00:00,,GBPJPY,,,NO_TRIGGER
2025-12-02 09:30:00+00:00,2025-12-02 10:00:00+00:00,,,,,NO_TRIGGER
2025-12-02 11:30:00+00:00,2025-12-02 12:00:00+00:00,,,,,NO_TRIGGER
2025-12-02 13:30:00+00:00,2025-12-02 14:00:00+00:00,,,,,NO_TRIGGER
2025-12-02 15:30:00+00:00,2025-12-02 16:00:00+00:00,,,,,NO_TRIGGER
2025-12-03 01:30:00+00:00,2025-12-03 02:00:00+00:00,USDCHF,,USDCHF,USDCHF-12-N1R120E10,ENTRY
2025-12-03 05:30:00+00:00,2025-12-03 06:00:00+00:00,USDCHF,USDCHF,,,TOP_FOUR_HELD
2025-12-03 09:30:00+00:00,2025-12-03 10:00:00+00:00,"USDCHF,GBPUSD",USDCHF,GBPUSD,GBPUSD-12-N1R006E08,ENTRY
2025-12-03 11:30:00+00:00,2025-12-03 12:00:00+00:00,"USDCHF,GBPUSD","GBPUSD,USDCHF",,,TOP_FOUR_HELD
2025-12-03 13:30:00+00:00,2025-12-03 14:00:00+00:00,"USDCHF,GBPUSD",GBPUSD,USDCHF,USDCHF-12-N1R120E10,ENTRY
2025-12-03 15:30:00+00:00,2025-12-03 16:00:00+00:00,"USDCHF,GBPUSD",USDCHF,GBPUSD,GBPUSD-12-N1R006E08,ENTRY
2025-12-04 01:30:00+00:00,2025-12-04 02:00:00+00:00,USDCHF,"GBPUSD,USDCHF",,,TOP_FOUR_HELD
2025-12-04 05:30:00+00:00,2025-12-04 06:00:00+00:00,,,,,NO_TRIGGER
2025-12-04 09:30:00+00:00,2025-12-04 10:00:00+00:00,"EURCAD,GBPUSD",,EURCAD,EURCAD-12-N1R022E06,ENTRY
2025-12-04 11:30:00+00:00,2025-12-04 12:00:00+00:00,"CHFJPY,GBPUSD",,CHFJPY,CHFJPY-12-N1R099E01,ENTRY
2025-12-04 13:30:00+00:00,2025-12-04 14:00:00+00:00,"CHFJPY,GBPUSD",CHFJPY,GBPUSD,GBPUSD-12-N1R006E08,ENTRY
2025-12-04 15:30:00+00:00,2025-12-04 16:00:00+00:00,CHFJPY,CHFJPY,,,TOP_FOUR_HELD
2025-12-05 01:30:00+00:00,2025-12-05 02:00:00+00:00,,,,,NO_TRIGGER
2025-12-05 05:30:00+00:00,2025-12-05 06:00:00+00:00,,,,,NO_TRIGGER
2025-12-05 09:30:00+00:00,2025-12-05 10:00:00+00:00,CHFJPY,,CHFJPY,CHFJPY-12-N1R099E01,ENTRY
2025-12-05 11:30:00+00:00,2025-12-05 12:00:00+00:00,,,,,NO_TRIGGER
2025-12-05 13:30:00+00:00,2025-12-05 14:00:00+00:00,EURGBP,,EURGBP,EURGBP-12-N1R118E09,ENTRY
2025-12-05 15:30:00+00:00,2025-12-05 16:00:00+00:00,EURGBP,EURGBP,,,TOP_FOUR_HELD
2025-12-08 01:30:00+00:00,2025-12-08 02:00:00+00:00,,,,,NO_TRIGGER
2025-12-08 05:30:00+00:00,2025-12-08 06:00:00+00:00,,,,,NO_TRIGGER
2025-12-08 09:30:00+00:00,2025-12-08 10:00:00+00:00,"EURJPY,AUDCAD",,EURJPY,EURJPY-12-N1R016E11,ENTRY
2025-12-08 11:30:00+00:00,2025-12-08 12:00:00+00:00,USDJPY,EURJPY,USDJPY,USDJPY-12-N1R030E11,ENTRY
2025-12-08 13:30:00+00:00,2025-12-08 14:00:00+00:00,"USDJPY,AUDCAD","EURJPY,USDJPY",AUDCAD,AUDCAD-12-N1R136E10,ENTRY
2025-12-08 15:30:00+00:00,2025-12-08 16:00:00+00:00,USDJPY,"AUDCAD,EURJPY,USDJPY",,,TOP_FOUR_HELD
2025-12-09 01:30:00+00:00,2025-12-09 02:00:00+00:00,,,,,NO_TRIGGER
2025-12-09 05:30:00+00:00,2025-12-09 06:00:00+00:00,EURUSD,,EURUSD,EURUSD-12-N1R137E06,ENTRY
2025-12-09 09:30:00+00:00,2025-12-09 10:00:00+00:00,USDJPY,,USDJPY,USDJPY-12-N1R030E11,ENTRY
2025-12-09 11:30:00+00:00,2025-12-09 12:00:00+00:00,USDJPY,USDJPY,,,TOP_FOUR_HELD
2025-12-09 13:30:00+00:00,2025-12-09 14:00:00+00:00,EURUSD,USDJPY,EURUSD,EURUSD-12-N1R137E06,ENTRY
2025-12-09 15:30:00+00:00,2025-12-09 16:00:00+00:00,,EURUSD,,,NO_TRIGGER
2025-12-10 01:30:00+00:00,2025-12-10 02:00:00+00:00,,,,,NO_TRIGGER
2025-12-10 05:30:00+00:00,2025-12-10 06:00:00+00:00,,,,,NO_TRIGGER
2025-12-10 09:30:00+00:00,2025-12-10 10:00:00+00:00,EURJPY,,EURJPY,EURJPY-12-N1R016E11,ENTRY
2025-12-10 11:30:00+00:00,2025-12-10 12:00:00+00:00,EURUSD,EURJPY,EURUSD,EURUSD-12-N1R137E06,ENTRY
2025-12-10 13:30:00+00:00,2025-12-10 14:00:00+00:00,EURUSD,"EURJPY,EURUSD",,,TOP_FOUR_HELD
2025-12-10 15:30:00+00:00,2025-12-10 16:00:00+00:00,"USDCHF,EURCHF",,USDCHF,USDCHF-12-N1R120E10,ENTRY
2025-12-11 01:30:00+00:00,2025-12-11 02:00:00+00:00,USDCHF,,USDCHF,USDCHF-12-N1R120E10,ENTRY
2025-12-11 05:30:00+00:00,2025-12-11 06:00:00+00:00,"USDCHF,EURCAD",USDCHF,EURCAD,EURCAD-12-N1R022E06,ENTRY
2025-12-11 09:30:00+00:00,2025-12-11 10:00:00+00:00,"USDCHF,AUDCHF",USDCHF,AUDCHF,AUDCHF-12-N1R089E11,ENTRY
2025-12-11 11:30:00+00:00,2025-12-11 12:00:00+00:00,"USDCHF,EURCAD,GBPUSD","AUDCHF,USDCHF",EURCAD,EURCAD-12-N1R022E06,ENTRY
2025-12-11 13:30:00+00:00,2025-12-11 14:00:00+00:00,"USDCHF,EURCAD,GBPUSD","AUDCHF,EURCAD",USDCHF,USDCHF-12-N1R120E10,ENTRY
2025-12-11 15:30:00+00:00,2025-12-11 16:00:00+00:00,"USDCHF,AUDCHF,GBPUSD","AUDCHF,USDCHF",GBPUSD,GBPUSD-12-N1R006E08,ENTRY
2025-12-12 01:30:00+00:00,2025-12-12 02:00:00+00:00,USDCHF,AUDCHF,USDCHF,USDCHF-12-N1R120E10,ENTRY
2025-12-12 05:30:00+00:00,2025-12-12 06:00:00+00:00,"USDCHF,EURAUD","AUDCHF,USDCHF",EURAUD,EURAUD-12-N1R004E07,ENTRY
2025-12-12 09:30:00+00:00,2025-12-12 10:00:00+00:00,USDCHF,"AUDCHF,USDCHF",,,TOP_FOUR_HELD
2025-12-12 11:30:00+00:00,2025-12-12 12:00:00+00:00,EURAUD,USDCHF,EURAUD,EURAUD-12-N1R004E07,ENTRY
2025-12-12 13:30:00+00:00,2025-12-12 14:00:00+00:00,EURAUD,EURAUD,,,TOP_FOUR_HELD
2025-12-12 15:30:00+00:00,2025-12-12 16:00:00+00:00,"EURAUD,AUDNZD",EURAUD,AUDNZD,AUDNZD-12-N1R136E12,ENTRY
2025-12-15 01:30:00+00:00,2025-12-15 02:00:00+00:00,EURCHF,,EURCHF,EURCHF-12-N1R139E11,ENTRY
2025-12-15 05:30:00+00:00,2025-12-15 06:00:00+00:00,,EURCHF,,,NO_TRIGGER
2025-12-15 09:30:00+00:00,2025-12-15 10:00:00+00:00,AUDJPY,EURCHF,AUDJPY,AUDJPY-12-N1R122E07,ENTRY
2025-12-15 11:30:00+00:00,2025-12-15 12:00:00+00:00,"AUDJPY,EURAUD","AUDJPY,EURCHF",EURAUD,EURAUD-12-N1R004E07,ENTRY
2025-12-15 13:30:00+00:00,2025-12-15 14:00:00+00:00,"GBPJPY,AUDJPY,AUDUSD",EURAUD,GBPJPY,GBPJPY-12-R53E4,ENTRY
2025-12-15 15:30:00+00:00,2025-12-15 16:00:00+00:00,"GBPJPY,EURNZD,AUDJPY,EURAUD","EURAUD,GBPJPY",EURNZD,EURNZD-12-R19E5,ENTRY
2025-12-16 01:30:00+00:00,2025-12-16 02:00:00+00:00,"AUDJPY,EURAUD","EURNZD,GBPJPY",AUDJPY,AUDJPY-12-N1R122E07,ENTRY
2025-12-16 05:30:00+00:00,2025-12-16 06:00:00+00:00,CHFJPY,,CHFJPY,CHFJPY-12-N1R099E01,ENTRY
2025-12-16 09:30:00+00:00,2025-12-16 10:00:00+00:00,"EURNZD,AUDUSD",,EURNZD,EURNZD-12-R19E5,ENTRY
2025-12-16 11:30:00+00:00,2025-12-16 12:00:00+00:00,GBPUSD,EURNZD,GBPUSD,GBPUSD-12-N1R006E08,ENTRY
2025-12-16 13:30:00+00:00,2025-12-16 14:00:00+00:00,"EURCAD,GBPUSD","EURNZD,GBPUSD",EURCAD,EURCAD-12-N1R022E06,ENTRY
2025-12-16 15:30:00+00:00,2025-12-16 16:00:00+00:00,"EURNZD,AUDUSD","EURNZD,GBPUSD",AUDUSD,AUDUSD-12-R13E8,ENTRY
2025-12-17 01:30:00+00:00,2025-12-17 02:00:00+00:00,AUDNZD,"AUDUSD,EURNZD",AUDNZD,AUDNZD-12-N1R136E12,ENTRY
2025-12-17 05:30:00+00:00,2025-12-17 06:00:00+00:00,,"AUDNZD,AUDUSD,EURNZD",,,NO_TRIGGER
2025-12-17 09:30:00+00:00,2025-12-17 10:00:00+00:00,AUDJPY,"AUDNZD,AUDUSD,EURNZD",AUDJPY,AUDJPY-12-N1R122E07,ENTRY
2025-12-17 11:30:00+00:00,2025-12-17 12:00:00+00:00,"GBPJPY,EURNZD,AUDJPY,EURCHF","AUDJPY,AUDNZD,AUDUSD",GBPJPY,GBPJPY-12-R53E4,ENTRY
2025-12-17 13:30:00+00:00,2025-12-17 14:00:00+00:00,"GBPJPY,AUDJPY,EURCHF","AUDJPY,AUDNZD,AUDUSD,GBPJPY",EURCHF,EURCHF-12-N1R139E11,ENTRY
2025-12-17 15:30:00+00:00,2025-12-17 16:00:00+00:00,"AUDUSD,EURAUD","AUDNZD,AUDUSD,EURCHF,GBPJPY",EURAUD,EURAUD-12-N1R004E07,ENTRY
2025-12-18 01:30:00+00:00,2025-12-18 02:00:00+00:00,EURAUD,"AUDNZD,EURCHF",EURAUD,EURAUD-12-N1R004E07,ENTRY
2025-12-18 05:30:00+00:00,2025-12-18 06:00:00+00:00,"USDJPY,EURAUD","EURAUD,EURCHF",USDJPY,USDJPY-12-N1R030E11,ENTRY
2025-12-18 09:30:00+00:00,2025-12-18 10:00:00+00:00,"USDCHF,EURUSD","EURCHF,USDJPY",USDCHF,USDCHF-12-N1R120E10,ENTRY
2025-12-18 11:30:00+00:00,2025-12-18 12:00:00+00:00,EURUSD,"EURCHF,USDCHF,USDJPY",EURUSD,EURUSD-12-N1R137E06,ENTRY
2025-12-18 13:30:00+00:00,2025-12-18 14:00:00+00:00,EURCHF,"EURCHF,EURUSD,USDCHF,USDJPY",,,TOP_FOUR_HELD
2025-12-18 15:30:00+00:00,2025-12-18 16:00:00+00:00,"NZDCAD,AUDUSD",,NZDCAD,NZDCAD-12-R30E3,ENTRY
2025-12-19 01:30:00+00:00,2025-12-19 02:00:00+00:00,,NZDCAD,,,NO_TRIGGER
2025-12-19 05:30:00+00:00,2025-12-19 06:00:00+00:00,"EURJPY,EURAUD",NZDCAD,EURJPY,EURJPY-12-N1R016E11,ENTRY
2025-12-19 09:30:00+00:00,2025-12-19 10:00:00+00:00,"NZDUSD,USDJPY,EURCHF,EURUSD",,NZDUSD,NZDUSD-12-N1R086E05,ENTRY
2025-12-19 11:30:00+00:00,2025-12-19 12:00:00+00:00,"USDJPY,EURCHF",NZDUSD,USDJPY,USDJPY-12-N1R030E11,ENTRY
2025-12-19 13:30:00+00:00,2025-12-19 14:00:00+00:00,"EURGBP,USDJPY","NZDUSD,USDJPY",EURGBP,EURGBP-12-N1R118E09,ENTRY
2025-12-19 15:30:00+00:00,2025-12-19 16:00:00+00:00,AUDUSD,"EURGBP,NZDUSD",AUDUSD,AUDUSD-12-R13E8,ENTRY
2025-12-22 01:30:00+00:00,2025-12-22 02:00:00+00:00,,,,,NO_TRIGGER
2025-12-22 05:30:00+00:00,2025-12-22 06:00:00+00:00,EURGBP,,EURGBP,EURGBP-12-N1R118E09,ENTRY
2025-12-22 09:30:00+00:00,2025-12-22 10:00:00+00:00,"EURGBP,EURJPY,GBPUSD",EURGBP,EURJPY,EURJPY-12-N1R016E11,ENTRY
2025-12-22 11:30:00+00:00,2025-12-22 12:00:00+00:00,"EURGBP,EURCHF,GBPUSD",EURJPY,EURGBP,EURGBP-12-N1R118E09,ENTRY
2025-12-22 13:30:00+00:00,2025-12-22 14:00:00+00:00,"EURGBP,USDCHF,GBPUSD",EURJPY,EURGBP,EURGBP-12-N1R118E09,ENTRY
2025-12-22 15:30:00+00:00,2025-12-22 16:00:00+00:00,"EURGBP,USDCHF,GBPUSD","EURGBP,EURJPY",USDCHF,USDCHF-12-N1R120E10,ENTRY
2025-12-23 01:30:00+00:00,2025-12-23 02:00:00+00:00,"USDCHF,GBPUSD",USDCHF,GBPUSD,GBPUSD-12-N1R006E08,ENTRY
2025-12-23 05:30:00+00:00,2025-12-23 06:00:00+00:00,"USDCHF,GBPUSD",GBPUSD,USDCHF,USDCHF-12-N1R120E10,ENTRY
2025-12-23 09:30:00+00:00,2025-12-23 10:00:00+00:00,"USDCHF,GBPUSD",USDCHF,GBPUSD,GBPUSD-12-N1R006E08,ENTRY
2025-12-23 11:30:00+00:00,2025-12-23 12:00:00+00:00,"EURGBP,USDCHF,GBPUSD",GBPUSD,EURGBP,EURGBP-12-N1R118E09,ENTRY
2025-12-23 13:30:00+00:00,2025-12-23 14:00:00+00:00,USDCHF,"EURGBP,GBPUSD",USDCHF,USDCHF-12-N1R120E10,ENTRY
2025-12-23 15:30:00+00:00,2025-12-23 16:00:00+00:00,,EURGBP,,,NO_TRIGGER
2025-12-24 01:30:00+00:00,2025-12-24 02:00:00+00:00,USDCHF,,USDCHF,USDCHF-12-N1R120E10,ENTRY
2025-12-24 05:30:00+00:00,2025-12-24 06:00:00+00:00,EURGBP,USDCHF,EURGBP,EURGBP-12-N1R118E09,ENTRY
2025-12-24 09:30:00+00:00,2025-12-24 10:00:00+00:00,EURGBP,EURGBP,,,TOP_FOUR_HELD
2025-12-24 11:30:00+00:00,2025-12-24 12:00:00+00:00,,EURGBP,,,NO_TRIGGER
2025-12-24 13:30:00+00:00,2025-12-24 14:00:00+00:00,,,,,NO_TRIGGER
2025-12-24 15:30:00+00:00,2025-12-24 16:00:00+00:00,,,,,NO_TRIGGER
2025-12-25 01:30:00+00:00,2025-12-25 02:00:00+00:00,,,,,NO_TRIGGER
2025-12-25 05:30:00+00:00,2025-12-25 06:00:00+00:00,,,,,NO_TRIGGER
2025-12-25 09:30:00+00:00,2025-12-25 10:00:00+00:00,,,,,NO_TRIGGER
2025-12-25 11:30:00+00:00,2025-12-25 12:00:00+00:00,,,,,NO_TRIGGER
2025-12-25 13:30:00+00:00,2025-12-25 14:00:00+00:00,,,,,NO_TRIGGER
2025-12-25 15:30:00+00:00,2025-12-25 16:00:00+00:00,,,,,NO_TRIGGER
2025-12-26 01:30:00+00:00,2025-12-26 02:00:00+00:00,,,,,NO_TRIGGER
2025-12-26 05:30:00+00:00,2025-12-26 06:00:00+00:00,,,,,NO_TRIGGER
2025-12-26 09:30:00+00:00,2025-12-26 10:00:00+00:00,,,,,NO_TRIGGER
2025-12-26 11:30:00+00:00,2025-12-26 12:00:00+00:00,,,,,NO_TRIGGER
2025-12-26 13:30:00+00:00,2025-12-26 14:00:00+00:00,,,,,NO_TRIGGER
2025-12-26 15:30:00+00:00,2025-12-26 16:00:00+00:00,,,,,NO_TRIGGER
2025-12-29 01:30:00+00:00,2025-12-29 02:00:00+00:00,,,,,NO_TRIGGER
2025-12-29 05:30:00+00:00,2025-12-29 06:00:00+00:00,,,,,NO_TRIGGER
2025-12-29 09:30:00+00:00,2025-12-29 10:00:00+00:00,,,,,NO_TRIGGER
2025-12-29 11:30:00+00:00,2025-12-29 12:00:00+00:00,,,,,NO_TRIGGER
2025-12-29 13:30:00+00:00,2025-12-29 14:00:00+00:00,,,,,NO_TRIGGER
2025-12-29 15:30:00+00:00,2025-12-29 16:00:00+00:00,,,,,NO_TRIGGER
2025-12-30 01:30:00+00:00,2025-12-30 02:00:00+00:00,AUDJPY,,AUDJPY,AUDJPY-12-N1R122E07,ENTRY
2025-12-30 05:30:00+00:00,2025-12-30 06:00:00+00:00,AUDJPY,,AUDJPY,AUDJPY-12-N1R122E07,ENTRY
2025-12-30 09:30:00+00:00,2025-12-30 10:00:00+00:00,"AUDJPY,CHFJPY",,AUDJPY,AUDJPY-12-N1R122E07,ENTRY
2025-12-30 11:30:00+00:00,2025-12-30 12:00:00+00:00,CHFJPY,AUDJPY,CHFJPY,CHFJPY-12-N1R099E01,ENTRY
2025-12-30 13:30:00+00:00,2025-12-30 14:00:00+00:00,"NZDUSD,EURUSD","AUDJPY,CHFJPY",NZDUSD,NZDUSD-12-N1R086E05,ENTRY
2025-12-30 15:30:00+00:00,2025-12-30 16:00:00+00:00,,NZDUSD,,,NO_TRIGGER
2025-12-31 01:30:00+00:00,2025-12-31 02:00:00+00:00,,NZDUSD,,,NO_TRIGGER
2025-12-31 05:30:00+00:00,2025-12-31 06:00:00+00:00,GBPJPY,NZDUSD,GBPJPY,GBPJPY-12-R53E4,ENTRY
2025-12-31 09:30:00+00:00,2025-12-31 10:00:00+00:00,USDCAD,,USDCAD,USDCAD-12-N1R014E02,ENTRY
2025-12-31 11:30:00+00:00,2025-12-31 12:00:00+00:00,CHFJPY,,CHFJPY,CHFJPY-12-N1R099E01,ENTRY
2025-12-31 13:30:00+00:00,2025-12-31 14:00:00+00:00,,,,,NO_TRIGGER
2025-12-31 15:30:00+00:00,2025-12-31 16:00:00+00:00,,,,,NO_TRIGGER
2026-01-01 01:30:00+00:00,2026-01-01 02:00:00+00:00,,,,,NO_TRIGGER
2026-01-01 05:30:00+00:00,2026-01-01 06:00:00+00:00,,,,,NO_TRIGGER
2026-01-01 09:30:00+00:00,2026-01-01 10:00:00+00:00,,,,,NO_TRIGGER
2026-01-01 11:30:00+00:00,2026-01-01 12:00:00+00:00,,,,,NO_TRIGGER
2026-01-01 13:30:00+00:00,2026-01-01 14:00:00+00:00,,,,,NO_TRIGGER
2026-01-01 15:30:00+00:00,2026-01-01 16:00:00+00:00,"AUDUSD,USDJPY,USDCAD",,AUDUSD,AUDUSD-01-N1R106E06,ENTRY
2026-01-02 01:30:00+00:00,2026-01-02 02:00:00+00:00,,,,,NO_TRIGGER
2026-01-02 05:30:00+00:00,2026-01-02 06:00:00+00:00,"EURJPY,USDCAD",,EURJPY,EURJPY-01-N1R034E08,ENTRY
2026-01-02 09:30:00+00:00,2026-01-02 10:00:00+00:00,"EURAUD,AUDJPY",,EURAUD,EURAUD-01-N1R099E11,ENTRY
2026-01-02 11:30:00+00:00,2026-01-02 12:00:00+00:00,"EURUSD,EURAUD,AUDJPY,USDCAD",EURAUD,EURUSD,EURUSD-01-R32E4,ENTRY
2026-01-02 13:30:00+00:00,2026-01-02 14:00:00+00:00,"EURUSD,EURAUD,USDJPY,USDCAD",EURUSD,EURAUD,EURAUD-01-N1R099E11,ENTRY
2026-01-02 15:30:00+00:00,2026-01-02 16:00:00+00:00,EURUSD,"EURAUD,EURUSD",,,TOP_FOUR_HELD
2026-01-05 01:30:00+00:00,2026-01-05 02:00:00+00:00,"AUDCAD,EURUSD,USDJPY",,AUDCAD,AUDCAD-01-R05E7,ENTRY
2026-01-05 05:30:00+00:00,2026-01-05 06:00:00+00:00,"EURUSD,USDCAD",AUDCAD,EURUSD,EURUSD-01-R32E4,ENTRY
2026-01-05 09:30:00+00:00,2026-01-05 10:00:00+00:00,EURUSD,"AUDCAD,EURUSD",,,TOP_FOUR_HELD
2026-01-05 11:30:00+00:00,2026-01-05 12:00:00+00:00,EURUSD,"AUDCAD,EURUSD",,,TOP_FOUR_HELD
2026-01-05 13:30:00+00:00,2026-01-05 14:00:00+00:00,EURUSD,"AUDCAD,EURUSD",,,TOP_FOUR_HELD
2026-01-05 15:30:00+00:00,2026-01-05 16:00:00+00:00,,EURUSD,,,NO_TRIGGER
2026-01-06 01:30:00+00:00,2026-01-06 02:00:00+00:00,USDCAD,,USDCAD,USDCAD-01-N1R065E10,ENTRY
2026-01-06 05:30:00+00:00,2026-01-06 06:00:00+00:00,,USDCAD,,,NO_TRIGGER
2026-01-06 09:30:00+00:00,2026-01-06 10:00:00+00:00,"EURAUD,USDCAD",USDCAD,EURAUD,EURAUD-01-N1R099E11,ENTRY
2026-01-06 11:30:00+00:00,2026-01-06 12:00:00+00:00,"AUDCAD,USDCAD","EURAUD,USDCAD",AUDCAD,AUDCAD-01-R05E7,ENTRY
2026-01-06 13:30:00+00:00,2026-01-06 14:00:00+00:00,"AUDNZD,USDCAD","AUDCAD,EURAUD,USDCAD",AUDNZD,AUDNZD-01-N1R016E02,ENTRY
2026-01-06 15:30:00+00:00,2026-01-06 16:00:00+00:00,"EURAUD,NZDCAD","AUDCAD,AUDNZD",EURAUD,EURAUD-01-N1R099E11,ENTRY
2026-01-07 01:30:00+00:00,2026-01-07 02:00:00+00:00,"EURUSD,EURCHF",EURAUD,EURUSD,EURUSD-01-R32E4,ENTRY
2026-01-07 05:30:00+00:00,2026-01-07 06:00:00+00:00,"EURUSD,EURAUD",EURUSD,EURAUD,EURAUD-01-N1R099E11,ENTRY
2026-01-07 09:30:00+00:00,2026-01-07 10:00:00+00:00,"AUDCAD,EURUSD",EURUSD,AUDCAD,AUDCAD-01-R05E7,ENTRY
2026-01-07 11:30:00+00:00,2026-01-07 12:00:00+00:00,"AUDCAD,EURUSD","AUDCAD,EURUSD",,,TOP_FOUR_HELD
2026-01-07 13:30:00+00:00,2026-01-07 14:00:00+00:00,"AUDCAD,EURUSD","AUDCAD,EURUSD",,,TOP_FOUR_HELD
2026-01-07 15:30:00+00:00,2026-01-07 16:00:00+00:00,"EURUSD,NZDCAD","AUDCAD,EURUSD",NZDCAD,NZDCAD-01-R41E7,ENTRY
2026-01-08 01:30:00+00:00,2026-01-08 02:00:00+00:00,"EURUSD,EURCHF","AUDCAD,EURUSD,NZDCAD",EURCHF,EURCHF-01-N1R048E03,ENTRY
2026-01-08 05:30:00+00:00,2026-01-08 06:00:00+00:00,"AUDCAD,EURUSD","AUDCAD,EURCHF,NZDCAD",EURUSD,EURUSD-01-R32E4,ENTRY
2026-01-08 09:30:00+00:00,2026-01-08 10:00:00+00:00,"AUDNZD,GBPUSD,AUDCAD,EURUSD","AUDCAD,EURCHF,EURUSD,NZDCAD",AUDNZD,AUDNZD-01-N1R016E02,ENTRY
2026-01-08 11:30:00+00:00,2026-01-08 12:00:00+00:00,"AUDCAD,EURUSD,NZDCAD,AUDCHF","EURUSD,NZDCAD",AUDCAD,AUDCAD-01-R05E7,ENTRY
2026-01-08 13:30:00+00:00,2026-01-08 14:00:00+00:00,"AUDCAD,EURUSD,NZDCAD,AUDCHF","AUDCAD,EURUSD,NZDCAD",AUDCHF,AUDCHF-01-N1R069E03,ENTRY
2026-01-08 15:30:00+00:00,2026-01-08 16:00:00+00:00,"EURUSD,AUDUSD,USDJPY","AUDCAD,AUDCHF,NZDCAD",EURUSD,EURUSD-01-R32E4,ENTRY
2026-01-09 01:30:00+00:00,2026-01-09 02:00:00+00:00,EURUSD,AUDCAD,EURUSD,EURUSD-01-R32E4,ENTRY
2026-01-09 05:30:00+00:00,2026-01-09 06:00:00+00:00,"EURUSD,USDJPY","AUDCAD,EURUSD",USDJPY,USDJPY-01-N1R050E01,ENTRY
2026-01-09 09:30:00+00:00,2026-01-09 10:00:00+00:00,"EURUSD,EURJPY,AUDUSD,USDJPY","AUDCAD,EURUSD",EURJPY,EURJPY-01-N1R034E08,ENTRY
2026-01-09 11:30:00+00:00,2026-01-09 12:00:00+00:00,"EURUSD,EURJPY,AUDUSD,USDJPY","EURJPY,EURUSD",AUDUSD,AUDUSD-01-N1R106E06,ENTRY
2026-01-09 13:30:00+00:00,2026-01-09 14:00:00+00:00,"EURUSD,EURJPY,AUDUSD,USDJPY","EURJPY,EURUSD",AUDUSD,AUDUSD-01-N1R106E06,ENTRY
2026-01-09 15:30:00+00:00,2026-01-09 16:00:00+00:00,"CHFJPY,EURJPY,USDJPY",EURUSD,CHFJPY,CHFJPY-01-N1R040E10,ENTRY
2026-01-12 01:30:00+00:00,2026-01-12 02:00:00+00:00,"AUDJPY,EURJPY",,AUDJPY,AUDJPY-01-N1R055E07,ENTRY
2026-01-12 05:30:00+00:00,2026-01-12 06:00:00+00:00,"EURJPY,USDJPY",,EURJPY,EURJPY-01-N1R034E08,ENTRY
2026-01-12 09:30:00+00:00,2026-01-12 10:00:00+00:00,"AUDCAD,EURJPY,USDCAD",EURJPY,AUDCAD,AUDCAD-01-R05E7,ENTRY
2026-01-12 11:30:00+00:00,2026-01-12 12:00:00+00:00,"EURJPY,USDCAD","AUDCAD,EURJPY",USDCAD,USDCAD-01-N1R065E10,ENTRY
2026-01-12 13:30:00+00:00,2026-01-12 14:00:00+00:00,"EURJPY,USDCAD","AUDCAD,EURJPY,USDCAD",,,TOP_FOUR_HELD
2026-01-12 15:30:00+00:00,2026-01-12 16:00:00+00:00,"NZDCAD,EURJPY,USDCAD","AUDCAD,EURJPY,USDCAD",NZDCAD,NZDCAD-01-R41E7,ENTRY
2026-01-13 01:30:00+00:00,2026-01-13 02:00:00+00:00,"EURJPY,USDJPY,EURNZD","AUDCAD,NZDCAD",EURJPY,EURJPY-01-N1R034E08,ENTRY
2026-01-13 05:30:00+00:00,2026-01-13 06:00:00+00:00,"AUDCAD,EURJPY,USDJPY,EURNZD","AUDCAD,NZDCAD",EURJPY,EURJPY-01-N1R034E08,ENTRY
2026-01-13 09:30:00+00:00,2026-01-13 10:00:00+00:00,"AUDCAD,EURJPY,USDJPY,USDCAD","AUDCAD,EURJPY,NZDCAD",USDJPY,USDJPY-01-N1R050E01,ENTRY
2026-01-13 11:30:00+00:00,2026-01-13 12:00:00+00:00,"NZDUSD,AUDCAD,EURJPY,USDJPY","EURJPY,NZDCAD,USDJPY",NZDUSD,NZDUSD-01-R42E4,ENTRY
2026-01-13 13:30:00+00:00,2026-01-13 14:00:00+00:00,"NZDUSD,NZDCAD,EURJPY,USDJPY","EURJPY,NZDCAD,NZDUSD,USDJPY",,,TOP_FOUR_HELD
2026-01-13 15:30:00+00:00,2026-01-13 16:00:00+00:00,"NZDCAD,EURJPY,USDJPY","EURJPY,NZDCAD",USDJPY,USDJPY-01-N1R050E01,ENTRY
2026-01-14 01:30:00+00:00,2026-01-14 02:00:00+00:00,"EURUSD,EURCHF,EURJPY,USDJPY",,EURUSD,EURUSD-01-R32E4,ENTRY
2026-01-14 05:30:00+00:00,2026-01-14 06:00:00+00:00,"EURUSD,EURCHF,USDJPY",EURUSD,EURCHF,EURCHF-01-N1R048E03,ENTRY
2026-01-14 09:30:00+00:00,2026-01-14 10:00:00+00:00,"EURUSD,USDCAD",EURUSD,USDCAD,USDCAD-01-N1R065E10,ENTRY
2026-01-14 11:30:00+00:00,2026-01-14 12:00:00+00:00,"EURUSD,USDCAD","EURUSD,USDCAD",,,TOP_FOUR_HELD
2026-01-14 13:30:00+00:00,2026-01-14 14:00:00+00:00,,,,,NO_TRIGGER
2026-01-14 15:30:00+00:00,2026-01-14 16:00:00+00:00,"AUDUSD,USDCAD",,AUDUSD,AUDUSD-01-N1R106E06,ENTRY
2026-01-15 01:30:00+00:00,2026-01-15 02:00:00+00:00,AUDUSD,,AUDUSD,AUDUSD-01-N1R106E06,ENTRY
2026-01-15 05:30:00+00:00,2026-01-15 06:00:00+00:00,"GBPUSD,EURUSD,AUDUSD",,GBPUSD,GBPUSD-01-R14E8,ENTRY
2026-01-15 09:30:00+00:00,2026-01-15 10:00:00+00:00,"EURUSD,AUDUSD",GBPUSD,EURUSD,EURUSD-01-R32E4,ENTRY
2026-01-15 11:30:00+00:00,2026-01-15 12:00:00+00:00,"GBPUSD,EURUSD,EURAUD","EURUSD,GBPUSD",EURAUD,EURAUD-01-N1R099E11,ENTRY
2026-01-15 13:30:00+00:00,2026-01-15 14:00:00+00:00,"GBPUSD,EURUSD,EURAUD","EURAUD,EURUSD,GBPUSD",,,TOP_FOUR_HELD
2026-01-15 15:30:00+00:00,2026-01-15 16:00:00+00:00,"GBPJPY,EURNZD","EURAUD,GBPUSD",GBPJPY,GBPJPY-01-R56E5,ENTRY
2026-01-16 01:30:00+00:00,2026-01-16 02:00:00+00:00,"EURUSD,AUDJPY,EURCAD,USDCAD","GBPJPY,GBPUSD",EURUSD,EURUSD-01-R32E4,ENTRY
2026-01-16 05:30:00+00:00,2026-01-16 06:00:00+00:00,"EURUSD,EURCAD","EURUSD,GBPJPY,GBPUSD",EURCAD,EURCAD-01-N1R088E03,ENTRY
2026-01-16 09:30:00+00:00,2026-01-16 10:00:00+00:00,"EURUSD,USDCAD,EURNZD","EURUSD,GBPJPY",USDCAD,USDCAD-01-N1R065E10,ENTRY
2026-01-16 11:30:00+00:00,2026-01-16 12:00:00+00:00,"EURUSD,EURNZD","EURUSD,GBPJPY,USDCAD",EURNZD,EURNZD-01-N1R117E11,ENTRY
2026-01-16 13:30:00+00:00,2026-01-16 14:00:00+00:00,AUDCAD,"EURNZD,EURUSD,GBPJPY,USDCAD",AUDCAD,AUDCAD-01-R05E7,ENTRY
2026-01-16 15:30:00+00:00,2026-01-16 16:00:00+00:00,"GBPJPY,AUDCAD,USDCAD","AUDCAD,EURUSD,GBPJPY,USDCAD",,,TOP_FOUR_HELD
2026-01-19 01:30:00+00:00,2026-01-19 02:00:00+00:00,NZDCAD,,NZDCAD,NZDCAD-01-R41E7,ENTRY
2026-01-19 05:30:00+00:00,2026-01-19 06:00:00+00:00,USDCAD,NZDCAD,USDCAD,USDCAD-01-N1R065E10,ENTRY
2026-01-19 09:30:00+00:00,2026-01-19 10:00:00+00:00,,"NZDCAD,USDCAD",,,NO_TRIGGER
2026-01-19 11:30:00+00:00,2026-01-19 12:00:00+00:00,EURNZD,"NZDCAD,USDCAD",EURNZD,EURNZD-01-N1R117E11,ENTRY
2026-01-19 13:30:00+00:00,2026-01-19 14:00:00+00:00,EURNZD,"EURNZD,NZDCAD,USDCAD",,,TOP_FOUR_HELD
2026-01-19 15:30:00+00:00,2026-01-19 16:00:00+00:00,NZDCAD,"EURNZD,NZDCAD",,,TOP_FOUR_HELD
2026-01-20 01:30:00+00:00,2026-01-20 02:00:00+00:00,CHFJPY,EURNZD,CHFJPY,CHFJPY-01-N1R040E10,ENTRY
2026-01-20 05:30:00+00:00,2026-01-20 06:00:00+00:00,"EURAUD,USDCHF,EURJPY,EURNZD",,EURAUD,EURAUD-01-N1R099E11,ENTRY
2026-01-20 09:30:00+00:00,2026-01-20 10:00:00+00:00,"AUDCAD,USDCHF,EURJPY",,AUDCAD,AUDCAD-01-R05E7,ENTRY
2026-01-20 11:30:00+00:00,2026-01-20 12:00:00+00:00,"AUDCAD,EURGBP,EURJPY",AUDCAD,EURGBP,EURGBP-01-N1R066E01,ENTRY
2026-01-20 13:30:00+00:00,2026-01-20 14:00:00+00:00,"AUDCAD,EURJPY",AUDCAD,EURJPY,EURJPY-01-N1R034E08,ENTRY
2026-01-20 15:30:00+00:00,2026-01-20 16:00:00+00:00,EURJPY,"AUDCAD,EURJPY",,,TOP_FOUR_HELD
2026-01-21 01:30:00+00:00,2026-01-21 02:00:00+00:00,"NZDUSD,CHFJPY,EURJPY","AUDCAD,EURJPY",NZDUSD,NZDUSD-01-R42E4,ENTRY
2026-01-21 05:30:00+00:00,2026-01-21 06:00:00+00:00,"NZDCAD,CHFJPY,EURJPY","AUDCAD,NZDUSD",NZDCAD,NZDCAD-01-R41E7,ENTRY
2026-01-21 09:30:00+00:00,2026-01-21 10:00:00+00:00,,"NZDCAD,NZDUSD",,,NO_TRIGGER
2026-01-21 11:30:00+00:00,2026-01-21 12:00:00+00:00,EURGBP,"NZDCAD,NZDUSD",EURGBP,EURGBP-01-N1R066E01,ENTRY
2026-01-21 13:30:00+00:00,2026-01-21 14:00:00+00:00,EURNZD,NZDCAD,EURNZD,EURNZD-01-N1R117E11,ENTRY
2026-01-21 15:30:00+00:00,2026-01-21 16:00:00+00:00,"AUDJPY,EURNZD","EURNZD,NZDCAD",AUDJPY,AUDJPY-01-N1R055E07,ENTRY
2026-01-22 01:30:00+00:00,2026-01-22 02:00:00+00:00,"EURAUD,EURCAD",NZDCAD,EURAUD,EURAUD-01-N1R099E11,ENTRY
2026-01-22 05:30:00+00:00,2026-01-22 06:00:00+00:00,"EURAUD,AUDJPY,EURCAD","EURAUD,NZDCAD",AUDJPY,AUDJPY-01-N1R055E07,ENTRY
2026-01-22 09:30:00+00:00,2026-01-22 10:00:00+00:00,"AUDJPY,EURCAD,CHFJPY,EURJPY","AUDJPY,EURAUD",EURCAD,EURCAD-01-N1R088E03,ENTRY
2026-01-22 11:30:00+00:00,2026-01-22 12:00:00+00:00,"AUDJPY,CHFJPY,EURJPY,USDJPY","AUDJPY,EURAUD,EURCAD",CHFJPY,CHFJPY-01-N1R040E10,ENTRY
2026-01-22 13:30:00+00:00,2026-01-22 14:00:00+00:00,"AUDJPY,CHFJPY,EURJPY,USDJPY","AUDJPY,EURAUD",CHFJPY,CHFJPY-01-N1R040E10,ENTRY
2026-01-22 15:30:00+00:00,2026-01-22 16:00:00+00:00,"AUDCHF,CHFJPY,EURJPY","AUDJPY,CHFJPY,EURAUD",AUDCHF,AUDCHF-01-N1R069E03,ENTRY
2026-01-23 01:30:00+00:00,2026-01-23 02:00:00+00:00,"AUDJPY,NZDCAD,CHFJPY,EURJPY","AUDCHF,EURAUD",AUDJPY,AUDJPY-01-N1R055E07,ENTRY
2026-01-23 05:30:00+00:00,2026-01-23 06:00:00+00:00,"EURAUD,AUDJPY,CHFJPY,EURJPY",,EURAUD,EURAUD-01-N1R099E11,ENTRY
2026-01-23 09:30:00+00:00,2026-01-23 10:00:00+00:00,NZDCAD,EURAUD,NZDCAD,NZDCAD-01-R41E7,ENTRY
2026-01-23 11:30:00+00:00,2026-01-23 12:00:00+00:00,"NZDUSD,NZDCAD","EURAUD,NZDCAD",NZDUSD,NZDUSD-01-R42E4,ENTRY
2026-01-23 13:30:00+00:00,2026-01-23 14:00:00+00:00,NZDCAD,"NZDCAD,NZDUSD",,,TOP_FOUR_HELD
2026-01-23 15:30:00+00:00,2026-01-23 16:00:00+00:00,"EURAUD,NZDCAD","NZDCAD,NZDUSD",EURAUD,EURAUD-01-N1R099E11,ENTRY
2026-01-26 01:30:00+00:00,2026-01-26 02:00:00+00:00,"GBPJPY,NZDCAD,AUDCHF",,GBPJPY,GBPJPY-01-R56E5,ENTRY
2026-01-26 05:30:00+00:00,2026-01-26 06:00:00+00:00,,GBPJPY,,,NO_TRIGGER
2026-01-26 09:30:00+00:00,2026-01-26 10:00:00+00:00,,GBPJPY,,,NO_TRIGGER
2026-01-26 11:30:00+00:00,2026-01-26 12:00:00+00:00,,GBPJPY,,,NO_TRIGGER
2026-01-26 13:30:00+00:00,2026-01-26 14:00:00+00:00,NZDCAD,GBPJPY,NZDCAD,NZDCAD-01-R41E7,ENTRY
2026-01-26 15:30:00+00:00,2026-01-26 16:00:00+00:00,,"GBPJPY,NZDCAD",,,NO_TRIGGER
2026-01-27 01:30:00+00:00,2026-01-27 02:00:00+00:00,AUDCAD,GBPJPY,AUDCAD,AUDCAD-01-R05E7,ENTRY
2026-01-27 05:30:00+00:00,2026-01-27 06:00:00+00:00,NZDCAD,AUDCAD,NZDCAD,NZDCAD-01-R41E7,ENTRY
2026-01-27 09:30:00+00:00,2026-01-27 10:00:00+00:00,AUDCAD,"AUDCAD,NZDCAD",,,TOP_FOUR_HELD
2026-01-27 11:30:00+00:00,2026-01-27 12:00:00+00:00,"NZDCAD,USDCHF","AUDCAD,NZDCAD",USDCHF,USDCHF-01-N1R086E04,ENTRY
2026-01-27 13:30:00+00:00,2026-01-27 14:00:00+00:00,USDCHF,"AUDCAD,NZDCAD",USDCHF,USDCHF-01-N1R086E04,ENTRY
2026-01-27 15:30:00+00:00,2026-01-27 16:00:00+00:00,"NZDCAD,USDCHF","AUDCAD,NZDCAD",USDCHF,USDCHF-01-N1R086E04,ENTRY
2026-01-28 01:30:00+00:00,2026-01-28 02:00:00+00:00,,NZDCAD,,,NO_TRIGGER
2026-01-28 05:30:00+00:00,2026-01-28 06:00:00+00:00,"NZDUSD,NZDCAD,CHFJPY",NZDCAD,NZDUSD,NZDUSD-01-R42E4,ENTRY
2026-01-28 09:30:00+00:00,2026-01-28 10:00:00+00:00,"AUDCAD,EURAUD,NZDCAD",NZDUSD,AUDCAD,AUDCAD-01-R05E7,ENTRY
2026-01-28 11:30:00+00:00,2026-01-28 12:00:00+00:00,EURAUD,"AUDCAD,NZDUSD",EURAUD,EURAUD-01-N1R099E11,ENTRY
2026-01-28 13:30:00+00:00,2026-01-28 14:00:00+00:00,"AUDCAD,EURAUD,NZDCAD,EURNZD","AUDCAD,EURAUD,NZDUSD",NZDCAD,NZDCAD-01-R41E7,ENTRY
2026-01-28 15:30:00+00:00,2026-01-28 16:00:00+00:00,"AUDCAD,EURAUD,NZDCAD,EURNZD","AUDCAD,EURAUD,NZDCAD,NZDUSD",EURNZD,EURNZD-01-N1R117E11,ENTRY
2026-01-29 01:30:00+00:00,2026-01-29 02:00:00+00:00,"EURAUD,AUDJPY,CHFJPY,EURNZD",,EURAUD,EURAUD-01-N1R099E11,ENTRY
2026-01-29 05:30:00+00:00,2026-01-29 06:00:00+00:00,"EURAUD,AUDJPY,EURCAD,CHFJPY",,EURAUD,EURAUD-01-N1R099E11,ENTRY
2026-01-29 09:30:00+00:00,2026-01-29 10:00:00+00:00,"EURAUD,NZDCAD,EURCAD,CHFJPY",,EURAUD,EURAUD-01-N1R099E11,ENTRY
2026-01-29 11:30:00+00:00,2026-01-29 12:00:00+00:00,"AUDCAD,NZDCAD,EURCAD,CHFJPY",,AUDCAD,AUDCAD-01-R05E7,ENTRY
2026-01-29 13:30:00+00:00,2026-01-29 14:00:00+00:00,EURCAD,AUDCAD,EURCAD,EURCAD-01-N1R088E03,ENTRY
2026-01-29 15:30:00+00:00,2026-01-29 16:00:00+00:00,"AUDCAD,EURCAD","AUDCAD,EURCAD",,,TOP_FOUR_HELD
2026-01-30 01:30:00+00:00,2026-01-30 02:00:00+00:00,"NZDCAD,EURCAD",,NZDCAD,NZDCAD-01-R41E7,ENTRY
2026-01-30 05:30:00+00:00,2026-01-30 06:00:00+00:00,EURCAD,NZDCAD,EURCAD,EURCAD-01-N1R088E03,ENTRY
2026-01-30 09:30:00+00:00,2026-01-30 10:00:00+00:00,,"EURCAD,NZDCAD",,,NO_TRIGGER
2026-01-30 11:30:00+00:00,2026-01-30 12:00:00+00:00,USDJPY,EURCAD,USDJPY,USDJPY-01-N1R050E01,ENTRY
2026-01-30 13:30:00+00:00,2026-01-30 14:00:00+00:00,"CHFJPY,USDJPY","EURCAD,USDJPY",CHFJPY,CHFJPY-01-N1R040E10,ENTRY
2026-01-30 15:30:00+00:00,2026-01-30 16:00:00+00:00,"EURCAD,CHFJPY,USDJPY",EURCAD,CHFJPY,CHFJPY-01-N1R040E10,ENTRY
2026-02-02 01:30:00+00:00,2026-02-02 02:00:00+00:00,"EURJPY,EURNZD",,EURJPY,EURJPY-02-R33E2,ENTRY
2026-02-02 05:30:00+00:00,2026-02-02 06:00:00+00:00,"EURJPY,GBPJPY,EURNZD",,EURJPY,EURJPY-02-R33E2,ENTRY
2026-02-02 09:30:00+00:00,2026-02-02 10:00:00+00:00,"EURJPY,EURNZD",,EURJPY,EURJPY-02-R33E2,ENTRY
2026-02-02 11:30:00+00:00,2026-02-02 12:00:00+00:00,"EURJPY,EURCHF,EURNZD",EURJPY,EURCHF,EURCHF-02-N1R030E03,ENTRY
2026-02-02 13:30:00+00:00,2026-02-02 14:00:00+00:00,"EURJPY,EURCHF","EURCHF,EURJPY",,,TOP_FOUR_HELD
2026-02-02 15:30:00+00:00,2026-02-02 16:00:00+00:00,"EURCAD,EURJPY,EURCHF,NZDUSD","EURCHF,EURJPY",EURCAD,EURCAD-02-N1R077E12,ENTRY
2026-02-03 01:30:00+00:00,2026-02-03 02:00:00+00:00,"NZDCAD,GBPJPY","EURCAD,EURJPY",NZDCAD,NZDCAD-02-N1R013E12,ENTRY
2026-02-03 05:30:00+00:00,2026-02-03 06:00:00+00:00,"AUDNZD,NZDCAD,GBPJPY,EURNZD","EURCAD,EURJPY,NZDCAD",AUDNZD,AUDNZD-02-R57E7,ENTRY
2026-02-03 09:30:00+00:00,2026-02-03 10:00:00+00:00,"CHFJPY,AUDNZD,NZDCAD,GBPJPY","AUDNZD,EURCAD,EURJPY,NZDCAD",CHFJPY,CHFJPY-02-R60E8,ENTRY
2026-02-03 11:30:00+00:00,2026-02-03 12:00:00+00:00,"EURJPY,AUDNZD,GBPJPY,USDCAD","AUDNZD,CHFJPY,EURCAD,NZDCAD",EURJPY,EURJPY-02-R33E2,ENTRY
2026-02-03 13:30:00+00:00,2026-02-03 14:00:00+00:00,"EURJPY,GBPJPY","AUDNZD,CHFJPY,EURCAD,EURJPY,NZDCAD",GBPJPY,GBPJPY-02-N1R037E11,ENTRY
2026-02-03 15:30:00+00:00,2026-02-03 16:00:00+00:00,"EURJPY,GBPJPY","AUDNZD,EURCAD,EURJPY,GBPJPY,NZDCAD",,,TOP_FOUR_HELD
2026-02-04 01:30:00+00:00,2026-02-04 02:00:00+00:00,"EURJPY,GBPJPY,USDCAD","AUDNZD,NZDCAD",EURJPY,EURJPY-02-R33E2,ENTRY
2026-02-04 05:30:00+00:00,2026-02-04 06:00:00+00:00,"EURJPY,GBPJPY,USDCAD",AUDNZD,EURJPY,EURJPY-02-R33E2,ENTRY
2026-02-04 09:30:00+00:00,2026-02-04 10:00:00+00:00,"EURJPY,GBPJPY,EURNZD,USDCAD",EURJPY,GBPJPY,GBPJPY-02-N1R037E11,ENTRY
2026-02-04 11:30:00+00:00,2026-02-04 12:00:00+00:00,"GBPJPY,USDCAD","EURJPY,GBPJPY",USDCAD,USDCAD-02-N1R067E02,ENTRY
2026-02-04 13:30:00+00:00,2026-02-04 14:00:00+00:00,"GBPJPY,EURNZD",GBPJPY,EURNZD,EURNZD-02-N1R137E06,ENTRY
2026-02-04 15:30:00+00:00,2026-02-04 16:00:00+00:00,GBPJPY,,GBPJPY,GBPJPY-02-N1R037E11,ENTRY
2026-02-05 01:30:00+00:00,2026-02-05 02:00:00+00:00,,,,,NO_TRIGGER
2026-02-05 05:30:00+00:00,2026-02-05 06:00:00+00:00,,,,,NO_TRIGGER
2026-02-05 09:30:00+00:00,2026-02-05 10:00:00+00:00,EURGBP,,EURGBP,EURGBP-02-N1R032E05,ENTRY
2026-02-05 11:30:00+00:00,2026-02-05 12:00:00+00:00,,,,,NO_TRIGGER
2026-02-05 13:30:00+00:00,2026-02-05 14:00:00+00:00,,,,,NO_TRIGGER
2026-02-05 15:30:00+00:00,2026-02-05 16:00:00+00:00,EURJPY,,EURJPY,EURJPY-02-R33E2,ENTRY
2026-02-06 01:30:00+00:00,2026-02-06 02:00:00+00:00,"EURJPY,AUDJPY",,EURJPY,EURJPY-02-R33E2,ENTRY
2026-02-06 05:30:00+00:00,2026-02-06 06:00:00+00:00,EURJPY,EURJPY,,,TOP_FOUR_HELD
2026-02-06 09:30:00+00:00,2026-02-06 10:00:00+00:00,EURJPY,,EURJPY,EURJPY-02-R33E2,ENTRY
2026-02-06 11:30:00+00:00,2026-02-06 12:00:00+00:00,"EURJPY,USDCAD",EURJPY,USDCAD,USDCAD-02-N1R067E02,ENTRY
2026-02-06 13:30:00+00:00,2026-02-06 14:00:00+00:00,USDCAD,"EURJPY,USDCAD",,,TOP_FOUR_HELD
2026-02-06 15:30:00+00:00,2026-02-06 16:00:00+00:00,EURJPY,EURJPY,,,TOP_FOUR_HELD
2026-02-09 01:30:00+00:00,2026-02-09 02:00:00+00:00,"EURJPY,GBPJPY,AUDCAD",,EURJPY,EURJPY-02-R33E2,ENTRY
2026-02-09 05:30:00+00:00,2026-02-09 06:00:00+00:00,"EURJPY,EURGBP",,EURJPY,EURJPY-02-R33E2,ENTRY
2026-02-09 09:30:00+00:00,2026-02-09 10:00:00+00:00,"EURJPY,EURUSD,EURGBP",,EURJPY,EURJPY-02-R33E2,ENTRY
2026-02-09 11:30:00+00:00,2026-02-09 12:00:00+00:00,"EURJPY,AUDNZD,EURGBP,USDCHF",EURJPY,AUDNZD,AUDNZD-02-R57E7,ENTRY
2026-02-09 13:30:00+00:00,2026-02-09 14:00:00+00:00,"EURJPY,AUDNZD,GBPUSD","AUDNZD,EURJPY",GBPUSD,GBPUSD-02-N1R070E09,ENTRY
2026-02-09 15:30:00+00:00,2026-02-09 16:00:00+00:00,EURJPY,AUDNZD,EURJPY,EURJPY-02-R33E2,ENTRY
2026-02-10 01:30:00+00:00,2026-02-10 02:00:00+00:00,GBPJPY,EURJPY,GBPJPY,GBPJPY-02-N1R037E11,ENTRY
2026-02-10 05:30:00+00:00,2026-02-10 06:00:00+00:00,EURJPY,,EURJPY,EURJPY-02-R33E2,ENTRY
2026-02-10 09:30:00+00:00,2026-02-10 10:00:00+00:00,"USDJPY,EURGBP",,USDJPY,USDJPY-02-R15E5,ENTRY
2026-02-10 11:30:00+00:00,2026-02-10 12:00:00+00:00,"AUDUSD,EURGBP,GBPUSD",USDJPY,AUDUSD,AUDUSD-02-N1R070E09,ENTRY
2026-02-10 13:30:00+00:00,2026-02-10 14:00:00+00:00,,"AUDUSD,USDJPY",,,NO_TRIGGER
2026-02-10 15:30:00+00:00,2026-02-10 16:00:00+00:00,,,,,NO_TRIGGER
2026-02-11 01:30:00+00:00,2026-02-11 02:00:00+00:00,"GBPUSD,AUDJPY",,GBPUSD,GBPUSD-02-N1R070E09,ENTRY
2026-02-11 05:30:00+00:00,2026-02-11 06:00:00+00:00,"AUDNZD,EURUSD,AUDCAD",,AUDNZD,AUDNZD-02-R57E7,ENTRY
2026-02-11 09:30:00+00:00,2026-02-11 10:00:00+00:00,"EURUSD,AUDJPY",AUDNZD,EURUSD,EURUSD-02-N1R032E11,ENTRY
2026-02-11 11:30:00+00:00,2026-02-11 12:00:00+00:00,AUDJPY,"AUDNZD,EURUSD",AUDJPY,AUDJPY-02-N1R087E02,ENTRY
2026-02-11 13:30:00+00:00,2026-02-11 14:00:00+00:00,USDJPY,"AUDJPY,AUDNZD,EURUSD",USDJPY,USDJPY-02-R15E5,ENTRY
2026-02-11 15:30:00+00:00,2026-02-11 16:00:00+00:00,"NZDCAD,EURNZD",USDJPY,NZDCAD,NZDCAD-02-N1R013E12,ENTRY
2026-02-12 01:30:00+00:00,2026-02-12 02:00:00+00:00,,NZDCAD,,,NO_TRIGGER
2026-02-12 05:30:00+00:00,2026-02-12 06:00:00+00:00,AUDJPY,NZDCAD,AUDJPY,AUDJPY-02-N1R087E02,ENTRY
2026-02-12 09:30:00+00:00,2026-02-12 10:00:00+00:00,NZDCAD,NZDCAD,,,TOP_FOUR_HELD
2026-02-12 11:30:00+00:00,2026-02-12 12:00:00+00:00,CHFJPY,NZDCAD,CHFJPY,CHFJPY-02-R60E8,ENTRY
2026-02-12 13:30:00+00:00,2026-02-12 14:00:00+00:00,USDJPY,"CHFJPY,NZDCAD",USDJPY,USDJPY-02-R15E5,ENTRY
2026-02-12 15:30:00+00:00,2026-02-12 16:00:00+00:00,,"CHFJPY,NZDCAD,USDJPY",,,NO_TRIGGER
2026-02-13 01:30:00+00:00,2026-02-13 02:00:00+00:00,AUDJPY,USDJPY,AUDJPY,AUDJPY-02-N1R087E02,ENTRY
2026-02-13 05:30:00+00:00,2026-02-13 06:00:00+00:00,,"AUDJPY,USDJPY",,,NO_TRIGGER
2026-02-13 09:30:00+00:00,2026-02-13 10:00:00+00:00,"CHFJPY,USDJPY,EURAUD,AUDJPY",USDJPY,CHFJPY,CHFJPY-02-R60E8,ENTRY
2026-02-13 11:30:00+00:00,2026-02-13 12:00:00+00:00,,"CHFJPY,USDJPY",,,NO_TRIGGER
2026-02-13 13:30:00+00:00,2026-02-13 14:00:00+00:00,"EURAUD,NZDUSD,AUDJPY,USDCAD","CHFJPY,USDJPY",EURAUD,EURAUD-02-N1R028E06,ENTRY
2026-02-13 15:30:00+00:00,2026-02-13 16:00:00+00:00,AUDJPY,CHFJPY,AUDJPY,AUDJPY-02-N1R087E02,ENTRY
2026-02-16 01:30:00+00:00,2026-02-16 02:00:00+00:00,"CHFJPY,USDJPY,AUDJPY",,CHFJPY,CHFJPY-02-R60E8,ENTRY
2026-02-16 05:30:00+00:00,2026-02-16 06:00:00+00:00,USDJPY,CHFJPY,USDJPY,USDJPY-02-R15E5,ENTRY
2026-02-16 09:30:00+00:00,2026-02-16 10:00:00+00:00,USDJPY,"CHFJPY,USDJPY",,,TOP_FOUR_HELD
2026-02-16 11:30:00+00:00,2026-02-16 12:00:00+00:00,"USDJPY,USDCAD",CHFJPY,USDJPY,USDJPY-02-R15E5,ENTRY
2026-02-16 13:30:00+00:00,2026-02-16 14:00:00+00:00,"AUDCHF,USDCAD","CHFJPY,USDJPY",AUDCHF,AUDCHF-02-N1R138E09,ENTRY
2026-02-16 15:30:00+00:00,2026-02-16 16:00:00+00:00,AUDJPY,"AUDCHF,CHFJPY,USDJPY",AUDJPY,AUDJPY-02-N1R087E02,ENTRY
2026-02-17 01:30:00+00:00,2026-02-17 02:00:00+00:00,AUDJPY,CHFJPY,AUDJPY,AUDJPY-02-N1R087E02,ENTRY
2026-02-17 05:30:00+00:00,2026-02-17 06:00:00+00:00,"NZDCAD,EURNZD,AUDJPY",,NZDCAD,NZDCAD-02-N1R013E12,ENTRY
2026-02-17 09:30:00+00:00,2026-02-17 10:00:00+00:00,AUDJPY,NZDCAD,AUDJPY,AUDJPY-02-N1R087E02,ENTRY
2026-02-17 11:30:00+00:00,2026-02-17 12:00:00+00:00,NZDCAD,"AUDJPY,NZDCAD",,,TOP_FOUR_HELD
2026-02-17 13:30:00+00:00,2026-02-17 14:00:00+00:00,USDJPY,"AUDJPY,NZDCAD",USDJPY,USDJPY-02-R15E5,ENTRY
2026-02-17 15:30:00+00:00,2026-02-17 16:00:00+00:00,"AUDJPY,USDCAD","NZDCAD,USDJPY",AUDJPY,AUDJPY-02-N1R087E02,ENTRY
2026-02-18 01:30:00+00:00,2026-02-18 02:00:00+00:00,"AUDJPY,USDCAD",NZDCAD,AUDJPY,AUDJPY-02-N1R087E02,ENTRY
2026-02-18 05:30:00+00:00,2026-02-18 06:00:00+00:00,USDCAD,AUDJPY,USDCAD,USDCAD-02-N1R067E02,ENTRY
2026-02-18 09:30:00+00:00,2026-02-18 10:00:00+00:00,AUDNZD,,AUDNZD,AUDNZD-02-R57E7,ENTRY
2026-02-18 11:30:00+00:00,2026-02-18 12:00:00+00:00,AUDCAD,AUDNZD,AUDCAD,AUDCAD-02-N1R032E11,ENTRY
2026-02-18 13:30:00+00:00,2026-02-18 14:00:00+00:00,,"AUDCAD,AUDNZD",,,NO_TRIGGER
2026-02-18 15:30:00+00:00,2026-02-18 16:00:00+00:00,"EURJPY,USDCAD","AUDCAD,AUDNZD",EURJPY,EURJPY-02-R33E2,ENTRY
2026-02-19 01:30:00+00:00,2026-02-19 02:00:00+00:00,GBPJPY,"AUDCAD,EURJPY",GBPJPY,GBPJPY-02-N1R037E11,ENTRY
2026-02-19 05:30:00+00:00,2026-02-19 06:00:00+00:00,AUDNZD,AUDCAD,AUDNZD,AUDNZD-02-R57E7,ENTRY
2026-02-19 09:30:00+00:00,2026-02-19 10:00:00+00:00,GBPJPY,"AUDCAD,AUDNZD",GBPJPY,GBPJPY-02-N1R037E11,ENTRY
2026-02-19 11:30:00+00:00,2026-02-19 12:00:00+00:00,"NZDUSD,GBPJPY,USDCAD","AUDCAD,AUDNZD",NZDUSD,NZDUSD-02-N1R136E10,ENTRY
2026-02-19 13:30:00+00:00,2026-02-19 14:00:00+00:00,"EURJPY,NZDUSD,USDCAD","AUDNZD,NZDUSD",EURJPY,EURJPY-02-R33E2,ENTRY
2026-02-19 15:30:00+00:00,2026-02-19 16:00:00+00:00,"EURJPY,NZDUSD,USDCAD","AUDNZD,EURJPY",NZDUSD,NZDUSD-02-N1R136E10,ENTRY
2026-02-20 01:30:00+00:00,2026-02-20 02:00:00+00:00,EURJPY,"AUDNZD,NZDUSD",EURJPY,EURJPY-02-R33E2,ENTRY
2026-02-20 05:30:00+00:00,2026-02-20 06:00:00+00:00,,"AUDNZD,EURJPY",,,NO_TRIGGER
2026-02-20 09:30:00+00:00,2026-02-20 10:00:00+00:00,"EURJPY,GBPJPY,USDCAD",,EURJPY,EURJPY-02-R33E2,ENTRY
2026-02-20 11:30:00+00:00,2026-02-20 12:00:00+00:00,"EURJPY,GBPJPY",,EURJPY,EURJPY-02-R33E2,ENTRY
2026-02-20 13:30:00+00:00,2026-02-20 14:00:00+00:00,"EURJPY,GBPJPY",EURJPY,GBPJPY,GBPJPY-02-N1R037E11,ENTRY
2026-02-20 15:30:00+00:00,2026-02-20 16:00:00+00:00,"EURCHF,GBPJPY,USDCAD","EURJPY,GBPJPY",EURCHF,EURCHF-02-N1R030E03,ENTRY
2026-02-23 01:30:00+00:00,2026-02-23 02:00:00+00:00,EURJPY,,EURJPY,EURJPY-02-R33E2,ENTRY
2026-02-23 05:30:00+00:00,2026-02-23 06:00:00+00:00,EURJPY,EURJPY,,,TOP_FOUR_HELD
2026-02-23 09:30:00+00:00,2026-02-23 10:00:00+00:00,EURJPY,,EURJPY,EURJPY-02-R33E2,ENTRY
2026-02-23 11:30:00+00:00,2026-02-23 12:00:00+00:00,"EURJPY,GBPJPY",EURJPY,GBPJPY,GBPJPY-02-N1R037E11,ENTRY
2026-02-23 13:30:00+00:00,2026-02-23 14:00:00+00:00,"EURJPY,AUDNZD,GBPJPY",GBPJPY,EURJPY,EURJPY-02-R33E2,ENTRY
2026-02-23 15:30:00+00:00,2026-02-23 16:00:00+00:00,"EURJPY,GBPJPY",EURJPY,GBPJPY,GBPJPY-02-N1R037E11,ENTRY
2026-02-24 01:30:00+00:00,2026-02-24 02:00:00+00:00,"CHFJPY,USDJPY",,CHFJPY,CHFJPY-02-R60E8,ENTRY
2026-02-24 05:30:00+00:00,2026-02-24 06:00:00+00:00,AUDCAD,CHFJPY,AUDCAD,AUDCAD-02-N1R032E11,ENTRY
2026-02-24 09:30:00+00:00,2026-02-24 10:00:00+00:00,"EURJPY,GBPJPY",AUDCAD,EURJPY,EURJPY-02-R33E2,ENTRY
2026-02-24 11:30:00+00:00,2026-02-24 12:00:00+00:00,"EURJPY,GBPJPY","AUDCAD,EURJPY",GBPJPY,GBPJPY-02-N1R037E11,ENTRY
2026-02-24 13:30:00+00:00,2026-02-24 14:00:00+00:00,"EURJPY,EURAUD,AUDCHF,GBPJPY",GBPJPY,EURJPY,EURJPY-02-R33E2,ENTRY
2026-02-24 15:30:00+00:00,2026-02-24 16:00:00+00:00,"EURJPY,EURAUD,GBPJPY","EURJPY,GBPJPY",EURAUD,EURAUD-02-N1R028E06,ENTRY
2026-02-25 01:30:00+00:00,2026-02-25 02:00:00+00:00,"EURJPY,USDCAD",,EURJPY,EURJPY-02-R33E2,ENTRY
2026-02-25 05:30:00+00:00,2026-02-25 06:00:00+00:00,"EURJPY,USDCAD",,EURJPY,EURJPY-02-R33E2,ENTRY
2026-02-25 09:30:00+00:00,2026-02-25 10:00:00+00:00,"AUDNZD,GBPJPY",,AUDNZD,AUDNZD-02-R57E7,ENTRY
2026-02-25 11:30:00+00:00,2026-02-25 12:00:00+00:00,GBPJPY,AUDNZD,GBPJPY,GBPJPY-02-N1R037E11,ENTRY
2026-02-25 13:30:00+00:00,2026-02-25 14:00:00+00:00,GBPJPY,"AUDNZD,GBPJPY",,,TOP_FOUR_HELD
2026-02-25 15:30:00+00:00,2026-02-25 16:00:00+00:00,"NZDCAD,GBPJPY,EURNZD",AUDNZD,NZDCAD,NZDCAD-02-N1R013E12,ENTRY
2026-02-26 01:30:00+00:00,2026-02-26 02:00:00+00:00,GBPJPY,"AUDNZD,NZDCAD",GBPJPY,GBPJPY-02-N1R037E11,ENTRY
2026-02-26 05:30:00+00:00,2026-02-26 06:00:00+00:00,USDCHF,"AUDNZD,GBPJPY,NZDCAD",USDCHF,USDCHF-02-R27E8,ENTRY
2026-02-26 09:30:00+00:00,2026-02-26 10:00:00+00:00,EURJPY,"AUDNZD,NZDCAD,USDCHF",EURJPY,EURJPY-02-R33E2,ENTRY
2026-02-26 11:30:00+00:00,2026-02-26 12:00:00+00:00,EURNZD,"EURJPY,NZDCAD,USDCHF",EURNZD,EURNZD-02-N1R137E06,ENTRY
2026-02-26 13:30:00+00:00,2026-02-26 14:00:00+00:00,,"EURJPY,EURNZD,NZDCAD,USDCHF",,,NO_TRIGGER
2026-02-26 15:30:00+00:00,2026-02-26 16:00:00+00:00,"EURJPY,EURCHF,EURNZD","NZDCAD,USDCHF",EURJPY,EURJPY-02-R33E2,ENTRY
2026-02-27 01:30:00+00:00,2026-02-27 02:00:00+00:00,EURJPY,,EURJPY,EURJPY-02-R33E2,ENTRY
2026-02-27 05:30:00+00:00,2026-02-27 06:00:00+00:00,,EURJPY,,,NO_TRIGGER
2026-02-27 09:30:00+00:00,2026-02-27 10:00:00+00:00,"EURJPY,AUDNZD,EURGBP",,EURJPY,EURJPY-02-R33E2,ENTRY
2026-02-27 11:30:00+00:00,2026-02-27 12:00:00+00:00,EURJPY,EURJPY,,,TOP_FOUR_HELD
2026-02-27 13:30:00+00:00,2026-02-27 14:00:00+00:00,,EURJPY,,,NO_TRIGGER
2026-02-27 15:30:00+00:00,2026-02-27 16:00:00+00:00,"EURJPY,AUDCHF",EURJPY,AUDCHF,AUDCHF-02-N1R138E09,ENTRY
2026-03-02 01:30:00+00:00,2026-03-02 02:00:00+00:00,,,,,NO_TRIGGER
2026-03-02 05:30:00+00:00,2026-03-02 06:00:00+00:00,,,,,NO_TRIGGER
2026-03-02 09:30:00+00:00,2026-03-02 10:00:00+00:00,,,,,NO_TRIGGER
2026-03-02 11:30:00+00:00,2026-03-02 12:00:00+00:00,,,,,NO_TRIGGER
2026-03-02 13:30:00+00:00,2026-03-02 14:00:00+00:00,,,,,NO_TRIGGER
2026-03-02 15:30:00+00:00,2026-03-02 16:00:00+00:00,,,,,NO_TRIGGER
2026-03-03 01:30:00+00:00,2026-03-03 02:00:00+00:00,,,,,NO_TRIGGER
2026-03-03 05:30:00+00:00,2026-03-03 06:00:00+00:00,"CHFJPY,GBPJPY",,CHFJPY,CHFJPY-03-N1R071E12,ENTRY
2026-03-03 09:30:00+00:00,2026-03-03 10:00:00+00:00,"CHFJPY,USDCHF",,CHFJPY,CHFJPY-03-N1R071E12,ENTRY
2026-03-03 11:30:00+00:00,2026-03-03 12:00:00+00:00,"CHFJPY,USDCHF",CHFJPY,USDCHF,USDCHF-03-N1R016E11,ENTRY
2026-03-03 13:30:00+00:00,2026-03-03 14:00:00+00:00,EURGBP,USDCHF,EURGBP,EURGBP-03-N1R102E09,ENTRY
2026-03-03 15:30:00+00:00,2026-03-03 16:00:00+00:00,EURGBP,"EURGBP,USDCHF",,,TOP_FOUR_HELD
2026-03-04 01:30:00+00:00,2026-03-04 02:00:00+00:00,,,,,NO_TRIGGER
2026-03-04 05:30:00+00:00,2026-03-04 06:00:00+00:00,"AUDCHF,CHFJPY",,AUDCHF,AUDCHF-03-N1R092E07,ENTRY
2026-03-04 09:30:00+00:00,2026-03-04 10:00:00+00:00,CHFJPY,,CHFJPY,CHFJPY-03-N1R071E12,ENTRY
2026-03-04 11:30:00+00:00,2026-03-04 12:00:00+00:00,"CHFJPY,EURGBP",,CHFJPY,CHFJPY-03-N1R071E12,ENTRY
2026-03-04 13:30:00+00:00,2026-03-04 14:00:00+00:00,,CHFJPY,,,NO_TRIGGER
2026-03-04 15:30:00+00:00,2026-03-04 16:00:00+00:00,CHFJPY,CHFJPY,,,TOP_FOUR_HELD
2026-03-05 01:30:00+00:00,2026-03-05 02:00:00+00:00,"USDJPY,CHFJPY",CHFJPY,USDJPY,USDJPY-03-N1R118E11,ENTRY
2026-03-05 05:30:00+00:00,2026-03-05 06:00:00+00:00,,CHFJPY,,,NO_TRIGGER
2026-03-05 09:30:00+00:00,2026-03-05 10:00:00+00:00,,CHFJPY,,,NO_TRIGGER
2026-03-05 11:30:00+00:00,2026-03-05 12:00:00+00:00,,,,,NO_TRIGGER
2026-03-05 13:30:00+00:00,2026-03-05 14:00:00+00:00,EURGBP,,EURGBP,EURGBP-03-N1R102E09,ENTRY
2026-03-05 15:30:00+00:00,2026-03-05 16:00:00+00:00,EURGBP,EURGBP,,,TOP_FOUR_HELD
2026-03-06 01:30:00+00:00,2026-03-06 02:00:00+00:00,AUDJPY,,AUDJPY,AUDJPY-03-N1R122E12,ENTRY
2026-03-06 05:30:00+00:00,2026-03-06 06:00:00+00:00,"AUDJPY,GBPJPY",AUDJPY,GBPJPY,GBPJPY-03-N1R052E03,ENTRY
2026-03-06 09:30:00+00:00,2026-03-06 10:00:00+00:00,GBPJPY,AUDJPY,GBPJPY,GBPJPY-03-N1R052E03,ENTRY
2026-03-06 11:30:00+00:00,2026-03-06 12:00:00+00:00,"EURGBP,GBPJPY,USDCHF","AUDJPY,GBPJPY",EURGBP,EURGBP-03-N1R102E09,ENTRY
2026-03-06 13:30:00+00:00,2026-03-06 14:00:00+00:00,"EURGBP,GBPJPY","AUDJPY,EURGBP",GBPJPY,GBPJPY-03-N1R052E03,ENTRY
2026-03-06 15:30:00+00:00,2026-03-06 16:00:00+00:00,"EURNZD,AUDCHF,EURGBP,GBPJPY",AUDJPY,EURNZD,EURNZD-03-R19E8,ENTRY
2026-03-09 01:30:00+00:00,2026-03-09 02:00:00+00:00,"EURAUD,AUDCHF",,EURAUD,EURAUD-03-R19E8,ENTRY
2026-03-09 05:30:00+00:00,2026-03-09 06:00:00+00:00,,EURAUD,,,NO_TRIGGER
2026-03-09 09:30:00+00:00,2026-03-09 10:00:00+00:00,,,,,NO_TRIGGER
2026-03-09 11:30:00+00:00,2026-03-09 12:00:00+00:00,AUDNZD,,AUDNZD,AUDNZD-03-N1R104E02,ENTRY
2026-03-09 13:30:00+00:00,2026-03-09 14:00:00+00:00,"EURJPY,EURGBP",AUDNZD,EURJPY,EURJPY-03-N1R045E05,ENTRY
2026-03-09 15:30:00+00:00,2026-03-09 16:00:00+00:00,EURJPY,EURJPY,,,TOP_FOUR_HELD
2026-03-10 01:30:00+00:00,2026-03-10 02:00:00+00:00,"NZDUSD,GBPUSD,GBPJPY",EURJPY,NZDUSD,NZDUSD-03-N1R038E03,ENTRY
2026-03-10 05:30:00+00:00,2026-03-10 06:00:00+00:00,"EURUSD,GBPUSD,GBPJPY","EURJPY,NZDUSD",EURUSD,EURUSD-03-N1R045E07,ENTRY
2026-03-10 09:30:00+00:00,2026-03-10 10:00:00+00:00,"AUDCAD,AUDUSD,GBPUSD,GBPJPY","EURJPY,NZDUSD",AUDCAD,AUDCAD-03-N1R002E02,ENTRY
2026-03-10 11:30:00+00:00,2026-03-10 12:00:00+00:00,"AUDCAD,AUDUSD,GBPUSD,GBPJPY","AUDCAD,EURJPY,NZDUSD",AUDUSD,AUDUSD-03-N1R032E07,ENTRY
2026-03-10 13:30:00+00:00,2026-03-10 14:00:00+00:00,"NZDUSD,EURUSD,EURJPY,AUDUSD",EURJPY,NZDUSD,NZDUSD-03-N1R038E03,ENTRY
2026-03-10 15:30:00+00:00,2026-03-10 16:00:00+00:00,"EURUSD,EURJPY,AUDCAD,GBPUSD",NZDUSD,EURUSD,EURUSD-03-N1R045E07,ENTRY
2026-03-11 01:30:00+00:00,2026-03-11 02:00:00+00:00,"AUDCAD,EURCHF,GBPJPY",,AUDCAD,AUDCAD-03-N1R002E02,ENTRY
2026-03-11 05:30:00+00:00,2026-03-11 06:00:00+00:00,"EURJPY,AUDCAD,AUDUSD,EURGBP",,EURJPY,EURJPY-03-N1R045E05,ENTRY
2026-03-11 09:30:00+00:00,2026-03-11 10:00:00+00:00,"EURJPY,GBPJPY",,EURJPY,EURJPY-03-N1R045E05,ENTRY
2026-03-11 11:30:00+00:00,2026-03-11 12:00:00+00:00,GBPJPY,EURJPY,GBPJPY,GBPJPY-03-N1R052E03,ENTRY
2026-03-11 13:30:00+00:00,2026-03-11 14:00:00+00:00,"AUDCAD,EURGBP",EURJPY,AUDCAD,AUDCAD-03-N1R002E02,ENTRY
2026-03-11 15:30:00+00:00,2026-03-11 16:00:00+00:00,,EURJPY,,,NO_TRIGGER
2026-03-12 01:30:00+00:00,2026-03-12 02:00:00+00:00,,EURJPY,,,NO_TRIGGER
2026-03-12 05:30:00+00:00,2026-03-12 06:00:00+00:00,GBPJPY,EURJPY,GBPJPY,GBPJPY-03-N1R052E03,ENTRY
2026-03-12 09:30:00+00:00,2026-03-12 10:00:00+00:00,GBPJPY,GBPJPY,,,TOP_FOUR_HELD
2026-03-12 11:30:00+00:00,2026-03-12 12:00:00+00:00,,GBPJPY,,,NO_TRIGGER
2026-03-12 13:30:00+00:00,2026-03-12 14:00:00+00:00,,,,,NO_TRIGGER
2026-03-12 15:30:00+00:00,2026-03-12 16:00:00+00:00,USDCHF,,USDCHF,USDCHF-03-N1R016E11,ENTRY
2026-03-13 01:30:00+00:00,2026-03-13 02:00:00+00:00,"EURNZD,EURCHF,CHFJPY",USDCHF,EURNZD,EURNZD-03-R19E8,ENTRY
2026-03-13 05:30:00+00:00,2026-03-13 06:00:00+00:00,EURCHF,"EURNZD,USDCHF",EURCHF,EURCHF-03-N1R045E06,ENTRY
2026-03-13 09:30:00+00:00,2026-03-13 10:00:00+00:00,"AUDJPY,CHFJPY,USDCHF",EURNZD,AUDJPY,AUDJPY-03-N1R122E12,ENTRY
2026-03-13 11:30:00+00:00,2026-03-13 12:00:00+00:00,,"AUDJPY,EURNZD",,,NO_TRIGGER
2026-03-13 13:30:00+00:00,2026-03-13 14:00:00+00:00,,"AUDJPY,EURNZD",,,NO_TRIGGER
2026-03-13 15:30:00+00:00,2026-03-13 16:00:00+00:00,CHFJPY,"AUDJPY,EURNZD",CHFJPY,CHFJPY-03-N1R071E12,ENTRY
2026-03-16 01:30:00+00:00,2026-03-16 02:00:00+00:00,"EURAUD,EURNZD",,EURAUD,EURAUD-03-R19E8,ENTRY
2026-03-16 05:30:00+00:00,2026-03-16 06:00:00+00:00,"EURAUD,EURNZD,AUDJPY,CHFJPY",EURAUD,EURNZD,EURNZD-03-R19E8,ENTRY
2026-03-16 09:30:00+00:00,2026-03-16 10:00:00+00:00,AUDJPY,"EURAUD,EURNZD",AUDJPY,AUDJPY-03-N1R122E12,ENTRY
2026-03-16 11:30:00+00:00,2026-03-16 12:00:00+00:00,AUDJPY,"AUDJPY,EURAUD,EURNZD",,,TOP_FOUR_HELD
2026-03-16 13:30:00+00:00,2026-03-16 14:00:00+00:00,"USDCAD,AUDJPY","AUDJPY,EURAUD,EURNZD",USDCAD,USDCAD-03-R22E8,ENTRY
2026-03-16 15:30:00+00:00,2026-03-16 16:00:00+00:00,"USDCAD,CHFJPY","EURAUD,EURNZD,USDCAD",CHFJPY,CHFJPY-03-N1R071E12,ENTRY
2026-03-17 01:30:00+00:00,2026-03-17 02:00:00+00:00,EURCHF,"CHFJPY,EURAUD,USDCAD",EURCHF,EURCHF-03-N1R045E06,ENTRY
2026-03-17 05:30:00+00:00,2026-03-17 06:00:00+00:00,,"CHFJPY,EURCHF,USDCAD",,,NO_TRIGGER
2026-03-17 09:30:00+00:00,2026-03-17 10:00:00+00:00,AUDCAD,"CHFJPY,USDCAD",AUDCAD,AUDCAD-03-N1R002E02,ENTRY
2026-03-17 11:30:00+00:00,2026-03-17 12:00:00+00:00,"EURNZD,EURCAD,AUDCAD,GBPUSD","AUDCAD,CHFJPY,USDCAD",EURNZD,EURNZD-03-R19E8,ENTRY
2026-03-17 13:30:00+00:00,2026-03-17 14:00:00+00:00,"EURCAD,AUDCAD,GBPUSD,CHFJPY","AUDCAD,CHFJPY,EURNZD,USDCAD",EURCAD,EURCAD-03-N1R034E04,ENTRY
2026-03-17 15:30:00+00:00,2026-03-17 16:00:00+00:00,"EURCAD,EURUSD,AUDCAD,GBPUSD","CHFJPY,EURCAD,EURNZD",EURUSD,EURUSD-03-N1R045E07,ENTRY
2026-03-18 01:30:00+00:00,2026-03-18 02:00:00+00:00,"EURCAD,EURUSD,EURJPY,AUDCAD","EURCAD,EURNZD,EURUSD",EURJPY,EURJPY-03-N1R045E05,ENTRY
2026-03-18 05:30:00+00:00,2026-03-18 06:00:00+00:00,"EURCAD,AUDCAD,GBPUSD,GBPJPY","EURCAD,EURJPY,EURNZD",AUDCAD,AUDCAD-03-N1R002E02,ENTRY
2026-03-18 09:30:00+00:00,2026-03-18 10:00:00+00:00,"NZDUSD,EURCAD,EURCHF,GBPUSD",EURNZD,NZDUSD,NZDUSD-03-N1R038E03,ENTRY
2026-03-18 11:30:00+00:00,2026-03-18 12:00:00+00:00,"EURCAD,EURCHF,GBPUSD,GBPJPY","EURNZD,NZDUSD",EURCAD,EURCAD-03-N1R034E04,ENTRY
2026-03-18 13:30:00+00:00,2026-03-18 14:00:00+00:00,"EURCHF,GBPUSD,GBPJPY",,EURCHF,EURCHF-03-N1R045E06,ENTRY
2026-03-18 15:30:00+00:00,2026-03-18 16:00:00+00:00,EURCHF,,EURCHF,EURCHF-03-N1R045E06,ENTRY
2026-03-19 01:30:00+00:00,2026-03-19 02:00:00+00:00,EURCHF,,EURCHF,EURCHF-03-N1R045E06,ENTRY
2026-03-19 05:30:00+00:00,2026-03-19 06:00:00+00:00,CHFJPY,EURCHF,CHFJPY,CHFJPY-03-N1R071E12,ENTRY
2026-03-19 09:30:00+00:00,2026-03-19 10:00:00+00:00,CHFJPY,,CHFJPY,CHFJPY-03-N1R071E12,ENTRY
2026-03-19 11:30:00+00:00,2026-03-19 12:00:00+00:00,CHFJPY,CHFJPY,,,TOP_FOUR_HELD
2026-03-19 13:30:00+00:00,2026-03-19 14:00:00+00:00,,CHFJPY,,,NO_TRIGGER
2026-03-19 15:30:00+00:00,2026-03-19 16:00:00+00:00,"EURCHF,CHFJPY,AUDNZD",,EURCHF,EURCHF-03-N1R045E06,ENTRY
2026-03-20 01:30:00+00:00,2026-03-20 02:00:00+00:00,"NZDUSD,EURCAD,EURUSD,NZDCAD",,NZDUSD,NZDUSD-03-N1R038E03,ENTRY
2026-03-20 05:30:00+00:00,2026-03-20 06:00:00+00:00,"NZDUSD,EURCAD,EURUSD,GBPUSD",NZDUSD,EURCAD,EURCAD-03-N1R034E04,ENTRY
2026-03-20 09:30:00+00:00,2026-03-20 10:00:00+00:00,"NZDUSD,AUDJPY,GBPUSD,AUDNZD","EURCAD,NZDUSD",AUDJPY,AUDJPY-03-N1R122E12,ENTRY
2026-03-20 11:30:00+00:00,2026-03-20 12:00:00+00:00,"GBPUSD,AUDNZD,GBPJPY",AUDJPY,GBPUSD,GBPUSD-03-N1R061E03,ENTRY
2026-03-20 13:30:00+00:00,2026-03-20 14:00:00+00:00,"USDCAD,EURAUD,EURJPY,AUDCAD","AUDJPY,GBPUSD",USDCAD,USDCAD-03-R22E8,ENTRY
2026-03-20 15:30:00+00:00,2026-03-20 16:00:00+00:00,"EURJPY,GBPUSD,CHFJPY,GBPJPY","AUDJPY,USDCAD",EURJPY,EURJPY-03-N1R045E05,ENTRY
2026-03-23 01:30:00+00:00,2026-03-23 02:00:00+00:00,"EURNZD,EURJPY,AUDJPY,AUDCHF",,EURNZD,EURNZD-03-R19E8,ENTRY
2026-03-23 05:30:00+00:00,2026-03-23 06:00:00+00:00,"EURNZD,AUDJPY,AUDCHF,AUDNZD",EURNZD,AUDJPY,AUDJPY-03-N1R122E12,ENTRY
2026-03-23 09:30:00+00:00,2026-03-23 10:00:00+00:00,"AUDJPY,AUDCHF,GBPJPY","AUDJPY,EURNZD",AUDCHF,AUDCHF-03-N1R092E07,ENTRY
2026-03-23 11:30:00+00:00,2026-03-23 12:00:00+00:00,AUDNZD,EURNZD,AUDNZD,AUDNZD-03-N1R104E02,ENTRY
2026-03-23 13:30:00+00:00,2026-03-23 14:00:00+00:00,AUDNZD,,AUDNZD,AUDNZD-03-N1R104E02,ENTRY
2026-03-23 15:30:00+00:00,2026-03-23 16:00:00+00:00,AUDNZD,AUDNZD,,,TOP_FOUR_HELD
2026-03-24 01:30:00+00:00,2026-03-24 02:00:00+00:00,"EURCAD,EURUSD,GBPUSD,AUDNZD",,EURCAD,EURCAD-03-N1R034E04,ENTRY
2026-03-24 05:30:00+00:00,2026-03-24 06:00:00+00:00,"EURCAD,AUDJPY,GBPUSD,AUDNZD",EURCAD,AUDJPY,AUDJPY-03-N1R122E12,ENTRY
2026-03-24 09:30:00+00:00,2026-03-24 10:00:00+00:00,"AUDJPY,GBPUSD,AUDNZD,GBPJPY",EURCAD,AUDJPY,AUDJPY-03-N1R122E12,ENTRY
2026-03-24 11:30:00+00:00,2026-03-24 12:00:00+00:00,"AUDJPY,GBPUSD,AUDNZD,GBPJPY","AUDJPY,EURCAD",GBPUSD,GBPUSD-03-N1R061E03,ENTRY
2026-03-24 13:30:00+00:00,2026-03-24 14:00:00+00:00,"AUDJPY,GBPUSD,CHFJPY,AUDNZD","AUDJPY,EURCAD,GBPUSD",CHFJPY,CHFJPY-03-N1R071E12,ENTRY
2026-03-24 15:30:00+00:00,2026-03-24 16:00:00+00:00,"AUDJPY,CHFJPY,GBPJPY","AUDJPY,CHFJPY,EURCAD",GBPJPY,GBPJPY-03-N1R052E03,ENTRY
2026-03-25 01:30:00+00:00,2026-03-25 02:00:00+00:00,"EURCAD,EURJPY,AUDJPY,GBPJPY",EURCAD,EURJPY,EURJPY-03-N1R045E05,ENTRY
2026-03-25 05:30:00+00:00,2026-03-25 06:00:00+00:00,"EURAUD,EURUSD,EURJPY,CHFJPY",EURJPY,EURAUD,EURAUD-03-R19E8,ENTRY
2026-03-25 09:30:00+00:00,2026-03-25 10:00:00+00:00,"EURCAD,CHFJPY,GBPJPY","EURAUD,EURJPY",EURCAD,EURCAD-03-N1R034E04,ENTRY
2026-03-25 11:30:00+00:00,2026-03-25 12:00:00+00:00,"EURCAD,GBPJPY","EURAUD,EURCAD,EURJPY",GBPJPY,GBPJPY-03-N1R052E03,ENTRY
2026-03-25 13:30:00+00:00,2026-03-25 14:00:00+00:00,"EURCAD,GBPJPY","EURAUD,EURJPY,GBPJPY",EURCAD,EURCAD-03-N1R034E04,ENTRY
2026-03-25 15:30:00+00:00,2026-03-25 16:00:00+00:00,"CHFJPY,GBPJPY,USDCHF","EURAUD,EURCAD,EURJPY",CHFJPY,CHFJPY-03-N1R071E12,ENTRY
2026-03-26 01:30:00+00:00,2026-03-26 02:00:00+00:00,"EURAUD,AUDJPY,GBPJPY","CHFJPY,EURAUD,EURCAD,EURJPY",AUDJPY,AUDJPY-03-N1R122E12,ENTRY
2026-03-26 05:30:00+00:00,2026-03-26 06:00:00+00:00,"AUDJPY,GBPJPY","AUDJPY,CHFJPY,EURAUD,EURCAD",GBPJPY,GBPJPY-03-N1R052E03,ENTRY
2026-03-26 09:30:00+00:00,2026-03-26 10:00:00+00:00,"EURNZD,AUDJPY,GBPJPY","AUDJPY,CHFJPY,EURCAD",EURNZD,EURNZD-03-R19E8,ENTRY
2026-03-26 11:30:00+00:00,2026-03-26 12:00:00+00:00,"EURAUD,AUDJPY,GBPJPY","AUDJPY,EURCAD,EURNZD",EURAUD,EURAUD-03-R19E8,ENTRY
2026-03-26 13:30:00+00:00,2026-03-26 14:00:00+00:00,"EURNZD,AUDJPY,USDCHF","AUDJPY,EURAUD,EURCAD,EURNZD",USDCHF,USDCHF-03-N1R016E11,ENTRY
2026-03-26 15:30:00+00:00,2026-03-26 16:00:00+00:00,"AUDJPY,AUDCHF,EURGBP","AUDJPY,EURAUD,EURNZD,USDCHF",AUDCHF,AUDCHF-03-N1R092E07,ENTRY
2026-03-27 01:30:00+00:00,2026-03-27 02:00:00+00:00,"EURCHF,CHFJPY","EURAUD,USDCHF",EURCHF,EURCHF-03-N1R045E06,ENTRY
2026-03-27 05:30:00+00:00,2026-03-27 06:00:00+00:00,EURCHF,"EURCHF,USDCHF",,,TOP_FOUR_HELD
2026-03-27 09:30:00+00:00,2026-03-27 10:00:00+00:00,"EURNZD,EURCHF,CHFJPY,USDCHF",USDCHF,EURNZD,EURNZD-03-R19E8,ENTRY
2026-03-27 11:30:00+00:00,2026-03-27 12:00:00+00:00,"EURNZD,EURCHF,CHFJPY",EURNZD,EURCHF,EURCHF-03-N1R045E06,ENTRY
2026-03-27 13:30:00+00:00,2026-03-27 14:00:00+00:00,EURCHF,"EURCHF,EURNZD",,,TOP_FOUR_HELD
2026-03-27 15:30:00+00:00,2026-03-27 16:00:00+00:00,"EURAUD,AUDJPY",EURNZD,EURAUD,EURAUD-03-R19E8,ENTRY
2026-03-30 01:30:00+00:00,2026-03-30 02:00:00+00:00,CHFJPY,,CHFJPY,CHFJPY-03-N1R071E12,ENTRY
2026-03-30 05:30:00+00:00,2026-03-30 06:00:00+00:00,"EURNZD,CHFJPY",CHFJPY,EURNZD,EURNZD-03-R19E8,ENTRY
2026-03-30 09:30:00+00:00,2026-03-30 10:00:00+00:00,"EURAUD,EURCAD,CHFJPY,USDCHF",EURNZD,EURAUD,EURAUD-03-R19E8,ENTRY
2026-03-30 11:30:00+00:00,2026-03-30 12:00:00+00:00,"EURCAD,CHFJPY","EURAUD,EURNZD",EURCAD,EURCAD-03-N1R034E04,ENTRY
2026-03-30 13:30:00+00:00,2026-03-30 14:00:00+00:00,"AUDJPY,CHFJPY","EURAUD,EURCAD,EURNZD",AUDJPY,AUDJPY-03-N1R122E12,ENTRY
2026-03-30 15:30:00+00:00,2026-03-30 16:00:00+00:00,AUDJPY,"AUDJPY,EURAUD,EURNZD",,,TOP_FOUR_HELD
2026-03-31 01:30:00+00:00,2026-03-31 02:00:00+00:00,AUDJPY,"EURAUD,EURNZD",AUDJPY,AUDJPY-03-N1R122E12,ENTRY
2026-03-31 05:30:00+00:00,2026-03-31 06:00:00+00:00,"AUDJPY,CHFJPY","AUDJPY,EURAUD,EURNZD",CHFJPY,CHFJPY-03-N1R071E12,ENTRY
2026-03-31 09:30:00+00:00,2026-03-31 10:00:00+00:00,CHFJPY,"AUDJPY,CHFJPY,EURAUD",,,TOP_FOUR_HELD
2026-03-31 11:30:00+00:00,2026-03-31 12:00:00+00:00,CHFJPY,"AUDJPY,CHFJPY",,,TOP_FOUR_HELD
2026-03-31 13:30:00+00:00,2026-03-31 14:00:00+00:00,"EURCHF,CHFJPY","AUDJPY,CHFJPY",EURCHF,EURCHF-03-N1R045E06,ENTRY
2026-03-31 15:30:00+00:00,2026-03-31 16:00:00+00:00,"EURCAD,EURCHF,CHFJPY",,EURCAD,EURCAD-03-N1R034E04,ENTRY
2026-04-01 01:30:00+00:00,2026-04-01 02:00:00+00:00,"AUDUSD,EURUSD,AUDCAD",EURCAD,AUDUSD,AUDUSD-04-N1R033E11,ENTRY
2026-04-01 05:30:00+00:00,2026-04-01 06:00:00+00:00,AUDUSD,"AUDUSD,EURCAD",,,TOP_FOUR_HELD
2026-04-01 09:30:00+00:00,2026-04-01 10:00:00+00:00,"GBPUSD,USDCHF,AUDUSD,EURJPY",AUDUSD,GBPUSD,GBPUSD-04-R52E5,ENTRY
2026-04-01 11:30:00+00:00,2026-04-01 12:00:00+00:00,"GBPUSD,USDCHF,AUDUSD,AUDJPY","AUDUSD,GBPUSD",USDCHF,USDCHF-04-N1R079E03,ENTRY
2026-04-01 13:30:00+00:00,2026-04-01 14:00:00+00:00,"GBPUSD,USDCHF,AUDUSD,EURUSD","GBPUSD,USDCHF",AUDUSD,AUDUSD-04-N1R033E11,ENTRY
2026-04-01 15:30:00+00:00,2026-04-01 16:00:00+00:00,"GBPUSD,AUDUSD,EURJPY,AUDJPY","AUDUSD,GBPUSD",EURJPY,EURJPY-04-N1R005E05,ENTRY
2026-04-02 01:30:00+00:00,2026-04-02 02:00:00+00:00,"EURNZD,NZDUSD,EURJPY,AUDJPY","EURJPY,GBPUSD",EURNZD,EURNZD-04-N1R045E02,ENTRY
2026-04-02 05:30:00+00:00,2026-04-02 06:00:00+00:00,"GBPUSD,EURNZD",EURJPY,GBPUSD,GBPUSD-04-R52E5,ENTRY
2026-04-02 09:30:00+00:00,2026-04-02 10:00:00+00:00,"EURNZD,EURJPY",GBPUSD,EURNZD,EURNZD-04-N1R045E02,ENTRY
2026-04-02 11:30:00+00:00,2026-04-02 12:00:00+00:00,"USDJPY,EURNZD,EURCHF",EURNZD,USDJPY,USDJPY-04-N1R033E05,ENTRY
2026-04-02 13:30:00+00:00,2026-04-02 14:00:00+00:00,"USDJPY,EURJPY,EURCHF",USDJPY,EURJPY,EURJPY-04-N1R005E05,ENTRY
2026-04-02 15:30:00+00:00,2026-04-02 16:00:00+00:00,"NZDCAD,USDJPY,EURCHF,AUDJPY",EURJPY,NZDCAD,NZDCAD-04-R57E4,ENTRY
2026-04-03 01:30:00+00:00,2026-04-03 02:00:00+00:00,"USDJPY,EURCHF,AUDJPY,EURAUD","EURJPY,NZDCAD",USDJPY,USDJPY-04-N1R033E05,ENTRY
2026-04-03 05:30:00+00:00,2026-04-03 06:00:00+00:00,"USDJPY,EURNZD,EURCHF,EURAUD","EURJPY,NZDCAD,USDJPY",EURNZD,EURNZD-04-N1R045E02,ENTRY
2026-04-03 09:30:00+00:00,2026-04-03 10:00:00+00:00,"USDJPY,EURNZD,EURCHF,AUDNZD","EURJPY,NZDCAD,USDJPY",EURNZD,EURNZD-04-N1R045E02,ENTRY
2026-04-03 11:30:00+00:00,2026-04-03 12:00:00+00:00,"USDJPY,EURNZD,AUDNZD,GBPJPY","EURJPY,EURNZD,NZDCAD,USDJPY",AUDNZD,AUDNZD-04-N1R020E12,ENTRY
2026-04-03 13:30:00+00:00,2026-04-03 14:00:00+00:00,"USDJPY,EURNZD","AUDNZD,EURJPY,NZDCAD,USDJPY",EURNZD,EURNZD-04-N1R045E02,ENTRY
2026-04-03 15:30:00+00:00,2026-04-03 16:00:00+00:00,"EURNZD,AUDCAD","AUDNZD,NZDCAD,USDJPY",EURNZD,EURNZD-04-N1R045E02,ENTRY
2026-04-06 01:30:00+00:00,2026-04-06 02:00:00+00:00,"USDJPY,AUDJPY",,USDJPY,USDJPY-04-N1R033E05,ENTRY
2026-04-06 05:30:00+00:00,2026-04-06 06:00:00+00:00,"USDJPY,AUDJPY,EURAUD,AUDCAD",USDJPY,AUDJPY,AUDJPY-04-N1R001E06,ENTRY
2026-04-06 09:30:00+00:00,2026-04-06 10:00:00+00:00,"AUDUSD,EURJPY,AUDJPY,EURAUD",,AUDUSD,AUDUSD-04-N1R033E11,ENTRY
2026-04-06 11:30:00+00:00,2026-04-06 12:00:00+00:00,"AUDUSD,EURCHF,AUDCAD",AUDUSD,EURCHF,EURCHF-04-N1R052E11,ENTRY
2026-04-06 13:30:00+00:00,2026-04-06 14:00:00+00:00,"AUDUSD,EURJPY,AUDJPY,EURAUD","AUDUSD,EURCHF",EURJPY,EURJPY-04-N1R005E05,ENTRY
2026-04-06 15:30:00+00:00,2026-04-06 16:00:00+00:00,"AUDUSD,EURJPY,AUDJPY,EURAUD","AUDUSD,EURCHF,EURJPY",AUDJPY,AUDJPY-04-N1R001E06,ENTRY
2026-04-07 01:30:00+00:00,2026-04-07 02:00:00+00:00,"USDJPY,EURJPY,AUDJPY,GBPJPY","AUDUSD,EURCHF,EURJPY",USDJPY,USDJPY-04-N1R033E05,ENTRY
2026-04-07 05:30:00+00:00,2026-04-07 06:00:00+00:00,"USDJPY,EURNZD,AUDJPY,GBPJPY","EURCHF,EURJPY,USDJPY",EURNZD,EURNZD-04-N1R045E02,ENTRY
2026-04-07 09:30:00+00:00,2026-04-07 10:00:00+00:00,"GBPUSD,NZDCAD,USDJPY,EURNZD","EURCHF,EURJPY",GBPUSD,GBPUSD-04-R52E5,ENTRY
2026-04-07 11:30:00+00:00,2026-04-07 12:00:00+00:00,"GBPUSD,USDCAD,AUDUSD,EURJPY","EURCHF,EURJPY",GBPUSD,GBPUSD-04-R52E5,ENTRY
2026-04-07 13:30:00+00:00,2026-04-07 14:00:00+00:00,"GBPUSD,USDCAD,AUDUSD,EURJPY","EURJPY,GBPUSD",USDCAD,USDCAD-04-R27E8,ENTRY
2026-04-07 15:30:00+00:00,2026-04-07 16:00:00+00:00,"GBPUSD,EURNZD,AUDUSD,EURJPY","GBPUSD,USDCAD",EURNZD,EURNZD-04-N1R045E02,ENTRY
2026-04-08 01:30:00+00:00,2026-04-08 02:00:00+00:00,"USDCHF,AUDUSD,EURJPY,AUDJPY",USDCAD,USDCHF,USDCHF-04-N1R079E03,ENTRY
2026-04-08 05:30:00+00:00,2026-04-08 06:00:00+00:00,"AUDUSD,AUDJPY,EURUSD,AUDCAD","USDCAD,USDCHF",AUDUSD,AUDUSD-04-N1R033E11,ENTRY
2026-04-08 09:30:00+00:00,2026-04-08 10:00:00+00:00,"AUDUSD,EURUSD,EURGBP,AUDCAD",USDCAD,AUDUSD,AUDUSD-04-N1R033E11,ENTRY
2026-04-08 11:30:00+00:00,2026-04-08 12:00:00+00:00,"AUDUSD,EURJPY,EURGBP,GBPJPY","AUDUSD,USDCAD",EURJPY,EURJPY-04-N1R005E05,ENTRY
2026-04-08 13:30:00+00:00,2026-04-08 14:00:00+00:00,"AUDUSD,AUDJPY,EURUSD,EURGBP","AUDUSD,EURJPY,USDCAD",AUDJPY,AUDJPY-04-N1R001E06,ENTRY
2026-04-08 15:30:00+00:00,2026-04-08 16:00:00+00:00,"EURUSD,EURGBP,AUDCAD,GBPJPY","AUDJPY,EURJPY",EURUSD,EURUSD-04-N1R021E08,ENTRY
2026-04-09 01:30:00+00:00,2026-04-09 02:00:00+00:00,"USDCAD,NZDUSD,EURJPY,EURAUD",EURJPY,USDCAD,USDCAD-04-R27E8,ENTRY
2026-04-09 05:30:00+00:00,2026-04-09 06:00:00+00:00,"AUDJPY,EURUSD,EURGBP,GBPJPY","EURJPY,USDCAD",AUDJPY,AUDJPY-04-N1R001E06,ENTRY
2026-04-09 09:30:00+00:00,2026-04-09 10:00:00+00:00,"USDCHF,EURJPY","AUDJPY,EURJPY,USDCAD",USDCHF,USDCHF-04-N1R079E03,ENTRY
2026-04-09 11:30:00+00:00,2026-04-09 12:00:00+00:00,"EURJPY,AUDJPY,EURUSD,GBPJPY","AUDJPY,EURJPY,USDCAD,USDCHF",EURUSD,EURUSD-04-N1R021E08,ENTRY
2026-04-09 13:30:00+00:00,2026-04-09 14:00:00+00:00,"USDCAD,USDCHF,EURJPY,AUDJPY","EURUSD,USDCAD,USDCHF",EURJPY,EURJPY-04-N1R005E05,ENTRY
2026-04-09 15:30:00+00:00,2026-04-09 16:00:00+00:00,"USDCHF,AUDUSD,EURJPY,AUDJPY","EURJPY,EURUSD,USDCAD",USDCHF,USDCHF-04-N1R079E03,ENTRY
2026-04-10 01:30:00+00:00,2026-04-10 02:00:00+00:00,"AUDUSD,EURCHF,EURAUD,GBPJPY","EURJPY,USDCAD",AUDUSD,AUDUSD-04-N1R033E11,ENTRY
2026-04-10 05:30:00+00:00,2026-04-10 06:00:00+00:00,"USDJPY,NZDUSD,EURJPY,EURCHF","AUDUSD,EURJPY",USDJPY,USDJPY-04-N1R033E05,ENTRY
2026-04-10 09:30:00+00:00,2026-04-10 10:00:00+00:00,"USDJPY,NZDUSD,EURCHF,GBPJPY","AUDUSD,EURJPY,USDJPY",NZDUSD,NZDUSD-04-N1R067E05,ENTRY
2026-04-10 11:30:00+00:00,2026-04-10 12:00:00+00:00,"USDJPY,USDCHF,NZDUSD,EURJPY","AUDUSD,NZDUSD,USDJPY",USDCHF,USDCHF-04-N1R079E03,ENTRY
2026-04-10 13:30:00+00:00,2026-04-10 14:00:00+00:00,"USDJPY,USDCHF,NZDUSD,EURCHF","AUDUSD,NZDUSD,USDCHF",USDJPY,USDJPY-04-N1R033E05,ENTRY
2026-04-10 15:30:00+00:00,2026-04-10 16:00:00+00:00,"USDJPY,NZDUSD,EURJPY,AUDJPY","AUDUSD,NZDUSD,USDJPY",EURJPY,EURJPY-04-N1R005E05,ENTRY
2026-04-13 01:30:00+00:00,2026-04-13 02:00:00+00:00,"CHFJPY,GBPUSD,USDJPY,EURNZD",,CHFJPY,CHFJPY-04-R22E3,ENTRY
2026-04-13 05:30:00+00:00,2026-04-13 06:00:00+00:00,"USDJPY,NZDUSD,EURCHF,AUDJPY",CHFJPY,USDJPY,USDJPY-04-N1R033E05,ENTRY
2026-04-13 09:30:00+00:00,2026-04-13 10:00:00+00:00,"GBPUSD,USDJPY,EURJPY,AUDJPY",USDJPY,GBPUSD,GBPUSD-04-R52E5,ENTRY
2026-04-13 11:30:00+00:00,2026-04-13 12:00:00+00:00,"USDJPY,EURUSD,GBPJPY","GBPUSD,USDJPY",EURUSD,EURUSD-04-N1R021E08,ENTRY
2026-04-13 13:30:00+00:00,2026-04-13 14:00:00+00:00,"GBPUSD,USDJPY,AUDCHF,EURJPY","EURUSD,GBPUSD,USDJPY",AUDCHF,AUDCHF-04-N1R078E06,ENTRY
2026-04-13 15:30:00+00:00,2026-04-13 16:00:00+00:00,"GBPUSD,USDCHF,NZDUSD,AUDJPY","AUDCHF,GBPUSD,USDJPY",USDCHF,USDCHF-04-N1R079E03,ENTRY
2026-04-14 01:30:00+00:00,2026-04-14 02:00:00+00:00,"USDCAD,AUDUSD,AUDCHF,EURUSD",,USDCAD,USDCAD-04-R27E8,ENTRY
2026-04-14 05:30:00+00:00,2026-04-14 06:00:00+00:00,"USDCHF,AUDUSD,AUDJPY,EURGBP",USDCAD,USDCHF,USDCHF-04-N1R079E03,ENTRY
2026-04-14 09:30:00+00:00,2026-04-14 10:00:00+00:00,"USDCHF,NZDUSD,AUDCHF,EURJPY",USDCAD,USDCHF,USDCHF-04-N1R079E03,ENTRY
2026-04-14 11:30:00+00:00,2026-04-14 12:00:00+00:00,"AUDUSD,AUDJPY,EURUSD,EURGBP","USDCAD,USDCHF",AUDUSD,AUDUSD-04-N1R033E11,ENTRY
2026-04-14 13:30:00+00:00,2026-04-14 14:00:00+00:00,"USDCHF,AUDUSD,AUDJPY,EURUSD","AUDUSD,USDCAD,USDCHF",AUDJPY,AUDJPY-04-N1R001E06,ENTRY
2026-04-14 15:30:00+00:00,2026-04-14 16:00:00+00:00,"AUDUSD,EURJPY,AUDJPY,EURUSD","AUDJPY,AUDUSD,USDCAD,USDCHF",EURJPY,EURJPY-04-N1R005E05,ENTRY
2026-04-15 01:30:00+00:00,2026-04-15 02:00:00+00:00,"USDCAD,NZDUSD,EURGBP,GBPJPY","AUDUSD,EURJPY,USDCAD,USDCHF",NZDUSD,NZDUSD-04-N1R067E05,ENTRY
2026-04-15 05:30:00+00:00,2026-04-15 06:00:00+00:00,"USDCAD,NZDUSD,EURJPY,AUDJPY","AUDUSD,EURJPY,NZDUSD",USDCAD,USDCAD-04-R27E8,ENTRY
2026-04-15 09:30:00+00:00,2026-04-15 10:00:00+00:00,"NZDUSD,AUDUSD,EURAUD,EURGBP","AUDUSD,EURJPY,NZDUSD,USDCAD",EURAUD,EURAUD-04-N1R114E10,ENTRY
2026-04-15 11:30:00+00:00,2026-04-15 12:00:00+00:00,"AUDUSD,AUDJPY,EURAUD,EURGBP","AUDUSD,EURJPY,NZDUSD,USDCAD",AUDJPY,AUDJPY-04-N1R001E06,ENTRY
2026-04-15 13:30:00+00:00,2026-04-15 14:00:00+00:00,"AUDUSD,EURJPY,AUDJPY,EURAUD","AUDJPY,EURJPY,NZDUSD,USDCAD",AUDUSD,AUDUSD-04-N1R033E11,ENTRY
2026-04-15 15:30:00+00:00,2026-04-15 16:00:00+00:00,"USDCHF,AUDUSD,EURJPY,AUDJPY","AUDUSD,EURJPY,NZDUSD,USDCAD",USDCHF,USDCHF-04-N1R079E03,ENTRY
2026-04-16 01:30:00+00:00,2026-04-16 02:00:00+00:00,"USDCHF,AUDUSD,EURCHF,EURUSD","AUDUSD,NZDUSD,USDCAD",USDCHF,USDCHF-04-N1R079E03,ENTRY
2026-04-16 05:30:00+00:00,2026-04-16 06:00:00+00:00,"AUDUSD,EURJPY,EURCHF,AUDJPY",USDCAD,AUDUSD,AUDUSD-04-N1R033E11,ENTRY
2026-04-16 09:30:00+00:00,2026-04-16 10:00:00+00:00,"AUDUSD,EURAUD",AUDUSD,EURAUD,EURAUD-04-N1R114E10,ENTRY
2026-04-16 11:30:00+00:00,2026-04-16 12:00:00+00:00,"GBPUSD,AUDUSD,EURCHF","AUDUSD,EURAUD",GBPUSD,GBPUSD-04-R52E5,ENTRY
2026-04-16 13:30:00+00:00,2026-04-16 14:00:00+00:00,"GBPUSD,USDCAD,NZDUSD,EURJPY","AUDUSD,EURAUD,GBPUSD",USDCAD,USDCAD-04-R27E8,ENTRY
2026-04-16 15:30:00+00:00,2026-04-16 16:00:00+00:00,"GBPUSD,NZDUSD,EURJPY,AUDJPY",USDCAD,GBPUSD,GBPUSD-04-R52E5,ENTRY
2026-04-17 01:30:00+00:00,2026-04-17 02:00:00+00:00,"USDJPY,USDCAD,EURJPY,AUDJPY",USDCAD,USDJPY,USDJPY-04-N1R033E05,ENTRY
2026-04-17 05:30:00+00:00,2026-04-17 06:00:00+00:00,"USDJPY,AUDUSD,EURJPY,EURCHF","USDCAD,USDJPY",AUDUSD,AUDUSD-04-N1R033E11,ENTRY
2026-04-17 09:30:00+00:00,2026-04-17 10:00:00+00:00,"USDJPY,AUDUSD,EURCHF,AUDJPY","AUDUSD,USDCAD,USDJPY",EURCHF,EURCHF-04-N1R052E11,ENTRY
2026-04-17 11:30:00+00:00,2026-04-17 12:00:00+00:00,"USDJPY,AUDUSD,EURCHF,EURUSD","AUDUSD,EURCHF,USDCAD",USDJPY,USDJPY-04-N1R033E05,ENTRY
2026-04-17 13:30:00+00:00,2026-04-17 14:00:00+00:00,"NZDCAD,EURCAD,USDCHF,AUDUSD","EURCHF,USDCAD",NZDCAD,NZDCAD-04-R57E4,ENTRY
2026-04-17 15:30:00+00:00,2026-04-17 16:00:00+00:00,"USDCHF,AUDUSD,EURUSD",NZDCAD,USDCHF,USDCHF-04-N1R079E03,ENTRY
2026-04-20 01:30:00+00:00,2026-04-20 02:00:00+00:00,,,,,NO_TRIGGER
2026-04-20 05:30:00+00:00,2026-04-20 06:00:00+00:00,,,,,NO_TRIGGER
2026-04-20 09:30:00+00:00,2026-04-20 10:00:00+00:00,USDCHF,,USDCHF,USDCHF-04-N1R079E03,ENTRY
2026-04-20 11:30:00+00:00,2026-04-20 12:00:00+00:00,USDCHF,USDCHF,,,TOP_FOUR_HELD
2026-04-20 13:30:00+00:00,2026-04-20 14:00:00+00:00,USDCAD,USDCHF,USDCAD,USDCAD-04-R27E8,ENTRY
2026-04-20 15:30:00+00:00,2026-04-20 16:00:00+00:00,"USDCHF,AUDCHF",USDCAD,USDCHF,USDCHF-04-N1R079E03,ENTRY
2026-04-21 01:30:00+00:00,2026-04-21 02:00:00+00:00,"NZDCAD,AUDUSD,AUDCHF,AUDJPY","USDCAD,USDCHF",NZDCAD,NZDCAD-04-R57E4,ENTRY
2026-04-21 05:30:00+00:00,2026-04-21 06:00:00+00:00,AUDCHF,"NZDCAD,USDCAD",AUDCHF,AUDCHF-04-N1R078E06,ENTRY
2026-04-21 09:30:00+00:00,2026-04-21 10:00:00+00:00,"USDJPY,USDCAD,EURJPY,AUDJPY","NZDCAD,USDCAD",USDJPY,USDJPY-04-N1R033E05,ENTRY
2026-04-21 11:30:00+00:00,2026-04-21 12:00:00+00:00,"USDJPY,EURJPY,AUDJPY","NZDCAD,USDCAD,USDJPY",EURJPY,EURJPY-04-N1R005E05,ENTRY
2026-04-21 13:30:00+00:00,2026-04-21 14:00:00+00:00,"USDJPY,NZDUSD,AUDJPY,GBPJPY","EURJPY,NZDCAD,USDCAD,USDJPY",NZDUSD,NZDUSD-04-N1R067E05,ENTRY
2026-04-21 15:30:00+00:00,2026-04-21 16:00:00+00:00,"USDJPY,NZDUSD,EURJPY,AUDJPY","EURJPY,NZDCAD,NZDUSD,USDJPY",AUDJPY,AUDJPY-04-N1R001E06,ENTRY
2026-04-22 01:30:00+00:00,2026-04-22 02:00:00+00:00,"USDJPY,NZDUSD,AUDJPY,EURGBP",EURJPY,USDJPY,USDJPY-04-N1R033E05,ENTRY
2026-04-22 05:30:00+00:00,2026-04-22 06:00:00+00:00,"AUDJPY,EURGBP,GBPJPY","EURJPY,USDJPY",AUDJPY,AUDJPY-04-N1R001E06,ENTRY
2026-04-22 09:30:00+00:00,2026-04-22 10:00:00+00:00,"AUDJPY,EURGBP,GBPJPY","AUDJPY,EURJPY,USDJPY",EURGBP,EURGBP-04-N1R123E11,ENTRY
2026-04-22 11:30:00+00:00,2026-04-22 12:00:00+00:00,"USDCAD,EURAUD,EURGBP,GBPJPY","AUDJPY,EURGBP,EURJPY,USDJPY",USDCAD,USDCAD-04-R27E8,ENTRY
2026-04-22 13:30:00+00:00,2026-04-22 14:00:00+00:00,"EURAUD,EURGBP,GBPJPY","EURGBP,USDCAD,USDJPY",EURAUD,EURAUD-04-N1R114E10,ENTRY
2026-04-22 15:30:00+00:00,2026-04-22 16:00:00+00:00,"NZDUSD,AUDJPY,EURGBP,GBPJPY","EURAUD,EURGBP,USDCAD,USDJPY",NZDUSD,NZDUSD-04-N1R067E05,ENTRY
2026-04-23 01:30:00+00:00,2026-04-23 02:00:00+00:00,"USDJPY,EURAUD,EURGBP,GBPJPY","EURGBP,USDCAD,USDJPY",EURAUD,EURAUD-04-N1R114E10,ENTRY
2026-04-23 05:30:00+00:00,2026-04-23 06:00:00+00:00,"USDJPY,EURCHF,EURGBP,GBPJPY","EURGBP,USDCAD",USDJPY,USDJPY-04-N1R033E05,ENTRY
2026-04-23 09:30:00+00:00,2026-04-23 10:00:00+00:00,"USDJPY,AUDJPY,EURGBP,GBPJPY","EURGBP,USDJPY",AUDJPY,AUDJPY-04-N1R001E06,ENTRY
2026-04-23 11:30:00+00:00,2026-04-23 12:00:00+00:00,"USDJPY,EURGBP,GBPJPY",USDJPY,EURGBP,EURGBP-04-N1R123E11,ENTRY
2026-04-23 13:30:00+00:00,2026-04-23 14:00:00+00:00,"USDJPY,AUDNZD,EURGBP,GBPJPY","EURGBP,USDJPY",AUDNZD,AUDNZD-04-N1R020E12,ENTRY
2026-04-23 15:30:00+00:00,2026-04-23 16:00:00+00:00,"USDJPY,AUDJPY,AUDNZD,EURGBP","AUDNZD,EURGBP,USDJPY",AUDJPY,AUDJPY-04-N1R001E06,ENTRY
2026-04-24 01:30:00+00:00,2026-04-24 02:00:00+00:00,"USDJPY,EURNZD",AUDNZD,USDJPY,USDJPY-04-N1R033E05,ENTRY
2026-04-24 05:30:00+00:00,2026-04-24 06:00:00+00:00,"USDJPY,EURNZD,EURCHF","AUDNZD,USDJPY",EURNZD,EURNZD-04-N1R045E02,ENTRY
2026-04-24 09:30:00+00:00,2026-04-24 10:00:00+00:00,"USDJPY,EURCHF","AUDNZD,EURNZD,USDJPY",EURCHF,EURCHF-04-N1R052E11,ENTRY
2026-04-24 11:30:00+00:00,2026-04-24 12:00:00+00:00,EURCHF,"AUDNZD,EURCHF,USDJPY",,,TOP_FOUR_HELD
2026-04-24 13:30:00+00:00,2026-04-24 14:00:00+00:00,EURCHF,"AUDNZD,EURCHF",,,TOP_FOUR_HELD
2026-04-24 15:30:00+00:00,2026-04-24 16:00:00+00:00,EURCHF,EURCHF,,,TOP_FOUR_HELD
2026-04-27 01:30:00+00:00,2026-04-27 02:00:00+00:00,"GBPUSD,NZDCAD,AUDNZD,EURGBP",,GBPUSD,GBPUSD-04-R52E5,ENTRY
2026-04-27 05:30:00+00:00,2026-04-27 06:00:00+00:00,"AUDUSD,EURCHF,EURUSD,EURAUD",GBPUSD,AUDUSD,AUDUSD-04-N1R033E11,ENTRY
2026-04-27 09:30:00+00:00,2026-04-27 10:00:00+00:00,"AUDUSD,EURJPY,EURCHF,AUDJPY","AUDUSD,GBPUSD",EURJPY,EURJPY-04-N1R005E05,ENTRY
2026-04-27 11:30:00+00:00,2026-04-27 12:00:00+00:00,"USDCAD,AUDUSD,EURCHF,AUDJPY","AUDUSD,EURJPY,GBPUSD",USDCAD,USDCAD-04-R27E8,ENTRY
2026-04-27 13:30:00+00:00,2026-04-27 14:00:00+00:00,"AUDUSD,EURCHF,AUDJPY,EURUSD","AUDUSD,EURJPY,GBPUSD,USDCAD",EURCHF,EURCHF-04-N1R052E11,ENTRY
2026-04-27 15:30:00+00:00,2026-04-27 16:00:00+00:00,"AUDUSD,EURCHF,AUDJPY,EURAUD","AUDUSD,EURCHF,EURJPY,GBPUSD,USDCAD",AUDJPY,AUDJPY-04-N1R001E06,ENTRY
2026-04-28 01:30:00+00:00,2026-04-28 02:00:00+00:00,"NZDUSD,EURCHF,AUDJPY,EURAUD","AUDUSD,EURCHF,EURJPY,GBPUSD,USDCAD",NZDUSD,NZDUSD-04-N1R067E05,ENTRY
2026-04-28 05:30:00+00:00,2026-04-28 06:00:00+00:00,"GBPUSD,USDCAD,NZDUSD,EURCHF","AUDUSD,EURCHF,NZDUSD,USDCAD",GBPUSD,GBPUSD-04-R52E5,ENTRY
2026-04-28 09:30:00+00:00,2026-04-28 10:00:00+00:00,"NZDUSD,EURCHF,AUDJPY,AUDNZD","EURCHF,GBPUSD,USDCAD",NZDUSD,NZDUSD-04-N1R067E05,ENTRY
2026-04-28 11:30:00+00:00,2026-04-28 12:00:00+00:00,"NZDUSD,EURCHF,EURGBP,AUDCAD","EURCHF,NZDUSD,USDCAD",EURGBP,EURGBP-04-N1R123E11,ENTRY
2026-04-28 13:30:00+00:00,2026-04-28 14:00:00+00:00,"AUDNZD,AUDCAD","EURCHF,EURGBP",AUDNZD,AUDNZD-04-N1R020E12,ENTRY
2026-04-28 15:30:00+00:00,2026-04-28 16:00:00+00:00,"USDJPY,AUDJPY,AUDCAD","AUDNZD,EURGBP",USDJPY,USDJPY-04-N1R033E05,ENTRY
2026-04-29 01:30:00+00:00,2026-04-29 02:00:00+00:00,"AUDUSD,AUDJPY,EURAUD","AUDNZD,EURGBP,USDJPY",AUDUSD,AUDUSD-04-N1R033E11,ENTRY
2026-04-29 05:30:00+00:00,2026-04-29 06:00:00+00:00,"EURNZD,EURCHF,GBPJPY","AUDNZD,AUDUSD,EURGBP,USDJPY",EURNZD,EURNZD-04-N1R045E02,ENTRY
2026-04-29 09:30:00+00:00,2026-04-29 10:00:00+00:00,"USDJPY,EURNZD,EURJPY,EURCHF","AUDNZD,EURGBP,USDJPY",EURNZD,EURNZD-04-N1R045E02,ENTRY
2026-04-29 11:30:00+00:00,2026-04-29 12:00:00+00:00,"USDJPY,EURNZD,EURJPY,EURCHF","AUDNZD,EURGBP,USDJPY",EURNZD,EURNZD-04-N1R045E02,ENTRY
2026-04-29 13:30:00+00:00,2026-04-29 14:00:00+00:00,"USDJPY,EURNZD,EURJPY,EURCHF","AUDNZD,EURNZD,USDJPY",EURJPY,EURJPY-04-N1R005E05,ENTRY
2026-04-29 15:30:00+00:00,2026-04-29 16:00:00+00:00,"USDJPY,EURNZD,EURJPY,GBPJPY","EURJPY,USDJPY",EURNZD,EURNZD-04-N1R045E02,ENTRY
2026-04-30 01:30:00+00:00,2026-04-30 02:00:00+00:00,"USDJPY,GBPJPY",EURJPY,USDJPY,USDJPY-04-N1R033E05,ENTRY
2026-04-30 05:30:00+00:00,2026-04-30 06:00:00+00:00,"USDJPY,EURJPY,GBPJPY","EURJPY,USDJPY",GBPJPY,GBPJPY-04-N1R049E07,ENTRY
2026-04-30 09:30:00+00:00,2026-04-30 10:00:00+00:00,"EURCAD,EURGBP,GBPJPY",,EURCAD,EURCAD-04-R47E8,ENTRY
2026-04-30 11:30:00+00:00,2026-04-30 12:00:00+00:00,"NZDCAD,AUDCHF,EURGBP",EURCAD,NZDCAD,NZDCAD-04-R57E4,ENTRY
2026-04-30 13:30:00+00:00,2026-04-30 14:00:00+00:00,EURGBP,"EURCAD,NZDCAD",EURGBP,EURGBP-04-N1R123E11,ENTRY
2026-04-30 15:30:00+00:00,2026-04-30 16:00:00+00:00,"GBPUSD,USDCHF,EURGBP","EURCAD,EURGBP,NZDCAD",GBPUSD,GBPUSD-04-R52E5,ENTRY
2026-05-01 01:30:00+00:00,2026-05-01 02:00:00+00:00,"GBPUSD,EURAUD,USDCHF","EURCAD,EURGBP,GBPUSD,NZDCAD",EURAUD,EURAUD-05-N1R124E05,ENTRY
2026-05-01 05:30:00+00:00,2026-05-01 06:00:00+00:00,"GBPUSD,AUDUSD,EURAUD,USDCHF","EURAUD,EURCAD,EURGBP,GBPUSD,NZDCAD",AUDUSD,AUDUSD-05-N1R048E10,ENTRY
2026-05-01 09:30:00+00:00,2026-05-01 10:00:00+00:00,EURAUD,"AUDUSD,EURAUD,EURCAD,EURGBP,GBPUSD,NZDCAD",,,TOP_FOUR_HELD
2026-05-01 11:30:00+00:00,2026-05-01 12:00:00+00:00,,"AUDUSD,EURGBP,GBPUSD,NZDCAD",,,NO_TRIGGER
2026-05-01 13:30:00+00:00,2026-05-01 14:00:00+00:00,,"AUDUSD,EURGBP,GBPUSD",,,NO_TRIGGER
2026-05-01 15:30:00+00:00,2026-05-01 16:00:00+00:00,USDCHF,GBPUSD,USDCHF,USDCHF-05-N1R111E08,ENTRY
2026-05-04 01:30:00+00:00,2026-05-04 02:00:00+00:00,,,,,NO_TRIGGER
2026-05-04 05:30:00+00:00,2026-05-04 06:00:00+00:00,,,,,NO_TRIGGER
2026-05-04 09:30:00+00:00,2026-05-04 10:00:00+00:00,EURCAD,,EURCAD,EURCAD-05-N1R137E11,ENTRY
2026-05-04 11:30:00+00:00,2026-05-04 12:00:00+00:00,"EURAUD,EURCAD",EURCAD,EURAUD,EURAUD-05-N1R124E05,ENTRY
2026-05-04 13:30:00+00:00,2026-05-04 14:00:00+00:00,EURAUD,"EURAUD,EURCAD",,,TOP_FOUR_HELD
2026-05-04 15:30:00+00:00,2026-05-04 16:00:00+00:00,,"EURAUD,EURCAD",,,NO_TRIGGER
2026-05-05 01:30:00+00:00,2026-05-05 02:00:00+00:00,"USDCAD,NZDUSD",EURCAD,USDCAD,USDCAD-05-N1R004E11,ENTRY
2026-05-05 05:30:00+00:00,2026-05-05 06:00:00+00:00,"USDCAD,EURUSD,NZDUSD,NZDCAD","EURCAD,USDCAD",EURUSD,EURUSD-05-R46E8,ENTRY
2026-05-05 09:30:00+00:00,2026-05-05 10:00:00+00:00,,"EURCAD,EURUSD,USDCAD",,,NO_TRIGGER
2026-05-05 11:30:00+00:00,2026-05-05 12:00:00+00:00,,"EURUSD,USDCAD",,,NO_TRIGGER
2026-05-05 13:30:00+00:00,2026-05-05 14:00:00+00:00,"AUDNZD,USDCAD","EURUSD,USDCAD",AUDNZD,AUDNZD-05-R52E7,ENTRY
2026-05-05 15:30:00+00:00,2026-05-05 16:00:00+00:00,,"AUDNZD,EURUSD,USDCAD",,,NO_TRIGGER
2026-05-06 01:30:00+00:00,2026-05-06 02:00:00+00:00,"AUDCAD,USDJPY,AUDUSD,EURJPY","AUDNZD,EURUSD",AUDCAD,AUDCAD-05-N1R019E11,ENTRY
2026-05-06 05:30:00+00:00,2026-05-06 06:00:00+00:00,"AUDCAD,GBPUSD,AUDUSD,EURAUD","AUDCAD,AUDNZD",GBPUSD,GBPUSD-05-N1R042E08,ENTRY
2026-05-06 09:30:00+00:00,2026-05-06 10:00:00+00:00,"AUDCAD,EURCHF,GBPUSD,EURAUD",AUDCAD,EURCHF,EURCHF-05-R55E5,ENTRY
2026-05-06 11:30:00+00:00,2026-05-06 12:00:00+00:00,"AUDCAD,GBPUSD,AUDJPY,EURAUD",EURCHF,AUDCAD,AUDCAD-05-N1R019E11,ENTRY
2026-05-06 13:30:00+00:00,2026-05-06 14:00:00+00:00,"GBPUSD,EURAUD,USDCHF","AUDCAD,EURCHF",GBPUSD,GBPUSD-05-N1R042E08,ENTRY
2026-05-06 15:30:00+00:00,2026-05-06 16:00:00+00:00,"EURAUD,USDCHF","AUDCAD,EURCHF,GBPUSD",EURAUD,EURAUD-05-N1R124E05,ENTRY
2026-05-07 01:30:00+00:00,2026-05-07 02:00:00+00:00,AUDJPY,"AUDCAD,EURAUD,GBPUSD",AUDJPY,AUDJPY-05-N1R001E05,ENTRY
2026-05-07 05:30:00+00:00,2026-05-07 06:00:00+00:00,"AUDCAD,USDCAD,USDCHF","AUDCAD,AUDJPY,EURAUD",USDCAD,USDCAD-05-N1R004E11,ENTRY
2026-05-07 09:30:00+00:00,2026-05-07 10:00:00+00:00,"AUDCAD,AUDUSD,AUDJPY","AUDCAD,AUDJPY,EURAUD,USDCAD",AUDUSD,AUDUSD-05-N1R048E10,ENTRY
2026-05-07 11:30:00+00:00,2026-05-07 12:00:00+00:00,"AUDCAD,AUDUSD,AUDJPY,USDCHF","AUDCAD,AUDJPY,AUDUSD,EURAUD,USDCAD",USDCHF,USDCHF-05-N1R111E08,ENTRY
2026-05-07 13:30:00+00:00,2026-05-07 14:00:00+00:00,"USDCAD,AUDUSD,USDCHF","AUDJPY,AUDUSD,EURAUD,USDCAD,USDCHF",,,TOP_FOUR_HELD
2026-05-07 15:30:00+00:00,2026-05-07 16:00:00+00:00,"USDCAD,AUDUSD,USDCHF","AUDJPY,AUDUSD,EURAUD,USDCAD,USDCHF",,,TOP_FOUR_HELD
2026-05-08 01:30:00+00:00,2026-05-08 02:00:00+00:00,,USDCAD,,,NO_TRIGGER
2026-05-08 05:30:00+00:00,2026-05-08 06:00:00+00:00,CHFJPY,USDCAD,CHFJPY,CHFJPY-05-N1R017E06,ENTRY
2026-05-08 09:30:00+00:00,2026-05-08 10:00:00+00:00,"AUDCAD,USDCAD,EURJPY,CHFJPY",,AUDCAD,AUDCAD-05-N1R019E11,ENTRY
2026-05-08 11:30:00+00:00,2026-05-08 12:00:00+00:00,"AUDCAD,EURJPY,AUDJPY,USDCHF",AUDCAD,EURJPY,EURJPY-05-N1R017E06,ENTRY
2026-05-08 13:30:00+00:00,2026-05-08 14:00:00+00:00,"AUDCAD,USDCAD,AUDUSD,EURJPY",EURJPY,AUDCAD,AUDCAD-05-N1R019E11,ENTRY
2026-05-08 15:30:00+00:00,2026-05-08 16:00:00+00:00,"AUDCAD,AUDUSD,EURJPY,AUDJPY","AUDCAD,EURJPY",AUDUSD,AUDUSD-05-N1R048E10,ENTRY
2026-05-11 01:30:00+00:00,2026-05-11 02:00:00+00:00,"AUDNZD,USDJPY,AUDJPY",,AUDNZD,AUDNZD-05-R52E7,ENTRY
2026-05-11 05:30:00+00:00,2026-05-11 06:00:00+00:00,"USDCAD,USDJPY,EURJPY,CHFJPY",AUDNZD,USDCAD,USDCAD-05-N1R004E11,ENTRY
2026-05-11 09:30:00+00:00,2026-05-11 10:00:00+00:00,"GBPJPY,USDJPY,EURJPY,AUDJPY",,GBPJPY,GBPJPY-05-R56E3,ENTRY
2026-05-11 11:30:00+00:00,2026-05-11 12:00:00+00:00,"USDJPY,EURJPY,AUDJPY,CHFJPY",GBPJPY,USDJPY,USDJPY-05-N1R033E08,ENTRY
2026-05-11 13:30:00+00:00,2026-05-11 14:00:00+00:00,"GBPJPY,USDCAD,USDJPY,AUDUSD","GBPJPY,USDJPY",USDCAD,USDCAD-05-N1R004E11,ENTRY
2026-05-11 15:30:00+00:00,2026-05-11 16:00:00+00:00,"EURNZD,USDJPY,AUDUSD,EURJPY","GBPJPY,USDCAD,USDJPY",EURNZD,EURNZD-05-R05E6,ENTRY
2026-05-12 01:30:00+00:00,2026-05-12 02:00:00+00:00,"GBPJPY,USDCAD,USDJPY,EURJPY",USDCAD,GBPJPY,GBPJPY-05-R56E3,ENTRY
2026-05-12 05:30:00+00:00,2026-05-12 06:00:00+00:00,"USDCAD,USDJPY,EURJPY,CHFJPY","GBPJPY,USDCAD",USDJPY,USDJPY-05-N1R033E08,ENTRY
2026-05-12 09:30:00+00:00,2026-05-12 10:00:00+00:00,"USDCAD,USDJPY,AUDJPY",,USDCAD,USDCAD-05-N1R004E11,ENTRY
2026-05-12 11:30:00+00:00,2026-05-12 12:00:00+00:00,"USDCAD,USDJPY,AUDJPY",USDCAD,USDJPY,USDJPY-05-N1R033E08,ENTRY
2026-05-12 13:30:00+00:00,2026-05-12 14:00:00+00:00,"USDJPY,AUDJPY","USDCAD,USDJPY",AUDJPY,AUDJPY-05-N1R001E05,ENTRY
2026-05-12 15:30:00+00:00,2026-05-12 16:00:00+00:00,"AUDNZD,USDCAD,USDJPY","AUDJPY,USDCAD,USDJPY",AUDNZD,AUDNZD-05-R52E7,ENTRY
2026-05-13 01:30:00+00:00,2026-05-13 02:00:00+00:00,"USDJPY,EURJPY,AUDJPY,CHFJPY","AUDJPY,AUDNZD,USDCAD",USDJPY,USDJPY-05-N1R033E08,ENTRY
2026-05-13 05:30:00+00:00,2026-05-13 06:00:00+00:00,"USDCAD,EURUSD,USDJPY,EURJPY","AUDJPY,USDCAD,USDJPY",EURUSD,EURUSD-05-R46E8,ENTRY
2026-05-13 09:30:00+00:00,2026-05-13 10:00:00+00:00,"USDCAD,USDJPY,AUDJPY,EURAUD","AUDJPY,EURUSD,USDCAD,USDJPY",EURAUD,EURAUD-05-N1R124E05,ENTRY
2026-05-13 11:30:00+00:00,2026-05-13 12:00:00+00:00,"USDJPY,AUDJPY,EURAUD,NZDCAD","EURAUD,EURUSD,USDJPY",AUDJPY,AUDJPY-05-N1R001E05,ENTRY
2026-05-13 13:30:00+00:00,2026-05-13 14:00:00+00:00,"EURCHF,USDCAD,USDJPY,EURAUD","AUDJPY,EURAUD,EURUSD,USDJPY",EURCHF,EURCHF-05-R55E5,ENTRY
2026-05-13 15:30:00+00:00,2026-05-13 16:00:00+00:00,"AUDCAD,EURCHF,USDJPY,AUDJPY","AUDJPY,EURAUD,EURCHF,EURUSD",AUDCAD,AUDCAD-05-N1R019E11,ENTRY
2026-05-14 01:30:00+00:00,2026-05-14 02:00:00+00:00,"EURUSD,USDJPY,EURAUD,CHFJPY","AUDCAD,EURCHF,EURUSD",USDJPY,USDJPY-05-N1R033E08,ENTRY
2026-05-14 05:30:00+00:00,2026-05-14 06:00:00+00:00,"EURUSD,USDJPY,AUDJPY,EURAUD","AUDCAD,EURCHF,EURUSD",USDJPY,USDJPY-05-N1R033E08,ENTRY
2026-05-14 09:30:00+00:00,2026-05-14 10:00:00+00:00,"USDCAD,USDJPY","AUDCAD,EURCHF,USDJPY",USDCAD,USDCAD-05-N1R004E11,ENTRY
2026-05-14 11:30:00+00:00,2026-05-14 12:00:00+00:00,"USDCAD,USDJPY","AUDCAD,EURCHF,USDCAD,USDJPY",,,TOP_FOUR_HELD
2026-05-14 13:30:00+00:00,2026-05-14 14:00:00+00:00,"USDCAD,EURUSD,USDJPY,CHFJPY","AUDCAD,EURCHF,USDCAD,USDJPY",EURUSD,EURUSD-05-R46E8,ENTRY
2026-05-14 15:30:00+00:00,2026-05-14 16:00:00+00:00,"USDCAD,USDJPY,CHFJPY,EURCAD","EURUSD,USDCAD",USDJPY,USDJPY-05-N1R033E08,ENTRY
2026-05-15 01:30:00+00:00,2026-05-15 02:00:00+00:00,"USDJPY,NZDUSD,NZDCAD","EURUSD,USDCAD",USDJPY,USDJPY-05-N1R033E08,ENTRY
2026-05-15 05:30:00+00:00,2026-05-15 06:00:00+00:00,"USDCAD,USDJPY,NZDUSD,NZDCAD","EURUSD,USDCAD,USDJPY",NZDUSD,NZDUSD-05-N1R116E10,ENTRY
2026-05-15 09:30:00+00:00,2026-05-15 10:00:00+00:00,"USDJPY,NZDUSD,NZDCAD","EURUSD,NZDUSD,USDJPY",NZDCAD,NZDCAD-05-N1R096E10,ENTRY
2026-05-15 11:30:00+00:00,2026-05-15 12:00:00+00:00,"USDJPY,NZDUSD,NZDCAD","EURUSD,USDJPY",NZDUSD,NZDUSD-05-N1R116E10,ENTRY
2026-05-15 13:30:00+00:00,2026-05-15 14:00:00+00:00,"USDJPY,NZDUSD,NZDCAD","EURUSD,NZDUSD,USDJPY",NZDCAD,NZDCAD-05-N1R096E10,ENTRY
2026-05-15 15:30:00+00:00,2026-05-15 16:00:00+00:00,"USDJPY,NZDUSD,NZDCAD","NZDCAD,NZDUSD",USDJPY,USDJPY-05-N1R033E08,ENTRY
2026-05-18 01:30:00+00:00,2026-05-18 02:00:00+00:00,USDJPY,,USDJPY,USDJPY-05-N1R033E08,ENTRY
2026-05-18 05:30:00+00:00,2026-05-18 06:00:00+00:00,USDJPY,USDJPY,,,TOP_FOUR_HELD
2026-05-18 09:30:00+00:00,2026-05-18 10:00:00+00:00,"EURNZD,USDJPY,CHFJPY",USDJPY,EURNZD,EURNZD-05-R05E6,ENTRY
2026-05-18 11:30:00+00:00,2026-05-18 12:00:00+00:00,"EURNZD,USDCAD,USDJPY,CHFJPY","EURNZD,USDJPY",USDCAD,USDCAD-05-N1R004E11,ENTRY
2026-05-18 13:30:00+00:00,2026-05-18 14:00:00+00:00,"EURNZD,USDCAD",USDCAD,EURNZD,EURNZD-05-R05E6,ENTRY
2026-05-18 15:30:00+00:00,2026-05-18 16:00:00+00:00,"EURNZD,EURJPY,EURCAD","EURNZD,USDCAD",EURJPY,EURJPY-05-N1R017E06,ENTRY
2026-05-19 01:30:00+00:00,2026-05-19 02:00:00+00:00,"AUDCHF,USDCAD,USDJPY,EURJPY",USDCAD,AUDCHF,AUDCHF-05-N1R081E02,ENTRY
2026-05-19 05:30:00+00:00,2026-05-19 06:00:00+00:00,"AUDCHF,USDCAD,USDJPY",USDCAD,AUDCHF,AUDCHF-05-N1R081E02,ENTRY
2026-05-19 09:30:00+00:00,2026-05-19 10:00:00+00:00,"USDCAD,USDJPY,CHFJPY",USDCAD,USDJPY,USDJPY-05-N1R033E08,ENTRY
2026-05-19 11:30:00+00:00,2026-05-19 12:00:00+00:00,"USDCAD,USDJPY","USDCAD,USDJPY",,,TOP_FOUR_HELD
2026-05-19 13:30:00+00:00,2026-05-19 14:00:00+00:00,"EURUSD,USDJPY,NZDUSD,NZDCAD",,EURUSD,EURUSD-05-R46E8,ENTRY
2026-05-19 15:30:00+00:00,2026-05-19 16:00:00+00:00,"USDCAD,USDJPY,NZDUSD,NZDCAD",EURUSD,USDCAD,USDCAD-05-N1R004E11,ENTRY
2026-05-20 01:30:00+00:00,2026-05-20 02:00:00+00:00,,"EURUSD,USDCAD",,,NO_TRIGGER
2026-05-20 05:30:00+00:00,2026-05-20 06:00:00+00:00,"USDCAD,EURUSD","EURUSD,USDCAD",,,TOP_FOUR_HELD
2026-05-20 09:30:00+00:00,2026-05-20 10:00:00+00:00,"EURNZD,USDCAD","EURUSD,USDCAD",EURNZD,EURNZD-05-R05E6,ENTRY
2026-05-20 11:30:00+00:00,2026-05-20 12:00:00+00:00,"AUDNZD,USDCAD","EURNZD,EURUSD,USDCAD",AUDNZD,AUDNZD-05-R52E7,ENTRY
2026-05-20 13:30:00+00:00,2026-05-20 14:00:00+00:00,"GBPJPY,AUDNZD,USDJPY,EURCAD","AUDNZD,EURNZD,EURUSD,USDCAD",GBPJPY,GBPJPY-05-R56E3,ENTRY
2026-05-20 15:30:00+00:00,2026-05-20 16:00:00+00:00,"AUDNZD,USDJPY",AUDNZD,USDJPY,USDJPY-05-N1R033E08,ENTRY
2026-05-21 01:30:00+00:00,2026-05-21 02:00:00+00:00,"EURUSD,GBPUSD,EURAUD,EURCAD","AUDNZD,USDJPY",EURUSD,EURUSD-05-R46E8,ENTRY
2026-05-21 05:30:00+00:00,2026-05-21 06:00:00+00:00,"GBPJPY,USDCAD,EURUSD,USDJPY",EURUSD,GBPJPY,GBPJPY-05-R56E3,ENTRY
2026-05-21 09:30:00+00:00,2026-05-21 10:00:00+00:00,"USDCAD,USDJPY,EURJPY,CHFJPY","EURUSD,GBPJPY",USDCAD,USDCAD-05-N1R004E11,ENTRY
2026-05-21 11:30:00+00:00,2026-05-21 12:00:00+00:00,"USDJPY,CHFJPY","EURUSD,GBPJPY,USDCAD",USDJPY,USDJPY-05-N1R033E08,ENTRY
2026-05-21 13:30:00+00:00,2026-05-21 14:00:00+00:00,"USDCAD,USDJPY","EURUSD,GBPJPY,USDCAD,USDJPY",,,TOP_FOUR_HELD
2026-05-21 15:30:00+00:00,2026-05-21 16:00:00+00:00,"USDCAD,USDJPY,AUDJPY","EURUSD,USDCAD,USDJPY",AUDJPY,AUDJPY-05-N1R001E05,ENTRY
2026-05-22 01:30:00+00:00,2026-05-22 02:00:00+00:00,"GBPJPY,EURJPY,USDCHF,CHFJPY","AUDJPY,EURUSD,USDCAD",GBPJPY,GBPJPY-05-R56E3,ENTRY
2026-05-22 05:30:00+00:00,2026-05-22 06:00:00+00:00,"GBPJPY,USDCAD,AUDJPY,USDCHF","AUDJPY,GBPJPY,USDCAD",USDCHF,USDCHF-05-N1R111E08,ENTRY
2026-05-22 09:30:00+00:00,2026-05-22 10:00:00+00:00,"AUDCHF,USDJPY,CHFJPY","AUDJPY,GBPJPY,USDCAD,USDCHF",AUDCHF,AUDCHF-05-N1R081E02,ENTRY
2026-05-22 11:30:00+00:00,2026-05-22 12:00:00+00:00,"AUDCHF,USDCAD,USDJPY,CHFJPY","AUDCHF,AUDJPY,GBPJPY,USDCHF",USDCAD,USDCAD-05-N1R004E11,ENTRY
2026-05-22 13:30:00+00:00,2026-05-22 14:00:00+00:00,"USDCAD,USDJPY,CHFJPY","AUDCHF,AUDJPY,GBPJPY,USDCAD,USDCHF",USDJPY,USDJPY-05-N1R033E08,ENTRY
2026-05-22 15:30:00+00:00,2026-05-22 16:00:00+00:00,"GBPJPY,USDCAD,USDJPY,USDCHF","AUDCHF,AUDJPY,USDCAD,USDJPY",GBPJPY,GBPJPY-05-R56E3,ENTRY
2026-05-25 01:30:00+00:00,2026-05-25 02:00:00+00:00,"GBPJPY,AUDCAD,GBPUSD,AUDUSD",,GBPJPY,GBPJPY-05-R56E3,ENTRY
2026-05-25 05:30:00+00:00,2026-05-25 06:00:00+00:00,"AUDCAD,GBPUSD,AUDUSD,AUDJPY",GBPJPY,AUDCAD,AUDCAD-05-N1R019E11,ENTRY
2026-05-25 09:30:00+00:00,2026-05-25 10:00:00+00:00,"AUDCAD,GBPUSD,AUDUSD,EURJPY","AUDCAD,GBPJPY",GBPUSD,GBPUSD-05-N1R042E08,ENTRY
2026-05-25 11:30:00+00:00,2026-05-25 12:00:00+00:00,"USDCAD,GBPUSD,AUDUSD,EURJPY","AUDCAD,GBPJPY,GBPUSD",USDCAD,USDCAD-05-N1R004E11,ENTRY
2026-05-25 13:30:00+00:00,2026-05-25 14:00:00+00:00,"GBPUSD,EURJPY,AUDJPY,USDCHF","AUDCAD,GBPUSD,USDCAD",EURJPY,EURJPY-05-N1R017E06,ENTRY
2026-05-25 15:30:00+00:00,2026-05-25 16:00:00+00:00,"EURNZD,GBPUSD,AUDJPY,EURAUD","AUDCAD,EURJPY,GBPUSD,USDCAD",EURNZD,EURNZD-05-R05E6,ENTRY
2026-05-26 01:30:00+00:00,2026-05-26 02:00:00+00:00,,"AUDCAD,USDCAD",,,NO_TRIGGER
2026-05-26 05:30:00+00:00,2026-05-26 06:00:00+00:00,"USDCAD,AUDJPY","AUDCAD,USDCAD",AUDJPY,AUDJPY-05-N1R001E05,ENTRY
2026-05-26 09:30:00+00:00,2026-05-26 10:00:00+00:00,"GBPJPY,EURJPY,AUDJPY,NZDUSD","AUDJPY,USDCAD",GBPJPY,GBPJPY-05-R56E3,ENTRY
2026-05-26 11:30:00+00:00,2026-05-26 12:00:00+00:00,"GBPJPY,USDJPY,EURJPY,CHFJPY","AUDJPY,GBPJPY,USDCAD",USDJPY,USDJPY-05-N1R033E08,ENTRY
2026-05-26 13:30:00+00:00,2026-05-26 14:00:00+00:00,"USDCAD,USDJPY,EURJPY,AUDJPY","AUDJPY,USDJPY",USDCAD,USDCAD-05-N1R004E11,ENTRY
2026-05-26 15:30:00+00:00,2026-05-26 16:00:00+00:00,"USDJPY,AUDJPY,NZDUSD","USDCAD,USDJPY",AUDJPY,AUDJPY-05-N1R001E05,ENTRY
2026-05-27 01:30:00+00:00,2026-05-27 02:00:00+00:00,"EURNZD,USDJPY,EURJPY,AUDJPY","AUDJPY,USDCAD",EURNZD,EURNZD-05-R05E6,ENTRY
2026-05-27 05:30:00+00:00,2026-05-27 06:00:00+00:00,"EURJPY,AUDJPY","AUDJPY,USDCAD",EURJPY,EURJPY-05-N1R017E06,ENTRY
2026-05-27 09:30:00+00:00,2026-05-27 10:00:00+00:00,"USDCAD,USDJPY,EURJPY,EURGBP",USDCAD,USDJPY,USDJPY-05-N1R033E08,ENTRY
2026-05-27 11:30:00+00:00,2026-05-27 12:00:00+00:00,"USDCAD,USDJPY,EURJPY","USDCAD,USDJPY",EURJPY,EURJPY-05-N1R017E06,ENTRY
2026-05-27 13:30:00+00:00,2026-05-27 14:00:00+00:00,"USDJPY,EURJPY,EURGBP","USDCAD,USDJPY",EURJPY,EURJPY-05-N1R017E06,ENTRY
2026-05-27 15:30:00+00:00,2026-05-27 16:00:00+00:00,USDJPY,USDJPY,,,TOP_FOUR_HELD
2026-05-28 01:30:00+00:00,2026-05-28 02:00:00+00:00,USDJPY,,USDJPY,USDJPY-05-N1R033E08,ENTRY
2026-05-28 05:30:00+00:00,2026-05-28 06:00:00+00:00,"EURUSD,USDJPY",USDJPY,EURUSD,EURUSD-05-R46E8,ENTRY
2026-05-28 09:30:00+00:00,2026-05-28 10:00:00+00:00,"USDJPY,EURJPY",EURUSD,USDJPY,USDJPY-05-N1R033E08,ENTRY
2026-05-28 11:30:00+00:00,2026-05-28 12:00:00+00:00,,"EURUSD,USDJPY",,,NO_TRIGGER
2026-05-28 13:30:00+00:00,2026-05-28 14:00:00+00:00,EURJPY,"EURUSD,USDJPY",EURJPY,EURJPY-05-N1R017E06,ENTRY
2026-05-28 15:30:00+00:00,2026-05-28 16:00:00+00:00,EURJPY,EURUSD,EURJPY,EURJPY-05-N1R017E06,ENTRY
2026-05-29 01:30:00+00:00,2026-05-29 02:00:00+00:00,"EURJPY,USDCHF,CHFJPY",,EURJPY,EURJPY-05-N1R017E06,ENTRY
2026-05-29 05:30:00+00:00,2026-05-29 06:00:00+00:00,"AUDJPY,EURAUD,USDCHF,CHFJPY",EURJPY,AUDJPY,AUDJPY-05-N1R001E05,ENTRY
2026-05-29 09:30:00+00:00,2026-05-29 10:00:00+00:00,"EURAUD,CHFJPY",,EURAUD,EURAUD-05-N1R124E05,ENTRY
2026-05-29 11:30:00+00:00,2026-05-29 12:00:00+00:00,"AUDJPY,CHFJPY",EURAUD,AUDJPY,AUDJPY-05-N1R001E05,ENTRY
2026-05-29 13:30:00+00:00,2026-05-29 14:00:00+00:00,"AUDCAD,EURJPY,AUDJPY,EURAUD","AUDJPY,EURAUD",AUDCAD,AUDCAD-05-N1R019E11,ENTRY
2026-05-29 15:30:00+00:00,2026-05-29 16:00:00+00:00,"EURCHF,EURJPY,AUDJPY,EURAUD",AUDCAD,EURCHF,EURCHF-05-R55E5,ENTRY
2026-06-01 01:30:00+00:00,2026-06-01 02:00:00+00:00,GBPJPY,,GBPJPY,GBPJPY-06-N1R001E04,ENTRY
2026-06-01 05:30:00+00:00,2026-06-01 06:00:00+00:00,EURJPY,GBPJPY,EURJPY,EURJPY-06-N1R001E02,ENTRY
2026-06-01 09:30:00+00:00,2026-06-01 10:00:00+00:00,"EURUSD,EURJPY,GBPUSD",GBPJPY,EURUSD,EURUSD-06-N1R028E07,ENTRY
2026-06-01 11:30:00+00:00,2026-06-01 12:00:00+00:00,,"EURUSD,GBPJPY",,,NO_TRIGGER
2026-06-01 13:30:00+00:00,2026-06-01 14:00:00+00:00,"GBPJPY,USDCHF,EURCAD,EURJPY",GBPJPY,USDCHF,USDCHF-06-N1R136E05,ENTRY
2026-06-01 15:30:00+00:00,2026-06-01 16:00:00+00:00,AUDCAD,USDCHF,AUDCAD,AUDCAD-06-R62E4,ENTRY
2026-06-02 01:30:00+00:00,2026-06-02 02:00:00+00:00,GBPJPY,AUDCAD,GBPJPY,GBPJPY-06-N1R001E04,ENTRY
2026-06-02 05:30:00+00:00,2026-06-02 06:00:00+00:00,"GBPJPY,NZDUSD,EURNZD,EURCAD","AUDCAD,GBPJPY",NZDUSD,NZDUSD-06-N1R088E12,ENTRY
2026-06-02 09:30:00+00:00,2026-06-02 10:00:00+00:00,"EURNZD,EURCAD,EURJPY,GBPUSD","GBPJPY,NZDUSD",EURNZD,EURNZD-06-N1R049E08,ENTRY
2026-06-02 11:30:00+00:00,2026-06-02 12:00:00+00:00,"GBPJPY,EURNZD,EURCAD,AUDJPY","EURNZD,GBPJPY,NZDUSD",EURCAD,EURCAD-06-N1R003E03,ENTRY
2026-06-02 13:30:00+00:00,2026-06-02 14:00:00+00:00,"GBPJPY,EURNZD,EURJPY","EURCAD,EURNZD,GBPJPY,NZDUSD",EURJPY,EURJPY-06-N1R001E02,ENTRY
2026-06-02 15:30:00+00:00,2026-06-02 16:00:00+00:00,"GBPJPY,EURNZD,EURCHF,AUDJPY","EURNZD,NZDUSD",GBPJPY,GBPJPY-06-N1R001E04,ENTRY
2026-06-03 01:30:00+00:00,2026-06-03 02:00:00+00:00,EURNZD,NZDUSD,EURNZD,EURNZD-06-N1R049E08,ENTRY
2026-06-03 05:30:00+00:00,2026-06-03 06:00:00+00:00,"NZDCAD,EURNZD",NZDUSD,NZDCAD,NZDCAD-06-R16E5,ENTRY
2026-06-03 09:30:00+00:00,2026-06-03 10:00:00+00:00,"NZDCAD,NZDUSD,EURNZD",NZDCAD,NZDUSD,NZDUSD-06-N1R088E12,ENTRY
2026-06-03 11:30:00+00:00,2026-06-03 12:00:00+00:00,"GBPJPY,NZDUSD,EURNZD","NZDCAD,NZDUSD",GBPJPY,GBPJPY-06-N1R001E04,ENTRY
2026-06-03 13:30:00+00:00,2026-06-03 14:00:00+00:00,"NZDCAD,AUDCAD,NZDUSD,EURNZD","NZDCAD,NZDUSD",AUDCAD,AUDCAD-06-R62E4,ENTRY
2026-06-03 15:30:00+00:00,2026-06-03 16:00:00+00:00,"NZDUSD,EURNZD","AUDCAD,NZDUSD",EURNZD,EURNZD-06-N1R049E08,ENTRY
2026-06-04 01:30:00+00:00,2026-06-04 02:00:00+00:00,"EURNZD,EURCAD,EURAUD","EURNZD,NZDUSD",EURCAD,EURCAD-06-N1R003E03,ENTRY
2026-06-04 05:30:00+00:00,2026-06-04 06:00:00+00:00,"EURNZD,EURAUD","EURCAD,NZDUSD",EURNZD,EURNZD-06-N1R049E08,ENTRY
2026-06-04 09:30:00+00:00,2026-06-04 10:00:00+00:00,"NZDUSD,EURNZD,EURCAD,EURAUD","EURNZD,NZDUSD",EURCAD,EURCAD-06-N1R003E03,ENTRY
2026-06-04 11:30:00+00:00,2026-06-04 12:00:00+00:00,"USDJPY,EURNZD,EURCAD,EURAUD","EURCAD,EURNZD",USDJPY,USDJPY-06-R50E8,ENTRY
2026-06-04 13:30:00+00:00,2026-06-04 14:00:00+00:00,"NZDCAD,AUDCHF,EURNZD,EURCAD","EURNZD,USDJPY",NZDCAD,NZDCAD-06-R16E5,ENTRY
2026-06-04 15:30:00+00:00,2026-06-04 16:00:00+00:00,"AUDCHF,EURNZD,EURJPY,EURAUD","EURNZD,NZDCAD,USDJPY",AUDCHF,AUDCHF-06-N1R087E05,ENTRY
2026-06-05 01:30:00+00:00,2026-06-05 02:00:00+00:00,"NZDCAD,AUDCHF,EURNZD,EURAUD","AUDCHF,NZDCAD,USDJPY",EURNZD,EURNZD-06-N1R049E08,ENTRY
2026-06-05 05:30:00+00:00,2026-06-05 06:00:00+00:00,"AUDCHF,EURNZD","AUDCHF,USDJPY",EURNZD,EURNZD-06-N1R049E08,ENTRY
2026-06-05 09:30:00+00:00,2026-06-05 10:00:00+00:00,"EURUSD,GBPJPY,AUDCHF,CHFJPY","AUDCHF,EURNZD,USDJPY",EURUSD,EURUSD-06-N1R028E07,ENTRY
2026-06-05 11:30:00+00:00,2026-06-05 12:00:00+00:00,"USDJPY,EURUSD,GBPJPY,CHFJPY","AUDCHF,EURNZD,EURUSD,USDJPY",GBPJPY,GBPJPY-06-N1R001E04,ENTRY
2026-06-05 13:30:00+00:00,2026-06-05 14:00:00+00:00,"NZDCAD,AUDUSD,USDCAD,EURNZD",AUDCHF,NZDCAD,NZDCAD-06-R16E5,ENTRY
2026-06-05 15:30:00+00:00,2026-06-05 16:00:00+00:00,"USDCAD,NZDUSD,EURNZD,EURAUD","AUDCHF,NZDCAD",USDCAD,USDCAD-06-N1R069E08,ENTRY
2026-06-08 01:30:00+00:00,2026-06-08 02:00:00+00:00,"AUDCHF,NZDUSD,EURNZD,EURAUD",,AUDCHF,AUDCHF-06-N1R087E05,ENTRY
2026-06-08 05:30:00+00:00,2026-06-08 06:00:00+00:00,"EURNZD,EURAUD",AUDCHF,EURNZD,EURNZD-06-N1R049E08,ENTRY
2026-06-08 09:30:00+00:00,2026-06-08 10:00:00+00:00,"NZDUSD,EURNZD,EURAUD","AUDCHF,EURNZD",NZDUSD,NZDUSD-06-N1R088E12,ENTRY
2026-06-08 11:30:00+00:00,2026-06-08 12:00:00+00:00,"EURNZD,EURAUD","AUDCHF,NZDUSD",EURNZD,EURNZD-06-N1R049E08,ENTRY
2026-06-08 13:30:00+00:00,2026-06-08 14:00:00+00:00,"EURNZD,AUDNZD,EURAUD","AUDCHF,EURNZD,NZDUSD",AUDNZD,AUDNZD-06-N1R124E01,ENTRY
2026-06-08 15:30:00+00:00,2026-06-08 16:00:00+00:00,"USDJPY,AUDCHF,EURNZD,AUDNZD","AUDCHF,AUDNZD,EURNZD,NZDUSD",USDJPY,USDJPY-06-R50E8,ENTRY
2026-06-09 01:30:00+00:00,2026-06-09 02:00:00+00:00,AUDCHF,"AUDCHF,NZDUSD,USDJPY",,,TOP_FOUR_HELD
2026-06-09 05:30:00+00:00,2026-06-09 06:00:00+00:00,"AUDNZD,EURAUD","NZDUSD,USDJPY",AUDNZD,AUDNZD-06-N1R124E01,ENTRY
2026-06-09 09:30:00+00:00,2026-06-09 10:00:00+00:00,"USDCAD,AUDCHF,AUDNZD,EURAUD","NZDUSD,USDJPY",USDCAD,USDCAD-06-N1R069E08,ENTRY
2026-06-09 11:30:00+00:00,2026-06-09 12:00:00+00:00,"EURGBP,USDCAD,AUDNZD,EURAUD","USDCAD,USDJPY",EURGBP,EURGBP-06-N1R117E03,ENTRY
2026-06-09 13:30:00+00:00,2026-06-09 14:00:00+00:00,"EURGBP,AUDNZD,EURAUD","EURGBP,USDJPY",AUDNZD,AUDNZD-06-N1R124E01,ENTRY
2026-06-09 15:30:00+00:00,2026-06-09 16:00:00+00:00,"EURGBP,USDCAD,AUDCHF,EURCAD","EURGBP,USDJPY",USDCAD,USDCAD-06-N1R069E08,ENTRY
2026-06-10 01:30:00+00:00,2026-06-10 02:00:00+00:00,"GBPJPY,EURNZD,EURJPY,AUDNZD",USDCAD,GBPJPY,GBPJPY-06-N1R001E04,ENTRY
2026-06-10 05:30:00+00:00,2026-06-10 06:00:00+00:00,"NZDCAD,GBPJPY,EURNZD,EURJPY",GBPJPY,NZDCAD,NZDCAD-06-R16E5,ENTRY
2026-06-10 09:30:00+00:00,2026-06-10 10:00:00+00:00,"NZDCAD,GBPJPY,AUDCHF,EURNZD","GBPJPY,NZDCAD",AUDCHF,AUDCHF-06-N1R087E05,ENTRY
2026-06-10 11:30:00+00:00,2026-06-10 12:00:00+00:00,"GBPJPY,AUDCHF,EURNZD,EURJPY","AUDCHF,NZDCAD",GBPJPY,GBPJPY-06-N1R001E04,ENTRY
2026-06-10 13:30:00+00:00,2026-06-10 14:00:00+00:00,"AUDCHF,EURNZD,AUDNZD,EURAUD","AUDCHF,GBPJPY,NZDCAD",EURNZD,EURNZD-06-N1R049E08,ENTRY
2026-06-10 15:30:00+00:00,2026-06-10 16:00:00+00:00,"GBPJPY,AUDCHF,EURNZD,EURJPY","AUDCHF,EURNZD,NZDCAD",GBPJPY,GBPJPY-06-N1R001E04,ENTRY
2026-06-11 01:30:00+00:00,2026-06-11 02:00:00+00:00,"GBPJPY,AUDCHF,EURNZD,EURJPY",NZDCAD,GBPJPY,GBPJPY-06-N1R001E04,ENTRY
2026-06-11 05:30:00+00:00,2026-06-11 06:00:00+00:00,"AUDCHF,EURNZD,EURAUD","GBPJPY,NZDCAD",AUDCHF,AUDCHF-06-N1R087E05,ENTRY
2026-06-11 09:30:00+00:00,2026-06-11 10:00:00+00:00,"USDCAD,NZDUSD,EURNZD,EURAUD",AUDCHF,USDCAD,USDCAD-06-N1R069E08,ENTRY
2026-06-11 11:30:00+00:00,2026-06-11 12:00:00+00:00,"NZDUSD,EURNZD,EURAUD","AUDCHF,USDCAD",NZDUSD,NZDUSD-06-N1R088E12,ENTRY
2026-06-11 13:30:00+00:00,2026-06-11 14:00:00+00:00,"AUDCHF,NZDUSD,EURNZD,EURCAD","AUDCHF,NZDUSD,USDCAD",EURNZD,EURNZD-06-N1R049E08,ENTRY
2026-06-11 15:30:00+00:00,2026-06-11 16:00:00+00:00,"USDJPY,AUDCHF,NZDUSD,EURNZD","AUDCHF,EURNZD,NZDUSD",USDJPY,USDJPY-06-R50E8,ENTRY
2026-06-12 01:30:00+00:00,2026-06-12 02:00:00+00:00,"USDCAD,AUDCHF",,USDCAD,USDCAD-06-N1R069E08,ENTRY
2026-06-12 05:30:00+00:00,2026-06-12 06:00:00+00:00,"GBPJPY,CHFJPY,EURCAD,EURJPY",USDCAD,GBPJPY,GBPJPY-06-N1R001E04,ENTRY
2026-06-12 09:30:00+00:00,2026-06-12 10:00:00+00:00,"AUDCHF,USDCHF","GBPJPY,USDCAD",AUDCHF,AUDCHF-06-N1R087E05,ENTRY
2026-06-12 11:30:00+00:00,2026-06-12 12:00:00+00:00,"EURUSD,GBPJPY,AUDJPY","AUDCHF,GBPJPY,USDCAD",EURUSD,EURUSD-06-N1R028E07,ENTRY
2026-06-12 13:30:00+00:00,2026-06-12 14:00:00+00:00,,"AUDCHF,GBPJPY,USDCAD",,,NO_TRIGGER
2026-06-12 15:30:00+00:00,2026-06-12 16:00:00+00:00,"GBPJPY,CHFJPY,USDCHF,EURJPY",GBPJPY,CHFJPY,CHFJPY-06-N1R001E08,ENTRY
2026-06-15 01:30:00+00:00,2026-06-15 02:00:00+00:00,"EURUSD,GBPJPY,CHFJPY,EURJPY",,EURUSD,EURUSD-06-N1R028E07,ENTRY
2026-06-15 05:30:00+00:00,2026-06-15 06:00:00+00:00,"CHFJPY,EURCAD,EURJPY,AUDJPY",EURUSD,CHFJPY,CHFJPY-06-N1R001E08,ENTRY
2026-06-15 09:30:00+00:00,2026-06-15 10:00:00+00:00,CHFJPY,CHFJPY,,,TOP_FOUR_HELD
2026-06-15 11:30:00+00:00,2026-06-15 12:00:00+00:00,"CHFJPY,EURJPY,AUDJPY",CHFJPY,EURJPY,EURJPY-06-N1R001E02,ENTRY
2026-06-15 13:30:00+00:00,2026-06-15 14:00:00+00:00,"GBPJPY,CHFJPY,EURJPY,AUDJPY","CHFJPY,EURJPY",GBPJPY,GBPJPY-06-N1R001E04,ENTRY
2026-06-15 15:30:00+00:00,2026-06-15 16:00:00+00:00,"EURUSD,GBPJPY,CHFJPY,AUDJPY","CHFJPY,GBPJPY",EURUSD,EURUSD-06-N1R028E07,ENTRY
2026-06-16 01:30:00+00:00,2026-06-16 02:00:00+00:00,EURNZD,,EURNZD,EURNZD-06-N1R049E08,ENTRY
2026-06-16 05:30:00+00:00,2026-06-16 06:00:00+00:00,"GBPJPY,NZDUSD,CHFJPY,USDCHF",,GBPJPY,GBPJPY-06-N1R001E04,ENTRY
2026-06-16 09:30:00+00:00,2026-06-16 10:00:00+00:00,"EURUSD,GBPJPY,CHFJPY,EURNZD",,EURUSD,EURUSD-06-N1R028E07,ENTRY
2026-06-16 11:30:00+00:00,2026-06-16 12:00:00+00:00,"EURUSD,GBPJPY,CHFJPY,EURNZD",EURUSD,GBPJPY,GBPJPY-06-N1R001E04,ENTRY
2026-06-16 13:30:00+00:00,2026-06-16 14:00:00+00:00,"EURUSD,EURNZD,EURCAD",GBPJPY,EURUSD,EURUSD-06-N1R028E07,ENTRY
2026-06-16 15:30:00+00:00,2026-06-16 16:00:00+00:00,"GBPJPY,CHFJPY,EURNZD,EURJPY",GBPJPY,CHFJPY,CHFJPY-06-N1R001E08,ENTRY
2026-06-17 01:30:00+00:00,2026-06-17 02:00:00+00:00,"AUDCHF,CHFJPY",CHFJPY,AUDCHF,AUDCHF-06-N1R087E05,ENTRY
2026-06-17 05:30:00+00:00,2026-06-17 06:00:00+00:00,"USDJPY,AUDCHF,CHFJPY,EURAUD",AUDCHF,USDJPY,USDJPY-06-R50E8,ENTRY
2026-06-17 09:30:00+00:00,2026-06-17 10:00:00+00:00,"AUDCHF,EURNZD,AUDJPY,EURAUD",USDJPY,AUDCHF,AUDCHF-06-N1R087E05,ENTRY
2026-06-17 11:30:00+00:00,2026-06-17 12:00:00+00:00,"AUDCHF,NZDUSD,EURNZD,EURAUD","AUDCHF,USDJPY",NZDUSD,NZDUSD-06-N1R088E12,ENTRY
2026-06-17 13:30:00+00:00,2026-06-17 14:00:00+00:00,"EURNZD,EURJPY,EURAUD","NZDUSD,USDJPY",EURNZD,EURNZD-06-N1R049E08,ENTRY
2026-06-17 15:30:00+00:00,2026-06-17 16:00:00+00:00,"NZDUSD,EURNZD,AUDJPY,EURAUD","NZDUSD,USDJPY",EURNZD,EURNZD-06-N1R049E08,ENTRY
2026-06-18 01:30:00+00:00,2026-06-18 02:00:00+00:00,"NZDUSD,EURNZD","NZDUSD,USDJPY",EURNZD,EURNZD-06-N1R049E08,ENTRY
2026-06-18 05:30:00+00:00,2026-06-18 06:00:00+00:00,,"EURNZD,NZDUSD,USDJPY",,,NO_TRIGGER
2026-06-18 09:30:00+00:00,2026-06-18 10:00:00+00:00,NZDUSD,"EURNZD,NZDUSD",,,TOP_FOUR_HELD
2026-06-18 11:30:00+00:00,2026-06-18 12:00:00+00:00,"NZDCAD,NZDUSD","EURNZD,NZDUSD",NZDCAD,NZDCAD-06-R16E5,ENTRY
2026-06-18 13:30:00+00:00,2026-06-18 14:00:00+00:00,NZDUSD,NZDCAD,NZDUSD,NZDUSD-06-N1R088E12,ENTRY
2026-06-18 15:30:00+00:00,2026-06-18 16:00:00+00:00,,"NZDCAD,NZDUSD",,,NO_TRIGGER
2026-06-19 01:30:00+00:00,2026-06-19 02:00:00+00:00,,NZDUSD,,,NO_TRIGGER
2026-06-19 05:30:00+00:00,2026-06-19 06:00:00+00:00,"NZDCAD,AUDCAD,NZDUSD",NZDUSD,NZDCAD,NZDCAD-06-R16E5,ENTRY
2026-06-19 09:30:00+00:00,2026-06-19 10:00:00+00:00,EURNZD,"NZDCAD,NZDUSD",EURNZD,EURNZD-06-N1R049E08,ENTRY
2026-06-19 11:30:00+00:00,2026-06-19 12:00:00+00:00,"USDJPY,EURNZD","EURNZD,NZDCAD,NZDUSD",USDJPY,USDJPY-06-R50E8,ENTRY
2026-06-19 13:30:00+00:00,2026-06-19 14:00:00+00:00,"USDJPY,EURNZD,AUDJPY","EURNZD,NZDUSD,USDJPY",AUDJPY,AUDJPY-06-N1R004E08,ENTRY
2026-06-19 15:30:00+00:00,2026-06-19 16:00:00+00:00,"USDJPY,USDCAD,NZDUSD,EURNZD","AUDJPY,EURNZD,USDJPY",USDCAD,USDCAD-06-N1R069E08,ENTRY
2026-06-22 01:30:00+00:00,2026-06-22 02:00:00+00:00,"EURNZD,AUDJPY",,EURNZD,EURNZD-06-N1R049E08,ENTRY
2026-06-22 05:30:00+00:00,2026-06-22 06:00:00+00:00,EURNZD,EURNZD,,,TOP_FOUR_HELD
2026-06-22 09:30:00+00:00,2026-06-22 10:00:00+00:00,"AUDCAD,NZDUSD,EURNZD",EURNZD,AUDCAD,AUDCAD-06-R62E4,ENTRY
2026-06-22 11:30:00+00:00,2026-06-22 12:00:00+00:00,EURNZD,"AUDCAD,EURNZD",,,TOP_FOUR_HELD
2026-06-22 13:30:00+00:00,2026-06-22 14:00:00+00:00,"EURGBP,GBPJPY,EURNZD,AUDJPY","AUDCAD,EURNZD",EURGBP,EURGBP-06-N1R117E03,ENTRY
2026-06-22 15:30:00+00:00,2026-06-22 16:00:00+00:00,"EURGBP,EURNZD","AUDCAD,EURGBP",EURNZD,EURNZD-06-N1R049E08,ENTRY
2026-06-23 01:30:00+00:00,2026-06-23 02:00:00+00:00,"NZDCAD,EURGBP,NZDUSD",EURGBP,NZDCAD,NZDCAD-06-R16E5,ENTRY
2026-06-23 05:30:00+00:00,2026-06-23 06:00:00+00:00,"NZDCAD,NZDUSD,EURNZD","EURGBP,NZDCAD",NZDUSD,NZDUSD-06-N1R088E12,ENTRY
2026-06-23 09:30:00+00:00,2026-06-23 10:00:00+00:00,"AUDCHF,NZDUSD,EURNZD,EURAUD","EURGBP,NZDCAD,NZDUSD",AUDCHF,AUDCHF-06-N1R087E05,ENTRY
2026-06-23 11:30:00+00:00,2026-06-23 12:00:00+00:00,"NZDCAD,AUDCHF,NZDUSD,EURNZD","AUDCHF,EURGBP,NZDCAD,NZDUSD",EURNZD,EURNZD-06-N1R049E08,ENTRY
2026-06-23 13:30:00+00:00,2026-06-23 14:00:00+00:00,"NZDCAD,AUDCHF,NZDUSD,EURNZD","EURNZD,NZDCAD,NZDUSD",AUDCHF,AUDCHF-06-N1R087E05,ENTRY
2026-06-23 15:30:00+00:00,2026-06-23 16:00:00+00:00,"AUDCHF,NZDUSD,EURNZD,EURAUD","AUDCHF,EURNZD,NZDCAD,NZDUSD",EURAUD,EURAUD-06-N1R057E05,ENTRY
2026-06-24 01:30:00+00:00,2026-06-24 02:00:00+00:00,"EURNZD,EURAUD","AUDCHF,EURAUD,NZDCAD,NZDUSD",EURNZD,EURNZD-06-N1R049E08,ENTRY
2026-06-24 05:30:00+00:00,2026-06-24 06:00:00+00:00,"EURGBP,AUDCHF,NZDUSD,EURNZD","AUDCHF,EURAUD,EURNZD,NZDUSD",EURGBP,EURGBP-06-N1R117E03,ENTRY
2026-06-24 09:30:00+00:00,2026-06-24 10:00:00+00:00,"EURGBP,NZDUSD,EURNZD,EURAUD","AUDCHF,EURAUD,EURNZD",EURGBP,EURGBP-06-N1R117E03,ENTRY
2026-06-24 11:30:00+00:00,2026-06-24 12:00:00+00:00,"NZDCAD,AUDCHF,NZDUSD,EURNZD","AUDCHF,EURAUD,EURNZD",NZDCAD,NZDCAD-06-R16E5,ENTRY
2026-06-24 13:30:00+00:00,2026-06-24 14:00:00+00:00,"AUDCHF,NZDUSD,EURNZD,EURAUD","AUDCHF,EURAUD,EURNZD,NZDCAD",NZDUSD,NZDUSD-06-N1R088E12,ENTRY
2026-06-24 15:30:00+00:00,2026-06-24 16:00:00+00:00,"NZDUSD,EURNZD,EURAUD","EURAUD,NZDCAD,NZDUSD",EURNZD,EURNZD-06-N1R049E08,ENTRY
2026-06-25 01:30:00+00:00,2026-06-25 02:00:00+00:00,EURNZD,NZDUSD,EURNZD,EURNZD-06-N1R049E08,ENTRY
2026-06-25 05:30:00+00:00,2026-06-25 06:00:00+00:00,"AUDCHF,EURNZD,EURAUD","EURNZD,NZDUSD",AUDCHF,AUDCHF-06-N1R087E05,ENTRY
2026-06-25 09:30:00+00:00,2026-06-25 10:00:00+00:00,"EURNZD,EURAUD","AUDCHF,EURNZD,NZDUSD",EURAUD,EURAUD-06-N1R057E05,ENTRY
2026-06-25 11:30:00+00:00,2026-06-25 12:00:00+00:00,"NZDCAD,EURNZD,EURAUD","AUDCHF,EURAUD,EURNZD,NZDUSD",NZDCAD,NZDCAD-06-R16E5,ENTRY
2026-06-25 13:30:00+00:00,2026-06-25 14:00:00+00:00,"EURNZD,EURAUD","EURNZD,NZDCAD,NZDUSD",EURAUD,EURAUD-06-N1R057E05,ENTRY
2026-06-25 15:30:00+00:00,2026-06-25 16:00:00+00:00,EURNZD,"EURAUD,NZDCAD",EURNZD,EURNZD-06-N1R049E08,ENTRY
2026-06-26 01:30:00+00:00,2026-06-26 02:00:00+00:00,AUDCHF,"EURNZD,NZDCAD",AUDCHF,AUDCHF-06-N1R087E05,ENTRY
2026-06-26 05:30:00+00:00,2026-06-26 06:00:00+00:00,"GBPJPY,AUDCHF,CHFJPY,EURNZD","AUDCHF,NZDCAD",GBPJPY,GBPJPY-06-N1R001E04,ENTRY
2026-06-26 09:30:00+00:00,2026-06-26 10:00:00+00:00,"GBPJPY,AUDCHF,CHFJPY,EURNZD","AUDCHF,GBPJPY,NZDCAD",CHFJPY,CHFJPY-06-N1R001E08,ENTRY
2026-06-26 11:30:00+00:00,2026-06-26 12:00:00+00:00,"EURUSD,GBPJPY,CHFJPY,EURNZD","AUDCHF,CHFJPY,GBPJPY,NZDCAD",EURUSD,EURUSD-06-N1R028E07,ENTRY
2026-06-26 13:30:00+00:00,2026-06-26 14:00:00+00:00,"CHFJPY,EURNZD,EURJPY,EURAUD","AUDCHF,CHFJPY,GBPJPY",EURNZD,EURNZD-06-N1R049E08,ENTRY
2026-06-26 15:30:00+00:00,2026-06-26 16:00:00+00:00,"CHFJPY,EURNZD,EURAUD","AUDCHF,CHFJPY,EURNZD",EURAUD,EURAUD-06-N1R057E05,ENTRY
2026-06-29 01:30:00+00:00,2026-06-29 02:00:00+00:00,"NZDCAD,AUDCHF,CHFJPY,EURNZD",,NZDCAD,NZDCAD-06-R16E5,ENTRY
2026-06-29 05:30:00+00:00,2026-06-29 06:00:00+00:00,"GBPJPY,AUDCHF,CHFJPY,EURNZD",NZDCAD,GBPJPY,GBPJPY-06-N1R001E04,ENTRY
2026-06-29 09:30:00+00:00,2026-06-29 10:00:00+00:00,"EURUSD,AUDCHF,CHFJPY,EURNZD",GBPJPY,EURUSD,EURUSD-06-N1R028E07,ENTRY
2026-06-29 11:30:00+00:00,2026-06-29 12:00:00+00:00,"EURUSD,GBPJPY,AUDCHF,CHFJPY","EURUSD,GBPJPY",AUDCHF,AUDCHF-06-N1R087E05,ENTRY
2026-06-29 13:30:00+00:00,2026-06-29 14:00:00+00:00,"NZDCAD,GBPJPY,AUDCHF,EURJPY","AUDCHF,EURUSD",NZDCAD,NZDCAD-06-R16E5,ENTRY
2026-06-29 15:30:00+00:00,2026-06-29 16:00:00+00:00,"NZDCAD,EURUSD,GBPJPY,AUDCHF","AUDCHF,NZDCAD",EURUSD,EURUSD-06-N1R028E07,ENTRY
2026-06-30 01:30:00+00:00,2026-06-30 02:00:00+00:00,"AUDCHF,CHFJPY,EURNZD,AUDNZD",,AUDCHF,AUDCHF-06-N1R087E05,ENTRY
2026-06-30 05:30:00+00:00,2026-06-30 06:00:00+00:00,"AUDCHF,EURNZD,AUDNZD,EURAUD",AUDCHF,EURNZD,EURNZD-06-N1R049E08,ENTRY
2026-06-30 09:30:00+00:00,2026-06-30 10:00:00+00:00,"GBPJPY,CHFJPY,EURNZD,EURJPY",EURNZD,GBPJPY,GBPJPY-06-N1R001E04,ENTRY
2026-06-30 11:30:00+00:00,2026-06-30 12:00:00+00:00,"GBPJPY,CHFJPY,EURJPY,AUDNZD",GBPJPY,CHFJPY,CHFJPY-06-N1R001E08,ENTRY
2026-06-30 13:30:00+00:00,2026-06-30 14:00:00+00:00,"CHFJPY,EURJPY,AUDNZD,EURAUD",CHFJPY,EURJPY,EURJPY-06-N1R001E02,ENTRY
2026-06-30 15:30:00+00:00,2026-06-30 16:00:00+00:00,"GBPJPY,CHFJPY,EURJPY",,GBPJPY,GBPJPY-06-N1R001E04,ENTRY
2026-07-01 01:30:00+00:00,2026-07-01 02:00:00+00:00,"AUDNZD,AUDCAD,EURCAD",GBPJPY,AUDNZD,AUDNZD-07-N1R135E09,ENTRY
2026-07-01 05:30:00+00:00,2026-07-01 06:00:00+00:00,AUDJPY,GBPJPY,AUDJPY,AUDJPY-07-N1R002E06,ENTRY
2026-07-01 09:30:00+00:00,2026-07-01 10:00:00+00:00,NZDCAD,,NZDCAD,NZDCAD-07-N1R025E10,ENTRY
2026-07-01 11:30:00+00:00,2026-07-01 12:00:00+00:00,"NZDCAD,EURGBP",NZDCAD,EURGBP,EURGBP-07-N1R120E10,ENTRY
2026-07-01 13:30:00+00:00,2026-07-01 14:00:00+00:00,"EURGBP,EURAUD","EURGBP,NZDCAD",EURAUD,EURAUD-07-N1R091E08,ENTRY
2026-07-01 15:30:00+00:00,2026-07-01 16:00:00+00:00,"EURGBP,EURAUD",EURAUD,EURGBP,EURGBP-07-N1R120E10,ENTRY
2026-07-02 01:30:00+00:00,2026-07-02 02:00:00+00:00,"AUDNZD,EURGBP","EURAUD,EURGBP",AUDNZD,AUDNZD-07-N1R135E09,ENTRY
2026-07-02 05:30:00+00:00,2026-07-02 06:00:00+00:00,"NZDCAD,EURGBP",AUDNZD,NZDCAD,NZDCAD-07-N1R025E10,ENTRY
2026-07-02 09:30:00+00:00,2026-07-02 10:00:00+00:00,"USDJPY,USDCHF,EURJPY,EURGBP",NZDCAD,USDJPY,USDJPY-07-R16E8,ENTRY
2026-07-02 11:30:00+00:00,2026-07-02 12:00:00+00:00,"EURNZD,USDCHF,EURJPY,EURGBP","NZDCAD,USDJPY",EURNZD,EURNZD-07-R13E2,ENTRY
2026-07-02 13:30:00+00:00,2026-07-02 14:00:00+00:00,"USDJPY,EURNZD,USDCHF,EURJPY",USDJPY,EURNZD,EURNZD-07-R13E2,ENTRY
2026-07-02 15:30:00+00:00,2026-07-02 16:00:00+00:00,"AUDUSD,USDCHF,NZDCAD,EURJPY","EURNZD,USDJPY",AUDUSD,AUDUSD-07-N1R054E05,ENTRY
2026-07-03 01:30:00+00:00,2026-07-03 02:00:00+00:00,"USDJPY,USDCHF","AUDUSD,EURNZD,USDJPY",USDCHF,USDCHF-07-N1R131E12,ENTRY
2026-07-03 05:30:00+00:00,2026-07-03 06:00:00+00:00,"AUDUSD,USDCHF,NZDCAD,EURCAD","AUDUSD,EURNZD,USDCHF,USDJPY",NZDCAD,NZDCAD-07-N1R025E10,ENTRY
2026-07-03 09:30:00+00:00,2026-07-03 10:00:00+00:00,"USDCHF,NZDCAD,AUDCAD,EURCAD","AUDUSD,NZDCAD,USDCHF,USDJPY",AUDCAD,AUDCAD-07-N1R041E11,ENTRY
2026-07-03 11:30:00+00:00,2026-07-03 12:00:00+00:00,"GBPJPY,AUDUSD,USDCHF,NZDCAD","AUDCAD,AUDUSD,NZDCAD,USDCHF",GBPJPY,GBPJPY-07-R56E8,ENTRY
2026-07-03 13:30:00+00:00,2026-07-03 14:00:00+00:00,"EURNZD,USDCHF,AUDCAD,EURUSD","AUDCAD,AUDUSD,GBPJPY,NZDCAD,USDCHF",EURNZD,EURNZD-07-R13E2,ENTRY
2026-07-03 15:30:00+00:00,2026-07-03 16:00:00+00:00,"EURNZD,USDCHF,AUDCAD","AUDCAD,AUDUSD,EURNZD,GBPJPY,NZDCAD,USDCHF",,,TOP_FOUR_HELD
2026-07-06 01:30:00+00:00,2026-07-06 02:00:00+00:00,"EURNZD,AUDUSD,AUDJPY,AUDCAD",,EURNZD,EURNZD-07-R13E2,ENTRY
2026-07-06 05:30:00+00:00,2026-07-06 06:00:00+00:00,AUDJPY,EURNZD,AUDJPY,AUDJPY-07-N1R002E06,ENTRY
2026-07-06 09:30:00+00:00,2026-07-06 10:00:00+00:00,"AUDJPY,EURCAD,EURAUD",EURNZD,AUDJPY,AUDJPY-07-N1R002E06,ENTRY
2026-07-06 11:30:00+00:00,2026-07-06 12:00:00+00:00,"AUDJPY,NZDCAD,EURAUD","AUDJPY,EURNZD",NZDCAD,NZDCAD-07-N1R025E10,ENTRY
2026-07-06 13:30:00+00:00,2026-07-06 14:00:00+00:00,"NZDUSD,AUDCAD,EURCAD,EURGBP","AUDJPY,NZDCAD",NZDUSD,NZDUSD-07-N1R087E08,ENTRY
2026-07-06 15:30:00+00:00,2026-07-06 16:00:00+00:00,"NZDUSD,AUDJPY,AUDCAD,EURGBP","NZDCAD,NZDUSD",AUDJPY,AUDJPY-07-N1R002E06,ENTRY
2026-07-07 01:30:00+00:00,2026-07-07 02:00:00+00:00,"USDCAD,AUDCAD,EURCHF,EURGBP",,USDCAD,USDCAD-07-N1R065E06,ENTRY
2026-07-07 05:30:00+00:00,2026-07-07 06:00:00+00:00,"USDCAD,EURCHF,EURGBP",USDCAD,EURCHF,EURCHF-07-N1R050E12,ENTRY
2026-07-07 09:30:00+00:00,2026-07-07 10:00:00+00:00,"EURCHF,EURGBP",EURCHF,EURGBP,EURGBP-07-N1R120E10,ENTRY
2026-07-07 11:30:00+00:00,2026-07-07 12:00:00+00:00,"NZDUSD,EURCAD,EURCHF,EURGBP","EURCHF,EURGBP",NZDUSD,NZDUSD-07-N1R087E08,ENTRY
2026-07-07 13:30:00+00:00,2026-07-07 14:00:00+00:00,"AUDUSD,NZDUSD,EURCAD,EURUSD","EURCHF,EURGBP,NZDUSD",AUDUSD,AUDUSD-07-N1R054E05,ENTRY
2026-07-07 15:30:00+00:00,2026-07-07 16:00:00+00:00,,"AUDUSD,EURCHF,NZDUSD",,,NO_TRIGGER
2026-07-08 01:30:00+00:00,2026-07-08 02:00:00+00:00,NZDUSD,EURCHF,NZDUSD,NZDUSD-07-N1R087E08,ENTRY
2026-07-08 05:30:00+00:00,2026-07-08 06:00:00+00:00,"AUDJPY,EURAUD",EURCHF,AUDJPY,AUDJPY-07-N1R002E06,ENTRY
2026-07-08 09:30:00+00:00,2026-07-08 10:00:00+00:00,EURNZD,,EURNZD,EURNZD-07-R13E2,ENTRY
2026-07-08 11:30:00+00:00,2026-07-08 12:00:00+00:00,GBPUSD,EURNZD,GBPUSD,GBPUSD-07-N1R071E08,ENTRY
2026-07-08 13:30:00+00:00,2026-07-08 14:00:00+00:00,GBPUSD,"EURNZD,GBPUSD",,,TOP_FOUR_HELD
2026-07-08 15:30:00+00:00,2026-07-08 16:00:00+00:00,"EURNZD,EURCHF",EURNZD,EURCHF,EURCHF-07-N1R050E12,ENTRY
2026-07-09 01:30:00+00:00,2026-07-09 02:00:00+00:00,AUDNZD,EURCHF,AUDNZD,AUDNZD-07-N1R135E09,ENTRY
2026-07-09 05:30:00+00:00,2026-07-09 06:00:00+00:00,"NZDCAD,EURGBP",EURCHF,NZDCAD,NZDCAD-07-N1R025E10,ENTRY
2026-07-09 09:30:00+00:00,2026-07-09 10:00:00+00:00,"NZDCAD,EURGBP",EURCHF,NZDCAD,NZDCAD-07-N1R025E10,ENTRY
2026-07-09 11:30:00+00:00,2026-07-09 12:00:00+00:00,"NZDCAD,EURGBP","EURCHF,NZDCAD",EURGBP,EURGBP-07-N1R120E10,ENTRY
2026-07-09 13:30:00+00:00,2026-07-09 14:00:00+00:00,NZDCAD,"EURCHF,EURGBP,NZDCAD",,,TOP_FOUR_HELD
2026-07-09 15:30:00+00:00,2026-07-09 16:00:00+00:00,"NZDCAD,EURUSD","EURCHF,EURGBP",NZDCAD,NZDCAD-07-N1R025E10,ENTRY
2026-07-10 01:30:00+00:00,2026-07-10 02:00:00+00:00,"NZDCAD,EURUSD",NZDCAD,EURUSD,EURUSD-07-N1R005E12,ENTRY
2026-07-10 05:30:00+00:00,2026-07-10 06:00:00+00:00,"USDCHF,NZDCAD,EURAUD",EURUSD,USDCHF,USDCHF-07-N1R131E12,ENTRY
2026-07-10 09:30:00+00:00,2026-07-10 10:00:00+00:00,"USDCHF,EURJPY,AUDCAD","EURUSD,USDCHF",EURJPY,EURJPY-07-N1R115E03,ENTRY
2026-07-10 11:30:00+00:00,2026-07-10 12:00:00+00:00,"USDCHF,EURJPY,EURGBP","EURJPY,EURUSD,USDCHF",EURGBP,EURGBP-07-N1R120E10,ENTRY
2026-07-10 13:30:00+00:00,2026-07-10 14:00:00+00:00,"USDCHF,EURJPY,EURGBP,EURAUD","EURGBP,EURJPY,EURUSD,USDCHF",EURAUD,EURAUD-07-N1R091E08,ENTRY
2026-07-10 15:30:00+00:00,2026-07-10 16:00:00+00:00,"EURNZD,CHFJPY,USDCHF,EURGBP","EURAUD,EURGBP,EURJPY,EURUSD,USDCHF",EURNZD,EURNZD-07-R13E2,ENTRY
2026-07-13 01:30:00+00:00,2026-07-13 02:00:00+00:00,"EURNZD,AUDNZD,EURJPY",,EURNZD,EURNZD-07-R13E2,ENTRY
2026-07-13 05:30:00+00:00,2026-07-13 06:00:00+00:00,"USDJPY,EURNZD,NZDCAD,EURCHF",,USDJPY,USDJPY-07-R16E8,ENTRY
2026-07-13 09:30:00+00:00,2026-07-13 10:00:00+00:00,"GBPJPY,EURCHF",USDJPY,GBPJPY,GBPJPY-07-R56E8,ENTRY
2026-07-13 11:30:00+00:00,2026-07-13 12:00:00+00:00,"NZDCAD,GBPUSD,EURCHF","GBPJPY,USDJPY",NZDCAD,NZDCAD-07-N1R025E10,ENTRY
2026-07-13 13:30:00+00:00,2026-07-13 14:00:00+00:00,"NZDCAD,EURCHF","GBPJPY,NZDCAD,USDJPY",EURCHF,EURCHF-07-N1R050E12,ENTRY
2026-07-13 15:30:00+00:00,2026-07-13 16:00:00+00:00,"GBPUSD,EURCHF,EURAUD","EURCHF,GBPJPY,NZDCAD,USDJPY",GBPUSD,GBPUSD-07-N1R071E08,ENTRY
2026-07-14 01:30:00+00:00,2026-07-14 02:00:00+00:00,"AUDNZD,NZDCAD,EURJPY,EURCHF","EURCHF,GBPJPY",AUDNZD,AUDNZD-07-N1R135E09,ENTRY
2026-07-14 05:30:00+00:00,2026-07-14 06:00:00+00:00,"GBPJPY,NZDCAD,EURCHF,EURAUD","EURCHF,GBPJPY",NZDCAD,NZDCAD-07-N1R025E10,ENTRY
2026-07-14 09:30:00+00:00,2026-07-14 10:00:00+00:00,"EURCHF,EURAUD","EURCHF,GBPJPY",EURAUD,EURAUD-07-N1R091E08,ENTRY
2026-07-14 11:30:00+00:00,2026-07-14 12:00:00+00:00,EURAUD,"EURAUD,EURCHF",,,TOP_FOUR_HELD
2026-07-14 13:30:00+00:00,2026-07-14 14:00:00+00:00,EURAUD,,EURAUD,EURAUD-07-N1R091E08,ENTRY
2026-07-14 15:30:00+00:00,2026-07-14 16:00:00+00:00,"AUDUSD,AUDJPY,NZDCAD,EURCHF",EURAUD,AUDUSD,AUDUSD-07-N1R054E05,ENTRY
2026-07-15 01:30:00+00:00,2026-07-15 02:00:00+00:00,"AUDNZD,AUDUSD,AUDJPY,EURUSD","AUDUSD,EURAUD",AUDNZD,AUDNZD-07-N1R135E09,ENTRY
2026-07-15 05:30:00+00:00,2026-07-15 06:00:00+00:00,"EURNZD,AUDUSD,AUDJPY,EURAUD",AUDUSD,EURNZD,EURNZD-07-R13E2,ENTRY
2026-07-15 09:30:00+00:00,2026-07-15 10:00:00+00:00,"AUDNZD,AUDUSD,USDCHF,AUDJPY",AUDUSD,AUDNZD,AUDNZD-07-N1R135E09,ENTRY
2026-07-15 11:30:00+00:00,2026-07-15 12:00:00+00:00,"AUDNZD,AUDUSD,USDCHF,AUDJPY","AUDNZD,AUDUSD",USDCHF,USDCHF-07-N1R131E12,ENTRY
2026-07-15 13:30:00+00:00,2026-07-15 14:00:00+00:00,"AUDNZD,AUDUSD,USDCHF,AUDJPY","AUDNZD,AUDUSD,USDCHF",AUDJPY,AUDJPY-07-N1R002E06,ENTRY
2026-07-15 15:30:00+00:00,2026-07-15 16:00:00+00:00,"AUDJPY,NZDCAD,AUDCAD,EURUSD","AUDJPY,AUDUSD,USDCHF",NZDCAD,NZDCAD-07-N1R025E10,ENTRY
2026-07-16 01:30:00+00:00,2026-07-16 02:00:00+00:00,"EURNZD,USDCHF,AUDCAD,EURUSD",,EURNZD,EURNZD-07-R13E2,ENTRY
2026-07-16 05:30:00+00:00,2026-07-16 06:00:00+00:00,"USDCHF,EURGBP",,USDCHF,USDCHF-07-N1R131E12,ENTRY
2026-07-16 09:30:00+00:00,2026-07-16 10:00:00+00:00,"USDCHF,NZDCAD,EURGBP",USDCHF,NZDCAD,NZDCAD-07-N1R025E10,ENTRY
2026-07-16 11:30:00+00:00,2026-07-16 12:00:00+00:00,"USDCHF,EURGBP,EURAUD","NZDCAD,USDCHF",EURGBP,EURGBP-07-N1R120E10,ENTRY
2026-07-16 13:30:00+00:00,2026-07-16 14:00:00+00:00,"USDCHF,EURAUD","EURGBP,USDCHF",EURAUD,EURAUD-07-N1R091E08,ENTRY
2026-07-16 15:30:00+00:00,2026-07-16 16:00:00+00:00,"USDCHF,EURAUD","EURAUD,EURGBP,USDCHF",,,TOP_FOUR_HELD
2026-07-17 01:30:00+00:00,2026-07-17 02:00:00+00:00,"AUDNZD,EURUSD,EURCHF","EURAUD,USDCHF",AUDNZD,AUDNZD-07-N1R135E09,ENTRY
2026-07-17 05:30:00+00:00,2026-07-17 06:00:00+00:00,EURNZD,"AUDNZD,USDCHF",EURNZD,EURNZD-07-R13E2,ENTRY
2026-07-17 09:30:00+00:00,2026-07-17 10:00:00+00:00,EURNZD,,EURNZD,EURNZD-07-R13E2,ENTRY
2026-07-17 11:30:00+00:00,2026-07-17 12:00:00+00:00,GBPUSD,,GBPUSD,GBPUSD-07-N1R071E08,ENTRY
2026-07-17 13:30:00+00:00,2026-07-17 14:00:00+00:00,"EURNZD,GBPUSD",GBPUSD,EURNZD,EURNZD-07-R13E2,ENTRY
2026-07-17 15:30:00+00:00,2026-07-17 16:00:00+00:00,,"EURNZD,GBPUSD",,,NO_TRIGGER
2026-07-20 01:30:00+00:00,2026-07-20 02:00:00+00:00,AUDNZD,,AUDNZD,AUDNZD-07-N1R135E09,ENTRY
2026-07-20 05:30:00+00:00,2026-07-20 06:00:00+00:00,AUDNZD,,AUDNZD,AUDNZD-07-N1R135E09,ENTRY
2026-07-20 09:30:00+00:00,2026-07-20 10:00:00+00:00,"AUDUSD,AUDJPY,EURAUD",,AUDUSD,AUDUSD-07-N1R054E05,ENTRY
2026-07-20 11:30:00+00:00,2026-07-20 12:00:00+00:00,"AUDUSD,AUDJPY,NZDCAD,EURGBP",AUDUSD,AUDJPY,AUDJPY-07-N1R002E06,ENTRY
2026-07-20 13:30:00+00:00,2026-07-20 14:00:00+00:00,"AUDNZD,AUDUSD,AUDJPY,NZDCAD","AUDJPY,AUDUSD",AUDNZD,AUDNZD-07-N1R135E09,ENTRY
2026-07-20 15:30:00+00:00,2026-07-20 16:00:00+00:00,"AUDNZD,AUDJPY,NZDCAD,EURJPY","AUDNZD,AUDUSD",AUDJPY,AUDJPY-07-N1R002E06,ENTRY
2026-07-21 01:30:00+00:00,2026-07-21 02:00:00+00:00,"AUDJPY,NZDCAD,AUDCAD",AUDUSD,AUDJPY,AUDJPY-07-N1R002E06,ENTRY
2026-07-21 05:30:00+00:00,2026-07-21 06:00:00+00:00,"NZDCAD,AUDCAD,EURCHF,EURAUD","AUDJPY,AUDUSD",NZDCAD,NZDCAD-07-N1R025E10,ENTRY
2026-07-21 09:30:00+00:00,2026-07-21 10:00:00+00:00,"AUDUSD,AUDJPY,GBPUSD,AUDCAD","AUDUSD,NZDCAD",AUDJPY,AUDJPY-07-N1R002E06,ENTRY
2026-07-21 11:30:00+00:00,2026-07-21 12:00:00+00:00,"EURNZD,AUDJPY,GBPUSD,AUDCAD",AUDJPY,EURNZD,EURNZD-07-R13E2,ENTRY
2026-07-21 13:30:00+00:00,2026-07-21 14:00:00+00:00,"EURNZD,USDCAD,GBPUSD,AUDCAD",EURNZD,USDCAD,USDCAD-07-N1R065E06,ENTRY
2026-07-21 15:30:00+00:00,2026-07-21 16:00:00+00:00,"GBPJPY,EURNZD,USDCAD,GBPUSD",,GBPJPY,GBPJPY-07-R56E8,ENTRY
2026-07-22 01:30:00+00:00,2026-07-22 02:00:00+00:00,"NZDUSD,AUDJPY,AUDCAD,EURCHF",GBPJPY,NZDUSD,NZDUSD-07-N1R087E08,ENTRY
2026-07-22 05:30:00+00:00,2026-07-22 06:00:00+00:00,"GBPUSD,EURCHF","GBPJPY,NZDUSD",GBPUSD,GBPUSD-07-N1R071E08,ENTRY
2026-07-22 09:30:00+00:00,2026-07-22 10:00:00+00:00,NZDUSD,"GBPJPY,GBPUSD,NZDUSD",,,TOP_FOUR_HELD
2026-07-22 11:30:00+00:00,2026-07-22 12:00:00+00:00,"GBPJPY,NZDUSD,USDCAD,GBPUSD","GBPJPY,GBPUSD,NZDUSD",USDCAD,USDCAD-07-N1R065E06,ENTRY
2026-07-22 13:30:00+00:00,2026-07-22 14:00:00+00:00,"NZDUSD,GBPUSD,EURCHF",GBPJPY,NZDUSD,NZDUSD-07-N1R087E08,ENTRY
2026-07-22 15:30:00+00:00,2026-07-22 16:00:00+00:00,"NZDUSD,USDCAD,EURCAD,EURCHF","GBPJPY,NZDUSD",USDCAD,USDCAD-07-N1R065E06,ENTRY
2026-07-23 01:30:00+00:00,2026-07-23 02:00:00+00:00,"NZDUSD,AUDJPY,USDCAD,EURCAD",NZDUSD,AUDJPY,AUDJPY-07-N1R002E06,ENTRY
2026-07-23 05:30:00+00:00,2026-07-23 06:00:00+00:00,"USDCAD,EURCAD,EURCHF",,USDCAD,USDCAD-07-N1R065E06,ENTRY
2026-07-23 09:30:00+00:00,2026-07-23 10:00:00+00:00,"NZDUSD,GBPUSD,EURCHF",,NZDUSD,NZDUSD-07-N1R087E08,ENTRY
2026-07-23 11:30:00+00:00,2026-07-23 12:00:00+00:00,"NZDUSD,GBPUSD,EURCHF",NZDUSD,GBPUSD,GBPUSD-07-N1R071E08,ENTRY
2026-07-23 13:30:00+00:00,2026-07-23 14:00:00+00:00,"NZDUSD,GBPUSD,EURCHF",GBPUSD,NZDUSD,NZDUSD-07-N1R087E08,ENTRY
2026-07-23 15:30:00+00:00,2026-07-23 16:00:00+00:00,"NZDUSD,GBPUSD",NZDUSD,GBPUSD,GBPUSD-07-N1R071E08,ENTRY
2026-07-24 01:30:00+00:00,2026-07-24 02:00:00+00:00,,"GBPUSD,NZDUSD",,,NO_TRIGGER
2026-07-24 05:30:00+00:00,2026-07-24 06:00:00+00:00,GBPUSD,,GBPUSD,GBPUSD-07-N1R071E08,ENTRY
2026-07-24 09:30:00+00:00,2026-07-24 10:00:00+00:00,,,,,NO_TRIGGER
2026-07-24 11:30:00+00:00,2026-07-24 12:00:00+00:00,"GBPUSD,EURAUD",,GBPUSD,GBPUSD-07-N1R071E08,ENTRY
2026-07-24 13:30:00+00:00,2026-07-24 14:00:00+00:00,"USDCAD,GBPUSD,EURAUD",GBPUSD,USDCAD,USDCAD-07-N1R065E06,ENTRY
2026-07-24 15:30:00+00:00,2026-07-24 16:00:00+00:00,"NZDUSD,EURCHF",GBPUSD,NZDUSD,NZDUSD-07-N1R087E08,ENTRY
2026-07-27 01:30:00+00:00,2026-07-27 02:00:00+00:00,,,,,NO_TRIGGER
2026-07-27 05:30:00+00:00,2026-07-27 06:00:00+00:00,"NZDUSD,GBPUSD,AUDCAD",,NZDUSD,NZDUSD-07-N1R087E08,ENTRY
2026-07-27 09:30:00+00:00,2026-07-27 10:00:00+00:00,"NZDCAD,USDCAD,GBPUSD,AUDCAD",NZDUSD,NZDCAD,NZDCAD-07-N1R025E10,ENTRY
2026-07-27 11:30:00+00:00,2026-07-27 12:00:00+00:00,"NZDCAD,GBPUSD,AUDCAD,EURAUD","NZDCAD,NZDUSD",GBPUSD,GBPUSD-07-N1R071E08,ENTRY
2026-07-27 13:30:00+00:00,2026-07-27 14:00:00+00:00,"GBPUSD,AUDCAD,EURAUD","GBPUSD,NZDUSD",AUDCAD,AUDCAD-07-N1R041E11,ENTRY
2026-07-27 15:30:00+00:00,2026-07-27 16:00:00+00:00,"GBPUSD,AUDCAD,EURAUD","AUDCAD,GBPUSD",EURAUD,EURAUD-07-N1R091E08,ENTRY
2026-07-28 01:30:00+00:00,2026-07-28 02:00:00+00:00,NZDUSD,"AUDCAD,EURAUD",NZDUSD,NZDUSD-07-N1R087E08,ENTRY
2026-07-28 05:30:00+00:00,2026-07-28 06:00:00+00:00,NZDUSD,NZDUSD,,,TOP_FOUR_HELD
2026-07-28 09:30:00+00:00,2026-07-28 10:00:00+00:00,EURCHF,NZDUSD,EURCHF,EURCHF-07-N1R050E12,ENTRY
2026-07-28 11:30:00+00:00,2026-07-28 12:00:00+00:00,"USDCAD,GBPUSD,EURCHF","EURCHF,NZDUSD",USDCAD,USDCAD-07-N1R065E06,ENTRY
2026-07-28 13:30:00+00:00,2026-07-28 14:00:00+00:00,"NZDUSD,USDCAD,EURCHF","EURCHF,NZDUSD",USDCAD,USDCAD-07-N1R065E06,ENTRY
2026-07-28 15:30:00+00:00,2026-07-28 16:00:00+00:00,USDCAD,"EURCHF,USDCAD",,,TOP_FOUR_HELD
2026-07-29 01:30:00+00:00,2026-07-29 02:00:00+00:00,"NZDUSD,EURCHF",EURCHF,NZDUSD,NZDUSD-07-N1R087E08,ENTRY
2026-07-29 05:30:00+00:00,2026-07-29 06:00:00+00:00,"NZDUSD,EURUSD","EURCHF,NZDUSD",EURUSD,EURUSD-07-N1R005E12,ENTRY
2026-07-29 09:30:00+00:00,2026-07-29 10:00:00+00:00,EURCAD,"EURCHF,EURUSD",EURCAD,EURCAD-07-N1R067E08,ENTRY
2026-07-29 11:30:00+00:00,2026-07-29 12:00:00+00:00,GBPUSD,"EURCAD,EURUSD",GBPUSD,GBPUSD-07-N1R071E08,ENTRY
2026-07-29 13:30:00+00:00,2026-07-29 14:00:00+00:00,"NZDUSD,GBPUSD","EURUSD,GBPUSD",NZDUSD,NZDUSD-07-N1R087E08,ENTRY
2026-07-29 15:30:00+00:00,2026-07-29 16:00:00+00:00,"NZDUSD,EURUSD","EURUSD,NZDUSD",,,TOP_FOUR_HELD
2026-07-30 01:30:00+00:00,2026-07-30 02:00:00+00:00,,,,,NO_TRIGGER
2026-07-30 05:30:00+00:00,2026-07-30 06:00:00+00:00,USDCHF,,USDCHF,USDCHF-07-N1R131E12,ENTRY
2026-07-30 09:30:00+00:00,2026-07-30 10:00:00+00:00,"USDJPY,USDCHF",USDCHF,USDJPY,USDJPY-07-R16E8,ENTRY
2026-07-30 11:30:00+00:00,2026-07-30 12:00:00+00:00,"USDJPY,USDCHF,NZDCAD,EURCAD","USDCHF,USDJPY",NZDCAD,NZDCAD-07-N1R025E10,ENTRY
2026-07-30 13:30:00+00:00,2026-07-30 14:00:00+00:00,"USDCHF,NZDCAD,EURUSD","NZDCAD,USDCHF,USDJPY",EURUSD,EURUSD-07-N1R005E12,ENTRY
2026-07-30 15:30:00+00:00,2026-07-30 16:00:00+00:00,"USDJPY,CHFJPY,AUDUSD,USDCHF",EURUSD,USDJPY,USDJPY-07-R16E8,ENTRY
2026-07-31 01:30:00+00:00,2026-07-31 02:00:00+00:00,"AUDUSD,USDCHF,EURJPY,AUDCAD",EURUSD,AUDUSD,AUDUSD-07-N1R054E05,ENTRY
2026-07-31 05:30:00+00:00,2026-07-31 06:00:00+00:00,"GBPJPY,AUDNZD,AUDUSD,USDCHF","AUDUSD,EURUSD",GBPJPY,GBPJPY-07-R56E8,ENTRY
2026-07-31 09:30:00+00:00,2026-07-31 10:00:00+00:00,"USDJPY,CHFJPY,AUDNZD,AUDUSD","AUDUSD,EURUSD",USDJPY,USDJPY-07-R16E8,ENTRY
2026-07-31 11:30:00+00:00,2026-07-31 12:00:00+00:00,"AUDNZD,AUDUSD,USDCHF,NZDCAD","AUDUSD,EURUSD,USDJPY",AUDNZD,AUDNZD-07-N1R135E09,ENTRY
2026-07-31 13:30:00+00:00,2026-07-31 14:00:00+00:00,"EURNZD,AUDNZD,USDCHF,AUDCAD","AUDNZD,AUDUSD,EURUSD,USDJPY",EURNZD,EURNZD-07-R13E2,ENTRY
2026-07-31 15:30:00+00:00,2026-07-31 16:00:00+00:00,"AUDNZD,EURJPY,EURGBP",EURNZD,AUDNZD,AUDNZD-07-N1R135E09,ENTRY
2026-08-03 01:30:00+00:00,2026-08-03 02:00:00+00:00,,,,,NO_TRIGGER
2026-08-03 05:30:00+00:00,2026-08-03 06:00:00+00:00,EURCHF,,EURCHF,EURCHF-08-R41E7,ENTRY
2026-08-03 09:30:00+00:00,2026-08-03 10:00:00+00:00,"EURNZD,EURAUD",EURCHF,EURNZD,EURNZD-08-N1R135E11,ENTRY
2026-08-03 11:30:00+00:00,2026-08-03 12:00:00+00:00,"EURNZD,CHFJPY,EURAUD","EURCHF,EURNZD",CHFJPY,CHFJPY-08-N1R118E01,ENTRY
2026-08-03 13:30:00+00:00,2026-08-03 14:00:00+00:00,"EURNZD,EURAUD","CHFJPY,EURCHF,EURNZD",EURAUD,EURAUD-08-N1R050E06,ENTRY
2026-08-03 15:30:00+00:00,2026-08-03 16:00:00+00:00,"EURNZD,EURAUD","EURCHF,EURNZD",EURAUD,EURAUD-08-N1R050E06,ENTRY
2026-08-04 01:30:00+00:00,2026-08-04 02:00:00+00:00,,EURCHF,,,NO_TRIGGER
2026-08-04 05:30:00+00:00,2026-08-04 06:00:00+00:00,"AUDCAD,EURCHF",EURCHF,AUDCAD,AUDCAD-08-N1R035E05,ENTRY
2026-08-04 09:30:00+00:00,2026-08-04 10:00:00+00:00,"EURNZD,AUDCAD,EURCHF",AUDCAD,EURNZD,EURNZD-08-N1R135E11,ENTRY
2026-08-04 11:30:00+00:00,2026-08-04 12:00:00+00:00,"EURNZD,EURCAD,AUDCAD,EURCHF","AUDCAD,EURNZD",EURCAD,EURCAD-08-R58E8,ENTRY
2026-08-04 13:30:00+00:00,2026-08-04 14:00:00+00:00,"EURCAD,AUDCAD,NZDUSD,AUDUSD",EURCAD,AUDCAD,AUDCAD-08-N1R035E05,ENTRY
2026-08-04 15:30:00+00:00,2026-08-04 16:00:00+00:00,"AUDCAD,EURCHF,NZDUSD,AUDCHF","AUDCAD,EURCAD",EURCHF,EURCHF-08-R41E7,ENTRY
2026-08-05 01:30:00+00:00,2026-08-05 02:00:00+00:00,EURCHF,"AUDCAD,EURCAD,EURCHF",,,TOP_FOUR_HELD
2026-08-05 05:30:00+00:00,2026-08-05 06:00:00+00:00,"EURCHF,USDCHF","AUDCAD,EURCAD,EURCHF",USDCHF,USDCHF-08-N1R121E08,ENTRY
2026-08-05 09:30:00+00:00,2026-08-05 10:00:00+00:00,"EURCHF,AUDCHF","AUDCAD,EURCAD,EURCHF",AUDCHF,AUDCHF-08-N1R001E12,ENTRY
2026-08-05 11:30:00+00:00,2026-08-05 12:00:00+00:00,EURCHF,"AUDCAD,AUDCHF,EURCAD,EURCHF",,,TOP_FOUR_HELD
2026-08-05 13:30:00+00:00,2026-08-05 14:00:00+00:00,"EURCHF,AUDCHF","AUDCAD,AUDCHF,EURCHF",,,TOP_FOUR_HELD
2026-08-05 15:30:00+00:00,2026-08-05 16:00:00+00:00,,"AUDCHF,EURCHF",,,NO_TRIGGER
2026-08-06 01:30:00+00:00,2026-08-06 02:00:00+00:00,USDCAD,AUDCHF,USDCAD,USDCAD-08-N1R123E11,ENTRY
2026-08-06 05:30:00+00:00,2026-08-06 06:00:00+00:00,USDCAD,"AUDCHF,USDCAD",,,TOP_FOUR_HELD
2026-08-06 09:30:00+00:00,2026-08-06 10:00:00+00:00,"AUDCHF,USDCAD","AUDCHF,USDCAD",,,TOP_FOUR_HELD
2026-08-06 11:30:00+00:00,2026-08-06 12:00:00+00:00,"AUDCHF,USDCHF,USDCAD",USDCAD,AUDCHF,AUDCHF-08-N1R001E12,ENTRY
2026-08-06 13:30:00+00:00,2026-08-06 14:00:00+00:00,"EURCHF,AUDCHF,USDCAD","AUDCHF,USDCAD",EURCHF,EURCHF-08-R41E7,ENTRY
2026-08-06 15:30:00+00:00,2026-08-06 16:00:00+00:00,"EURJPY,USDCAD","AUDCHF,EURCHF,USDCAD",EURJPY,EURJPY-08-N1R019E08,ENTRY
2026-08-07 01:30:00+00:00,2026-08-07 02:00:00+00:00,AUDCHF,"AUDCHF,EURJPY",,,TOP_FOUR_HELD
2026-08-07 05:30:00+00:00,2026-08-07 06:00:00+00:00,EURGBP,AUDCHF,EURGBP,EURGBP-08-N1R090E12,ENTRY
2026-08-07 09:30:00+00:00,2026-08-07 10:00:00+00:00,AUDJPY,"AUDCHF,EURGBP",AUDJPY,AUDJPY-08-N1R029E11,ENTRY
2026-08-07 11:30:00+00:00,2026-08-07 12:00:00+00:00,"EURCHF,AUDJPY","AUDCHF,AUDJPY,EURGBP",EURCHF,EURCHF-08-R41E7,ENTRY
2026-08-07 13:30:00+00:00,2026-08-07 14:00:00+00:00,AUDCHF,"EURCHF,EURGBP",AUDCHF,AUDCHF-08-N1R001E12,ENTRY
2026-08-07 15:30:00+00:00,2026-08-07 16:00:00+00:00,"GBPJPY,AUDUSD,AUDCHF,USDCAD","AUDCHF,EURCHF,EURGBP",GBPJPY,GBPJPY-08-N1R069E03,ENTRY
2026-08-10 01:30:00+00:00,2026-08-10 02:00:00+00:00,"EURCHF,USDCAD",,EURCHF,EURCHF-08-R41E7,ENTRY
2026-08-10 05:30:00+00:00,2026-08-10 06:00:00+00:00,"EURGBP,AUDCHF,EURJPY,USDCHF",EURCHF,EURGBP,EURGBP-08-N1R090E12,ENTRY
2026-08-10 09:30:00+00:00,2026-08-10 10:00:00+00:00,"EURNZD,NZDUSD,EURGBP,EURJPY",EURGBP,EURNZD,EURNZD-08-N1R135E11,ENTRY
2026-08-10 11:30:00+00:00,2026-08-10 12:00:00+00:00,"NZDUSD,EURGBP,AUDCHF,EURJPY","EURGBP,EURNZD",NZDUSD,NZDUSD-08-N1R032E03,ENTRY
2026-08-10 13:30:00+00:00,2026-08-10 14:00:00+00:00,"EURGBP,EURJPY,USDCAD,AUDJPY","EURGBP,EURNZD,NZDUSD",EURJPY,EURJPY-08-N1R019E08,ENTRY
2026-08-10 15:30:00+00:00,2026-08-10 16:00:00+00:00,"EURGBP,AUDCHF,EURJPY,USDCAD","EURGBP,EURJPY",AUDCHF,AUDCHF-08-N1R001E12,ENTRY
2026-08-11 01:30:00+00:00,2026-08-11 02:00:00+00:00,"EURNZD,EURCHF,USDCAD","AUDCHF,EURGBP,EURJPY",EURNZD,EURNZD-08-N1R135E11,ENTRY
2026-08-11 05:30:00+00:00,2026-08-11 06:00:00+00:00,"EURNZD,EURCHF,EURGBP,USDCAD","EURGBP,EURNZD",EURCHF,EURCHF-08-R41E7,ENTRY
2026-08-11 09:30:00+00:00,2026-08-11 10:00:00+00:00,"EURCHF,EURGBP,AUDCHF,USDCAD",EURCHF,EURGBP,EURGBP-08-N1R090E12,ENTRY
2026-08-11 11:30:00+00:00,2026-08-11 12:00:00+00:00,"EURCHF,AUDCHF,USDCAD","EURCHF,EURGBP",AUDCHF,AUDCHF-08-N1R001E12,ENTRY
2026-08-11 13:30:00+00:00,2026-08-11 14:00:00+00:00,"AUDCHF,USDCAD","AUDCHF,EURCHF,EURGBP",USDCAD,USDCAD-08-N1R123E11,ENTRY
2026-08-11 15:30:00+00:00,2026-08-11 16:00:00+00:00,"AUDCHF,USDCAD","AUDCHF,EURCHF,EURGBP,USDCAD",,,TOP_FOUR_HELD
2026-08-12 01:30:00+00:00,2026-08-12 02:00:00+00:00,"AUDNZD,AUDCHF,USDCAD","AUDCHF,EURCHF,EURGBP,USDCAD",AUDNZD,AUDNZD-08-N1R012E06,ENTRY
2026-08-12 05:30:00+00:00,2026-08-12 06:00:00+00:00,"AUDNZD,EURGBP,AUDCHF,USDCAD","AUDCHF,AUDNZD,EURCHF,EURGBP,USDCAD",,,TOP_FOUR_HELD
2026-08-12 09:30:00+00:00,2026-08-12 10:00:00+00:00,"EURCHF,AUDNZD,NZDCAD,EURGBP","AUDCHF,EURGBP,USDCAD",EURCHF,EURCHF-08-R41E7,ENTRY
2026-08-12 11:30:00+00:00,2026-08-12 12:00:00+00:00,"EURCHF,EURGBP,AUDCHF,USDCAD","AUDCHF,EURCHF,USDCAD",EURGBP,EURGBP-08-N1R090E12,ENTRY
2026-08-12 13:30:00+00:00,2026-08-12 14:00:00+00:00,"AUDUSD,EURGBP,USDCAD","EURCHF,EURGBP,USDCAD",AUDUSD,AUDUSD-08-N1R011E04,ENTRY
2026-08-12 15:30:00+00:00,2026-08-12 16:00:00+00:00,"EURCHF,AUDCHF,USDCAD","EURCHF,EURGBP",AUDCHF,AUDCHF-08-N1R001E12,ENTRY
2026-08-13 01:30:00+00:00,2026-08-13 02:00:00+00:00,EURCHF,"AUDCHF,EURCHF,EURGBP",,,TOP_FOUR_HELD
2026-08-13 05:30:00+00:00,2026-08-13 06:00:00+00:00,"EURCHF,AUDNZD,NZDCAD,CHFJPY","AUDCHF,EURCHF,EURGBP",AUDNZD,AUDNZD-08-N1R012E06,ENTRY
2026-08-13 09:30:00+00:00,2026-08-13 10:00:00+00:00,"GBPJPY,EURCHF","AUDCHF,EURCHF,EURGBP",GBPJPY,GBPJPY-08-N1R069E03,ENTRY
2026-08-13 11:30:00+00:00,2026-08-13 12:00:00+00:00,"GBPJPY,EURCHF,AUDCHF","AUDCHF,EURGBP,GBPJPY",EURCHF,EURCHF-08-R41E7,ENTRY
2026-08-13 13:30:00+00:00,2026-08-13 14:00:00+00:00,"GBPJPY,AUDCHF","AUDCHF,EURCHF,GBPJPY",,,TOP_FOUR_HELD
2026-08-13 15:30:00+00:00,2026-08-13 16:00:00+00:00,"EURCHF,AUDCHF","AUDCHF,EURCHF,GBPJPY",,,TOP_FOUR_HELD
2026-08-14 01:30:00+00:00,2026-08-14 02:00:00+00:00,"GBPUSD,CHFJPY,AUDCHF,USDCAD",EURCHF,GBPUSD,GBPUSD-08-R45E3,ENTRY
2026-08-14 05:30:00+00:00,2026-08-14 06:00:00+00:00,"GBPUSD,EURCHF,CHFJPY,AUDCHF","EURCHF,GBPUSD",CHFJPY,CHFJPY-08-N1R118E01,ENTRY
2026-08-14 09:30:00+00:00,2026-08-14 10:00:00+00:00,"EURUSD,GBPJPY,EURCHF,AUDCHF",,EURUSD,EURUSD-08-R60E7,ENTRY
2026-08-14 11:30:00+00:00,2026-08-14 12:00:00+00:00,"NZDUSD,USDCAD",EURUSD,NZDUSD,NZDUSD-08-N1R032E03,ENTRY
2026-08-14 13:30:00+00:00,2026-08-14 14:00:00+00:00,"NZDUSD,AUDUSD,USDCAD","EURUSD,NZDUSD",AUDUSD,AUDUSD-08-N1R011E04,ENTRY
2026-08-14 15:30:00+00:00,2026-08-14 16:00:00+00:00,"NZDUSD,AUDUSD,AUDCHF,USDCAD",AUDUSD,NZDUSD,NZDUSD-08-N1R032E03,ENTRY
2026-08-17 01:30:00+00:00,2026-08-17 02:00:00+00:00,"EURNZD,EURCHF,USDCAD",,EURNZD,EURNZD-08-N1R135E11,ENTRY
2026-08-17 05:30:00+00:00,2026-08-17 06:00:00+00:00,"NZDUSD,AUDCHF,USDCAD",EURNZD,NZDUSD,NZDUSD-08-N1R032E03,ENTRY
2026-08-17 09:30:00+00:00,2026-08-17 10:00:00+00:00,"AUDCAD,NZDUSD,USDCHF,USDCAD","EURNZD,NZDUSD",AUDCAD,AUDCAD-08-N1R035E05,ENTRY
2026-08-17 11:30:00+00:00,2026-08-17 12:00:00+00:00,"AUDCAD,AUDUSD,AUDCHF,USDCAD",AUDCAD,AUDUSD,AUDUSD-08-N1R011E04,ENTRY
2026-08-17 13:30:00+00:00,2026-08-17 14:00:00+00:00,"EURJPY,USDCAD,AUDJPY","AUDCAD,AUDUSD",EURJPY,EURJPY-08-N1R019E08,ENTRY
2026-08-17 15:30:00+00:00,2026-08-17 16:00:00+00:00,"EURJPY,USDCAD",EURJPY,USDCAD,USDCAD-08-N1R123E11,ENTRY
2026-08-18 01:30:00+00:00,2026-08-18 02:00:00+00:00,"EURNZD,AUDCHF","EURJPY,USDCAD",EURNZD,EURNZD-08-N1R135E11,ENTRY
2026-08-18 05:30:00+00:00,2026-08-18 06:00:00+00:00,"EURCHF,AUDNZD,USDJPY",USDCAD,EURCHF,EURCHF-08-R41E7,ENTRY
2026-08-18 09:30:00+00:00,2026-08-18 10:00:00+00:00,AUDCHF,"EURCHF,USDCAD",AUDCHF,AUDCHF-08-N1R001E12,ENTRY
2026-08-18 11:30:00+00:00,2026-08-18 12:00:00+00:00,"EURCHF,AUDCHF,EURJPY,AUDJPY","AUDCHF,EURCHF,USDCAD",EURJPY,EURJPY-08-N1R019E08,ENTRY
2026-08-18 13:30:00+00:00,2026-08-18 14:00:00+00:00,"AUDCHF,AUDJPY","AUDCHF,EURCHF,EURJPY,USDCAD",AUDJPY,AUDJPY-08-N1R029E11,ENTRY
2026-08-18 15:30:00+00:00,2026-08-18 16:00:00+00:00,,"AUDCHF,EURCHF,EURJPY,USDCAD",,,NO_TRIGGER
2026-08-19 01:30:00+00:00,2026-08-19 02:00:00+00:00,"EURCHF,EURAUD","AUDCHF,EURCHF",EURAUD,EURAUD-08-N1R050E06,ENTRY
2026-08-19 05:30:00+00:00,2026-08-19 06:00:00+00:00,"GBPJPY,EURAUD",EURCHF,GBPJPY,GBPJPY-08-N1R069E03,ENTRY
2026-08-19 09:30:00+00:00,2026-08-19 10:00:00+00:00,EURAUD,GBPJPY,EURAUD,EURAUD-08-N1R050E06,ENTRY
2026-08-19 11:30:00+00:00,2026-08-19 12:00:00+00:00,"EURAUD,USDCHF","EURAUD,GBPJPY",USDCHF,USDCHF-08-N1R121E08,ENTRY
2026-08-19 13:30:00+00:00,2026-08-19 14:00:00+00:00,"EURUSD,EURAUD,USDCHF",EURAUD,EURUSD,EURUSD-08-R60E7,ENTRY
2026-08-19 15:30:00+00:00,2026-08-19 16:00:00+00:00,"EURUSD,EURAUD,USDCHF,USDCAD",EURUSD,EURAUD,EURAUD-08-N1R050E06,ENTRY
2026-08-20 01:30:00+00:00,2026-08-20 02:00:00+00:00,"EURAUD,USDCHF,USDCAD",EURUSD,EURAUD,EURAUD-08-N1R050E06,ENTRY
2026-08-20 05:30:00+00:00,2026-08-20 06:00:00+00:00,USDCAD,"EURAUD,EURUSD",USDCAD,USDCAD-08-N1R123E11,ENTRY
2026-08-20 09:30:00+00:00,2026-08-20 10:00:00+00:00,"EURAUD,EURJPY,USDCAD",USDCAD,EURAUD,EURAUD-08-N1R050E06,ENTRY
2026-08-20 11:30:00+00:00,2026-08-20 12:00:00+00:00,"EURJPY,USDCAD",EURAUD,EURJPY,EURJPY-08-N1R019E08,ENTRY
2026-08-20 13:30:00+00:00,2026-08-20 14:00:00+00:00,"EURCAD,EURAUD,EURJPY,USDCAD","EURAUD,EURJPY",EURCAD,EURCAD-08-R58E8,ENTRY
2026-08-20 15:30:00+00:00,2026-08-20 16:00:00+00:00,"EURNZD,EURCAD,EURJPY,USDCAD","EURCAD,EURJPY",EURNZD,EURNZD-08-N1R135E11,ENTRY
2026-08-21 01:30:00+00:00,2026-08-21 02:00:00+00:00,"EURNZD,USDCAD",EURCAD,EURNZD,EURNZD-08-N1R135E11,ENTRY
2026-08-21 05:30:00+00:00,2026-08-21 06:00:00+00:00,"NZDUSD,AUDUSD,USDCAD,AUDJPY","EURCAD,EURNZD",NZDUSD,NZDUSD-08-N1R032E03,ENTRY
2026-08-21 09:30:00+00:00,2026-08-21 10:00:00+00:00,"AUDUSD,USDCAD","EURCAD,EURNZD,NZDUSD",AUDUSD,AUDUSD-08-N1R011E04,ENTRY
2026-08-21 11:30:00+00:00,2026-08-21 12:00:00+00:00,USDCAD,"AUDUSD,EURNZD,NZDUSD",USDCAD,USDCAD-08-N1R123E11,ENTRY
2026-08-21 13:30:00+00:00,2026-08-21 14:00:00+00:00,"GBPJPY,AUDUSD,AUDCHF,USDCAD","AUDUSD,USDCAD",GBPJPY,GBPJPY-08-N1R069E03,ENTRY
2026-08-21 15:30:00+00:00,2026-08-21 16:00:00+00:00,"GBPJPY,AUDCAD,AUDCHF,USDCAD","AUDUSD,GBPJPY",AUDCAD,AUDCAD-08-N1R035E05,ENTRY
2026-08-24 01:30:00+00:00,2026-08-24 02:00:00+00:00,"AUDCAD,USDCAD",,AUDCAD,AUDCAD-08-N1R035E05,ENTRY
2026-08-24 05:30:00+00:00,2026-08-24 06:00:00+00:00,EURNZD,AUDCAD,EURNZD,EURNZD-08-N1R135E11,ENTRY
2026-08-24 09:30:00+00:00,2026-08-24 10:00:00+00:00,"EURNZD,AUDCAD,AUDCHF,USDJPY","AUDCAD,EURNZD",AUDCHF,AUDCHF-08-N1R001E12,ENTRY
2026-08-24 11:30:00+00:00,2026-08-24 12:00:00+00:00,"EURNZD,EURGBP,AUDCHF","AUDCAD,AUDCHF,EURNZD",EURGBP,EURGBP-08-N1R090E12,ENTRY
2026-08-24 13:30:00+00:00,2026-08-24 14:00:00+00:00,"EURCHF,EURGBP,AUDCHF","AUDCAD,AUDCHF,EURGBP,EURNZD",EURCHF,EURCHF-08-R41E7,ENTRY
2026-08-24 15:30:00+00:00,2026-08-24 16:00:00+00:00,"EURNZD,EURGBP","AUDCAD,AUDCHF,EURCHF,EURGBP",EURNZD,EURNZD-08-N1R135E11,ENTRY
2026-08-25 01:30:00+00:00,2026-08-25 02:00:00+00:00,"EURNZD,GBPJPY,EURGBP,AUDCHF","AUDCAD,AUDCHF,EURCHF,EURGBP,EURNZD",GBPJPY,GBPJPY-08-N1R069E03,ENTRY
2026-08-25 05:30:00+00:00,2026-08-25 06:00:00+00:00,"EURGBP,AUDCHF,AUDJPY","AUDCHF,EURCHF,EURGBP,EURNZD,GBPJPY",AUDJPY,AUDJPY-08-N1R029E11,ENTRY
2026-08-25 09:30:00+00:00,2026-08-25 10:00:00+00:00,"EURGBP,EURJPY","AUDCHF,AUDJPY,EURCHF,EURGBP,EURNZD",EURJPY,EURJPY-08-N1R019E08,ENTRY
2026-08-25 11:30:00+00:00,2026-08-25 12:00:00+00:00,"EURNZD,AUDCAD,EURGBP","AUDJPY,EURCHF,EURGBP,EURJPY,EURNZD",AUDCAD,AUDCAD-08-N1R035E05,ENTRY
2026-08-25 13:30:00+00:00,2026-08-25 14:00:00+00:00,"EURNZD,AUDCHF","AUDCAD,AUDJPY,EURCHF,EURJPY",EURNZD,EURNZD-08-N1R135E11,ENTRY
2026-08-25 15:30:00+00:00,2026-08-25 16:00:00+00:00,"EURCHF,NZDUSD,AUDCHF","AUDJPY,EURJPY,EURNZD",EURCHF,EURCHF-08-R41E7,ENTRY
2026-08-26 01:30:00+00:00,2026-08-26 02:00:00+00:00,AUDCHF,"AUDJPY,EURCHF",AUDCHF,AUDCHF-08-N1R001E12,ENTRY
2026-08-26 05:30:00+00:00,2026-08-26 06:00:00+00:00,"AUDCAD,EURCHF,EURGBP,AUDCHF","AUDCHF,AUDJPY,EURCHF",AUDCAD,AUDCAD-08-N1R035E05,ENTRY
2026-08-26 09:30:00+00:00,2026-08-26 10:00:00+00:00,"AUDCAD,EURCHF,CHFJPY","AUDCAD,AUDCHF,EURCHF",CHFJPY,CHFJPY-08-N1R118E01,ENTRY
2026-08-26 11:30:00+00:00,2026-08-26 12:00:00+00:00,"AUDCAD,EURCHF,AUDCHF","AUDCAD,AUDCHF,CHFJPY,EURCHF",,,TOP_FOUR_HELD
2026-08-26 13:30:00+00:00,2026-08-26 14:00:00+00:00,"AUDCAD,AUDCHF","AUDCAD,AUDCHF,EURCHF",,,TOP_FOUR_HELD
2026-08-26 15:30:00+00:00,2026-08-26 16:00:00+00:00,"EURCAD,AUDCHF","AUDCAD,AUDCHF,EURCHF",EURCAD,EURCAD-08-R58E8,ENTRY
2026-08-27 01:30:00+00:00,2026-08-27 02:00:00+00:00,AUDCHF,"AUDCAD,AUDCHF,EURCAD",,,TOP_FOUR_HELD
2026-08-27 05:30:00+00:00,2026-08-27 06:00:00+00:00,"AUDCAD,AUDCHF,AUDJPY","AUDCAD,EURCAD",AUDCHF,AUDCHF-08-N1R001E12,ENTRY
2026-08-27 09:30:00+00:00,2026-08-27 10:00:00+00:00,AUDNZD,"AUDCHF,EURCAD",AUDNZD,AUDNZD-08-N1R012E06,ENTRY
2026-08-27 11:30:00+00:00,2026-08-27 12:00:00+00:00,"EURCHF,USDJPY","AUDCHF,AUDNZD,EURCAD",EURCHF,EURCHF-08-R41E7,ENTRY
2026-08-27 13:30:00+00:00,2026-08-27 14:00:00+00:00,AUDCHF,"AUDCHF,AUDNZD,EURCAD,EURCHF",,,TOP_FOUR_HELD
2026-08-27 15:30:00+00:00,2026-08-27 16:00:00+00:00,"GBPUSD,EURCHF,AUDJPY","AUDCHF,AUDNZD,EURCAD,EURCHF",GBPUSD,GBPUSD-08-R45E3,ENTRY
2026-08-28 01:30:00+00:00,2026-08-28 02:00:00+00:00,"GBPUSD,AUDCHF","AUDCHF,EURCHF,GBPUSD",,,TOP_FOUR_HELD
2026-08-28 05:30:00+00:00,2026-08-28 06:00:00+00:00,"GBPUSD,AUDCHF,AUDJPY","AUDCHF,EURCHF,GBPUSD",AUDJPY,AUDJPY-08-N1R029E11,ENTRY
2026-08-28 09:30:00+00:00,2026-08-28 10:00:00+00:00,"GBPUSD,USDCAD,USDJPY","AUDJPY,GBPUSD",USDCAD,USDCAD-08-N1R123E11,ENTRY
2026-08-28 11:30:00+00:00,2026-08-28 12:00:00+00:00,"GBPUSD,AUDNZD,USDCAD,USDJPY","AUDJPY,GBPUSD,USDCAD",AUDNZD,AUDNZD-08-N1R012E06,ENTRY
2026-08-28 13:30:00+00:00,2026-08-28 14:00:00+00:00,"GBPUSD,AUDNZD,USDCAD,AUDJPY","AUDJPY,AUDNZD,USDCAD",GBPUSD,GBPUSD-08-R45E3,ENTRY
2026-08-28 15:30:00+00:00,2026-08-28 16:00:00+00:00,"EURNZD,GBPUSD,AUDCHF",AUDJPY,EURNZD,EURNZD-08-N1R135E11,ENTRY
2026-08-31 01:30:00+00:00,2026-08-31 02:00:00+00:00,,,,,NO_TRIGGER
2026-08-31 05:30:00+00:00,2026-08-31 06:00:00+00:00,"GBPUSD,AUDCHF",,GBPUSD,GBPUSD-08-R45E3,ENTRY
2026-08-31 09:30:00+00:00,2026-08-31 10:00:00+00:00,GBPUSD,GBPUSD,,,TOP_FOUR_HELD
2026-08-31 11:30:00+00:00,2026-08-31 12:00:00+00:00,AUDCHF,GBPUSD,AUDCHF,AUDCHF-08-N1R001E12,ENTRY
2026-08-31 13:30:00+00:00,2026-08-31 14:00:00+00:00,EURCHF,"AUDCHF,GBPUSD",EURCHF,EURCHF-08-R41E7,ENTRY
2026-08-31 15:30:00+00:00,2026-08-31 16:00:00+00:00,"GBPUSD,EURCHF,AUDCHF","AUDCHF,EURCHF",GBPUSD,GBPUSD-08-R45E3,ENTRY
2026-09-01 01:30:00+00:00,2026-09-01 02:00:00+00:00,,"AUDCHF,EURCHF,GBPUSD",,,NO_TRIGGER
2026-09-01 05:30:00+00:00,2026-09-01 06:00:00+00:00,"AUDJPY,AUDNZD,GBPUSD","AUDCHF,EURCHF,GBPUSD",AUDJPY,AUDJPY-09-N1R075E04,ENTRY
2026-09-01 09:30:00+00:00,2026-09-01 10:00:00+00:00,"EURCAD,AUDJPY,GBPJPY,GBPUSD","AUDCHF,EURCHF,GBPUSD",EURCAD,EURCAD-09-N1R096E06,ENTRY
2026-09-01 11:30:00+00:00,2026-09-01 12:00:00+00:00,"EURCAD,NZDUSD,GBPUSD","AUDCHF,EURCAD,EURCHF,GBPUSD",NZDUSD,NZDUSD-09-N1R132E12,ENTRY
2026-09-01 13:30:00+00:00,2026-09-01 14:00:00+00:00,"EURAUD,EURNZD,EURGBP,GBPUSD","EURCHF,GBPUSD,NZDUSD",EURAUD,EURAUD-09-R07E6,ENTRY
2026-09-01 15:30:00+00:00,2026-09-01 16:00:00+00:00,"EURAUD,GBPUSD","EURAUD,NZDUSD",GBPUSD,GBPUSD-09-N1R087E08,ENTRY
2026-09-02 01:30:00+00:00,2026-09-02 02:00:00+00:00,NZDUSD,"GBPUSD,NZDUSD",,,TOP_FOUR_HELD
2026-09-02 05:30:00+00:00,2026-09-02 06:00:00+00:00,"NZDCAD,AUDJPY,AUDNZD,NZDUSD",,NZDCAD,NZDCAD-09-N1R140E07,ENTRY
2026-09-02 09:30:00+00:00,2026-09-02 10:00:00+00:00,"AUDJPY,AUDNZD,NZDUSD",,AUDJPY,AUDJPY-09-N1R075E04,ENTRY
2026-09-02 11:30:00+00:00,2026-09-02 12:00:00+00:00,"AUDJPY,EURJPY,AUDNZD,NZDUSD",AUDJPY,EURJPY,EURJPY-09-N1R132E12,ENTRY
2026-09-02 13:30:00+00:00,2026-09-02 14:00:00+00:00,"USDCAD,EURJPY,NZDUSD,EURGBP",EURJPY,USDCAD,USDCAD-09-R55E7,ENTRY
2026-09-02 15:30:00+00:00,2026-09-02 16:00:00+00:00,"USDJPY,EURCAD,AUDJPY,EURJPY",USDCAD,USDJPY,USDJPY-09-R60E8,ENTRY
2026-09-03 01:30:00+00:00,2026-09-03 02:00:00+00:00,"USDJPY,EURNZD,EURJPY,GBPUSD",USDJPY,EURNZD,EURNZD-09-R05E8,ENTRY
2026-09-03 05:30:00+00:00,2026-09-03 06:00:00+00:00,"USDJPY,EURNZD,EURCAD,AUDJPY",EURNZD,USDJPY,USDJPY-09-R60E8,ENTRY
2026-09-03 09:30:00+00:00,2026-09-03 10:00:00+00:00,"USDJPY,EURJPY,AUDUSD,GBPJPY",EURNZD,USDJPY,USDJPY-09-R60E8,ENTRY
2026-09-03 11:30:00+00:00,2026-09-03 12:00:00+00:00,"USDJPY,EURNZD,EURCAD,AUDJPY","EURNZD,USDJPY",EURCAD,EURCAD-09-N1R096E06,ENTRY
2026-09-03 13:30:00+00:00,2026-09-03 14:00:00+00:00,"EURNZD,EURCAD,AUDJPY,EURJPY",EURNZD,EURCAD,EURCAD-09-N1R096E06,ENTRY
2026-09-03 15:30:00+00:00,2026-09-03 16:00:00+00:00,"USDJPY,EURNZD,AUDJPY,EURJPY",EURNZD,USDJPY,USDJPY-09-R60E8,ENTRY
2026-09-04 01:30:00+00:00,2026-09-04 02:00:00+00:00,"USDJPY,AUDJPY,EURJPY,GBPJPY","EURNZD,USDJPY",AUDJPY,AUDJPY-09-N1R075E04,ENTRY
2026-09-04 05:30:00+00:00,2026-09-04 06:00:00+00:00,,USDJPY,,,NO_TRIGGER
2026-09-04 09:30:00+00:00,2026-09-04 10:00:00+00:00,NZDCAD,USDJPY,NZDCAD,NZDCAD-09-N1R140E07,ENTRY
2026-09-04 11:30:00+00:00,2026-09-04 12:00:00+00:00,GBPJPY,NZDCAD,GBPJPY,GBPJPY-09-N1R071E02,ENTRY
2026-09-04 13:30:00+00:00,2026-09-04 14:00:00+00:00,"AUDJPY,AUDNZD,AUDUSD,GBPJPY",,AUDJPY,AUDJPY-09-N1R075E04,ENTRY
2026-09-04 15:30:00+00:00,2026-09-04 16:00:00+00:00,"EURGBP,AUDUSD,GBPJPY",AUDJPY,EURGBP,EURGBP-09-R23E8,ENTRY
2026-09-07 01:30:00+00:00,2026-09-07 02:00:00+00:00,"USDJPY,GBPJPY",,USDJPY,USDJPY-09-R60E8,ENTRY
2026-09-07 05:30:00+00:00,2026-09-07 06:00:00+00:00,"AUDNZD,AUDUSD,GBPJPY,AUDCAD",USDJPY,AUDNZD,AUDNZD-09-R20E8,ENTRY
2026-09-07 09:30:00+00:00,2026-09-07 10:00:00+00:00,"AUDJPY,EURJPY,AUDNZD,AUDUSD",AUDNZD,AUDJPY,AUDJPY-09-N1R075E04,ENTRY
2026-09-07 11:30:00+00:00,2026-09-07 12:00:00+00:00,"USDJPY,AUDJPY,EURJPY,AUDNZD","AUDJPY,AUDNZD",USDJPY,USDJPY-09-R60E8,ENTRY
2026-09-07 13:30:00+00:00,2026-09-07 14:00:00+00:00,"USDJPY,AUDJPY,EURJPY,GBPJPY","AUDJPY,AUDNZD,USDJPY",EURJPY,EURJPY-09-N1R132E12,ENTRY
2026-09-07 15:30:00+00:00,2026-09-07 16:00:00+00:00,"USDJPY,EURJPY,GBPJPY","AUDJPY,AUDNZD,EURJPY,USDJPY",GBPJPY,GBPJPY-09-N1R071E02,ENTRY
2026-09-08 01:30:00+00:00,2026-09-08 02:00:00+00:00,"USDJPY,AUDJPY,EURJPY,GBPJPY",,USDJPY,USDJPY-09-R60E8,ENTRY
2026-09-08 05:30:00+00:00,2026-09-08 06:00:00+00:00,"USDJPY,EURCAD,EURJPY,AUDNZD",USDJPY,EURCAD,EURCAD-09-N1R096E06,ENTRY
2026-09-08 09:30:00+00:00,2026-09-08 10:00:00+00:00,"EURCAD,AUDNZD,NZDUSD",USDJPY,EURCAD,EURCAD-09-N1R096E06,ENTRY
2026-09-08 11:30:00+00:00,2026-09-08 12:00:00+00:00,"EURCAD,AUDNZD,NZDUSD,AUDUSD",USDJPY,EURCAD,EURCAD-09-N1R096E06,ENTRY
2026-09-08 13:30:00+00:00,2026-09-08 14:00:00+00:00,"USDJPY,AUDNZD,NZDUSD,AUDUSD",EURCAD,USDJPY,USDJPY-09-R60E8,ENTRY
2026-09-08 15:30:00+00:00,2026-09-08 16:00:00+00:00,"AUDUSD,GBPJPY",USDJPY,AUDUSD,AUDUSD-09-N1R065E11,ENTRY
2026-09-09 01:30:00+00:00,2026-09-09 02:00:00+00:00,"USDJPY,EURNZD,AUDJPY,AUDUSD","AUDUSD,USDJPY",EURNZD,EURNZD-09-R05E8,ENTRY
2026-09-09 05:30:00+00:00,2026-09-09 06:00:00+00:00,"USDJPY,GBPJPY","AUDUSD,EURNZD,USDJPY",GBPJPY,GBPJPY-09-N1R071E02,ENTRY
2026-09-09 09:30:00+00:00,2026-09-09 10:00:00+00:00,,"AUDUSD,EURNZD,USDJPY",,,NO_TRIGGER
2026-09-09 11:30:00+00:00,2026-09-09 12:00:00+00:00,,"AUDUSD,EURNZD,USDJPY",,,NO_TRIGGER
2026-09-09 13:30:00+00:00,2026-09-09 14:00:00+00:00,"USDJPY,AUDJPY,AUDUSD,GBPJPY","AUDUSD,EURNZD,USDJPY",AUDJPY,AUDJPY-09-N1R075E04,ENTRY
2026-09-09 15:30:00+00:00,2026-09-09 16:00:00+00:00,"USDJPY,AUDUSD","AUDJPY,AUDUSD,EURNZD",USDJPY,USDJPY-09-R60E8,ENTRY
2026-09-10 01:30:00+00:00,2026-09-10 02:00:00+00:00,"EURNZD,AUDUSD","AUDJPY,USDJPY",EURNZD,EURNZD-09-R05E8,ENTRY
2026-09-10 05:30:00+00:00,2026-09-10 06:00:00+00:00,"AUDJPY,EURGBP,AUDUSD,GBPJPY","AUDJPY,EURNZD,USDJPY",EURGBP,EURGBP-09-R23E8,ENTRY
2026-09-10 09:30:00+00:00,2026-09-10 10:00:00+00:00,"AUDJPY,GBPJPY","AUDJPY,EURGBP,EURNZD,USDJPY",GBPJPY,GBPJPY-09-N1R071E02,ENTRY
2026-09-10 11:30:00+00:00,2026-09-10 12:00:00+00:00,,"AUDJPY,EURGBP,EURNZD,USDJPY",,,NO_TRIGGER
2026-09-10 13:30:00+00:00,2026-09-10 14:00:00+00:00,"NZDCAD,AUDJPY,AUDCHF","AUDJPY,EURGBP",NZDCAD,NZDCAD-09-N1R140E07,ENTRY
2026-09-10 15:30:00+00:00,2026-09-10 16:00:00+00:00,"AUDJPY,AUDCHF,EURGBP,GBPJPY",EURGBP,AUDJPY,AUDJPY-09-N1R075E04,ENTRY
2026-09-11 01:30:00+00:00,2026-09-11 02:00:00+00:00,"EURNZD,NZDUSD,GBPUSD",EURGBP,EURNZD,EURNZD-09-R05E8,ENTRY
2026-09-11 05:30:00+00:00,2026-09-11 06:00:00+00:00,"EURAUD,EURNZD,GBPUSD","EURGBP,EURNZD",EURAUD,EURAUD-09-R07E6,ENTRY
2026-09-11 09:30:00+00:00,2026-09-11 10:00:00+00:00,"EURNZD,AUDCHF","EURAUD,EURNZD",AUDCHF,AUDCHF-09-N1R135E09,ENTRY
2026-09-11 11:30:00+00:00,2026-09-11 12:00:00+00:00,"EURAUD,AUDJPY,AUDCHF,GBPJPY","AUDCHF,EURNZD",EURAUD,EURAUD-09-R07E6,ENTRY
2026-09-11 13:30:00+00:00,2026-09-11 14:00:00+00:00,"EURAUD,GBPJPY,GBPUSD",EURNZD,EURAUD,EURAUD-09-R07E6,ENTRY
2026-09-11 15:30:00+00:00,2026-09-11 16:00:00+00:00,"EURUSD,AUDJPY,GBPJPY","EURAUD,EURNZD",EURUSD,EURUSD-09-R51E4,ENTRY
2026-09-14 01:30:00+00:00,2026-09-14 02:00:00+00:00,"AUDJPY,EURJPY,GBPJPY,GBPUSD",,AUDJPY,AUDJPY-09-N1R075E04,ENTRY
2026-09-14 05:30:00+00:00,2026-09-14 06:00:00+00:00,"EURAUD,EURJPY,AUDNZD,NZDUSD",,EURAUD,EURAUD-09-R07E6,ENTRY
2026-09-14 09:30:00+00:00,2026-09-14 10:00:00+00:00,"NZDUSD,GBPUSD",EURAUD,NZDUSD,NZDUSD-09-N1R132E12,ENTRY
2026-09-14 11:30:00+00:00,2026-09-14 12:00:00+00:00,"NZDUSD,GBPUSD","EURAUD,NZDUSD",GBPUSD,GBPUSD-09-N1R087E08,ENTRY
2026-09-14 13:30:00+00:00,2026-09-14 14:00:00+00:00,"NZDUSD,GBPUSD","EURAUD,GBPUSD,NZDUSD",,,TOP_FOUR_HELD
2026-09-14 15:30:00+00:00,2026-09-14 16:00:00+00:00,"NZDUSD,GBPUSD",NZDUSD,GBPUSD,GBPUSD-09-N1R087E08,ENTRY
2026-09-15 01:30:00+00:00,2026-09-15 02:00:00+00:00,"AUDCHF,GBPUSD","GBPUSD,NZDUSD",AUDCHF,AUDCHF-09-N1R135E09,ENTRY
2026-09-15 05:30:00+00:00,2026-09-15 06:00:00+00:00,"AUDJPY,AUDCHF,NZDUSD,GBPUSD","AUDCHF,NZDUSD",AUDJPY,AUDJPY-09-N1R075E04,ENTRY
2026-09-15 09:30:00+00:00,2026-09-15 10:00:00+00:00,"EURAUD,EURNZD,GBPUSD",NZDUSD,EURAUD,EURAUD-09-R07E6,ENTRY
2026-09-15 11:30:00+00:00,2026-09-15 12:00:00+00:00,GBPUSD,EURAUD,GBPUSD,GBPUSD-09-N1R087E08,ENTRY
2026-09-15 13:30:00+00:00,2026-09-15 14:00:00+00:00,,"EURAUD,GBPUSD",,,NO_TRIGGER
2026-09-15 15:30:00+00:00,2026-09-15 16:00:00+00:00,,"EURAUD,GBPUSD",,,NO_TRIGGER
2026-09-16 01:30:00+00:00,2026-09-16 02:00:00+00:00,"AUDNZD,NZDUSD,GBPUSD",,AUDNZD,AUDNZD-09-R20E8,ENTRY
2026-09-16 05:30:00+00:00,2026-09-16 06:00:00+00:00,AUDNZD,AUDNZD,,,TOP_FOUR_HELD
2026-09-16 09:30:00+00:00,2026-09-16 10:00:00+00:00,"EURAUD,EURNZD",AUDNZD,EURAUD,EURAUD-09-R07E6,ENTRY
2026-09-16 11:30:00+00:00,2026-09-16 12:00:00+00:00,"EURAUD,EURNZD,GBPUSD","AUDNZD,EURAUD",EURNZD,EURNZD-09-R05E8,ENTRY
2026-09-16 13:30:00+00:00,2026-09-16 14:00:00+00:00,"EURNZD,GBPUSD","AUDNZD,EURNZD",GBPUSD,GBPUSD-09-N1R087E08,ENTRY
2026-09-16 15:30:00+00:00,2026-09-16 16:00:00+00:00,"EURNZD,GBPUSD","AUDNZD,EURNZD,GBPUSD",,,TOP_FOUR_HELD
2026-09-17 01:30:00+00:00,2026-09-17 02:00:00+00:00,"AUDNZD,EURGBP,GBPUSD","AUDNZD,EURNZD",EURGBP,EURGBP-09-R23E8,ENTRY
2026-09-17 05:30:00+00:00,2026-09-17 06:00:00+00:00,"GBPUSD,AUDCAD","EURGBP,EURNZD",GBPUSD,GBPUSD-09-N1R087E08,ENTRY
2026-09-17 09:30:00+00:00,2026-09-17 10:00:00+00:00,,"EURGBP,EURNZD,GBPUSD",,,NO_TRIGGER
2026-09-17 11:30:00+00:00,2026-09-17 12:00:00+00:00,,"EURGBP,EURNZD,GBPUSD",,,NO_TRIGGER
2026-09-17 13:30:00+00:00,2026-09-17 14:00:00+00:00,"USDCAD,EURGBP,GBPJPY,GBPUSD",EURGBP,USDCAD,USDCAD-09-R55E7,ENTRY
2026-09-17 15:30:00+00:00,2026-09-17 16:00:00+00:00,"GBPJPY,GBPUSD","EURGBP,USDCAD",GBPJPY,GBPJPY-09-N1R071E02,ENTRY
2026-09-18 01:30:00+00:00,2026-09-18 02:00:00+00:00,"AUDNZD,AUDCAD","EURGBP,USDCAD",AUDNZD,AUDNZD-09-R20E8,ENTRY
2026-09-18 05:30:00+00:00,2026-09-18 06:00:00+00:00,"AUDNZD,AUDCAD","AUDNZD,USDCAD",AUDCAD,AUDCAD-09-N1R067E02,ENTRY
2026-09-18 09:30:00+00:00,2026-09-18 10:00:00+00:00,,"AUDNZD,USDCAD",,,NO_TRIGGER
2026-09-18 11:30:00+00:00,2026-09-18 12:00:00+00:00,"NZDUSD,GBPUSD","AUDNZD,USDCAD",NZDUSD,NZDUSD-09-N1R132E12,ENTRY
2026-09-18 13:30:00+00:00,2026-09-18 14:00:00+00:00,"NZDUSD,EURGBP,GBPUSD","AUDNZD,NZDUSD",EURGBP,EURGBP-09-R23E8,ENTRY
2026-09-18 15:30:00+00:00,2026-09-18 16:00:00+00:00,"NZDUSD,GBPUSD","AUDNZD,EURGBP,NZDUSD",GBPUSD,GBPUSD-09-N1R087E08,ENTRY
2026-09-21 01:30:00+00:00,2026-09-21 02:00:00+00:00,"EURUSD,EURGBP,GBPUSD,AUDCAD",,EURUSD,EURUSD-09-R51E4,ENTRY
2026-09-21 05:30:00+00:00,2026-09-21 06:00:00+00:00,"EURUSD,EURNZD,AUDNZD,GBPUSD",EURUSD,EURNZD,EURNZD-09-R05E8,ENTRY
2026-09-21 09:30:00+00:00,2026-09-21 10:00:00+00:00,"AUDNZD,AUDUSD,GBPUSD","EURNZD,EURUSD",AUDNZD,AUDNZD-09-R20E8,ENTRY
2026-09-21 11:30:00+00:00,2026-09-21 12:00:00+00:00,AUDNZD,"AUDNZD,EURNZD,EURUSD",,,TOP_FOUR_HELD
2026-09-21 13:30:00+00:00,2026-09-21 14:00:00+00:00,"USDCAD,USDCHF,AUDUSD,EURCHF","AUDNZD,EURNZD,EURUSD",USDCAD,USDCAD-09-R55E7,ENTRY
2026-09-21 15:30:00+00:00,2026-09-21 16:00:00+00:00,"USDCHF,EURCHF","AUDNZD,EURNZD,EURUSD,USDCAD",USDCHF,USDCHF-09-N1R102E09,ENTRY
2026-09-22 01:30:00+00:00,2026-09-22 02:00:00+00:00,AUDNZD,"AUDNZD,EURNZD,EURUSD,USDCAD",,,TOP_FOUR_HELD
2026-09-22 05:30:00+00:00,2026-09-22 06:00:00+00:00,"EURUSD,USDCAD,AUDCAD",,EURUSD,EURUSD-09-R51E4,ENTRY
2026-09-22 09:30:00+00:00,2026-09-22 10:00:00+00:00,"CHFJPY,GBPUSD",,CHFJPY,CHFJPY-09-R60E8,ENTRY
2026-09-22 11:30:00+00:00,2026-09-22 12:00:00+00:00,"EURUSD,AUDCHF,GBPUSD,AUDCAD",CHFJPY,EURUSD,EURUSD-09-R51E4,ENTRY
2026-09-22 13:30:00+00:00,2026-09-22 14:00:00+00:00,GBPUSD,"CHFJPY,EURUSD",GBPUSD,GBPUSD-09-N1R087E08,ENTRY
2026-09-22 15:30:00+00:00,2026-09-22 16:00:00+00:00,"GBPUSD,AUDCAD","CHFJPY,EURUSD,GBPUSD",AUDCAD,AUDCAD-09-N1R067E02,ENTRY
2026-09-23 01:30:00+00:00,2026-09-23 02:00:00+00:00,AUDCHF,"CHFJPY,EURUSD",AUDCHF,AUDCHF-09-N1R135E09,ENTRY
2026-09-23 05:30:00+00:00,2026-09-23 06:00:00+00:00,"AUDCHF,GBPUSD","AUDCHF,CHFJPY",GBPUSD,GBPUSD-09-N1R087E08,ENTRY
2026-09-23 09:30:00+00:00,2026-09-23 10:00:00+00:00,"NZDUSD,GBPUSD","CHFJPY,GBPUSD",NZDUSD,NZDUSD-09-N1R132E12,ENTRY
2026-09-23 11:30:00+00:00,2026-09-23 12:00:00+00:00,"NZDUSD,EURGBP,GBPJPY,GBPUSD",NZDUSD,EURGBP,EURGBP-09-R23E8,ENTRY
2026-09-23 13:30:00+00:00,2026-09-23 14:00:00+00:00,"AUDJPY,NZDUSD,GBPJPY,GBPUSD","EURGBP,NZDUSD",AUDJPY,AUDJPY-09-N1R075E04,ENTRY
2026-09-23 15:30:00+00:00,2026-09-23 16:00:00+00:00,"AUDJPY,NZDUSD,GBPUSD","AUDJPY,EURGBP,NZDUSD",GBPUSD,GBPUSD-09-N1R087E08,ENTRY
2026-09-24 01:30:00+00:00,2026-09-24 02:00:00+00:00,"CHFJPY,EURNZD,AUDJPY,NZDUSD","EURGBP,GBPUSD,NZDUSD",CHFJPY,CHFJPY-09-R60E8,ENTRY
2026-09-24 05:30:00+00:00,2026-09-24 06:00:00+00:00,"EURAUD,NZDUSD","CHFJPY,EURGBP,NZDUSD",EURAUD,EURAUD-09-R07E6,ENTRY
2026-09-24 09:30:00+00:00,2026-09-24 10:00:00+00:00,NZDUSD,"EURAUD,EURGBP,NZDUSD",,,TOP_FOUR_HELD
2026-09-24 11:30:00+00:00,2026-09-24 12:00:00+00:00,"AUDCHF,NZDUSD,GBPUSD","EURAUD,EURGBP",AUDCHF,AUDCHF-09-N1R135E09,ENTRY
2026-09-24 13:30:00+00:00,2026-09-24 14:00:00+00:00,"EURNZD,AUDCHF,GBPJPY,GBPUSD","AUDCHF,EURAUD",EURNZD,EURNZD-09-R05E8,ENTRY
2026-09-24 15:30:00+00:00,2026-09-24 16:00:00+00:00,"AUDCHF,EURGBP,GBPJPY,GBPUSD","AUDCHF,EURAUD,EURNZD",EURGBP,EURGBP-09-R23E8,ENTRY
2026-09-25 01:30:00+00:00,2026-09-25 02:00:00+00:00,"AUDJPY,GBPUSD","EURGBP,EURNZD",AUDJPY,AUDJPY-09-N1R075E04,ENTRY
2026-09-25 05:30:00+00:00,2026-09-25 06:00:00+00:00,"AUDJPY,GBPJPY,GBPUSD","AUDJPY,EURGBP,EURNZD",GBPJPY,GBPJPY-09-N1R071E02,ENTRY
2026-09-25 09:30:00+00:00,2026-09-25 10:00:00+00:00,"EURNZD,AUDCHF,EURGBP","AUDJPY,EURGBP,EURNZD",AUDCHF,AUDCHF-09-N1R135E09,ENTRY
2026-09-25 11:30:00+00:00,2026-09-25 12:00:00+00:00,"USDCAD,AUDJPY,GBPJPY","AUDCHF,EURGBP,EURNZD",USDCAD,USDCAD-09-R55E7,ENTRY
2026-09-25 13:30:00+00:00,2026-09-25 14:00:00+00:00,"USDCAD,AUDJPY,EURJPY,GBPJPY","AUDCHF,EURGBP,EURNZD,USDCAD",AUDJPY,AUDJPY-09-N1R075E04,ENTRY
2026-09-25 15:30:00+00:00,2026-09-25 16:00:00+00:00,"USDJPY,USDCAD,AUDJPY,EURJPY","AUDJPY,EURGBP,USDCAD",USDJPY,USDJPY-09-R60E8,ENTRY
2026-09-28 01:30:00+00:00,2026-09-28 02:00:00+00:00,"EURJPY,GBPUSD",,EURJPY,EURJPY-09-N1R132E12,ENTRY
2026-09-28 05:30:00+00:00,2026-09-28 06:00:00+00:00,"EURAUD,EURNZD",EURJPY,EURAUD,EURAUD-09-R07E6,ENTRY
2026-09-28 09:30:00+00:00,2026-09-28 10:00:00+00:00,"AUDJPY,EURJPY,GBPJPY",EURAUD,AUDJPY,AUDJPY-09-N1R075E04,ENTRY
2026-09-28 11:30:00+00:00,2026-09-28 12:00:00+00:00,"USDJPY,AUDJPY,EURJPY,GBPJPY","AUDJPY,EURAUD",USDJPY,USDJPY-09-R60E8,ENTRY
2026-09-28 13:30:00+00:00,2026-09-28 14:00:00+00:00,"EURAUD,EURJPY,AUDCAD",USDJPY,EURAUD,EURAUD-09-R07E6,ENTRY
2026-09-28 15:30:00+00:00,2026-09-28 16:00:00+00:00,,"EURAUD,USDJPY",,,NO_TRIGGER
2026-09-29 01:30:00+00:00,2026-09-29 02:00:00+00:00,"AUDJPY,EURJPY,GBPJPY",USDJPY,AUDJPY,AUDJPY-09-N1R075E04,ENTRY
2026-09-29 05:30:00+00:00,2026-09-29 06:00:00+00:00,"GBPJPY,GBPUSD,AUDCAD",USDJPY,GBPJPY,GBPJPY-09-N1R071E02,ENTRY
2026-09-29 09:30:00+00:00,2026-09-29 10:00:00+00:00,"EURAUD,GBPJPY,GBPUSD",USDJPY,EURAUD,EURAUD-09-R07E6,ENTRY
2026-09-29 11:30:00+00:00,2026-09-29 12:00:00+00:00,"EURAUD,GBPUSD","EURAUD,USDJPY",GBPUSD,GBPUSD-09-N1R087E08,ENTRY
2026-09-29 13:30:00+00:00,2026-09-29 14:00:00+00:00,"USDCAD,GBPJPY,GBPUSD",GBPUSD,USDCAD,USDCAD-09-R55E7,ENTRY
2026-09-29 15:30:00+00:00,2026-09-29 16:00:00+00:00,GBPUSD,USDCAD,GBPUSD,GBPUSD-09-N1R087E08,ENTRY
2026-09-30 01:30:00+00:00,2026-09-30 02:00:00+00:00,"EURUSD,AUDJPY,GBPJPY",USDCAD,EURUSD,EURUSD-09-R51E4,ENTRY
2026-09-30 05:30:00+00:00,2026-09-30 06:00:00+00:00,"EURAUD,GBPUSD","EURUSD,USDCAD",EURAUD,EURAUD-09-R07E6,ENTRY
2026-09-30 09:30:00+00:00,2026-09-30 10:00:00+00:00,USDCAD,"EURAUD,USDCAD",,,TOP_FOUR_HELD
2026-09-30 11:30:00+00:00,2026-09-30 12:00:00+00:00,USDCAD,"EURAUD,USDCAD",,,TOP_FOUR_HELD
2026-09-30 13:30:00+00:00,2026-09-30 14:00:00+00:00,"USDCAD,AUDJPY,GBPJPY",,USDCAD,USDCAD-09-R55E7,ENTRY
2026-09-30 15:30:00+00:00,2026-09-30 16:00:00+00:00,"AUDJPY,AUDCHF,GBPJPY",USDCAD,AUDJPY,AUDJPY-09-N1R075E04,ENTRY
2026-10-01 01:30:00+00:00,2026-10-01 02:00:00+00:00,,,,,NO_TRIGGER
2026-10-01 05:30:00+00:00,2026-10-01 06:00:00+00:00,"EURUSD,EURAUD",,EURUSD,EURUSD-10-R32E3,ENTRY
2026-10-01 09:30:00+00:00,2026-10-01 10:00:00+00:00,"GBPJPY,EURUSD,EURAUD,AUDCHF",,GBPJPY,GBPJPY-10-R53E3,ENTRY
2026-10-01 11:30:00+00:00,2026-10-01 12:00:00+00:00,"EURAUD,NZDUSD,USDCAD",GBPJPY,EURAUD,EURAUD-10-R05E8,ENTRY
2026-10-01 13:30:00+00:00,2026-10-01 14:00:00+00:00,NZDUSD,"EURAUD,GBPJPY",NZDUSD,NZDUSD-10-R37E7,ENTRY
2026-10-01 15:30:00+00:00,2026-10-01 16:00:00+00:00,"GBPJPY,NZDUSD,EURJPY,AUDNZD","EURAUD,NZDUSD",GBPJPY,GBPJPY-10-R53E3,ENTRY
2026-10-02 01:30:00+00:00,2026-10-02 02:00:00+00:00,"CHFJPY,EURUSD,NZDUSD,EURJPY",NZDUSD,CHFJPY,CHFJPY-10-R53E8,ENTRY
2026-10-02 05:30:00+00:00,2026-10-02 06:00:00+00:00,"NZDCAD,EURUSD,NZDUSD,AUDCHF",CHFJPY,NZDCAD,NZDCAD-10-R13E4,ENTRY
2026-10-02 09:30:00+00:00,2026-10-02 10:00:00+00:00,"NZDCAD,EURUSD,EURJPY,AUDCHF","CHFJPY,NZDCAD",EURUSD,EURUSD-10-R32E3,ENTRY
2026-10-02 11:30:00+00:00,2026-10-02 12:00:00+00:00,"EURUSD,NZDUSD,EURJPY,USDCAD","CHFJPY,NZDCAD",EURUSD,EURUSD-10-R32E3,ENTRY
2026-10-02 13:30:00+00:00,2026-10-02 14:00:00+00:00,"NZDCAD,EURJPY",,NZDCAD,NZDCAD-10-R13E4,ENTRY
2026-10-02 15:30:00+00:00,2026-10-02 16:00:00+00:00,"NZDUSD,EURJPY",NZDCAD,NZDUSD,NZDUSD-10-R37E7,ENTRY
