Symbol,Month,month_number,Equation_ID,Origin,Family,Pip_Check,Strict_Valid,Validation_Reason,Train_Trades,Train_Net,Validation_Trades,Validation_Net,Net_Pips,Max_DD,ROMAD,Pre_Trades,Reused_Test_Trades,Reused_Test_Net_Pips,Reused_Test_Max_DD,Reused_Test_ROMAD,Full_4Y_Net_Pips,Full_4Y_Max_DD,Full_4Y_ROMAD,Continuous_4Y_Net_Pips,Continuous_4Y_Max_DD,PF,EV,Reused_Test_PF,Reused_Test_EV,Censored,Historical_Validation_Positive_Thirds,Stress_Cost45_Net,Stress_Positive_Perturbations
AUDCAD,Jan,1,AUDCAD-01-R05E7,PRESERVED,pullback,YES,NO,REUSED TEST USED IN RESEARCH HISTORY; INSUFFICIENT TRADES (80/30/30),21,-72.37490000000093,9,187.50000000000017,115.12509999999924,-107.5000000000001,1.0709311627906897,30,13,10.400000000000151,-89.59999999999994,0.11607142857143034,125.52509999999941,-107.5000000000001,1.1676753488372027,125.52509999999941,-107.5000000000001,1.3446860313431206,3.837503333333308,1.0672703751617085,0.8000000000000116,0,3,-15.599999999999842,3
AUDCAD,Feb,2,AUDCAD-02-N1R032E11,REPLACEMENT,causal_haar_wavelet,YES,NO,REUSED TEST USED IN RESEARCH HISTORY; INSUFFICIENT TRADES (80/30/30),7,35.00020000000078,4,-10.000599999999686,24.999600000001085,-79.50039999999908,0.31445879517589065,11,4,44.30000000000046,-30.699999999999612,1.442996742671043,69.29960000000153,-79.50039999999908,0.871688695905962,69.29960000000153,-79.50039999999908,1.2631528532015288,2.2726909090910077,2.442996742671043,11.075000000000115,0,1,36.30000000000046,4
AUDCAD,Mar,3,AUDCAD-03-N1R002E02,REPLACEMENT,causal_haar_wavelet,YES,NO,REUSED TEST USED IN RESEARCH HISTORY; INSUFFICIENT TRADES (80/30/30),13,51.478219642856224,11,14.017842857143881,65.49606250000012,-40.52674821428542,1.616119362789467,24,10,22.119642857142985,-30.658928571428696,0.721474751004719,87.61570535714309,-40.52674821428542,2.1619229081463565,87.61570535714309,-40.52674821428542,1.592260587718336,2.7290026041666717,1.2915274182160528,2.2119642857142985,0,1,2.119642857142983,3
AUDCAD,Apr,4,AUDCAD-04-N1R017E08,REPLACEMENT,causal_haar_wavelet,YES,NO,REUSED TEST USED IN RESEARCH HISTORY; INSUFFICIENT TRADES (80/30/30),35,52.70744821428344,19,8.97702142856924,61.68446964285267,-135.53786250000059,0.4551087681706092,54,21,24.833928571428064,-104.84999999999937,0.2368519653927345,86.51839821428074,-207.08736250000078,0.41778695314775866,86.51839821428074,-207.08736250000078,1.1141675406969027,1.1423049933861604,1.1491863246762963,1.1825680272108603,0,1,-17.166071428571936,3
AUDCAD,May,5,AUDCAD-05-N1R019E11,REPLACEMENT,causal_haar_wavelet,YES,NO,REUSED TEST USED IN RESEARCH HISTORY; INSUFFICIENT TRADES (80/30/30),7,28.337600000001594,5,100.10010000000098,128.43770000000256,-37.9995999999988,3.3799750523691463,12,8,13.299999999999443,-64.50000000000065,0.20620155038758617,141.737700000002,-64.50000000000065,2.1974837209302414,141.737700000002,-64.50000000000065,2.6899764078016903,10.70314166666688,1.1382536382536328,1.6624999999999304,0,2,-2.700000000000557,3
AUDCAD,Jun,6,AUDCAD-06-R62E4,PRESERVED,cluster_motif,YES,NO,REUSED TEST USED IN RESEARCH HISTORY; INSUFFICIENT TRADES (80/30/30),7,36.98237857142989,2,93.51465000000003,130.49702857142992,-31.619499999999135,4.127106012790636,9,4,31.907142857142695,-23.271428571428885,1.3710865561694037,162.40417142857262,-31.619499999999135,5.136203021191893,162.40417142857262,-31.619499999999135,4.252675818519786,14.499669841269991,2.3710865561694034,7.976785714285674,0,1,23.907142857142695,4
AUDCAD,Jul,7,AUDCAD-07-N1R041E11,REPLACEMENT,causal_haar_wavelet,YES,NO,REUSED TEST USED IN RESEARCH HISTORY; INSUFFICIENT TRADES (80/30/30),27,3.7470000000076045,10,13.000000000002473,16.74700000001009,-117.75309999999314,0.1422213088233861,37,11,8.200000000000731,-54.999999999998934,0.14909090909092526,24.94700000001079,-117.75309999999314,0.21185854130389978,24.94700000001079,-117.75309999999314,1.0358224369054103,0.4526216216218943,1.096926713948,0.7454545454546119,0,1,-13.799999999999269,3
AUDCAD,Aug,8,AUDCAD-08-N1R035E05,REPLACEMENT,causal_haar_wavelet,YES,NO,REUSED TEST USED IN RESEARCH HISTORY; INSUFFICIENT TRADES (80/30/30),8,6.407199999999296,3,22.837449999999762,29.24464999999906,-66.27887499999956,0.4412363667910666,11,8,9.562499999999934,-27.699999999999942,0.3452166064981933,38.80714999999899,-66.27887499999956,0.5855131065516614,38.80714999999899,-66.27887499999956,1.225254796301596,2.65860454545446,1.189309576837413,1.1953124999999918,0,1,-6.4375000000000675,4
AUDCAD,Sep,9,AUDCAD-09-N1R067E02,REPLACEMENT,wavelet_scale_acceleration,YES,NO,REUSED TEST USED IN RESEARCH HISTORY; INSUFFICIENT TRADES (80/30/30),12,25.010846428571455,8,1.5594910714300738,26.57033750000153,-55.67526785714149,0.4772377129496529,20,13,26.285714285716217,-21.330357142855796,1.232314776057096,52.85605178571773,-55.67526785714149,0.9493632239245323,52.85605178571773,-55.67526785714149,1.2395627690452444,1.3285168750000764,1.5788438851750461,2.0219780219781707,0,2,9.785714285715668,4
AUDCAD,Oct,10,AUDCAD-10-N1R058E03,REPLACEMENT,causal_haar_wavelet,YES,NO,REUSED TEST USED IN RESEARCH HISTORY; INSUFFICIENT TRADES (80/30/30),16,15.08755535714393,6,8.871458928570455,23.95901428571439,-81.57211607142943,0.29371573816639057,22,7,12.436816071428616,-74.43744642857102,0.16707741423347702,36.39583035714301,-81.57211607142943,0.44617979905379235,36.39583035714301,-81.57211607142943,1.1207349183868798,1.0890461038961086,1.167077414233477,1.776688010204088,0,0,-1.5631839285713838,3
AUDCAD,Nov,11,AUDCAD-11-N1R098E10,REPLACEMENT,causal_haar_wavelet,YES,NO,REUSED TEST USED IN RESEARCH HISTORY; INSUFFICIENT TRADES (80/30/30),11,17.500000000002807,8,6.999800000001571,24.499800000004385,-69.99999999999784,0.3499971428572163,19,2,35.000000000000036,0.0,,59.49980000000441,-69.99999999999784,0.8499971428572322,59.49980000000441,-69.99999999999784,1.1627891524396983,1.2894631578949676,inf,17.500000000000018,0,1,31.000000000000036,4
AUDCAD,Dec,12,AUDCAD-12-N1R136E10,REPLACEMENT,wavelet_scale_acceleration,YES,NO,REUSED TEST USED IN RESEARCH HISTORY; INSUFFICIENT TRADES (80/30/30),5,17.500000000001133,4,-7.4996999999987715,10.000300000002362,-17.49999999999946,0.5714457142858669,9,1,17.500000000000018,0.0,,27.50030000000238,-17.49999999999946,1.5714457142858989,27.50030000000238,-17.49999999999946,1.1428614285714669,1.111144444444707,inf,17.500000000000018,0,2,15.500000000000018,4
AUDCHF,Jan,1,AUDCHF-01-N1R069E03,REPLACEMENT,wavelet_scale_acceleration,YES,NO,REUSED TEST USED IN RESEARCH HISTORY; INSUFFICIENT TRADES (80/30/30),9,26.616005357142676,12,39.89293392857253,66.50893928571521,-40.401883928571905,1.6461841087237172,21,3,15.999999999999632,-3.70000000000009,4.32432432432412,82.50893928571483,-40.401883928571905,2.042205245467901,82.50893928571483,-40.401883928571905,1.5333380397478293,3.1670923469388197,5.32432432432412,5.3333333333332105,0,1,9.999999999999632,4
AUDCHF,Feb,2,AUDCHF-02-N1R138E09,REPLACEMENT,wavelet_scale_acceleration,YES,NO,REUSED TEST USED IN RESEARCH HISTORY; INSUFFICIENT TRADES (80/30/30),8,8.000299999997313,6,17.9997999999998,26.00009999999711,-16.999700000001052,1.52944463725804,14,3,12.499999999998908,-12.500000000000009,0.9999999999999118,38.500099999996024,-16.999700000001052,2.2647517309125242,38.500099999996024,-16.999700000001052,1.4770686811119484,1.8571499999997936,1.9999999999999118,4.166666666666303,0,2,6.4999999999989075,4
AUDCHF,Mar,3,AUDCHF-03-N1R092E07,REPLACEMENT,causal_haar_wavelet,YES,NO,REUSED TEST USED IN RESEARCH HISTORY; INSUFFICIENT TRADES (80/30/30),19,63.59194285714662,15,15.910610714283983,79.5025535714306,-89.27422142856965,0.8905432307246993,34,6,4.410714285712501,-18.93928571428754,0.2328870450687123,83.91326785714311,-92.3028964285732,0.9091076347975467,83.91326785714311,-92.3028964285732,1.411669843844565,2.3383103991597234,1.129292294807313,0.7351190476187502,0,1,-7.589285714287499,3
AUDCHF,Apr,4,AUDCHF-04-N1R078E06,REPLACEMENT,causal_haar_wavelet,YES,NO,REUSED TEST USED IN RESEARCH HISTORY; INSUFFICIENT TRADES (80/30/30),36,19.999460714288467,9,38.032230357144265,58.03169107143273,-107.82054285714186,0.5382248088689604,45,7,6.198214285713393,-18.19464285714278,0.3406614976935435,64.22990535714611,-107.82054285714186,0.5957112035899161,64.22990535714611,-107.82054285714186,1.2065067834111318,1.2895931349207275,1.3406614976935431,0.8854591836733418,0,2,4.5535714285711055,3
AUDCHF,May,5,AUDCHF-05-N1R081E02,REPLACEMENT,causal_haar_wavelet,YES,NO,REUSED TEST USED IN RESEARCH HISTORY; INSUFFICIENT TRADES (80/30/30),7,-16.46875535714269,4,43.80928571428578,27.340530357143088,-30.792567857142732,0.8878938087913022,11,3,3.7142857142860652,-7.499999999999449,0.4952380952381784,31.05481607142915,-30.792567857142732,1.0085166074977274,31.05481607142915,-30.792567857142732,1.4875760700278984,2.485502759740281,1.4952380952381783,1.2380952380953552,0,1,-14.035714285713196,4
AUDCHF,Jun,6,AUDCHF-06-N1R087E05,REPLACEMENT,causal_haar_wavelet,YES,NO,REUSED TEST USED IN RESEARCH HISTORY; INSUFFICIENT TRADES (80/30/30),30,0.27588750000035134,12,52.74961250000045,53.02550000000081,-95.49798749999862,0.5552525386988033,42,18,5.612499999996837,-36.23750000000257,0.1548809934459176,58.637999999997675,-95.49798749999862,0.6140234107027494,58.637999999997675,-95.49798749999862,1.1252650266414541,1.262511904761924,1.0538175716168932,0.3118055555553798,0,1,-30.387500000003165,1
AUDCHF,Jul,7,AUDCHF-07-N1R082E10,REPLACEMENT,causal_haar_wavelet,YES,NO,REUSED TEST USED IN RESEARCH HISTORY; INSUFFICIENT TRADES (80/30/30),16,74.84690000000407,2,5.577760475716786e-13,74.84690000000462,-34.99999999999892,2.1384828571430554,18,1,17.500000000000018,0.0,,92.34690000000464,-34.99999999999892,2.638482857143071,92.34690000000464,-34.99999999999892,1.8091556756757594,4.158161111111368,inf,17.500000000000018,0,1,15.500000000000018,4
AUDCHF,Aug,8,AUDCHF-08-N1R001E12,REPLACEMENT,causal_haar_wavelet,YES,NO,REUSED TEST USED IN RESEARCH HISTORY; INSUFFICIENT TRADES (80/30/30),24,12.164499999997076,9,18.20049999999936,30.364999999996435,-82.97990000000058,0.36593199075916244,33,19,17.299999999999297,-50.600000000000904,0.341897233201561,47.66499999999575,-82.97990000000058,0.574416214046961,47.66499999999575,-82.97990000000058,1.12729836111481,0.9201515151514071,1.1968145620022639,0.9105263157894367,0,2,-20.700000000000706,4
AUDCHF,Sep,9,AUDCHF-09-N1R135E09,REPLACEMENT,wavelet_scale_acceleration,YES,NO,REUSED TEST USED IN RESEARCH HISTORY; INSUFFICIENT TRADES (80/30/30),12,0.3501999999977734,6,8.800399999999167,9.15059999999694,-25.000000000000018,0.36602399999987734,18,9,1.4999999999984652,-21.10000000000083,0.07109004739328939,10.650599999995405,-33.60000000000084,0.31698214285699816,10.650599999995405,-33.60000000000084,1.0994093408234578,0.5083666666664967,1.0422535211267163,0.16666666666649613,0,1,-16.50000000000153,1
AUDCHF,Oct,10,AUDCHF-10-N1R082E03,REPLACEMENT,causal_haar_wavelet,YES,NO,REUSED TEST USED IN RESEARCH HISTORY; INSUFFICIENT TRADES (80/30/30),9,-11.768230357141178,13,30.663482142857276,18.895251785716106,-40.590428571427296,0.46551003403341706,22,7,61.151780357142925,-19.785669642856938,3.090710673986213,80.04703214285902,-40.590428571427296,1.9720666905992292,80.04703214285902,-40.590428571427296,1.142634700592725,0.8588750811689139,2.883147873450511,8.73596862244899,0,2,47.15178035714293,4
AUDCHF,Nov,11,AUDCHF-11-R08E3,PRESERVED,candle_impulse,YES,NO,REUSED TEST USED IN RESEARCH HISTORY; INSUFFICIENT TRADES (80/30/30); UNRESOLVED QUOTE GAPS,18,-81.99243928571572,7,83.61515357143053,1.6227142857147925,-129.303589285715,0.012549646105563013,25,5,13.160557142856975,-22.546514285714245,0.5837069524842547,14.783271428571767,-129.303589285715,0.11432993863693908,14.783271428571767,-129.303589285715,1.0070370400198763,0.0649085714285917,1.3927258419034148,2.632111428571395,2,1,3.160557142856975,4
AUDCHF,Dec,12,AUDCHF-12-N1R089E11,REPLACEMENT,causal_haar_wavelet,YES,NO,REUSED TEST USED IN RESEARCH HISTORY; INSUFFICIENT TRADES (80/30/30),9,5.000000000003631,6,21.671000000000348,26.67100000000398,-123.82879999999676,0.21538608142859073,15,1,4.599999999999884,0.0,,31.271000000003866,-123.82879999999676,0.2525341439148622,31.271000000003866,-123.82879999999676,1.154614223859347,1.7780666666669318,inf,4.599999999999884,0,2,2.599999999999884,4
AUDJPY,Jan,1,AUDJPY-01-N1R055E07,REPLACEMENT,causal_haar_wavelet,YES,NO,REUSED TEST USED IN RESEARCH HISTORY; INSUFFICIENT TRADES (80/30/30),17,8.460655535715205,6,35.41076250000174,43.87141803571694,-90.43744267857221,0.4851023728262897,23,10,20.41191071428443,-28.628392857145002,0.7129953405397006,64.28332875000137,-90.43744267857221,0.7108043620657613,64.28332875000137,-90.43744267857221,1.18966303260023,1.9074529580746498,1.241440812342607,2.041191071428443,0,1,0.4119107142844314,4
AUDJPY,Feb,2,AUDJPY-02-N1R087E02,REPLACEMENT,causal_haar_wavelet,YES,NO,REUSED TEST USED IN RESEARCH HISTORY; INSUFFICIENT TRADES (80/30/30),41,19.979301607141622,35,68.08928214285572,88.06858374999734,-122.7749964285735,0.7173169318822402,76,16,2.822928571429486,-80.43919642857048,0.03509394296269766,90.89151232142683,-127.49278928571442,0.7129149250765606,90.89151232142683,-127.49278928571442,1.1326988796931492,1.1587971546052283,1.0165698161937398,0.17643303571434288,0,2,-29.177071428570514,1
AUDJPY,Mar,3,AUDJPY-03-N1R122E12,REPLACEMENT,causal_haar_wavelet,YES,NO,REUSED TEST USED IN RESEARCH HISTORY; INSUFFICIENT TRADES (80/30/30),15,6.599999999993145,8,59.99999999999545,66.5999999999886,-165.90000000000515,0.4014466546111304,23,14,29.10999999999376,-127.5000000000017,0.2283137254901441,95.70999999998236,-168.69100000001453,0.5673687392923992,95.70999999998236,-168.69100000001453,1.1309992132179147,2.8956521739125476,1.1047910119478075,2.0792857142852688,0,1,1.1099999999937609,4
AUDJPY,Apr,4,AUDJPY-04-N1R001E06,REPLACEMENT,causal_haar_wavelet,YES,NO,REUSED TEST USED IN RESEARCH HISTORY; INSUFFICIENT TRADES (80/30/30),68,222.5453414285684,26,83.03607410714363,305.58141553571204,-221.48829464285825,1.3796729801385255,94,56,19.26600000000093,-137.06969642857018,0.14055623162513411,324.84741553571297,-221.48829464285825,1.4666572608702302,324.84741553571297,-221.48829464285825,1.3594320963980953,3.250866122720341,1.048223723147158,0.3440357142857309,0,1,-92.73399999999907,3
AUDJPY,May,5,AUDJPY-05-N1R001E05,REPLACEMENT,causal_haar_wavelet,YES,NO,REUSED TEST USED IN RESEARCH HISTORY; INSUFFICIENT TRADES (80/30/30),42,48.37853124999583,15,47.53776000000016,95.916291249996,-218.39440625000265,0.43918840641091206,57,17,38.32099999999883,-80.71287499999869,0.4747817495040222,134.23729124999483,-218.39440625000265,0.6146553547545048,134.23729124999483,-218.39440625000265,1.1003105746507842,1.6827419517543156,1.2211491433724009,2.254176470588167,0,1,4.320999999998833,4
AUDJPY,Jun,6,AUDJPY-06-N1R004E08,REPLACEMENT,causal_haar_wavelet,YES,NO,REUSED TEST USED IN RESEARCH HISTORY; INSUFFICIENT TRADES (80/30/30),36,131.38574535714213,18,30.884403571427583,162.2701489285697,-185.3124624999998,0.8756569673697465,54,10,40.62173214285849,-30.321874999999068,1.339684044699074,202.8918810714282,-185.3124624999998,1.0948636607288535,202.8918810714282,-185.3124624999998,1.2977351843255496,3.005002757936476,1.9728154260312705,4.062173214285849,0,2,20.62173214285849,4
AUDJPY,Jul,7,AUDJPY-07-N1R002E06,REPLACEMENT,causal_haar_wavelet,YES,NO,REUSED TEST USED IN RESEARCH HISTORY; INSUFFICIENT TRADES (80/30/30),25,27.294730357142782,20,92.41424821428268,119.70897857142546,-61.74259107142973,1.9388395675350696,45,17,5.759892857144848,-36.79294642857144,0.1565488338458271,125.46887142857031,-61.74259107142973,2.0321283776933807,125.46887142857031,-61.74259107142973,1.5181389481948198,2.660199523809455,1.0592354126226722,0.3388172268908734,0,2,-28.240107142855152,3
AUDJPY,Aug,8,AUDJPY-08-N1R029E11,REPLACEMENT,causal_haar_wavelet,YES,NO,REUSED TEST USED IN RESEARCH HISTORY; INSUFFICIENT TRADES (80/30/30),24,16.350000000005025,9,3.0000000000038085,19.350000000008833,-141.49999999999693,0.13674911660783926,33,9,70.93100000000248,-27.5,2.5793090909091814,90.28100000001132,-141.49999999999693,0.6380282685513305,90.28100000001132,-141.49999999999693,1.0428761356082625,0.5863636363639041,1.9478065662707462,7.881222222222498,0,2,52.931000000002484,4
AUDJPY,Sep,9,AUDJPY-09-N1R075E04,REPLACEMENT,causal_haar_wavelet,YES,NO,REUSED TEST USED IN RESEARCH HISTORY; INSUFFICIENT TRADES (80/30/30),20,32.88994642856977,7,23.032142857144038,55.92208928571381,-107.5008303571397,0.5202014635601345,27,28,65.23155357142826,-126.95401785714267,0.5138203159889848,121.15364285714207,-126.95401785714267,0.9543112136354158,121.15364285714207,-126.95401785714267,1.1512862926895264,2.071188492063474,1.1823820266455902,2.329698341836724,0,1,9.231553571428265,4
AUDJPY,Oct,10,AUDJPY-10-R22E5,PRESERVED,interaction_motif,YES,NO,REUSED TEST USED IN RESEARCH HISTORY; INSUFFICIENT TRADES (80/30/30),3,-100.78572857142774,1,147.68565714285756,46.899928571429825,-100.78572857142774,0.4653429531760683,4,2,32.05725714285819,-31.985714285713982,1.0022367128182648,78.95718571428802,-100.78572857142774,0.7834163311954466,78.95718571428802,-100.78572857142774,1.4653429531760682,11.724982142857456,2.0022367128182648,16.028628571429095,0,1,28.05725714285819,4
AUDJPY,Nov,11,AUDJPY-11-N1R066E01,REPLACEMENT,wavelet_scale_acceleration,YES,NO,REUSED TEST USED IN RESEARCH HISTORY; INSUFFICIENT TRADES (80/30/30),10,57.54865892856884,3,-26.568787499999473,30.979871428569368,-37.79829464285655,0.8196102951545253,13,3,29.16040232142791,0.0,,60.14027374999728,-37.79829464285655,1.5910843152645542,60.14027374999728,-37.79829464285655,1.5025954512500654,2.3830670329668746,inf,9.720134107142636,0,0,23.16040232142791,4
AUDJPY,Dec,12,AUDJPY-12-N1R122E07,REPLACEMENT,causal_haar_wavelet,YES,NO,REUSED TEST USED IN RESEARCH HISTORY; INSUFFICIENT TRADES (80/30/30); UNRESOLVED QUOTE GAPS,34,66.31921357143483,13,63.22380892857382,129.54302250000865,-204.77669249999792,0.6326062840379647,47,10,10.941017857142299,-26.976875000000007,0.4055702470038615,140.48404035715095,-204.77669249999792,0.6860353033446537,140.48404035715095,-204.77669249999792,1.2916943409831905,2.7562345212767796,1.1446677159672596,1.09410178571423,1,1,-9.058982142857701,4
AUDNZD,Jan,1,AUDNZD-01-N1R016E02,REPLACEMENT,causal_haar_wavelet,YES,NO,REUSED TEST USED IN RESEARCH HISTORY; INSUFFICIENT TRADES (80/30/30),3,22.39339285714321,2,14.107142857142101,36.500535714285306,-9.530714285714001,3.829779659746755,5,2,0.605357142857148,-8.510714285713536,0.07112882920688895,37.10589285714245,-9.530714285714001,3.8932961103200916,37.10589285714245,-9.530714285714001,4.829779659746754,7.300107142857061,1.071128829206889,0.302678571428574,0,1,-3.394642857142852,3
AUDNZD,Feb,2,AUDNZD-02-R57E7,PRESERVED,cluster_motif,YES,NO,REUSED TEST USED IN RESEARCH HISTORY; INSUFFICIENT TRADES (80/30/30),8,42.999999999997485,4,71.99999999999764,114.99999999999513,-85.49999999999808,1.345029239766055,12,8,105.39999999999552,-19.399999999999693,5.432989690721504,220.39999999999063,-85.49999999999808,2.577777777777726,220.39999999999063,-85.49999999999808,2.292134831460649,9.583333333332927,3.895604395604335,13.17499999999944,0,2,89.39999999999552,4
AUDNZD,Mar,3,AUDNZD-03-N1R104E02,REPLACEMENT,causal_haar_wavelet,YES,NO,REUSED TEST USED IN RESEARCH HISTORY; INSUFFICIENT TRADES (80/30/30),21,25.671071428569952,17,5.607142857147789,31.278214285717734,-84.40035714285445,0.3705933878073149,38,11,27.473214285714008,-44.06249999999916,0.6235055724417482,58.751428571431745,-91.24678571427894,0.6438739525072159,58.751428571431745,-91.24678571427894,1.1528173290338966,0.8231109022557298,1.2953258470102698,2.4975649350649096,0,1,5.473214285714011,3
AUDNZD,Apr,4,AUDNZD-04-N1R020E12,REPLACEMENT,causal_haar_wavelet,YES,NO,REUSED TEST USED IN RESEARCH HISTORY; INSUFFICIENT TRADES (80/30/30),18,9.83000000000126,4,7.400000000000752,17.230000000002,-130.76999999999836,0.1317580484820847,22,8,165.50000000000512,-24.899999999999352,6.6465863453819045,182.73000000000712,-130.76999999999836,1.397338839183371,182.73000000000712,-130.76999999999836,1.0763504231843053,0.7831818181819091,7.646586345381901,20.68750000000064,0,1,149.50000000000512,4
AUDNZD,May,5,AUDNZD-05-R52E7,PRESERVED,tree_path,YES,NO,REUSED TEST USED IN RESEARCH HISTORY; INSUFFICIENT TRADES (80/30/30),8,-15.320000000003098,9,172.29999999999276,156.97999999998967,-64.50000000000038,2.4337984496122287,17,4,10.799999999998597,-44.199999999999235,0.24434389140268742,167.7799999999883,-64.50000000000038,2.6012403100773223,167.7799999999883,-64.50000000000038,2.3301135400778703,9.234117647058216,1.2443438914026874,2.6999999999996493,0,3,2.7999999999985974,4
AUDNZD,Jun,6,AUDNZD-06-N1R124E01,REPLACEMENT,causal_haar_wavelet,YES,NO,REUSED TEST USED IN RESEARCH HISTORY; INSUFFICIENT TRADES (80/30/30),27,23.605357142859944,6,2.780357142858083,26.385714285718024,-35.85964285714059,0.7358052725409098,33,13,19.298214285712074,-13.262500000001118,1.4550962703645953,45.68392857143009,-35.85964285714059,1.2739649626023317,45.68392857143009,-35.85964285714059,1.2313586842492994,0.7995670995672128,1.5976992422984613,1.484478021977852,0,1,0.14999999999900027,4
AUDNZD,Jul,7,AUDNZD-07-N1R135E09,REPLACEMENT,wavelet_scale_acceleration,YES,NO,REUSED TEST USED IN RESEARCH HISTORY; INSUFFICIENT TRADES (80/30/30),15,16.500000000009596,9,29.40000000000472,45.900000000014316,-34.99999999999558,1.311428571429146,24,14,26.800000000009625,-37.499999999996696,0.7146666666669863,72.70000000002395,-37.499999999996696,1.9386666666674761,72.70000000002395,-37.499999999996696,1.420329670329832,1.9125000000005965,1.4097859327218918,1.9142857142864018,0,1,-1.199999999990375,4
AUDNZD,Aug,8,AUDNZD-08-N1R012E06,REPLACEMENT,causal_haar_wavelet,YES,NO,REUSED TEST USED IN RESEARCH HISTORY; INSUFFICIENT TRADES (80/30/30),5,-8.251785714286353,6,14.551785714285739,6.299999999999386,-26.89285714285699,0.23426294820714982,11,7,18.374999999998547,-13.223214285714988,1.3896016205264874,24.67499999999793,-26.89285714285699,0.9175298804780159,24.67499999999793,-26.89285714285699,1.156355256160237,0.5727272727272169,1.6990489130434092,2.6249999999997926,0,2,4.374999999998547,4
AUDNZD,Sep,9,AUDNZD-09-R20E8,PRESERVED,interaction_motif,YES,NO,REUSED TEST USED IN RESEARCH HISTORY; INSUFFICIENT TRADES (80/30/30),7,-25.41999999999682,10,144.39999999999955,118.98000000000275,-73.76999999999938,1.6128507523383997,17,11,153.10000000000412,-44.000000000000966,3.479545454545472,272.0800000000068,-73.76999999999938,3.68822014368997,240.5800000000056,-73.76999999999938,1.770496049734524,6.9988235294119265,4.350109409190448,13.918181818182193,0,3,131.10000000000412,4
AUDNZD,Oct,10,AUDNZD-10-N1R079E09,REPLACEMENT,causal_haar_wavelet,YES,NO,REUSED TEST USED IN RESEARCH HISTORY; INSUFFICIENT TRADES (80/30/30),22,3.0000000000158167,9,0.5000000000063487,3.5000000000221654,-62.49999999999282,0.05600000000036107,31,5,33.80000000000134,-12.499999999998899,2.7040000000003452,37.30000000002351,-62.49999999999282,0.5968000000004446,37.30000000002351,-62.49999999999282,1.020172910662954,0.11290322580716662,3.7040000000003452,6.760000000000268,0,1,23.80000000000134,4
AUDNZD,Nov,11,AUDNZD-11-R01E7,PRESERVED,momentum,YES,NO,REUSED TEST USED IN RESEARCH HISTORY; INSUFFICIENT TRADES (80/30/30); UNRESOLVED QUOTE GAPS,16,10.249999999998323,13,172.0999999999881,182.34999999998644,-102.49999999999676,1.7790243902438263,29,11,9.299999999996828,-76.89999999999725,0.12093628088422836,191.6499999999833,-102.49999999999676,1.8697560975608718,191.6499999999833,-102.49999999999676,1.6199218086010185,6.287931034482291,1.072542901716045,0.8454545454542571,2,2,-12.700000000003172,2
AUDNZD,Dec,12,AUDNZD-12-N1R136E12,REPLACEMENT,wavelet_scale_acceleration,YES,NO,REUSED TEST USED IN RESEARCH HISTORY; INSUFFICIENT TRADES (80/30/30),8,59.49999999999902,3,6.500000000000679,65.9999999999997,-85.00000000000007,0.7764705882352899,11,2,5.700000000001264,-2.5999999999984347,2.192307692309498,71.70000000000097,-85.00000000000007,0.8435294117647166,71.70000000000097,-85.00000000000007,1.4551724137930993,5.9999999999999725,3.192307692309498,2.850000000000632,0,1,1.700000000001264,4
AUDUSD,Jan,1,AUDUSD-01-N1R106E06,REPLACEMENT,causal_haar_wavelet,YES,NO,REUSED TEST USED IN RESEARCH HISTORY; INSUFFICIENT TRADES (80/30/30),32,31.232055357144418,20,8.536412500002081,39.76846785714651,-59.169283928570934,0.6721133874994151,52,9,1.953571428572074,-16.689285714285838,0.11705542478069264,41.72203928571857,-59.169283928570934,0.7051300356462883,41.72203928571857,-59.169283928570934,1.1383725691001905,0.7647782280220483,1.0683920980245294,0.2170634920635638,0,1,-15.117857142856996,4
AUDUSD,Feb,2,AUDUSD-02-N1R070E09,REPLACEMENT,wavelet_scale_acceleration,YES,NO,REUSED TEST USED IN RESEARCH HISTORY; INSUFFICIENT TRADES (80/30/30),3,12.499999999998908,1,12.499999999999458,24.999999999998366,-12.500000000000009,1.9999999999998679,4,1,12.499999999999458,0.0,,37.499999999997826,-12.500000000000009,2.999999999999824,37.499999999997826,-12.500000000000009,2.9999999999998677,6.249999999999591,inf,12.499999999999458,0,1,10.499999999999458,4
AUDUSD,Mar,3,AUDUSD-03-N1R032E07,REPLACEMENT,causal_haar_wavelet,YES,NO,REUSED TEST USED IN RESEARCH HISTORY; INSUFFICIENT TRADES (80/30/30),7,18.696562500002692,6,4.17864107142786,22.875203571430553,-26.991005357140647,0.8475120977803359,13,2,16.22321428571383,-14.714285714285957,1.1025485436892712,39.09841785714438,-26.991005357140647,1.4485721202230297,39.09841785714438,-26.991005357140647,1.333945021668341,1.7596310439561964,2.1025485436892715,8.111607142856915,0,1,12.22321428571383,4
AUDUSD,Apr,4,AUDUSD-04-N1R033E11,REPLACEMENT,causal_haar_wavelet,YES,NO,REUSED TEST USED IN RESEARCH HISTORY; INSUFFICIENT TRADES (80/30/30),24,7.499600000007206,24,96.66020000000611,104.15980000001332,-113.33979999999738,0.9190046215011473,48,17,8.700000000003463,-62.499999999997264,0.1392000000000615,112.85980000001672,-138.3397999999946,0.815815838970572,112.85980000001672,-138.3397999999946,1.1589399951536867,2.1699958333336107,1.036942675159251,0.5117647058825566,0,1,-25.299999999996537,3
AUDUSD,May,5,AUDUSD-05-N1R048E10,REPLACEMENT,causal_haar_wavelet,YES,NO,REUSED TEST USED IN RESEARCH HISTORY; INSUFFICIENT TRADES (80/30/30),15,68.9996000000018,7,17.50000000000169,86.49960000000347,-34.99999999999892,2.471417142857318,22,8,1.9000000000013628,-51.699999999998965,0.036750483559021295,88.39960000000484,-51.699999999998965,1.7098568665378453,88.39960000000484,-51.699999999998965,1.6552980142484852,3.9318000000001576,1.0361904761905032,0.23750000000017035,0,3,-14.09999999999864,0
AUDUSD,Jun,6,AUDUSD-06-R47E8,PRESERVED,logistic,YES,NO,REUSED TEST USED IN RESEARCH HISTORY; INSUFFICIENT TRADES (80/30/30),0,0.0,1,60.28930000000015,60.28930000000015,0.0,,1,1,38.49999999999992,0.0,,98.78930000000008,0.0,,98.78930000000008,0.0,inf,60.28930000000015,inf,38.49999999999992,0,1,36.49999999999992,4
AUDUSD,Jul,7,AUDUSD-07-N1R054E05,REPLACEMENT,causal_haar_wavelet,YES,NO,REUSED TEST USED IN RESEARCH HISTORY; INSUFFICIENT TRADES (80/30/30),16,23.56235000000264,8,35.864562499997604,59.42691250000027,-63.250062500000695,0.9395550004397168,24,7,11.949999999998646,-36.625000000000675,0.3262798634811857,71.37691249999892,-63.250062500000695,1.1284876200714922,71.37691249999892,-63.250062500000695,1.2476572941764041,2.476121354166678,1.226432970156293,1.7071428571426637,0,1,-2.050000000001358,3
AUDUSD,Aug,8,AUDUSD-08-N1R011E04,REPLACEMENT,causal_haar_wavelet,YES,NO,REUSED TEST USED IN RESEARCH HISTORY; INSUFFICIENT TRADES (80/30/30),6,13.12529285714183,2,1.7217321428580927,14.847024999999919,-34.82167857142892,0.42637304142431137,8,7,16.382142857141194,-33.3392857142864,0.4913765399035287,31.229167857141107,-34.82167857142892,0.8968312022374632,31.229167857141107,-34.82167857142892,1.2377783573761787,1.8558781249999898,1.4913765399035286,2.340306122448742,0,1,2.3821428571411936,4
AUDUSD,Sep,9,AUDUSD-09-N1R065E11,REPLACEMENT,wavelet_scale_acceleration,YES,NO,REUSED TEST USED IN RESEARCH HISTORY; INSUFFICIENT TRADES (80/30/30),22,41.49990000000441,8,10.511500000001135,52.01140000000556,-61.500499999999334,0.8457069454720876,30,6,0.3000000000003098,-54.999999999998934,0.005454545454551193,52.31140000000587,-61.500499999999334,0.8505849545939697,59.24790000000635,-61.500499999999334,1.1672387980995753,1.7337133333335186,1.0054545454545512,0.050000000000051635,0,1,-11.69999999999969,2
AUDUSD,Oct,10,AUDUSD-10-N1R085E10,REPLACEMENT,causal_haar_wavelet,YES,NO,REUSED TEST USED IN RESEARCH HISTORY; INSUFFICIENT TRADES (80/30/30),4,10.999900000000514,6,50.00000000000061,60.99990000000113,-24.00009999999952,2.5416519097838073,10,3,16.009600000000127,-17.49999999999946,0.9148342857143212,77.00950000000125,-24.00009999999952,3.208715797017629,77.00950000000125,-24.00009999999952,2.386358212822301,6.099990000000114,1.9148342857143212,5.336533333333375,0,3,10.009600000000127,4
AUDUSD,Nov,11,AUDUSD-11-N1R102E10,REPLACEMENT,causal_haar_wavelet,YES,NO,REUSED TEST USED IN RESEARCH HISTORY; INSUFFICIENT TRADES (80/30/30),4,1.1155520951433573e-12,3,17.500000000000576,17.50000000000169,-34.99999999999892,0.5000000000000637,7,4,21.04650000000042,-10.599999999999774,1.9855188679246103,38.54650000000212,-34.99999999999892,1.101328571428666,38.54650000000212,-34.99999999999892,1.333333333333376,2.5000000000002416,2.5083312430573694,5.261625000000105,0,1,13.046500000000421,3
AUDUSD,Dec,12,AUDUSD-12-R13E8,PRESERVED,pullback,YES,NO,REUSED TEST USED IN RESEARCH HISTORY; INSUFFICIENT TRADES (80/30/30); UNRESOLVED QUOTE GAPS,10,-118.99939999999884,11,206.49889999999976,87.49950000000094,-152.99889999999897,0.571896268535274,21,5,10.499999999999684,-16.799999999999866,0.6249999999999861,97.99950000000061,-152.99889999999897,0.6405242129191862,97.99950000000061,-152.99889999999897,1.3417946548479296,4.166642857142902,1.5072463768115887,2.0999999999999366,2,2,0.4999999999996838,4
CHFJPY,Jan,1,CHFJPY-01-N1R040E10,REPLACEMENT,causal_haar_wavelet,YES,NO,REUSED TEST USED IN RESEARCH HISTORY; INSUFFICIENT TRADES (80/30/30),55,52.49999999995225,18,34.999999999984084,87.49999999993634,-157.50000000001023,0.5555555555551153,73,15,17.499999999986926,-35.00000000000625,0.49999999999953715,104.99999999992326,-157.50000000001023,0.6666666666661362,104.99999999992326,-157.50000000001023,1.1470588235293,1.1986301369854293,1.1428571428570315,1.166666666665795,0,1,-12.500000000013074,4
CHFJPY,Feb,2,CHFJPY-02-R60E8,PRESERVED,cluster_motif,YES,NO,REUSED TEST USED IN RESEARCH HISTORY; INSUFFICIENT TRADES (80/30/30); UNRESOLVED QUOTE GAPS,3,-91.50069999999857,4,348.00000000000125,256.4993000000027,-91.50069999999857,2.8032495926261403,7,5,20.726999999999407,-102.5,0.20221463414633567,277.2263000000021,-102.5,2.704646829268313,277.2263000000021,-102.5,3.8032495926261403,36.642757142857526,1.1448346703189132,4.145399999999881,2,2,10.726999999999407,4
CHFJPY,Mar,3,CHFJPY-03-N1R071E12,REPLACEMENT,causal_haar_wavelet,YES,NO,REUSED TEST USED IN RESEARCH HISTORY; INSUFFICIENT TRADES (80/30/30),41,144.70149999998284,8,26.00099999999827,170.70249999998111,-177.50000000000398,0.9617042253519847,49,22,69.21299999999178,-176.22600000000318,0.3927513533757251,239.9154999999729,-177.50000000000398,1.3516366197181269,239.9154999999729,-177.50000000000398,1.1751694074753036,3.483724489795533,1.1595677724418985,3.146045454545081,0,2,25.21299999999178,4
CHFJPY,Apr,4,CHFJPY-04-R22E3,PRESERVED,interaction_motif,YES,NO,REUSED TEST USED IN RESEARCH HISTORY; INSUFFICIENT TRADES (80/30/30),6,106.67883678571343,3,248.50007142856782,355.17890821428125,-67.89220607142624,5.23151225695353,9,1,54.053428571427844,0.0,,409.2323367857091,-67.89220607142624,6.027677703611143,409.2323367857091,-67.89220607142624,4.529536150857387,39.464323134920136,inf,54.053428571427844,0,3,52.053428571427844,4
CHFJPY,May,5,CHFJPY-05-N1R017E06,REPLACEMENT,causal_haar_wavelet,YES,NO,REUSED TEST USED IN RESEARCH HISTORY; INSUFFICIENT TRADES (80/30/30),72,332.85988285714836,31,43.76109839286414,376.6209812500125,-194.30619803571403,1.9382859891107977,103,34,8.361500000006004,-114.52658928570656,0.07300924660514234,384.9824812500185,-194.30619803571403,1.9813185844913586,384.9824812500185,-194.30619803571403,1.3770730508312665,3.6565143810680825,1.0279558153348818,0.24592647058841188,0,2,-59.638499999993996,3
CHFJPY,Jun,6,CHFJPY-06-N1R001E08,REPLACEMENT,causal_haar_wavelet,YES,NO,REUSED TEST USED IN RESEARCH HISTORY; INSUFFICIENT TRADES (80/30/30),63,261.798629107152,30,180.69578732142304,442.49441642857505,-323.1115339285685,1.3694788639962292,93,17,102.94987500000559,-77.58112499999925,1.3269964182654814,545.4442914285806,-323.1115339285685,1.6880991055836592,545.4442914285806,-323.1115339285685,1.3162886887623264,4.7580044777266135,1.4713722294113762,6.055875000000329,0,2,68.94987500000559,4
CHFJPY,Jul,7,CHFJPY-07-N1R080E04,REPLACEMENT,causal_haar_wavelet,YES,NO,REUSED TEST USED IN RESEARCH HISTORY; INSUFFICIENT TRADES (80/30/30),17,116.307798214292,2,36.472874999999476,152.78067321429148,-142.99085089285484,1.0684646763083625,19,3,62.0305535714283,-71.79491071428515,0.8639965278080077,214.81122678571978,-142.99085089285484,1.5022725261400187,214.81122678571978,-142.99085089285484,1.3846023901804532,8.041088063910077,1.8639965278080077,20.6768511904761,0,1,56.0305535714283,4
CHFJPY,Aug,8,CHFJPY-08-N1R118E01,REPLACEMENT,causal_haar_wavelet,YES,NO,REUSED TEST USED IN RESEARCH HISTORY; INSUFFICIENT TRADES (80/30/30),6,18.112663392856234,10,16.92916678571237,35.0418301785686,-41.870151785713574,0.8369167219146588,16,4,26.302785714286756,-18.019607142856557,1.4596758689444496,61.34461589285536,-41.870151785713574,1.4651156797044769,61.34461589285536,-41.870151785713574,1.3231947828139752,2.1901143861605377,1.9633031362895879,6.575696428571689,0,1,18.302785714286756,4
CHFJPY,Sep,9,CHFJPY-09-R60E8,PRESERVED,cluster_motif,YES,NO,REUSED TEST USED IN RESEARCH HISTORY; INSUFFICIENT TRADES (80/30/30),5,-33.515879999995946,6,268.49999999999795,234.984120000002,-95.51487999999722,2.4601833766634984,11,2,110.17499999999927,0.0,,345.1591200000013,-95.51487999999722,3.613668571849866,345.1591200000013,-95.51487999999722,2.7276226864099105,21.36219272727291,inf,55.087499999999636,0,3,106.17499999999927,3
CHFJPY,Oct,10,CHFJPY-10-R53E8,PRESERVED,tree_path,YES,NO,REUSED TEST USED IN RESEARCH HISTORY; INSUFFICIENT TRADES (80/30/30),10,214.00104999999883,5,277.47400000000084,491.47504999999967,-59.49999999999932,8.260084873949669,15,3,239.80000000000132,0.0,,731.275050000001,-59.49999999999932,12.290336974790073,731.275050000001,-59.49999999999932,4.695273343809462,32.76500333333331,inf,79.93333333333378,0,2,233.80000000000132,4
CHFJPY,Nov,11,CHFJPY-11-R26E5,PRESERVED,interaction_motif,YES,NO,REUSED TEST USED IN RESEARCH HISTORY; INSUFFICIENT TRADES (80/30/30); UNRESOLVED QUOTE GAPS,13,-108.59922857143374,5,359.6183999999994,251.01917142856564,-386.1693000000031,0.6500236332317552,18,5,1.2640257142862765,-147.07722857142585,0.008594299243763771,252.28319714285192,-386.1693000000031,0.653296875600546,252.28319714285192,-386.1693000000031,1.4909696454221877,13.945509523809202,1.0085942992437638,0.2528051428572553,2,2,-8.735974285713723,2
CHFJPY,Dec,12,CHFJPY-12-N1R099E01,REPLACEMENT,causal_haar_wavelet,YES,NO,REUSED TEST USED IN RESEARCH HISTORY; INSUFFICIENT TRADES (80/30/30),19,2.360825000001796,7,47.14958214286014,49.510407142861936,-184.76911249999944,0.26795824514696465,26,7,1.196107142855567,-20.38562499999955,0.058674048151851774,50.7065142857175,-184.76911249999944,0.2744317683818374,50.7065142857175,-184.76911249999944,1.1669464162475522,1.904246428571613,1.024225471718894,0.1708724489793667,0,2,-12.803892857144433,1
EURAUD,Jan,1,EURAUD-01-N1R099E11,REPLACEMENT,causal_haar_wavelet,YES,NO,REUSED TEST USED IN RESEARCH HISTORY; INSUFFICIENT TRADES (80/30/30),13,27.50000000000449,5,57.50000000000117,85.00000000000566,-114.99999999999733,0.739130434782675,18,15,107.50000000000401,-54.999999999998934,1.9545454545455654,192.50000000000972,-114.99999999999733,1.6739130434783842,192.50000000000972,-114.99999999999733,1.3366336633663662,4.722222222222537,1.5584415584415903,7.166666666666933,0,2,77.50000000000401,4
EURAUD,Feb,2,EURAUD-02-N1R028E06,REPLACEMENT,causal_haar_wavelet,YES,NO,REUSED TEST USED IN RESEARCH HISTORY; INSUFFICIENT TRADES (80/30/30),26,1.7625000000016193,9,83.46428571428618,85.22678571428779,-151.18749999999983,0.5637158211775966,35,4,16.783928571427747,-41.135714285714386,0.4080135440180377,102.01071428571552,-151.18749999999983,0.6747298175161017,102.01071428571552,-151.18749999999983,1.2501087383728633,2.4350510204082223,1.4080135440180377,4.195982142856937,0,1,8.783928571427747,4
EURAUD,Mar,3,EURAUD-03-R19E8,PRESERVED,interaction_motif,YES,NO,REUSED TEST USED IN RESEARCH HISTORY; INSUFFICIENT TRADES (80/30/30); UNRESOLVED QUOTE GAPS,13,-83.50000000000105,7,451.4999999999994,367.99999999999835,-195.5000000000009,1.8823529411764535,20,7,48.3000000000003,-125.69999999999803,0.38424821002387477,416.29999999999865,-195.5000000000009,2.1294117647058655,416.29999999999865,-195.5000000000009,2.328519855595655,18.399999999999917,1.2961373390557995,6.900000000000043,1,3,34.3000000000003,3
EURAUD,Apr,4,EURAUD-04-N1R114E10,REPLACEMENT,causal_haar_wavelet,YES,NO,REUSED TEST USED IN RESEARCH HISTORY; INSUFFICIENT TRADES (80/30/30),26,34.99999999999342,17,17.499999999995616,52.499999999989015,-52.50000000000446,0.9999999999997058,43,25,17.499999999993413,-70.00000000000338,0.24999999999989383,69.99999999998242,-87.50000000000506,0.7999999999997528,69.99999999998242,-87.50000000000506,1.1499999999999635,1.2209302325578841,1.0833333333332995,0.6999999999997365,0,1,-32.50000000000658,2
EURAUD,May,5,EURAUD-05-N1R124E05,REPLACEMENT,causal_haar_wavelet,YES,NO,REUSED TEST USED IN RESEARCH HISTORY; INSUFFICIENT TRADES (80/30/30),20,40.1500000000066,9,50.38749999999847,90.5375000000051,-281.27499999999804,0.32188249933341295,29,13,19.349999999993283,-64.36249999999976,0.30064090114575037,109.8874999999984,-281.27499999999804,0.3906763843213907,109.8874999999984,-281.27499999999804,1.1235226904514284,3.1219827586208653,1.0892939547761573,1.4884615384610218,0,2,-6.650000000006717,2
EURAUD,Jun,6,EURAUD-06-N1R057E05,REPLACEMENT,causal_haar_wavelet,YES,NO,REUSED TEST USED IN RESEARCH HISTORY; INSUFFICIENT TRADES (80/30/30),26,37.650000000006344,15,6.250000000006825,43.90000000001316,-424.81249999999704,0.10333970869504419,41,21,155.92499999999876,-107.27500000000333,1.4535073409461097,199.8250000000119,-424.81249999999704,0.4703839929380922,199.8250000000119,-424.81249999999704,1.0452729007141708,1.070731707317394,1.4505200809014682,7.424999999999941,0,1,113.92499999999876,4
EURAUD,Jul,7,EURAUD-07-N1R091E08,REPLACEMENT,causal_haar_wavelet,YES,NO,REUSED TEST USED IN RESEARCH HISTORY; INSUFFICIENT TRADES (80/30/30),23,44.31071428571496,14,12.11071428571858,56.42142857143353,-206.09999999999764,0.27375753794970487,37,23,24.30892857143185,-55.72500000000035,0.43623021213874735,80.73035714286539,-209.1071428571406,0.3860717335611025,80.73035714286539,-209.1071428571406,1.0884002014436878,1.524903474903609,1.0965550015249772,1.0569099378883413,0,1,-21.691071428568154,4
EURAUD,Aug,8,EURAUD-08-N1R050E06,REPLACEMENT,causal_haar_wavelet,YES,NO,REUSED TEST USED IN RESEARCH HISTORY; INSUFFICIENT TRADES (80/30/30),26,53.77321428570785,17,47.6607142857186,101.43392857142645,-174.84821428571883,0.5801256191594478,43,10,1.8750000000017586,-33.48035714285545,0.0560029868260194,103.30892857142817,-174.84821428571883,0.5908492059439133,103.30892857142817,-174.84821428571883,1.1820019801282249,2.358928571428522,1.0254767797350661,0.18750000000017586,0,2,-18.12499999999824,1
EURAUD,Sep,9,EURAUD-09-R07E6,PRESERVED,mean_reversion,YES,NO,REUSED TEST USED IN RESEARCH HISTORY; INSUFFICIENT TRADES (80/30/30),14,152.3571428571452,10,156.66428571428472,309.0214285714299,-70.59285714285684,4.3775169482950895,24,15,42.80714285714557,-34.06428571428643,1.2566575802055473,351.8285714285754,-70.59285714285684,4.983911767681955,351.8285714285754,-70.59285714285684,2.625145561774541,12.875892857142913,1.3397584897103259,2.8538095238097045,0,2,12.807142857145571,3
EURAUD,Oct,10,EURAUD-10-R05E8,PRESERVED,pullback,YES,NO,REUSED TEST USED IN RESEARCH HISTORY; INSUFFICIENT TRADES (80/30/30); UNRESOLVED QUOTE GAPS,13,10.100000000001472,7,307.60000000000036,317.70000000000186,-336.3999999999984,0.9444114149821742,20,5,139.49999999999875,-153.00000000000148,0.9117647058823359,457.2000000000006,-336.3999999999984,1.3590963139120178,457.2000000000006,-336.3999999999984,1.736439499304595,15.885000000000094,1.9117647058823364,27.89999999999975,1,3,129.49999999999875,4
EURAUD,Nov,11,EURAUD-11-N1R083E06,REPLACEMENT,causal_haar_wavelet,YES,NO,REUSED TEST USED IN RESEARCH HISTORY; INSUFFICIENT TRADES (80/30/30),16,15.866071428574141,8,68.00178571428452,83.86785714285867,-74.48214285714238,1.1260129465356308,24,2,23.517857142857927,0.0,,107.38571428571659,-74.48214285714238,1.4417645648525936,107.38571428571659,-74.48214285714238,1.2921061797193827,3.4944940476191113,inf,11.758928571428964,0,2,19.517857142857927,4
EURAUD,Dec,12,EURAUD-12-N1R004E07,REPLACEMENT,causal_haar_wavelet,YES,NO,REUSED TEST USED IN RESEARCH HISTORY; INSUFFICIENT TRADES (80/30/30),22,31.744642857143877,26,25.355357142859468,57.10000000000335,-220.29999999999825,0.25919201089425237,48,10,22.58035714285791,-48.991071428569896,0.46090759978133133,79.68035714286125,-220.29999999999825,0.36169022761171987,79.68035714286125,-220.29999999999825,1.0965913896642205,1.1895833333334032,1.2446882619296566,2.258035714285791,0,2,2.5803571428579097,4
EURCAD,Jan,1,EURCAD-01-N1R088E03,REPLACEMENT,causal_haar_wavelet,YES,NO,REUSED TEST USED IN RESEARCH HISTORY; INSUFFICIENT TRADES (80/30/30),20,-36.77142857143264,11,61.37499999999713,24.603571428564525,-94.50178571428906,0.2603503335159133,31,6,19.707142857139935,-42.03571428571584,0.46881903143576703,44.310714285704485,-94.50178571428906,0.4688875871580967,44.310714285704485,-94.50178571428906,1.0658163752746541,0.7936635944698234,1.293510638297822,3.2845238095233227,0,1,7.707142857139935,4
EURCAD,Feb,2,EURCAD-02-N1R077E12,REPLACEMENT,causal_haar_wavelet,YES,NO,REUSED TEST USED IN RESEARCH HISTORY; INSUFFICIENT TRADES (80/30/30),4,10.000000000000014,1,57.50000000000005,67.50000000000006,-42.500000000000036,1.588235294117647,5,1,15.099999999999838,0.0,,82.5999999999999,-42.500000000000036,1.9435294117647017,82.5999999999999,-42.500000000000036,1.7941176470588236,13.50000000000001,inf,15.099999999999838,0,1,13.099999999999838,4
EURCAD,Mar,3,EURCAD-03-N1R034E04,REPLACEMENT,causal_haar_wavelet,YES,NO,REUSED TEST USED IN RESEARCH HISTORY; INSUFFICIENT TRADES (80/30/30),27,12.008928571432332,17,224.91071428571405,236.91964285714636,-148.6428571428563,1.5938851513695667,44,9,65.6875000000032,-52.428571428571594,1.2528950953679046,302.6071428571495,-148.6428571428563,2.035800096107697,302.6071428571495,-148.6428571428563,1.3459086702037595,5.384537337662417,1.655528824734957,7.298611111111466,0,3,47.68750000000319,4
EURCAD,Apr,4,EURCAD-04-R47E8,PRESERVED,logistic,YES,NO,REUSED TEST USED IN RESEARCH HISTORY; INSUFFICIENT TRADES (80/30/30),1,-42.500000000000036,1,97.50000000000009,55.00000000000005,-42.500000000000036,1.2941176470588236,2,2,112.00000000000043,0.0,,167.00000000000048,-42.500000000000036,3.9294117647058906,167.00000000000048,-42.500000000000036,2.294117647058824,27.500000000000025,inf,56.00000000000021,0,1,108.00000000000043,4
EURCAD,May,5,EURCAD-05-N1R137E11,REPLACEMENT,wavelet_scale_acceleration,YES,NO,REUSED TEST USED IN RESEARCH HISTORY; INSUFFICIENT TRADES (80/30/30),22,100.50000000000398,14,13.600000000003085,114.10000000000704,-161.99999999999847,0.7043209876543711,36,6,23.700000000000404,-38.299999999998334,0.6187989556136145,137.80000000000746,-161.99999999999847,0.8506172839506714,137.80000000000746,-161.99999999999847,1.2456404736275752,3.16944444444464,1.3601823708206868,3.9500000000000672,0,2,11.700000000000404,4
EURCAD,Jun,6,EURCAD-06-N1R003E03,REPLACEMENT,causal_haar_wavelet,YES,NO,REUSED TEST USED IN RESEARCH HISTORY; INSUFFICIENT TRADES (80/30/30),6,97.95178571428589,13,44.87678571428707,142.82857142857296,-64.09821428571327,2.2282769187909772,19,15,31.987500000005024,-49.34821428571351,0.6481997466981398,174.81607142857797,-64.09821428571327,2.727315782142505,174.81607142857797,-64.09821428571327,1.6998949947497501,7.517293233082787,1.2904653802497692,2.132500000000335,0,2,1.9875000000050278,4
EURCAD,Jul,7,EURCAD-07-N1R067E08,REPLACEMENT,wavelet_scale_acceleration,YES,NO,REUSED TEST USED IN RESEARCH HISTORY; INSUFFICIENT TRADES (80/30/30),30,3.5696428571402876,11,12.441071428566406,16.010714285706694,-108.82500000000181,0.14712349447007975,41,12,34.72142857143481,-48.3999999999976,0.7173848878395978,50.7321428571415,-108.82500000000181,0.46618095894455003,50.7321428571415,-108.82500000000181,1.0376412702144269,0.39050522648065106,1.3486962447545703,2.8934523809529007,0,0,10.721428571434807,4
EURCAD,Aug,8,EURCAD-08-R58E8,PRESERVED,cluster_motif,YES,NO,REUSED TEST USED IN RESEARCH HISTORY; INSUFFICIENT TRADES (80/30/30),9,93.40000000000211,5,159.10000000000065,252.50000000000273,-112.09999999999997,2.2524531668153687,14,3,0.3000000000000256,-40.199999999999676,0.0074626865671648755,252.80000000000277,-112.09999999999997,2.2551293487957436,252.80000000000277,-112.09999999999997,2.786978060863448,18.03571428571448,1.007462686567165,0.10000000000000853,0,2,-5.699999999999974,4
EURCAD,Sep,9,EURCAD-09-N1R096E06,REPLACEMENT,causal_haar_wavelet,YES,NO,REUSED TEST USED IN RESEARCH HISTORY; INSUFFICIENT TRADES (80/30/30),20,3.7678571428590324,5,35.5464285714266,39.31428571428564,-63.95535714285609,0.6147145050956393,25,9,2.9196428571429323,-24.500000000001183,0.11916909620990984,42.23392857142855,-63.95535714285609,0.6603657685327482,42.23392857142855,-63.95535714285609,1.2013627841039014,1.5725714285714256,1.054856567689986,0.32440476190477024,0,2,-17.937499999999908,1
EURCAD,Oct,10,EURCAD-10-R29E8,PRESERVED,interaction_motif,YES,NO,REUSED TEST USED IN RESEARCH HISTORY; INSUFFICIENT TRADES (80/30/30),4,-110.50000000000114,5,171.49999999999972,60.999999999998586,-125.0000000000001,0.4879999999999883,9,8,139.19999999999933,-38.69999999999956,3.5968992248062253,200.19999999999794,-125.0000000000001,1.6015999999999824,200.19999999999794,-125.0000000000001,1.4501845018450057,6.7777777777776205,3.16149068322984,17.399999999999917,0,3,123.19999999999933,4
EURCAD,Nov,11,EURCAD-11-R25E8,PRESERVED,interaction_motif,YES,NO,REUSED TEST USED IN RESEARCH HISTORY; INSUFFICIENT TRADES (80/30/30); UNRESOLVED QUOTE GAPS,11,-75.49999999999915,11,365.9000000000015,290.40000000000236,-262.4999999999999,1.1062857142857239,22,3,66.50000000000072,-5.199999999999925,12.788461538461863,356.9000000000031,-262.4999999999999,1.35961904761906,356.9000000000031,-262.4999999999999,1.7394957983193342,13.200000000000108,13.788461538461862,22.16666666666691,2,3,60.500000000000725,4
EURCAD,Dec,12,EURCAD-12-N1R022E06,REPLACEMENT,causal_haar_wavelet,YES,NO,REUSED TEST USED IN RESEARCH HISTORY; INSUFFICIENT TRADES (80/30/30),19,17.90178571428524,14,37.72321428571261,55.62499999999786,-61.31250000000087,0.9072375127420522,33,5,10.52678571428407,-14.276785714285865,0.7373358348966876,66.15178571428194,-61.31250000000087,1.0789282073684976,66.15178571428194,-61.31250000000087,1.2068049792531006,1.6856060606059957,1.3844147375284803,2.105357142856814,0,1,0.5267857142840704,4
EURCHF,Jan,1,EURCHF-01-N1R048E03,REPLACEMENT,causal_haar_wavelet,YES,NO,REUSED TEST USED IN RESEARCH HISTORY; INSUFFICIENT TRADES (80/30/30),13,77.507029107142,5,8.178455357142633,85.68548446428463,-29.24016785714244,2.93040330284405,18,3,5.514285714285645,-9.5357142857147,0.57827715355802,91.19977017857028,-29.24016785714244,3.1189892829665506,91.19977017857028,-29.24016785714244,2.0222395060071476,4.760304692460257,1.57827715355802,1.838095238095215,0,1,-0.48571428571435504,4
EURCHF,Feb,2,EURCHF-02-N1R030E03,REPLACEMENT,causal_haar_wavelet,YES,NO,REUSED TEST USED IN RESEARCH HISTORY; INSUFFICIENT TRADES (80/30/30),11,51.613550000000636,4,18.91073214285833,70.52428214285897,-19.907619642856858,3.542577335114201,15,4,14.923214285714756,-15.339285714285609,0.9728754365541701,85.44749642857371,-19.907619642856858,4.292200572519654,85.44749642857371,-19.907619642856858,2.4004908895711776,4.701618809523931,1.97287543655417,3.730803571428689,0,1,6.9232142857147565,3
EURCHF,Mar,3,EURCHF-03-N1R045E06,REPLACEMENT,causal_haar_wavelet,YES,NO,REUSED TEST USED IN RESEARCH HISTORY; INSUFFICIENT TRADES (80/30/30),43,9.851385714282712,12,29.94530178571545,39.79668749999816,-67.07623928571434,0.5933052884864688,55,13,1.0285714285704621,-45.333928571430185,0.02268877772085864,40.82525892856862,-86.20948214285853,0.47355880018994556,40.82525892856862,-86.20948214285853,1.119205465811577,0.7235761363636029,1.0169093471113038,0.07912087912080477,0,1,-12.417857142857446,1
EURCHF,Apr,4,EURCHF-04-N1R052E11,REPLACEMENT,causal_haar_wavelet,YES,NO,REUSED TEST USED IN RESEARCH HISTORY; INSUFFICIENT TRADES (80/30/30),14,14.99990000000287,10,22.900400000002726,37.9003000000056,-83.49979999999783,0.45389689556150536,24,13,2.499999999999474,-78.69999999999959,0.031766200762382305,40.400300000005075,-83.49979999999783,0.4838370870350123,40.400300000005075,-83.49979999999783,1.1444372840365533,1.5791791666669,1.0292056074766294,0.19230769230765185,0,2,-23.500000000000526,3
EURCHF,May,5,EURCHF-05-R55E5,PRESERVED,cluster_motif,YES,NO,REUSED TEST USED IN RESEARCH HISTORY; INSUFFICIENT TRADES (80/30/30),3,-11.78598571428629,4,64.0145428571426,52.2285571428563,-48.14281428571487,1.0848671378638903,7,3,45.68571428571506,0.0,,97.91427142857135,-48.14281428571487,2.0338294069697724,97.91427142857135,-48.14281428571487,1.9506019657392835,7.461222448979472,inf,15.228571428571685,0,3,39.68571428571506,4
EURCHF,Jun,6,EURCHF-06-N2R040E04,REPLACEMENT,ordinal_price_pattern,YES,NO,REUSED TEST USED IN RESEARCH HISTORY; INSUFFICIENT TRADES (80/30/30),7,24.865991071429125,2,3.5270000000003954,28.392991071429524,-40.634026785714696,0.6987491350823091,9,2,3.1071428571422004,-13.410714285714551,0.23169107856186388,31.500133928571724,-40.634026785714696,0.7752156608718365,31.500133928571724,-40.634026785714696,1.3723234548269116,3.1547767857143914,1.231691078561864,1.5535714285711002,0,1,-0.8928571428577996,4
EURCHF,Jul,7,EURCHF-07-N1R050E12,REPLACEMENT,causal_haar_wavelet,YES,NO,REUSED TEST USED IN RESEARCH HISTORY; INSUFFICIENT TRADES (80/30/30),9,4.751099999999752,3,2.8001999999996485,7.551299999999401,-37.099300000000824,0.20354292399045892,12,11,34.99999999999866,-64.00000000000043,0.5468749999999754,42.551299999998065,-64.00000000000043,0.6648640624999653,42.551299999998065,-64.00000000000043,1.108888690215249,0.6292749999999501,1.4441624365482049,3.1818181818180595,0,2,12.99999999999866,4
EURCHF,Aug,8,EURCHF-08-R41E7,PRESERVED,logistic,YES,NO,REUSED TEST USED IN RESEARCH HISTORY; INSUFFICIENT TRADES (80/30/30),22,-48.100299999999606,12,84.30039999999917,36.200099999999566,-142.50009999999978,0.2540356112030772,34,16,45.100000000000165,-32.50000000000003,1.3876923076923116,81.30009999999973,-142.50009999999978,0.5705266171743028,81.30009999999973,-142.50009999999978,1.1044736533758444,1.0647088235293989,1.559553349875928,2.8187500000000103,0,2,13.100000000000167,4
EURCHF,Sep,9,EURCHF-09-N1R086E04,REPLACEMENT,causal_haar_wavelet,YES,NO,REUSED TEST USED IN RESEARCH HISTORY; INSUFFICIENT TRADES (80/30/30),3,37.20520535714395,1,-14.080250000000625,23.124955357143328,-15.624883928571363,1.4800081372033413,4,2,29.089285714286042,0.0,,52.21424107142937,-15.624883928571363,3.341736252897944,52.21424107142937,-15.624883928571363,1.7784834571945998,5.781238839285832,inf,14.544642857143021,0,0,25.089285714286042,4
EURCHF,Oct,10,EURCHF-10-N1R139E10,REPLACEMENT,wavelet_scale_acceleration,YES,NO,REUSED TEST USED IN RESEARCH HISTORY; INSUFFICIENT TRADES (80/30/30),14,3.000100000002959,5,26.79989999999939,29.800000000002363,-34.99999999999892,0.8514285714286652,19,3,39.09999999999998,0.0,,68.90000000000234,-34.99999999999892,1.968571428571556,68.90000000000234,-34.99999999999892,1.2709090909091205,1.5684210526317033,inf,13.033333333333326,0,3,33.09999999999998,4
EURCHF,Nov,11,EURCHF-11-R46E4,PRESERVED,logistic,YES,NO,REUSED TEST USED IN RESEARCH HISTORY; INSUFFICIENT TRADES (80/30/30),8,76.33100000000171,10,150.7609357142864,227.09193571428813,-38.28588571428565,5.931479224719963,18,1,3.7001000000000417,0.0,,230.79203571428818,-38.28588571428565,6.028123194970844,230.79203571428818,-38.28588571428565,2.849488554101673,12.616218650793785,inf,3.7001000000000417,0,2,1.7001000000000417,4
EURCHF,Dec,12,EURCHF-12-N1R139E11,REPLACEMENT,wavelet_scale_acceleration,YES,NO,REUSED TEST USED IN RESEARCH HISTORY; INSUFFICIENT TRADES (80/30/30),10,57.000300000002476,5,19.149900000000343,76.15020000000283,-54.99999999999892,1.3845490909091696,15,6,23.199999999998234,-12.299999999999809,1.8861788617885036,99.35020000000104,-67.29999999999873,1.4762288261516034,99.35020000000104,-67.29999999999873,1.5813010116061754,5.076680000000189,2.049773755656034,3.8666666666663723,0,2,11.199999999998235,4
EURGBP,Jan,1,EURGBP-01-N1R066E01,REPLACEMENT,wavelet_scale_acceleration,YES,NO,REUSED TEST USED IN RESEARCH HISTORY; INSUFFICIENT TRADES (80/30/30),5,10.723219642856119,5,4.928705357143137,15.651924999999256,-11.258971428571849,1.390173613930614,10,2,5.207142857142637,0.0,,20.85906785714189,-11.258971428571849,1.8526619406998328,20.85906785714189,-11.258971428571849,1.7651748581405082,1.5651924999999256,inf,2.6035714285713185,0,1,0.0,3
EURGBP,Feb,2,EURGBP-02-N1R032E05,REPLACEMENT,causal_haar_wavelet,YES,NO,REUSED TEST USED IN RESEARCH HISTORY; INSUFFICIENT TRADES (80/30/30),9,37.95508749999873,3,13.249425000000652,51.20451249999938,-55.919112500000786,0.9156889337254532,12,6,27.049825000001203,-16.06241250000112,1.6840449714511638,78.25433750000059,-55.919112500000786,1.3994202340031683,78.25433750000059,-55.919112500000786,1.6180821376273293,4.267042708333282,1.7012286486808905,4.508304166666867,0,2,15.049825000001203,4
EURGBP,Mar,3,EURGBP-03-N1R102E09,REPLACEMENT,causal_haar_wavelet,YES,NO,REUSED TEST USED IN RESEARCH HISTORY; INSUFFICIENT TRADES (80/30/30),15,22.000199999995562,7,2.5001999999988023,24.50039999999437,-25.00000000000112,0.980015999999731,22,10,23.399999999997334,-13.00000000000078,1.799999999999687,47.900399999991706,-25.50000000000133,1.8784470588231064,47.900399999991706,-25.50000000000133,1.2425796588890048,1.1136545454542897,1.6157894736841363,2.3399999999997334,0,1,3.3999999999973323,4
EURGBP,Apr,4,EURGBP-04-N1R123E11,REPLACEMENT,causal_haar_wavelet,YES,NO,REUSED TEST USED IN RESEARCH HISTORY; INSUFFICIENT TRADES (80/30/30),20,26.300799999998723,9,7.2002000000012885,33.501000000000005,-83.499699999999,0.4012110223150551,29,8,35.10000000000237,-11.69999999999976,3.0000000000002642,68.60100000000237,-83.499699999999,0.8215718140305078,68.60100000000237,-83.499699999999,1.1554212323190451,1.1552068965517244,2.005730659025914,4.387500000000296,0,2,19.100000000002368,4
EURGBP,May,5,EURGBP-05-N1R007E04,REPLACEMENT,causal_haar_wavelet,YES,NO,REUSED TEST USED IN RESEARCH HISTORY; INSUFFICIENT TRADES (80/30/30),6,32.03783928571403,2,1.3215267857141821,33.35936607142821,-13.107169642856682,2.545123545387912,8,2,16.428571428571132,0.0,,49.787937499999344,-13.107169642856682,3.7985269784871845,49.787937499999344,-13.107169642856682,2.2826988299586093,4.1699207589285265,inf,8.214285714285566,0,0,12.42857142857113,4
EURGBP,Jun,6,EURGBP-06-N1R117E03,REPLACEMENT,causal_haar_wavelet,YES,NO,REUSED TEST USED IN RESEARCH HISTORY; INSUFFICIENT TRADES (80/30/30),14,4.649694642857053,1,10.850074999999295,15.499769642856348,-55.525967857142355,0.27914451996107975,15,4,15.655357142856385,-9.794642857142986,1.5983591613490358,31.155126785712742,-55.525967857142355,0.5610911072431712,31.155126785712742,-55.525967857142355,1.1935958910311828,1.0333179761904232,2.5983591613490358,3.9138392857140962,0,1,7.655357142856385,4
EURGBP,Jul,7,EURGBP-07-N1R120E10,REPLACEMENT,causal_haar_wavelet,YES,NO,REUSED TEST USED IN RESEARCH HISTORY; INSUFFICIENT TRADES (80/30/30),22,2.1003000000036494,6,1.9997000000010594,4.100000000004716,-64.49989999999822,0.0635659900248656,28,16,5.600000000002304,-37.99999999999886,0.1473684210526966,9.700000000007,-64.49989999999822,0.15038783005876394,9.700000000007,-64.49989999999822,1.0247285588316832,0.14642857142873986,1.0664294187426142,0.350000000000144,0,1,-26.399999999997696,2
EURGBP,Aug,8,EURGBP-08-N1R090E12,REPLACEMENT,causal_haar_wavelet,YES,NO,REUSED TEST USED IN RESEARCH HISTORY; INSUFFICIENT TRADES (80/30/30),19,121.04950000000035,6,16.60000000000162,137.64950000000198,-30.45050000000049,4.520434804026199,25,6,0.8999999999998014,-16.19999999999954,0.055555555555544874,138.54950000000179,-30.80009999999882,4.498345784591838,138.54950000000179,-30.80009999999882,2.0230337650678103,5.505980000000079,1.0471204188481573,0.1499999999999669,0,2,-11.100000000000199,4
EURGBP,Sep,9,EURGBP-09-R23E8,PRESERVED,interaction_motif,YES,NO,REUSED TEST USED IN RESEARCH HISTORY; INSUFFICIENT TRADES (80/30/30),16,16.599899999999487,8,58.29909999999773,74.89899999999722,-76.85080000000121,0.9746027367313812,24,11,18.199999999999637,-28.300000000000257,0.6431095406360238,93.09899999999683,-76.85080000000121,1.2114252551696971,66.29939999999621,-76.85080000000121,1.6187371645433002,3.1207916666665505,1.4375000000000033,1.6545454545454215,0,2,-3.800000000000363,4
EURGBP,Oct,10,EURGBP-10-R22E8,PRESERVED,interaction_motif,YES,NO,REUSED TEST USED IN RESEARCH HISTORY; INSUFFICIENT TRADES (80/30/30); UNRESOLVED QUOTE GAPS,2,-3.9993000000010284,4,40.15019999999981,36.150899999998785,-36.499700000000296,0.9904437570719347,6,2,23.100000000000904,-10.600299999999061,2.1791836080113725,59.25089999999969,-36.499700000000296,1.6233256711698782,59.25089999999969,-36.499700000000296,1.6222228724465961,6.0251499999997975,3.179183608011372,11.550000000000452,1,1,19.100000000000904,4
EURGBP,Nov,11,EURGBP-11-N1R015E01,REPLACEMENT,causal_haar_wavelet,YES,NO,REUSED TEST USED IN RESEARCH HISTORY; INSUFFICIENT TRADES (80/30/30),6,13.419696428569896,1,-7.669664285714637,5.750032142855259,-17.52674821428629,0.32807181757585413,7,1,5.626839285713672,0.0,,11.37687142856893,-17.52674821428629,0.649114786694744,11.37687142856893,-17.52674821428629,1.1527886476960625,0.821433163265037,inf,5.626839285713672,0,0,0.0,4
EURGBP,Dec,12,EURGBP-12-N1R118E09,REPLACEMENT,causal_haar_wavelet,YES,NO,REUSED TEST USED IN RESEARCH HISTORY; INSUFFICIENT TRADES (80/30/30),6,6.000499999997976,6,15.00039999999982,21.0008999999978,-31.499500000000396,0.6667058207272348,12,7,6.099999999998067,-12.500000000000009,0.487999999999845,27.10089999999586,-31.499500000000396,0.8603596882488777,27.10089999999586,-31.499500000000396,1.3717006345188478,1.7500749999998166,1.2439999999999172,0.8714285714282953,0,1,-7.900000000001933,3
EURJPY,Jan,1,EURJPY-01-N1R034E08,REPLACEMENT,causal_haar_wavelet,YES,NO,REUSED TEST USED IN RESEARCH HISTORY; INSUFFICIENT TRADES (80/30/30),24,425.50989107143323,16,44.35752321428538,469.8674142857186,-155.00054999999975,3.031391916259132,40,16,133.47160714285792,-57.990374999998835,2.3016165552104226,603.3390214285765,-155.00054999999975,3.8924960035856486,603.3390214285765,-155.00054999999975,1.7353810555711118,11.746685357142965,1.8643008739899076,8.34197544642862,0,2,101.47160714285792,4
EURJPY,Feb,2,EURJPY-02-R33E2,PRESERVED,ridge,YES,NO,REUSED TEST USED IN RESEARCH HISTORY; INSUFFICIENT TRADES (80/30/30); UNRESOLVED QUOTE GAPS,65,-157.8035639285673,6,189.67974107142766,31.876177142860342,-217.76269428570913,0.1463803396050847,71,33,193.63720714286387,-95.03210714285558,2.0375977442211366,225.51338428572421,-217.76269428570913,1.0355923682219232,225.51338428572421,-217.76269428570913,1.0389018545132045,0.4489602414487372,1.5672970058808227,5.86779415584436,1,1,127.63720714286387,4
EURJPY,Mar,3,EURJPY-03-N1R045E05,REPLACEMENT,causal_haar_wavelet,YES,NO,REUSED TEST USED IN RESEARCH HISTORY; INSUFFICIENT TRADES (80/30/30),19,39.35810500000173,15,165.37568750000844,204.73379250001017,-237.87478749999764,0.8606788245686281,34,6,25.114124999996648,-46.2101250000012,0.5434766731316134,229.84791750000682,-237.87478749999764,0.96625590259333,229.84791750000682,-237.87478749999764,1.2186060311772224,6.02158213235324,1.3358047678182676,4.185687499999442,0,2,13.114124999996648,4
EURJPY,Apr,4,EURJPY-04-N1R005E05,REPLACEMENT,causal_haar_wavelet,YES,NO,REUSED TEST USED IN RESEARCH HISTORY; INSUFFICIENT TRADES (80/30/30),36,379.3633500000004,9,60.965996249995555,440.329346249996,-214.8834625000012,2.0491541839800425,45,19,224.45100000000707,-110.99374999999782,2.022194943409079,664.780346250003,-214.8834625000012,3.093678492126863,664.780346250003,-214.8834625000012,1.5563857592788373,9.785096583333244,2.011507565430024,11.813210526316162,0,0,186.45100000000707,4
EURJPY,May,5,EURJPY-05-N1R017E06,REPLACEMENT,causal_haar_wavelet,YES,NO,REUSED TEST USED IN RESEARCH HISTORY; INSUFFICIENT TRADES (80/30/30),78,37.84868124999605,28,71.8780107142851,109.72669196428114,-151.56763392857385,0.723945403911166,106,27,38.564464285725535,-92.60305357142613,0.4164491644541741,148.29115625000668,-151.56763392857385,0.9783827351945653,148.29115625000668,-151.56763392857385,1.1117368189809858,1.035157471361143,1.274734620129326,1.4283134920639087,0,2,-15.435535714274465,4
EURJPY,Jun,6,EURJPY-06-N1R001E02,REPLACEMENT,causal_haar_wavelet,YES,NO,REUSED TEST USED IN RESEARCH HISTORY,92,97.93348642859428,50,102.57317392856748,200.50666035716176,-125.576156249993,1.5966937223177902,142,31,23.787928571434804,-71.19439285713895,0.33412643351237586,224.29458892859657,-149.3242169642906,1.502064390414546,224.29458892859657,-149.3242169642906,1.1528094065500105,1.4120187349095898,1.1126223914745312,0.767352534562413,0,2,-38.212071428565196,2
EURJPY,Jul,7,EURJPY-07-N1R115E03,REPLACEMENT,causal_haar_wavelet,YES,NO,REUSED TEST USED IN RESEARCH HISTORY; INSUFFICIENT TRADES (80/30/30),32,69.79174107144786,13,31.685315178571045,101.4770562500189,-309.30868571427027,0.32807696950275833,45,10,68.39833928571295,-185.38853571428547,0.36894589529055966,169.87539553573185,-309.30868571427027,0.5492099102986634,169.87539553573185,-309.30868571427027,1.09798670076564,2.2550456944448647,1.3166964968650736,6.839833928571295,0,1,48.39833928571295,4
EURJPY,Aug,8,EURJPY-08-N1R019E08,REPLACEMENT,causal_haar_wavelet,YES,NO,REUSED TEST USED IN RESEARCH HISTORY; INSUFFICIENT TRADES (80/30/30),16,37.3050848214325,6,6.304857142851574,43.609941964284076,-198.55354375000047,0.21963819502105447,22,8,39.7080357142886,-39.51050000000066,1.0049995751581968,83.31797767857267,-198.55354375000047,0.41962473247759635,83.31797767857267,-198.55354375000047,1.124524236853662,1.9822700892856397,1.5898795331578877,4.963504464286075,0,1,23.7080357142886,4
EURJPY,Sep,9,EURJPY-09-N1R132E12,REPLACEMENT,causal_haar_wavelet,YES,NO,REUSED TEST USED IN RESEARCH HISTORY; INSUFFICIENT TRADES (80/30/30),23,230.59799999999086,2,14.999999999998863,245.59799999998972,-169.50000000000216,1.4489557522123102,25,14,151.32999999999242,-155.0000000000034,0.9763225806450909,396.92799999998215,-169.50000000000216,2.34175811209426,369.42799999998044,-169.50000000000216,1.5652415069240042,9.823919999999589,1.5934509803921193,10.809285714285172,0,1,123.32999999999242,4
EURJPY,Oct,10,EURJPY-10-N1R107E01,REPLACEMENT,causal_haar_wavelet,YES,NO,REUSED TEST USED IN RESEARCH HISTORY; INSUFFICIENT TRADES (80/30/30),30,61.30734910714466,14,71.14699107142656,132.45434017857121,-95.42475178571237,1.3880501410788386,44,35,12.115996607147395,-65.75495000000103,0.18425984062260262,144.5703367857186,-95.42475178571237,1.5150192594723064,144.5703367857186,-95.42475178571237,1.4564214569327762,3.010325913149346,1.042747702949511,0.3461713316327827,0,3,-57.884003392852605,1
EURJPY,Nov,11,EURJPY-11-N1R074E12,REPLACEMENT,causal_haar_wavelet,YES,NO,REUSED TEST USED IN RESEARCH HISTORY; INSUFFICIENT TRADES (80/30/30),16,143.99999999999181,16,119.9999999999909,263.9999999999827,-212.50000000000284,1.2423529411763727,32,6,79.29889999999546,-50.70110000000227,1.5640469338927934,343.2988999999782,-212.50000000000284,1.6155242352939934,343.2988999999782,-212.50000000000284,1.4024390243902125,8.24999999999946,1.8508365244615466,13.216483333332576,0,2,67.29889999999546,4
EURJPY,Dec,12,EURJPY-12-N1R016E11,REPLACEMENT,causal_haar_wavelet,YES,NO,REUSED TEST USED IN RESEARCH HISTORY; INSUFFICIENT TRADES (80/30/30),11,22.500000000002842,6,15.950999999998885,38.45100000000173,-127.49999999999943,0.3015764705882502,17,4,20.000000000001137,-27.5,0.7272727272727686,58.451000000002864,-127.49999999999943,0.45843921568629903,58.451000000002864,-127.49999999999943,1.1553575757575827,2.2618235294118665,1.3636363636363844,5.000000000000284,0,1,12.000000000001137,4
EURNZD,Jan,1,EURNZD-01-N1R117E11,REPLACEMENT,causal_haar_wavelet,YES,NO,REUSED TEST USED IN RESEARCH HISTORY; INSUFFICIENT TRADES (80/30/30),6,30.000000000001705,7,2.500000000002238,32.50000000000394,-72.49999999999784,0.44827586206903325,13,12,125.00000000000068,-82.49999999999841,1.5151515151515527,157.50000000000463,-117.49999999999619,1.3404255319149765,157.50000000000463,-117.49999999999619,1.1688311688311925,2.5000000000003033,1.9090909090909167,10.416666666666723,0,1,101.00000000000071,4
EURNZD,Feb,2,EURNZD-02-N1R137E06,REPLACEMENT,wavelet_scale_acceleration,YES,NO,REUSED TEST USED IN RESEARCH HISTORY; INSUFFICIENT TRADES (80/30/30),17,97.98035714285368,12,38.30357142856735,136.28392857142103,-91.39464285714214,1.491158828471432,29,10,41.73214285714436,-51.66071428571422,0.8078119599032447,178.0160714285654,-91.39464285714214,1.9477735878548172,178.0160714285654,-91.39464285714214,1.6052212115684577,4.699445812807622,1.293832903753076,4.173214285714436,0,2,21.73214285714436,3
EURNZD,Mar,3,EURNZD-03-R19E8,PRESERVED,interaction_motif,YES,NO,REUSED TEST USED IN RESEARCH HISTORY; INSUFFICIENT TRADES (80/30/30); UNRESOLVED QUOTE GAPS,16,107.40000000000197,8,360.0000000000025,467.4000000000045,-123.49999999999832,3.7846153846154724,24,8,246.39999999999554,-94.4000000000003,2.610169491525368,713.8,-123.49999999999832,5.779757085020321,713.8,-123.49999999999832,2.8222222222222486,19.47500000000019,3.6101694915253684,30.799999999999443,1,2,230.39999999999554,4
EURNZD,Apr,4,EURNZD-04-N1R045E02,REPLACEMENT,causal_haar_wavelet,YES,NO,REUSED TEST USED IN RESEARCH HISTORY; INSUFFICIENT TRADES (80/30/30),30,11.07142857143258,10,125.50000000000004,136.57142857143265,-148.17857142857238,0.9216678717763532,40,20,18.1660714285659,-74.37678571428684,0.24424383568213848,154.73749999999853,-177.48571428571557,0.871830730843514,154.73749999999853,-177.48571428571557,1.2129709559744994,3.4142857142858163,1.090196565206953,0.908303571428295,0,1,-21.8339285714341,3
EURNZD,May,5,EURNZD-05-R05E6,PRESERVED,pullback,YES,NO,REUSED TEST USED IN RESEARCH HISTORY; INSUFFICIENT TRADES (80/30/30),10,-53.09999999999758,8,197.29999999999802,144.20000000000044,-81.62857142857027,1.7665383269163764,18,7,2.457142857141008,-51.52142857142883,0.04769166782195195,146.65714285714145,-81.62857142857027,1.796639831991608,146.65714285714145,-81.62857142857027,1.6394273406816238,8.011111111111136,1.026195552847985,0.3510204081630012,0,2,-11.542857142858992,2
EURNZD,Jun,6,EURNZD-06-N1R049E08,REPLACEMENT,causal_haar_wavelet,YES,NO,REUSED TEST USED IN RESEARCH HISTORY; INSUFFICIENT TRADES (80/30/30),44,209.37321428571198,20,152.75357142857993,362.12678571429194,-151.84999999999673,2.384766451855777,64,37,135.87500000000068,-129.2124999999955,1.0515623488440007,498.00178571429257,-151.84999999999673,3.279563949386258,498.00178571429257,-151.84999999999673,1.3115169613766409,5.658231026785812,1.2613232041542461,3.6722972972973156,0,1,61.87500000000067,4
EURNZD,Jul,7,EURNZD-07-R13E2,PRESERVED,pullback,YES,NO,REUSED TEST USED IN RESEARCH HISTORY; INSUFFICIENT TRADES (80/30/30),10,-90.15714285714179,9,154.2142857142856,64.05714285714382,-169.5071428571415,0.37790232185749467,19,16,87.31785714285903,-64.25714285714062,1.3588817252112815,151.37500000000284,-169.5071428571415,0.8930302136446238,151.37500000000284,-169.5071428571415,1.2317073170731747,3.371428571428622,1.5552300495072038,5.457366071428689,0,1,55.31785714285904,3
EURNZD,Aug,8,EURNZD-08-N1R135E11,REPLACEMENT,wavelet_scale_acceleration,YES,NO,REUSED TEST USED IN RESEARCH HISTORY; INSUFFICIENT TRADES (80/30/30),30,85.00000000000901,5,57.50000000000119,142.5000000000102,-99.9999999999973,1.4250000000001406,35,12,46.60000000000444,-72.49999999999784,0.6427586206897355,189.10000000001466,-99.9999999999973,1.8910000000001976,189.10000000001466,-99.9999999999973,1.2878787878788138,4.071428571428863,1.2824242424242749,3.8833333333337037,0,1,22.600000000004442,3
EURNZD,Sep,9,EURNZD-09-R05E8,PRESERVED,pullback,YES,NO,REUSED TEST USED IN RESEARCH HISTORY; INSUFFICIENT TRADES (80/30/30),8,-96.40000000000313,10,349.89999999999577,253.49999999999267,-139.90000000000305,1.8120085775553048,18,11,223.70000000000476,-82.59999999999769,2.7082324455207143,477.1999999999975,-139.90000000000305,3.4110078627590212,460.099999999995,-139.90000000000305,2.1291759465478464,14.083333333332925,1.9854625550661436,20.33636363636407,0,2,201.70000000000474,4
EURNZD,Oct,10,EURNZD-10-R61E5,PRESERVED,cluster_motif,YES,NO,REUSED TEST USED IN RESEARCH HISTORY; INSUFFICIENT TRADES (80/30/30); UNRESOLVED QUOTE GAPS,3,-55.042857142857116,3,187.69999999999982,132.65714285714267,-99.85714285714181,1.328469241773975,6,2,31.10000000000113,-2.9000000000026205,10.724137931025183,163.75714285714383,-99.85714285714181,1.6399141630901557,163.75714285714383,-99.85714285714181,1.901203416149073,22.10952380952378,11.724137931025183,15.550000000000566,1,1,27.10000000000113,4
EURNZD,Nov,11,EURNZD-11-R15E1,PRESERVED,mean_reversion,YES,NO,REUSED TEST USED IN RESEARCH HISTORY; INSUFFICIENT TRADES (80/30/30),32,247.14285714285475,11,107.04285714285864,354.18571428571335,-136.2499999999994,2.599528178243779,43,5,69.59285714285474,-26.221428571428227,2.654045219286241,423.77857142856806,-136.2499999999994,3.1103014416775774,423.77857142856806,-136.2499999999994,1.9410536703863968,8.236877076411938,3.6540452192862416,13.918571428570948,0,2,59.59285714285475,4
EURNZD,Dec,12,EURNZD-12-R19E5,PRESERVED,interaction_motif,YES,NO,REUSED TEST USED IN RESEARCH HISTORY; INSUFFICIENT TRADES (80/30/30); UNRESOLVED QUOTE GAPS,10,-74.04285714285359,8,388.271428571425,314.2285714285714,-236.68571428571397,1.3276195074843087,18,3,186.8714285714293,-24.90000000000019,7.504876649454935,501.1000000000007,-236.68571428571397,2.117153549010146,501.1000000000007,-236.68571428571397,1.8472056387936695,17.457142857142856,8.504876649454934,62.29047619047643,1,2,180.8714285714293,4
EURUSD,Jan,1,EURUSD-01-R32E4,PRESERVED,interaction_motif,YES,NO,REUSED TEST USED IN RESEARCH HISTORY; INSUFFICIENT TRADES (80/30/30),24,-119.28571428571284,11,197.2700000000008,77.98428571428795,-151.32142857142924,0.515355204153895,35,11,32.6999999999947,-45.521428571430036,0.7183430095714908,110.68428571428262,-151.32142857142924,0.7314514987018881,110.68428571428262,-151.32142857142924,1.157534918619421,2.2281224489796556,1.2987080777762736,2.9727272727267913,0,2,10.699999999994702,4
EURUSD,Feb,2,EURUSD-02-N1R032E11,REPLACEMENT,causal_haar_wavelet,YES,NO,REUSED TEST USED IN RESEARCH HISTORY; INSUFFICIENT TRADES (80/30/30),8,12.000000000000917,4,52.80000000000064,64.80000000000155,-82.49999999999841,0.7854545454545794,12,2,10.000000000000568,-27.499999999999467,0.36363636363639135,74.80000000000211,-82.49999999999841,0.9066666666667098,74.80000000000211,-82.49999999999841,1.471272727272748,5.400000000000129,1.3636363636363913,5.000000000000284,0,3,6.000000000000568,4
EURUSD,Mar,3,EURUSD-03-N1R045E07,REPLACEMENT,causal_haar_wavelet,YES,NO,REUSED TEST USED IN RESEARCH HISTORY; INSUFFICIENT TRADES (80/30/30),35,12.892857142856943,20,89.34821428571496,102.24107142857193,-123.28392857143126,0.8293138660756824,55,6,18.792857142860278,-45.382142857141865,0.41410246320933286,121.03392857143217,-123.28392857143126,0.9817494459653318,121.03392857143217,-123.28392857143126,1.2138391323184488,1.8589285714285806,1.4141024632093329,3.13214285714338,0,1,6.792857142860289,4
EURUSD,Apr,4,EURUSD-04-N1R021E08,REPLACEMENT,causal_haar_wavelet,YES,NO,REUSED TEST USED IN RESEARCH HISTORY; INSUFFICIENT TRADES (80/30/30),37,41.10714285714393,23,81.26517857142943,122.37232142857343,-336.54910714285654,0.3636091103240678,60,23,120.00357142857663,-51.77500000000028,2.317789887563032,242.3758928571501,-336.54910714285654,0.720179871861219,242.3758928571501,-336.54910714285654,1.1344187629397835,2.0395386904762236,1.701775271512152,5.217546583851158,0,1,74.0035714285766,4
EURUSD,May,5,EURUSD-05-R46E8,PRESERVED,logistic,YES,NO,REUSED TEST USED IN RESEARCH HISTORY; INSUFFICIENT TRADES (80/30/30),17,52.55000000000318,6,199.30000000000058,251.85000000000377,-140.49999999999784,1.7925266903915136,23,6,20.000000000002814,-58.199999999998525,0.34364261168390586,271.85000000000656,-140.49999999999784,1.9348754448399341,271.85000000000656,-140.49999999999784,2.0112427223449254,10.950000000000164,1.1845018450184797,3.3333333333338024,0,3,8.000000000002814,4
EURUSD,Jun,6,EURUSD-06-N1R028E07,REPLACEMENT,causal_haar_wavelet,YES,NO,REUSED TEST USED IN RESEARCH HISTORY; INSUFFICIENT TRADES (80/30/30),22,4.542857142858008,15,115.45000000000059,119.99285714285861,-47.27857142857421,2.5379966762349624,37,10,6.760714285713476,-27.407142857142617,0.2466770914776896,126.7535714285721,-47.27857142857421,2.680994107871136,126.7535714285721,-47.27857142857421,1.5359045522697592,3.243050193050233,1.117599552711669,0.6760714285713476,0,3,-13.239285714286524,3
EURUSD,Jul,7,EURUSD-07-N1R005E12,REPLACEMENT,causal_haar_wavelet,YES,NO,REUSED TEST USED IN RESEARCH HISTORY; INSUFFICIENT TRADES (80/30/30),25,244.14999999999938,8,8.900000000002802,253.0500000000022,-143.0000000000009,1.7695804195804237,33,10,8.900000000000034,-63.60000000000004,0.13993710691823946,261.9500000000022,-143.0000000000009,1.8318181818181856,261.9500000000022,-143.0000000000009,1.7586568730325414,7.668181818181885,1.0664179104477605,0.8900000000000035,0,1,-11.099999999999959,3
EURUSD,Aug,8,EURUSD-08-R60E7,PRESERVED,cluster_motif,YES,NO,REUSED TEST USED IN RESEARCH HISTORY; INSUFFICIENT TRADES (80/30/30),10,-45.07999999999788,4,68.19999999999493,23.119999999997056,-115.57999999999596,0.20003460806366036,14,2,54.99999999999783,0.0,,78.11999999999487,-115.57999999999596,0.6758954836476692,78.11999999999487,-115.57999999999596,1.1441396508728017,1.6514285714283612,inf,27.499999999998916,0,2,50.99999999999783,4
EURUSD,Sep,9,EURUSD-09-R51E4,PRESERVED,tree_path,YES,NO,REUSED TEST USED IN RESEARCH HISTORY; INSUFFICIENT TRADES (80/30/30),9,66.45000000000317,3,61.36428571428516,127.81428571428833,-43.49999999999965,2.9382594417078014,12,5,39.0785714285677,-24.81428571428662,1.57484168105909,166.89285714285603,-43.49999999999965,3.836617405582928,166.89285714285603,-43.49999999999965,2.4181328261214237,10.651190476190694,2.5748416810590897,7.81571428571354,0,1,29.07857142856769,4
EURUSD,Oct,10,EURUSD-10-R32E3,PRESERVED,interaction_motif,YES,NO,REUSED TEST USED IN RESEARCH HISTORY; INSUFFICIENT TRADES (80/30/30); UNRESOLVED QUOTE GAPS,17,-55.10726785714315,17,163.12571428571763,108.01844642857448,-79.69655357143054,1.3553716138020893,34,25,34.542857142857194,-66.91785714285885,0.516197897208719,142.56130357143164,-79.69655357143054,1.7888013619517007,142.56130357143164,-79.69655357143054,1.3612310208292406,3.1770131302521905,1.1532125205930805,1.3817142857142877,3,2,-15.457142857142806,4
EURUSD,Nov,11,EURUSD-11-N1R115E06,REPLACEMENT,causal_haar_wavelet,YES,NO,REUSED TEST USED IN RESEARCH HISTORY; INSUFFICIENT TRADES (80/30/30),23,25.945985714289964,21,111.28892857143111,137.2349142857211,-45.89318928571255,2.990311120705769,44,9,17.55535714285413,-13.900000000001409,1.2629753340181549,154.79027142857518,-45.89318928571255,3.3728375351059863,154.79027142857518,-45.89318928571255,1.4199531889246204,3.118975324675479,1.6430113153246007,1.9505952380949034,0,3,-0.44464285714586893,4
EURUSD,Dec,12,EURUSD-12-N1R137E06,REPLACEMENT,wavelet_scale_acceleration,YES,NO,REUSED TEST USED IN RESEARCH HISTORY; INSUFFICIENT TRADES (80/30/30),16,24.89285714285975,17,22.899642857144617,47.79250000000437,-54.285714285714484,0.8803881578948141,33,6,4.142857142855352,-17.61607142857196,0.23517486061823892,51.93535714285972,-54.285714285714484,0.9567039473684651,51.93535714285972,-54.285714285714484,1.2357707534255291,1.448257575757708,1.1781874039937812,0.6904761904758919,0,2,1.9553571428556786,3
GBPJPY,Jan,1,GBPJPY-01-R56E5,PRESERVED,cluster_motif,YES,NO,REUSED TEST USED IN RESEARCH HISTORY; INSUFFICIENT TRADES (80/30/30); UNRESOLVED QUOTE GAPS,9,96.0452957142843,8,721.1437571428593,817.1890528571436,-133.34980000000087,6.128161068536572,17,3,48.23999999999728,-23.99800000000198,2.0101675139592174,865.4290528571408,-133.34980000000087,6.489916391754132,865.4290528571408,-133.34980000000087,3.375837543897007,48.06994428571433,3.0101675139592174,16.079999999999092,1,3,42.23999999999728,4
GBPJPY,Feb,2,GBPJPY-02-N1R037E11,REPLACEMENT,causal_haar_wavelet,YES,NO,REUSED TEST USED IN RESEARCH HISTORY; INSUFFICIENT TRADES (80/30/30),57,243.49900000001526,18,90.00000000000512,333.4990000000204,-127.49999999999943,2.6156784313727206,75,24,10.59300000000519,-141.9069999999988,0.07464748039212499,344.09200000002556,-144.99999999999886,2.373048275862264,344.09200000002556,-144.99999999999886,1.3256826171875196,4.446653333333605,1.0290691452140195,0.4413750000002163,0,3,-37.40699999999481,2
GBPJPY,Mar,3,GBPJPY-03-N1R052E03,REPLACEMENT,causal_haar_wavelet,YES,NO,REUSED TEST USED IN RESEARCH HISTORY; INSUFFICIENT TRADES (80/30/30),42,133.210939285716,27,13.106512500000349,146.31745178571634,-285.2044303571404,0.5130265739648359,69,21,66.095928571429,-69.58083928571227,0.9499156556595478,212.41338035714534,-285.2044303571404,0.7447758791515118,212.41338035714534,-285.2044303571404,1.1050249725577006,2.1205427795031353,1.212333921050818,3.147425170068048,0,1,24.095928571429,4
GBPJPY,Apr,4,GBPJPY-04-N1R049E07,REPLACEMENT,causal_haar_wavelet,YES,NO,REUSED TEST USED IN RESEARCH HISTORY; INSUFFICIENT TRADES (80/30/30),88,313.87740053571235,29,1.0692208928441005,314.94662142855645,-282.05181232143616,1.1166268312065735,117,48,225.02075000000048,-101.21714285714233,2.223148605543967,539.9673714285569,-282.05181232143616,1.9144261722140297,539.9673714285569,-282.05181232143616,1.1933754995173285,2.6918514652013372,1.5334501679027777,4.687932291666677,0,1,129.02075000000048,4
GBPJPY,May,5,GBPJPY-05-R56E3,PRESERVED,cluster_motif,YES,NO,REUSED TEST USED IN RESEARCH HISTORY; INSUFFICIENT TRADES (80/30/30),22,367.9025785714299,6,242.9140496428522,610.8166282142821,-46.615889285714616,13.1031851493921,28,9,45.84907142856821,-42.85207142857132,1.0699382760292577,656.6656996428503,-46.615889285714616,14.086735439456364,656.6656996428503,-46.615889285714616,3.695465165806588,21.814879579081502,1.4108805208987234,5.094341269840912,0,3,27.84907142856821,4
GBPJPY,Jun,6,GBPJPY-06-N1R001E04,REPLACEMENT,causal_haar_wavelet,YES,NO,REUSED TEST USED IN RESEARCH HISTORY; INSUFFICIENT TRADES (80/30/30),59,41.750150000006556,21,132.79766517857524,174.5478151785818,-429.47527946428295,0.4064210992453594,80,22,32.06789285714933,-119.25246428571086,0.2689075907087296,206.61570803573113,-429.47527946428295,0.4810887096772102,206.61570803573113,-429.47527946428295,1.1077652002981002,2.1818476897322725,1.0961399103423464,1.4576314935067878,0,2,-11.932107142850668,3
GBPJPY,Jul,7,GBPJPY-07-R56E8,PRESERVED,cluster_motif,YES,NO,REUSED TEST USED IN RESEARCH HISTORY; INSUFFICIENT TRADES (80/30/30),11,155.60029999999813,7,479.2010000000016,634.8012999999997,-205.0,3.096591707317072,18,4,51.59699999999759,-45.90300000000241,1.124044180118835,686.3982999999973,-205.0,3.3482843902438892,686.3982999999973,-205.0,2.8892968931129874,35.266738888888874,2.124044180118835,12.899249999999398,0,2,43.59699999999759,4
GBPJPY,Aug,8,GBPJPY-08-N1R069E03,REPLACEMENT,wavelet_scale_acceleration,YES,NO,REUSED TEST USED IN RESEARCH HISTORY; INSUFFICIENT TRADES (80/30/30),23,241.8046848214334,6,54.213678571424,296.0183633928574,-221.81211607142927,1.3345455092161502,29,6,99.17180357142911,-17.497946428570685,5.667625282558939,395.1901669642865,-221.81211607142927,1.781643735083547,395.1901669642865,-221.81211607142927,1.6433977465219807,10.207529772167497,6.667625282558939,16.52863392857152,0,2,87.17180357142911,4
GBPJPY,Sep,9,GBPJPY-09-N1R071E02,REPLACEMENT,causal_haar_wavelet,YES,NO,REUSED TEST USED IN RESEARCH HISTORY; INSUFFICIENT TRADES (80/30/30),71,0.968105357134732,11,4.670501607146207,5.638606964280939,-256.595827678571,0.02197466348261996,82,44,144.49714285714435,-195.17416071428613,0.7403497590476259,150.1357498214253,-256.595827678571,0.5851059667637905,111.1614780357121,-256.595827678571,1.0047839996224803,0.0687634995644017,1.2411784596433166,3.284025974026008,0,1,56.497142857144354,4
GBPJPY,Oct,10,GBPJPY-10-R53E3,PRESERVED,cluster_motif,YES,NO,REUSED TEST USED IN RESEARCH HISTORY; INSUFFICIENT TRADES (80/30/30),6,57.565664285716025,6,188.02914285714166,245.5948071428577,-78.07667857142746,3.145559104671421,12,7,60.34917857142659,-84.51543571428488,0.7140610240174898,305.9439857142843,-84.51543571428488,3.6199776186277575,305.9439857142843,-84.51543571428488,2.4199972164426637,20.466233928571473,1.4650474567876588,8.621311224489514,0,2,46.34917857142659,4
GBPJPY,Nov,11,GBPJPY-11-R59E5,PRESERVED,cluster_motif,YES,NO,REUSED TEST USED IN RESEARCH HISTORY; INSUFFICIENT TRADES (80/30/30),5,3.2154428571402605,3,309.1444428571424,312.35988571428265,-54.7859857142862,5.701455977141076,8,1,68.89899999999955,0.0,,381.2588857142822,-54.7859857142862,6.959058612225785,381.2588857142822,-54.7859857142862,3.2345648012480637,39.04498571428533,inf,68.89899999999955,0,3,66.89899999999955,4
GBPJPY,Dec,12,GBPJPY-12-R53E4,PRESERVED,cluster_motif,YES,NO,REUSED TEST USED IN RESEARCH HISTORY; INSUFFICIENT TRADES (80/30/30); UNRESOLVED QUOTE GAPS,18,-72.61257785714122,3,240.46007142856809,167.84749357142687,-281.80631428571246,0.5956129620333944,21,4,14.317714285709258,-53.9317142857152,0.26547856813632875,182.16520785713612,-281.80631428571246,0.6464198941704546,182.16520785713612,-281.80631428571246,1.2022030131701942,7.992737789115565,1.1560995059589616,3.5794285714273144,5,1,6.317714285709258,4
GBPUSD,Jan,1,GBPUSD-01-R14E8,PRESERVED,breakout,YES,NO,REUSED TEST USED IN RESEARCH HISTORY; INSUFFICIENT TRADES (80/30/30),7,-70.99999999999741,3,225.49999999999875,154.5000000000013,-177.50000000000125,0.8704225352112689,10,2,66.40000000000146,0.0,,220.90000000000276,-177.50000000000125,1.2445070422535278,220.90000000000276,-177.50000000000125,1.8704225352112689,15.45000000000013,inf,33.20000000000073,0,1,62.40000000000146,4
GBPUSD,Feb,2,GBPUSD-02-N1R070E09,REPLACEMENT,wavelet_scale_acceleration,YES,NO,REUSED TEST USED IN RESEARCH HISTORY; INSUFFICIENT TRADES (80/30/30),6,5.009326287108706e-12,3,12.500000000002238,12.500000000007248,-24.999999999997797,0.500000000000334,9,3,12.500000000002238,-12.499999999998899,1.0000000000002671,25.000000000009486,-24.999999999997797,1.0000000000004676,25.000000000009486,-24.999999999997797,1.250000000000167,1.3888888888896942,2.0000000000002673,4.166666666667413,0,1,6.500000000002238,4
GBPUSD,Mar,3,GBPUSD-03-N1R061E03,REPLACEMENT,causal_haar_wavelet,YES,NO,REUSED TEST USED IN RESEARCH HISTORY; INSUFFICIENT TRADES (80/30/30),59,50.196428571427745,27,46.03571428571518,96.23214285714292,-229.55357142857366,0.4192143134966901,86,11,35.667857142856214,-82.66071428571358,0.4314970836033625,131.89999999999915,-229.55357142857366,0.5745935433683299,131.89999999999915,-229.55357142857366,1.0975781992666698,1.1189784053156153,1.275465453040953,3.2425324675323832,0,1,13.66785714285621,3
GBPUSD,Apr,4,GBPUSD-04-R52E5,PRESERVED,tree_path,YES,NO,REUSED TEST USED IN RESEARCH HISTORY; INSUFFICIENT TRADES (80/30/30),16,97.50000000000597,6,236.68571428571653,334.18571428572244,-96.49999999999908,3.463064396743271,22,10,10.114285714283866,-85.55714285714416,0.11821673067287693,344.30000000000626,-115.2142857142857,2.988344699318096,344.30000000000626,-115.2142857142857,2.3260586134573416,15.19025974026011,1.0625165562913792,1.0114285714283866,0,3,-9.885714285716134,3
GBPUSD,May,5,GBPUSD-05-N1R042E08,REPLACEMENT,causal_haar_wavelet,YES,NO,REUSED TEST USED IN RESEARCH HISTORY; INSUFFICIENT TRADES (80/30/30),19,9.805357142858337,9,53.60357142857405,63.40892857143238,-121.16785714285342,0.5233147640522773,28,6,2.9821428571424953,-61.074999999999875,0.048827553944207965,66.39107142857488,-121.16785714285342,0.547926430276816,66.39107142857488,-121.16785714285342,1.2186043648228688,2.2646045918368705,1.0410339574426215,0.4970238095237492,0,1,-9.017857142857505,2
GBPUSD,Jun,6,GBPUSD-06-N1R029E06,REPLACEMENT,causal_haar_wavelet,YES,NO,REUSED TEST USED IN RESEARCH HISTORY; INSUFFICIENT TRADES (80/30/30),22,36.112499999996814,13,20.246428571430748,56.35892857142757,-78.01249999999646,0.7224345915261031,35,8,3.6267857142857807,-21.37499999999875,0.1696741854636722,59.98571428571335,-78.01249999999646,0.7689243939845034,59.98571428571335,-78.01249999999646,1.2512638425590474,1.6102551020407876,1.0776970160673323,0.4533482142857226,0,2,-12.37321428571422,1
GBPUSD,Jul,7,GBPUSD-07-N1R071E08,REPLACEMENT,causal_haar_wavelet,YES,NO,REUSED TEST USED IN RESEARCH HISTORY; INSUFFICIENT TRADES (80/30/30),33,82.03571428571843,35,64.28928571429441,146.32500000001278,-144.38035714285277,1.0134688879820122,68,20,25.051785714290723,-62.621428571427984,0.40005132884689565,171.3767857143035,-144.38035714285277,1.1869813117634826,171.3767857143035,-144.38035714285277,1.2068563350415453,2.1518382352943055,1.1349136894744716,1.2525892857145362,0,2,-14.948214285709284,3
GBPUSD,Aug,8,GBPUSD-08-R45E3,PRESERVED,logistic,YES,NO,REUSED TEST USED IN RESEARCH HISTORY; INSUFFICIENT TRADES (80/30/30),28,-91.28571428571038,13,134.65714285714165,43.3714285714313,-181.67857142856593,0.23872616473365701,41,6,34.11428571428678,-18.142857142856847,1.8803149606300107,77.48571428571807,-181.67857142856593,0.4264989188126935,77.48571428571807,-181.67857142856593,1.0899209193495905,1.057839721254422,1.967585089141062,5.685714285714464,0,3,22.114285714286776,4
GBPUSD,Sep,9,GBPUSD-09-N1R087E08,REPLACEMENT,causal_haar_wavelet,YES,NO,REUSED TEST USED IN RESEARCH HISTORY; INSUFFICIENT TRADES (80/30/30),47,49.51785714286154,19,8.998214285713999,58.51607142857555,-175.9357142857126,0.3325991636555826,66,32,6.557142857146545,-90.28749999999724,0.07262514586345557,65.0732142857221,-175.9357142857126,0.36986927043161794,65.0732142857221,-175.9357142857126,1.087505574411389,0.8866071428572053,1.0236591840416625,0.20491071428582952,0,2,-57.442857142853455,1
GBPUSD,Oct,10,GBPUSD-10-N1R082E12,REPLACEMENT,causal_haar_wavelet,YES,NO,REUSED TEST USED IN RESEARCH HISTORY; INSUFFICIENT TRADES (80/30/30),11,41.00000000000243,11,30.499999999998032,71.50000000000051,-142.00000000000207,0.5035211267605596,22,10,89.19999999999763,-85.00000000000007,1.0494117647058536,160.69999999999808,-162.8000000000023,0.9871007371007113,160.69999999999808,-162.8000000000023,1.1752450980392162,3.250000000000023,1.5479115479115302,8.919999999999764,0,1,69.19999999999763,4
GBPUSD,Nov,11,GBPUSD-11-R16E8,PRESERVED,candle_impulse,YES,NO,REUSED TEST USED IN RESEARCH HISTORY; INSUFFICIENT TRADES (80/30/30); UNRESOLVED QUOTE GAPS,8,219.99999999999798,8,215.50000000000182,435.4999999999998,-54.49999999999872,7.990825688073578,16,6,81.40000000000315,-61.69999999999842,1.319286871961187,516.9000000000028,-61.699999999998454,8.37763371150755,516.9000000000028,-61.699999999998454,3.9726962457337884,27.218749999999986,2.3192868719611868,13.56666666666719,1,2,69.40000000000315,4
GBPUSD,Dec,12,GBPUSD-12-N1R006E08,REPLACEMENT,causal_haar_wavelet,YES,NO,REUSED TEST USED IN RESEARCH HISTORY; INSUFFICIENT TRADES (80/30/30),20,163.66964285714386,7,4.464285714288767,168.1339285714326,-136.45535714285674,1.2321533730288887,27,13,62.78035714285953,-45.962499999999125,1.3659038812697466,230.91428571429213,-152.38749999999527,1.515309889028295,230.91428571429213,-152.38749999999527,1.4108970302646955,6.227182539682689,1.5426719147951258,4.829258241758425,0,2,36.78035714285953,4
NZDCAD,Jan,1,NZDCAD-01-R41E7,PRESERVED,logistic,YES,NO,REUSED TEST USED IN RESEARCH HISTORY; INSUFFICIENT TRADES (80/30/30); UNRESOLVED QUOTE GAPS,16,-55.80070000000159,13,123.50000000000168,67.6993000000001,-96.30030000000093,0.7030019636491209,29,13,2.1000000000001737,-44.900000000000766,0.046770601336305964,69.79930000000029,-96.30030000000093,0.7248087492977655,69.79930000000029,-96.30030000000093,1.2071577570060277,2.3344586206896585,1.0157776108189345,0.1615384615384749,1,3,-23.89999999999982,3
NZDCAD,Feb,2,NZDCAD-02-N1R013E12,REPLACEMENT,causal_haar_wavelet,YES,NO,REUSED TEST USED IN RESEARCH HISTORY; INSUFFICIENT TRADES (80/30/30),4,9.999900000000622,3,24.499400000000122,34.499300000000744,-42.500000000000036,0.8117482352941344,7,4,11.500000000000966,-31.299999999999102,0.3674121405751213,45.99930000000171,-42.500000000000036,1.0823364705882745,45.99930000000171,-42.500000000000036,1.4963920915221869,4.928471428571535,1.3674121405751214,2.8750000000002416,0,2,3.5000000000009663,4
NZDCAD,Mar,3,NZDCAD-03-N1R007E09,REPLACEMENT,causal_haar_wavelet,YES,NO,REUSED TEST USED IN RESEARCH HISTORY; INSUFFICIENT TRADES (80/30/30),9,22.499999999997264,10,9.999999999997256,32.49999999999452,-27.500000000001116,1.1818181818179347,19,1,0.10000000000037979,0.0,,32.5999999999949,-27.500000000001116,1.185454545454312,32.5999999999949,-27.500000000001116,1.3513513513512918,1.7105263157891855,inf,0.10000000000037979,0,1,-1.8999999999996202,4
NZDCAD,Apr,4,NZDCAD-04-R57E4,PRESERVED,cluster_motif,YES,NO,REUSED TEST USED IN RESEARCH HISTORY; INSUFFICIENT TRADES (80/30/30),9,-66.12029285714164,5,225.10805714285624,158.9877642857146,-94.1246214285704,1.68911982723211,14,6,69.32142857142667,-23.542857142857805,2.944478155339642,228.3091928571413,-94.1246214285704,2.425605430247614,228.3091928571413,-94.1246214285704,2.101218092397046,11.356268877551043,3.4631979695429838,11.55357142857111,0,2,57.321428571426665,4
NZDCAD,May,5,NZDCAD-05-N1R096E10,REPLACEMENT,causal_haar_wavelet,YES,NO,REUSED TEST USED IN RESEARCH HISTORY; INSUFFICIENT TRADES (80/30/30),12,12.699900000002787,10,2.7888802378583932e-12,12.699900000005574,-74.80009999999731,0.16978453237370042,22,9,24.800000000001226,-34.99999999999892,0.7085714285714855,37.49990000000678,-74.80009999999731,0.5013348912636231,37.49990000000678,-74.80009999999731,1.0706334423618562,0.5772681818184352,1.4679245283019222,2.755555555555692,0,1,6.800000000001226,4
NZDCAD,Jun,6,NZDCAD-06-R16E5,PRESERVED,candle_impulse,YES,NO,REUSED TEST USED IN RESEARCH HISTORY; INSUFFICIENT TRADES (80/30/30),24,-79.66315714285736,3,101.77190000000085,22.1087428571435,-177.3628999999979,0.12465257873627328,27,13,16.357142857140502,-54.22857142857366,0.30163329820858487,38.46588571428394,-177.3628999999979,0.21687672965588858,38.46588571428394,-177.3628999999979,1.0826632707117831,0.8188423280423519,1.1176651937108033,1.258241758241577,0,1,-9.6428571428595,4
NZDCAD,Jul,7,NZDCAD-07-N1R025E10,REPLACEMENT,causal_haar_wavelet,YES,NO,REUSED TEST USED IN RESEARCH HISTORY; INSUFFICIENT TRADES (80/30/30),24,88.14970000000537,10,17.59900000000316,105.74870000000854,-34.99999999999892,3.021391428571766,34,24,11.700000000006739,-49.69999999999473,0.23541247484925512,117.44870000001526,-49.699999999994674,2.3631529175055905,117.44870000001526,-49.699999999994674,1.5398084945207489,3.1102558823531923,1.0632090761750794,0.48750000000028076,0,2,-36.29999999999326,4
NZDCAD,Aug,8,NZDCAD-08-N1R085E12,REPLACEMENT,causal_haar_wavelet,YES,NO,REUSED TEST USED IN RESEARCH HISTORY; INSUFFICIENT TRADES (80/30/30),1,1.5000999999989517,2,10.900100000000306,12.400199999999257,-1.399700000000168,8.859184110879308,3,1,14.300000000000146,0.0,,26.700199999999406,-1.399700000000168,19.075659069797958,26.700199999999406,-1.399700000000168,9.859184110879308,4.133399999999752,inf,14.300000000000146,0,1,12.300000000000146,4
NZDCAD,Sep,9,NZDCAD-09-N1R140E07,REPLACEMENT,wavelet_scale_acceleration,YES,NO,REUSED TEST USED IN RESEARCH HISTORY; INSUFFICIENT TRADES (80/30/30),2,-0.025485714285062855,2,18.500012500000665,18.474526785715604,-11.983535714285285,1.5416590917897932,4,3,4.523214285714621,-19.50178571428595,0.23193846717335015,22.997741071430227,-19.50178571428595,1.1792633458475204,22.997741071430227,-19.50178571428595,2.5416590917897928,4.618631696428901,1.2319384671733502,1.5077380952382071,0,1,-1.4767857142853789,4
NZDCAD,Oct,10,NZDCAD-10-R13E4,PRESERVED,pullback,YES,NO,REUSED TEST USED IN RESEARCH HISTORY; INSUFFICIENT TRADES (80/30/30),8,-76.46652142856979,11,128.0527428571435,51.58622142857371,-76.46652142856979,0.6746249268938213,19,9,37.721821428568795,-27.614285714285252,1.3660256078633521,89.30804285714251,-76.46652142856979,1.1679365189976434,89.30804285714251,-76.46652142856979,1.2309823915237916,2.715064285714406,1.6604690444471355,4.191313492063199,0,3,19.721821428568795,4
NZDCAD,Nov,11,NZDCAD-11-R16E4,PRESERVED,candle_impulse,YES,NO,REUSED TEST USED IN RESEARCH HISTORY; INSUFFICIENT TRADES (80/30/30); UNRESOLVED QUOTE GAPS,4,-82.19092857142839,9,182.65393571428507,100.46300714285668,-82.19092857142839,1.2223125944555897,13,7,102.35783571428544,-24.528528571429447,4.17301165930967,202.8208428571421,-82.19092857142839,2.4676791755781147,202.8208428571421,-82.19092857142839,1.8544199863315343,7.727923626373591,3.6567109584784285,14.622547959183635,1,3,88.35783571428544,4
NZDCAD,Dec,12,NZDCAD-12-R30E3,PRESERVED,interaction_motif,YES,NO,REUSED TEST USED IN RESEARCH HISTORY; INSUFFICIENT TRADES (80/30/30),2,-21.400099999999142,3,63.67108571428554,42.2709857142864,-21.400099999999142,1.9752704760392752,5,1,14.142857142856737,0.0,,56.41384285714314,-21.400099999999142,2.636148562723791,56.41384285714314,-21.400099999999142,2.975270476039275,8.454197142857279,inf,14.142857142856737,0,3,12.142857142856737,4
NZDUSD,Jan,1,NZDUSD-01-R42E4,PRESERVED,logistic,YES,NO,REUSED TEST USED IN RESEARCH HISTORY; INSUFFICIENT TRADES (80/30/30),8,-108.57120000000052,5,147.5003357142865,38.92913571428599,-124.07120000000074,0.3137644813162584,13,5,74.33571428571346,-13.228571428572087,5.619330453563373,113.26484999999943,-124.07120000000074,0.9129020272230682,113.26484999999943,-124.07120000000074,1.2809313569385783,2.9945489010989226,6.619330453563373,14.867142857142692,0,2,64.33571428571346,4
NZDUSD,Feb,2,NZDUSD-02-N1R136E10,REPLACEMENT,wavelet_scale_acceleration,YES,NO,REUSED TEST USED IN RESEARCH HISTORY; INSUFFICIENT TRADES (80/30/30),12,5.000100000002192,8,31.999800000002146,36.99990000000433,-47.499899999999535,0.7789469030462105,20,4,13.400000000001196,-21.59999999999884,0.6203703703704591,50.39990000000554,-47.499899999999535,1.061052760111201,50.39990000000554,-47.499899999999535,1.2426224541786928,1.8499950000002165,1.620370370370459,3.350000000000299,0,2,5.400000000001196,3
NZDUSD,Mar,3,NZDUSD-03-N1R038E03,REPLACEMENT,causal_haar_wavelet,YES,NO,REUSED TEST USED IN RESEARCH HISTORY; INSUFFICIENT TRADES (80/30/30),27,39.97303571428057,13,71.25017857142788,111.22321428570842,-78.883410714288,1.4099696410003577,40,4,4.874999999999748,-33.68749999999976,0.1447124304267097,116.09821428570817,-78.883410714288,1.471769707146797,116.09821428570817,-78.883410714288,1.3740615707447172,2.7805803571427106,1.1447124304267096,1.218749999999937,0,2,-3.1250000000002522,4
NZDUSD,Apr,4,NZDUSD-04-N1R067E05,REPLACEMENT,wavelet_scale_acceleration,YES,NO,REUSED TEST USED IN RESEARCH HISTORY; INSUFFICIENT TRADES (80/30/30),13,95.56213749999684,11,45.3946500000005,140.95678749999735,-63.499949999999416,2.219793677002874,24,13,3.4375000000017213,-79.22499999999998,0.043389081729273866,144.39428749999905,-79.225,1.8225848848216986,144.39428749999905,-79.225,1.5802028832060275,5.873199479166556,1.0308884645625225,0.2644230769232093,0,3,-22.562499999998277,1
NZDUSD,May,5,NZDUSD-05-N1R116E10,REPLACEMENT,causal_haar_wavelet,YES,NO,REUSED TEST USED IN RESEARCH HISTORY; INSUFFICIENT TRADES (80/30/30),17,55.999500000003295,7,0.6130000000018185,56.6125000000051,-62.499999999998664,0.905800000000101,24,8,5.700000000001825,-34.99999999999892,0.16285714285720004,62.31250000000692,-96.88699999999578,0.6431461393170357,62.31250000000692,-96.88699999999578,1.3690815744438563,2.358854166666879,1.1085714285714667,0.7125000000002282,0,1,-10.299999999998175,3
NZDUSD,Jun,6,NZDUSD-06-N1R088E12,REPLACEMENT,causal_haar_wavelet,YES,NO,REUSED TEST USED IN RESEARCH HISTORY; INSUFFICIENT TRADES (80/30/30),9,2.5501000000002936,5,30.958499999999837,33.508600000000136,-42.500000000000036,0.7884376470588261,14,13,104.20000000000073,-69.80000000000068,1.492836676217761,137.70860000000087,-69.80000000000068,1.9729025787965548,137.70860000000087,-69.80000000000068,1.2423263725169738,2.3934714285714382,2.0945378151260545,8.015384615384672,0,2,78.20000000000071,4
NZDUSD,Jul,7,NZDUSD-07-N1R087E08,REPLACEMENT,causal_haar_wavelet,YES,NO,REUSED TEST USED IN RESEARCH HISTORY; INSUFFICIENT TRADES (80/30/30),36,187.42101071428937,26,82.55366071428688,269.97467142857624,-81.59802857142654,3.3085930647485546,62,15,36.30178571428698,-37.94999999999853,0.9565687935253856,306.2764571428632,-81.59802857142654,3.7534786379644602,306.2764571428632,-81.59802857142654,1.7888799321048945,4.354430184331875,1.464291424003681,2.420119047619132,0,2,6.301785714286968,4
NZDUSD,Aug,8,NZDUSD-08-N1R032E03,REPLACEMENT,causal_haar_wavelet,YES,NO,REUSED TEST USED IN RESEARCH HISTORY; INSUFFICIENT TRADES (80/30/30),12,1.419582142858669,7,10.212642857141702,11.632225000000364,-30.937544642856693,0.3759905685561954,19,7,0.7303571428588107,-13.926785714285232,0.052442620848948344,12.362582142859182,-30.937544642856693,0.3995980380981408,12.362582142859182,-30.937544642856693,1.1018348433100542,0.6122223684210718,1.0226154271496237,0.10433673469411582,0,2,-13.26964285714119,1
NZDUSD,Sep,9,NZDUSD-09-N1R132E12,REPLACEMENT,causal_haar_wavelet,YES,NO,REUSED TEST USED IN RESEARCH HISTORY; INSUFFICIENT TRADES (80/30/30),9,13.999899999999911,7,25.359200000001653,39.35910000000156,-105.49549999999905,0.3730879516188076,16,9,84.50000000000153,-15.799999999999422,5.348101265823078,123.85910000000311,-105.49549999999905,1.1740699840277948,123.85910000000311,-105.49549999999905,1.2049121736545532,2.4599437500000976,3.4351585014410837,9.38888888888906,0,2,66.50000000000153,4
NZDUSD,Oct,10,NZDUSD-10-R37E7,PRESERVED,ridge,YES,NO,REUSED TEST USED IN RESEARCH HISTORY; INSUFFICIENT TRADES (80/30/30); UNRESOLVED QUOTE GAPS,16,-60.499699999999585,18,230.49890000000073,169.99920000000114,-104.49989999999964,1.6267881596059108,34,14,9.584599999999412,-76.90469999999976,0.1246295740052226,179.58380000000056,-104.49989999999964,1.718506907662124,179.58380000000056,-104.49989999999964,1.6227060956254007,4.999976470588269,1.0616708511511688,0.6846142857142438,2,2,-18.41540000000059,2
NZDUSD,Nov,11,NZDUSD-11-N1R016E03,REPLACEMENT,causal_haar_wavelet,YES,NO,REUSED TEST USED IN RESEARCH HISTORY; INSUFFICIENT TRADES (80/30/30),6,4.812269642857089,4,14.044100000000237,18.856369642857324,-46.89316785714214,0.40211336756566285,10,6,1.874751785715958,-20.0188857142855,0.09364915772400524,20.73112142857329,-46.89316785714214,0.4420925771474789,20.73112142857329,-46.89316785714214,1.2648165944493583,1.8856369642857325,1.0855313454412558,0.31245863095265963,0,1,-10.125248214284042,3
NZDUSD,Dec,12,NZDUSD-12-N1R086E05,REPLACEMENT,causal_haar_wavelet,YES,NO,REUSED TEST USED IN RESEARCH HISTORY; INSUFFICIENT TRADES (80/30/30),4,39.37569999999947,6,32.37475000000102,71.75045000000048,-38.25017500000027,1.8758201759861224,10,2,5.325000000001028,-14.674999999999825,0.36286201022153947,77.07545000000151,-38.25017500000027,2.0150352253290595,77.07545000000151,-38.25017500000027,1.9712363558222294,7.175045000000049,1.3628620102215394,2.662500000000514,0,1,1.325000000001026,3
USDCAD,Jan,1,USDCAD-01-N1R065E10,REPLACEMENT,wavelet_scale_acceleration,YES,NO,REUSED TEST USED IN RESEARCH HISTORY; INSUFFICIENT TRADES (80/30/30),31,89.99999999999376,15,6.499999999995158,96.49999999998893,-70.00000000000227,1.3785714285712256,46,13,16.3999999999984,-35.00000000000114,0.46857142857136763,112.89999999998727,-83.00000000000942,1.3602409638551138,112.89999999998727,-83.00000000000942,1.2884902840059356,2.0978260869562813,1.2213225371119802,1.2615384615383385,0,2,-9.60000000000161,3
USDCAD,Feb,2,USDCAD-02-N1R067E02,REPLACEMENT,wavelet_scale_acceleration,YES,NO,REUSED TEST USED IN RESEARCH HISTORY; INSUFFICIENT TRADES (80/30/30),43,26.982142857139664,8,12.392857142853334,39.374999999992994,-121.94642857142831,0.3228876848732775,51,19,31.564285714287593,-44.617857142858476,0.7074361642520021,70.93928571428057,-121.94642857142831,0.5817249963391009,70.93928571428057,-121.94642857142831,1.1098244303324414,0.7720588235292744,1.3560909768528953,1.6612781954888207,0,1,-6.4357142857124146,4
USDCAD,Mar,3,USDCAD-03-R22E8,PRESERVED,interaction_motif,YES,NO,REUSED TEST USED IN RESEARCH HISTORY; INSUFFICIENT TRADES (80/30/30); UNRESOLVED QUOTE GAPS,4,-37.00000000000369,3,292.5000000000002,255.49999999999656,-61.50000000000155,4.154471544715286,7,2,29.599999999997966,-0.20000000000047535,147.99999999963808,285.0999999999945,-61.50000000000155,4.635772357723371,285.0999999999945,-61.50000000000155,4.406666666666505,36.49999999999951,148.99999999963808,14.799999999998983,1,2,25.599999999997966,4
USDCAD,Apr,4,USDCAD-04-R27E8,PRESERVED,interaction_motif,YES,NO,REUSED TEST USED IN RESEARCH HISTORY; INSUFFICIENT TRADES (80/30/30),6,83.49999999999915,6,251.89999999999657,335.3999999999957,-112.50000000000036,2.9813333333332857,12,8,143.29999999999953,-72.50000000000034,1.9765517241379151,478.69999999999516,-112.50000000000036,4.255111111111055,478.69999999999516,-112.50000000000036,3.3619718309858686,27.949999999999644,2.9765517241379156,17.91249999999994,0,2,127.29999999999953,4
USDCAD,May,5,USDCAD-05-N1R004E11,REPLACEMENT,causal_haar_wavelet,YES,NO,REUSED TEST USED IN RESEARCH HISTORY; INSUFFICIENT TRADES (80/30/30),19,1.100000000009743,5,42.39999999999994,43.50000000000969,-124.49999999999655,0.34939759036153334,24,17,82.89999999999773,-54.999999999998934,1.5072727272727153,126.40000000000742,-124.49999999999655,1.0152610441767946,126.40000000000742,-124.49999999999655,1.1436117530538494,1.812500000000404,1.6823045267489465,4.87647058823516,0,1,48.89999999999773,4
USDCAD,Jun,6,USDCAD-06-N1R069E08,REPLACEMENT,wavelet_scale_acceleration,YES,NO,REUSED TEST USED IN RESEARCH HISTORY; INSUFFICIENT TRADES (80/30/30),9,12.651785714289119,3,44.189285714286996,56.841071428576114,-28.312499999999794,2.007631661936478,12,8,9.723214285710675,-22.537500000002204,0.43142381744690955,66.56428571428678,-28.312499999999794,2.3510564490697488,66.56428571428678,-28.312499999999794,1.5625740089429838,4.736755952381343,1.1948051948051093,1.2154017857138344,0,1,-6.276785714289325,4
USDCAD,Jul,7,USDCAD-07-N1R065E06,REPLACEMENT,wavelet_scale_acceleration,YES,NO,REUSED TEST USED IN RESEARCH HISTORY; INSUFFICIENT TRADES (80/30/30),40,59.33928571428835,23,44.20892857142899,103.54821428571734,-54.201785714284,1.9104207162390388,63,12,1.1017857142847909,-34.49285714285626,0.03194243114513868,104.65000000000212,-54.201785714284,1.930748196224526,104.65000000000212,-54.201785714284,1.2959788889115877,1.6436224489796403,1.0204467126192833,0.09181547619039925,0,3,-13.3357142857143,2
USDCAD,Aug,8,USDCAD-08-N1R123E11,REPLACEMENT,causal_haar_wavelet,YES,NO,REUSED TEST USED IN RESEARCH HISTORY; INSUFFICIENT TRADES (80/30/30),25,89.50000000000546,12,5.200000000004113,94.70000000000958,-103.69999999999794,0.9132111861139003,37,14,1.9000000000041553,-79.0999999999975,0.02402022756010386,96.60000000001375,-103.69999999999794,0.9315332690454742,96.60000000001375,-103.69999999999794,1.2484912096562883,2.559459459459718,1.013121546961355,0.13571428571458252,0,2,-26.099999999995845,2
USDCAD,Sep,9,USDCAD-09-R55E7,PRESERVED,cluster_motif,YES,NO,REUSED TEST USED IN RESEARCH HISTORY; INSUFFICIENT TRADES (80/30/30),13,-18.000000000000504,9,116.19999999999382,98.19999999999332,-94.99999999999731,1.0336842105262747,22,7,39.49999999999815,-37.99999999999859,1.0394736842105161,137.6999999999915,-94.99999999999731,1.4494736842104776,165.1999999999904,-94.99999999999731,1.5259775040171175,4.46363636363606,1.560283687943256,5.642857142856879,0,2,25.49999999999815,4
USDCAD,Oct,10,USDCAD-10-N1R008E12,REPLACEMENT,causal_haar_wavelet,YES,NO,REUSED TEST USED IN RESEARCH HISTORY; INSUFFICIENT TRADES (80/30/30),18,66.49999999999991,19,68.49999999999832,134.9999999999982,-133.4999999999986,1.011235955056177,37,10,17.00000000000203,-66.69999999999843,0.25487256371817735,152.0000000000003,-133.4999999999986,1.1385767790262316,152.0000000000003,-133.4999999999986,1.2436823104693107,3.6486486486486003,1.2281879194631218,1.700000000000203,0,2,-2.9999999999979714,2
USDCAD,Nov,11,USDCAD-11-N1R100E01,REPLACEMENT,causal_haar_wavelet,YES,NO,REUSED TEST USED IN RESEARCH HISTORY; INSUFFICIENT TRADES (80/30/30),13,30.580357142857316,6,7.99107142857304,38.57142857143036,-28.035714285714867,1.3757961783439843,19,3,13.082142857143992,-10.487499999999592,1.2474033713606199,51.65357142857435,-28.035714285714867,1.842420382165671,51.65357142857435,-28.035714285714867,1.4529726329034518,2.0300751879700187,2.24740337136062,4.360714285714664,0,1,19.569642857143585,4
USDCAD,Dec,12,USDCAD-12-N1R014E02,REPLACEMENT,causal_haar_wavelet,YES,NO,REUSED TEST USED IN RESEARCH HISTORY; INSUFFICIENT TRADES (80/30/30),8,7.080357142854616,4,24.66964285714358,31.749999999998195,-28.46428571428749,1.1154328732746475,12,1,4.946428571429298,0.0,,36.69642857142749,-28.46428571428749,1.2892095357589781,36.69642857142749,-28.46428571428749,1.5199590583418137,2.645833333333183,inf,4.946428571429298,0,2,2.9464285714292977,4
USDCHF,Jan,1,USDCHF-01-N1R086E04,REPLACEMENT,causal_haar_wavelet,YES,NO,REUSED TEST USED IN RESEARCH HISTORY; INSUFFICIENT TRADES (80/30/30),8,51.20515178571374,5,12.053383928571641,63.25853571428538,-61.38374107142907,1.0305422023834407,13,5,128.57142857142873,0.0,,191.8299642857141,-61.38374107142907,3.125094054832721,191.8299642857141,-61.38374107142907,1.5128456880086538,4.866041208791183,inf,25.714285714285744,0,1,118.57142857142873,4
USDCHF,Feb,2,USDCHF-02-R27E8,PRESERVED,interaction_motif,YES,NO,REUSED TEST USED IN RESEARCH HISTORY; INSUFFICIENT TRADES (80/30/30),10,-118.50000000000078,4,130.99949999999973,12.499499999998932,-216.00000000000085,0.057868055555550385,14,2,14.100100000000175,-30.79999999999999,0.4577954545454604,26.599599999999093,-216.00000000000085,0.1231462962962916,26.599599999999093,-216.00000000000085,1.0484477495313904,0.8928214285713523,1.4577954545454603,7.050050000000088,0,2,10.100100000000175,4
USDCHF,Mar,3,USDCHF-03-N1R016E11,REPLACEMENT,causal_haar_wavelet,YES,NO,REUSED TEST USED IN RESEARCH HISTORY; INSUFFICIENT TRADES (80/30/30),9,97.49990000000182,3,-41.50029999999887,55.99960000000294,-54.99999999999894,1.0181745454546185,12,7,43.700000000000145,-54.999999999998934,0.7945454545454725,99.6996000000031,-107.00049999999655,0.9317676085626359,99.6996000000031,-107.00049999999655,1.4516085848179736,4.6666333333335785,1.7945454545454727,6.242857142857163,0,0,29.700000000000145,4
USDCHF,Apr,4,USDCHF-04-N1R079E03,REPLACEMENT,causal_haar_wavelet,YES,NO,REUSED TEST USED IN RESEARCH HISTORY; INSUFFICIENT TRADES (80/30/30),24,23.241458928571262,29,223.33456964285995,246.57602857143112,-135.97295178571252,1.8134196936463087,53,18,18.42321428571495,-44.053571428571956,0.418200243210387,264.99924285714616,-141.5015232142835,1.8727660087152793,264.99924285714616,-141.5015232142835,1.3828374712496414,4.652377897574172,1.1472069629735369,1.0235119047619416,0,1,-17.576785714285048,4
USDCHF,May,5,USDCHF-05-N1R111E08,REPLACEMENT,causal_haar_wavelet,YES,NO,REUSED TEST USED IN RESEARCH HISTORY; INSUFFICIENT TRADES (80/30/30),25,33.223775000002846,15,33.00779821428655,66.2315732142894,-95.73084464285701,0.6918519674758902,40,15,10.851785714285661,-24.1375000000002,0.4495820078419709,77.08335892857504,-95.73084464285701,0.8052092219195377,77.08335892857504,-95.73084464285701,1.1759653248259936,1.6557893303572349,1.1186798164241754,0.7234523809523774,0,0,-19.148214285714342,4
USDCHF,Jun,6,USDCHF-06-N1R136E05,REPLACEMENT,wavelet_scale_acceleration,YES,NO,REUSED TEST USED IN RESEARCH HISTORY; INSUFFICIENT TRADES (80/30/30),17,35.62464999999658,5,16.024912499999772,51.64956249999636,-74.50025000000107,0.6932803916764791,22,4,3.1125000000020826,-29.362499999999173,0.10600255427849026,54.762062499998436,-74.50025000000107,0.7350587749705222,54.762062499998436,-74.50025000000107,1.2233971940058168,2.3477073863634708,1.1060025542784904,0.7781250000005207,0,1,-4.887499999997917,4
USDCHF,Jul,7,USDCHF-07-N1R131E12,REPLACEMENT,causal_haar_wavelet,YES,NO,REUSED TEST USED IN RESEARCH HISTORY; INSUFFICIENT TRADES (80/30/30),28,275.4993000000017,7,63.900400000000154,339.3997000000018,-94.49969999999996,3.5915426186538366,35,8,48.30000000000113,-50.399999999999885,0.9583333333333579,387.69970000000296,-94.49969999999996,4.102655352345067,387.69970000000296,-94.49969999999996,1.7779042452660492,9.697134285714338,1.3747090768037338,6.037500000000141,0,2,32.30000000000113,4
USDCHF,Aug,8,USDCHF-08-N1R121E08,REPLACEMENT,causal_haar_wavelet,YES,NO,REUSED TEST USED IN RESEARCH HISTORY; INSUFFICIENT TRADES (80/30/30),20,124.73222857142808,5,2.43073928571342,127.16296785714152,-80.18741250000127,1.585822062248729,25,8,37.63571428571311,-35.71428571428447,1.0538000000000036,164.79868214285466,-97.31056249999921,1.6935333422089303,164.79868214285466,-97.31056249999921,1.5160059364340275,5.086518714285661,1.754600787683487,4.704464285714138,0,1,21.63571428571312,4
USDCHF,Sep,9,USDCHF-09-N1R102E09,REPLACEMENT,causal_haar_wavelet,YES,NO,REUSED TEST USED IN RESEARCH HISTORY; INSUFFICIENT TRADES (80/30/30),9,12.499999999997256,6,19.40029999999816,31.90029999999542,-25.00000000000057,1.2760119999997876,15,2,12.499999999999183,-2.753353101070388e-13,45399189792038.32,44.400299999994594,-25.00000000000057,1.7760119999997435,31.900299999994587,-25.00000000000057,1.4253373333332717,2.126686666666361,45399189792039.32,6.249999999999591,0,1,8.499999999999183,4
USDCHF,Oct,10,USDCHF-10-R56E7,PRESERVED,cluster_motif,YES,NO,REUSED TEST USED IN RESEARCH HISTORY; INSUFFICIENT TRADES (80/30/30),8,99.99999999999787,8,92.9993000000018,192.99929999999966,-32.50000000000003,5.938439999999985,16,5,11.099699999998776,-32.50000000000003,0.34152923076919284,204.09899999999845,-50.50079999999954,4.0415003326680035,204.09899999999845,-50.50079999999954,2.762539417556257,12.062456249999979,1.1881292330221267,2.219939999999755,0,2,1.0996999999987729,4
USDCHF,Nov,11,USDCHF-11-N1R121E11,REPLACEMENT,causal_haar_wavelet,YES,NO,REUSED TEST USED IN RESEARCH HISTORY; INSUFFICIENT TRADES (80/30/30),14,34.000100000004,8,39.500100000000614,73.50020000000461,-77.00009999999895,0.95454681227694,22,6,27.699700000000675,-54.999999999998934,0.5036309090909311,101.1999000000053,-77.00009999999895,1.3142827087238416,101.1999000000053,-77.00009999999895,1.2702213235294328,3.3409181818183913,1.5036309090909312,4.616616666666779,0,2,15.699700000000675,4
USDCHF,Dec,12,USDCHF-12-N1R120E10,REPLACEMENT,causal_haar_wavelet,YES,NO,REUSED TEST USED IN RESEARCH HISTORY; INSUFFICIENT TRADES (80/30/30),40,35.00000000001063,10,27.499700000002697,62.49970000001332,-69.99999999999784,0.8928528571430749,50,15,43.20000000000353,-34.99999999999892,1.2342857142858532,105.69970000001683,-69.99999999999784,1.5099957142860014,105.69970000001683,-69.99999999999784,1.1552787577640136,1.2499940000002665,1.4462809917355894,2.8800000000002353,0,1,13.200000000003541,4
USDJPY,Jan,1,USDJPY-01-N1R050E01,REPLACEMENT,causal_haar_wavelet,YES,NO,REUSED TEST USED IN RESEARCH HISTORY; INSUFFICIENT TRADES (80/30/30),53,145.17725267856918,9,4.446278571429616,149.6235312499988,-75.78539821428251,1.9743055360999706,62,23,7.786482142863633,-61.099892857139935,0.12743855641563093,157.41001339286242,-98.48020892856255,1.5983923582762452,157.41001339286242,-98.48020892856255,1.3268850325269541,2.4132827620967547,1.0560713424612211,0.3385427018636362,0,1,-27.623999999993543,1
USDJPY,Feb,2,USDJPY-02-R15E5,PRESERVED,mean_reversion,YES,NO,REUSED TEST USED IN RESEARCH HISTORY; INSUFFICIENT TRADES (80/30/30),7,-185.21540999999672,8,279.8547071428533,94.63929714285655,-218.7154099999981,0.4327052087589867,15,7,95.76214285713831,-122.00342857142971,0.7849135387295462,190.40143999999486,-218.7154099999981,0.8705442382866234,190.40143999999486,-218.7154099999981,1.3588650298858829,6.309286476190437,1.7849135387295463,13.68030612244833,0,2,81.76214285713831,4
USDJPY,Mar,3,USDJPY-03-N1R118E11,REPLACEMENT,causal_haar_wavelet,YES,NO,REUSED TEST USED IN RESEARCH HISTORY; INSUFFICIENT TRADES (80/30/30),9,77.50000000000284,11,22.500000000002842,100.00000000000568,-110.0,0.9090909090909608,20,2,10.000000000000568,-27.5,0.3636363636363843,110.00000000000625,-127.49999999999943,0.8627450980392686,110.00000000000625,-127.49999999999943,1.3636363636363844,5.000000000000284,1.3636363636363844,5.000000000000284,0,1,6.000000000000568,4
USDJPY,Apr,4,USDJPY-04-N1R033E05,REPLACEMENT,causal_haar_wavelet,YES,NO,REUSED TEST USED IN RESEARCH HISTORY; INSUFFICIENT TRADES (80/30/30),49,51.186748749989306,7,186.24832500000082,237.43507374999012,-243.06072625000468,0.9768549506668215,56,17,1.91925000000424,-126.50787499999865,0.015170992319681763,239.35432374999436,-243.06072625000468,0.9847511255430134,239.35432374999436,-243.06072625000468,1.2388478759541683,4.2399120312498235,1.007461692852751,0.11289705882377883,0,1,-32.08074999999576,2
USDJPY,May,5,USDJPY-05-N1R033E08,REPLACEMENT,causal_haar_wavelet,YES,NO,REUSED TEST USED IN RESEARCH HISTORY; INSUFFICIENT TRADES (80/30/30),60,199.93272267857662,20,223.7411726785666,423.67389535714324,-142.42449999999963,2.9747262258750733,80,28,5.929946428570361,-63.00474999999665,0.09411903751019846,429.6038417857136,-154.81869500000357,2.7748834970201997,429.6038417857136,-154.81869500000357,1.413548658905462,5.2959236919642905,1.0266049159131045,0.21178380102037003,0,3,-50.07005357142964,3
USDJPY,Jun,6,USDJPY-06-R50E8,PRESERVED,tree_path,YES,NO,REUSED TEST USED IN RESEARCH HISTORY; INSUFFICIENT TRADES (80/30/30),8,457.49709999999936,5,361.60010000000113,819.0972000000005,0.0,,13,6,29.634999999999536,-41.54499999999871,0.7133229028764101,848.7322,-41.54499999999871,20.4292261403304,848.7322,-41.54499999999871,inf,63.007476923076965,1.71332290287641,4.93916666666659,0,2,17.634999999999536,4
USDJPY,Jul,7,USDJPY-07-R16E8,PRESERVED,candle_impulse,YES,NO,REUSED TEST USED IN RESEARCH HISTORY; INSUFFICIENT TRADES (80/30/30),28,457.00044999999704,5,334.4989999999967,791.4994499999938,-283.00085000000195,2.7968094442118754,33,5,272.8360000000009,-22.72399999999891,12.006512937863668,1064.3354499999946,-283.00085000000195,3.760891354213202,1064.3354499999946,-283.00085000000195,2.367009841355058,23.98483181818163,13.006512937863668,54.567200000000184,0,2,262.8360000000009,4
USDJPY,Aug,8,USDJPY-08-N1R016E12,REPLACEMENT,causal_haar_wavelet,YES,NO,REUSED TEST USED IN RESEARCH HISTORY; INSUFFICIENT TRADES (80/30/30),12,29.000999999992132,3,-27.500000000001705,1.5009999999904267,-130.99900000000332,0.011458102733535284,15,6,23.369000000000142,-85.00000000000114,0.27492941176470387,24.86999999999057,-130.99900000000332,0.18984877747150694,24.86999999999057,-130.99900000000332,1.0043697361564092,0.10006666666602844,1.2749294117647039,3.894833333333357,0,1,11.369000000000142,4
USDJPY,Sep,9,USDJPY-09-R60E8,PRESERVED,cluster_motif,YES,NO,REUSED TEST USED IN RESEARCH HISTORY; INSUFFICIENT TRADES (80/30/30),10,94.99900000000139,4,184.7010000000006,279.700000000002,-108.49999999999852,2.5778801843318506,14,11,209.27800000000104,-175.72199999999896,1.1909607220496141,488.978000000003,-175.72199999999896,2.7826794596009945,483.978000000003,-180.40099999999882,1.9173499508035552,19.97857142857157,1.62638579603956,19.02527272727282,0,2,187.27800000000104,4
USDJPY,Oct,10,USDJPY-10-R54E8,PRESERVED,cluster_motif,YES,NO,REUSED TEST USED IN RESEARCH HISTORY; INSUFFICIENT TRADES (80/30/30); UNRESOLVED QUOTE GAPS,13,91.99799999999982,10,337.00090000000387,428.9989000000037,-164.4999999999999,2.607896048632243,23,7,21.000999999999408,-102.5,0.204887804878043,449.9999000000031,-164.4999999999999,2.73556170212768,449.9999000000031,-164.4999999999999,2.091594699263634,18.65212608695668,1.1390794701986713,3.0001428571427726,1,3,7.000999999999408,4
USDJPY,Nov,11,USDJPY-11-R35E8,PRESERVED,ridge,YES,NO,REUSED TEST USED IN RESEARCH HISTORY; INSUFFICIENT TRADES (80/30/30),3,-174.00199999999984,3,217.5,43.49800000000016,-174.00199999999984,0.2499856323490546,6,3,90.60100000000261,-35.69999999999936,2.5378431372550203,134.09900000000277,-174.00199999999984,0.7706750497120889,134.09900000000277,-174.00199999999984,1.2499856323490546,7.249666666666694,3.5378431372550203,30.200333333334203,0,2,84.60100000000261,4
USDJPY,Dec,12,USDJPY-12-N1R030E11,REPLACEMENT,causal_haar_wavelet,YES,NO,REUSED TEST USED IN RESEARCH HISTORY; INSUFFICIENT TRADES (80/30/30),9,12.500000000002274,18,90.00000000000512,102.50000000000739,-110.0,0.931818181818249,27,5,122.50000000000227,-27.5,4.454545454545538,225.00000000000966,-110.0,2.0454545454546333,225.00000000000966,-110.0,1.2662337662337855,3.79629629629657,5.454545454545538,24.500000000000455,0,2,112.50000000000227,4
