Avg Regime Candle Rank,Symbol,Lower Regime Bias,Middle Regime Bias,Higher Standard Regime Bias,Candle After Regime Start,Regime Maturity Score,Avg Regime Candle Count Before Regime Change,Completed Regime Samples,Middle Standard Regime State,Lower Standard Regime State,Higher Standard Regime State,Completed Candle,Timeframe,Datetime,Starting Price
1,FX00,BUY,BUY,BUY,1,,,0,BULL,BULL,BULL,2026-01-02 00:00:00,H1,2026-01-02 00:00:00,1.00235
1,FX01,BUY,BUY,BUY,1,,,0,BULL,BULL,BULL,2026-01-02 00:00:00,H1,2026-01-02 00:00:00,1.01235
1,FX02,BUY,BUY,BUY,1,,,0,BULL,BULL,BULL,2026-01-02 00:00:00,H1,2026-01-02 00:00:00,1.02235
1,FX03,BUY,BUY,BUY,1,,,0,BULL,BULL,BULL,2026-01-02 00:00:00,H1,2026-01-02 00:00:00,1.03235
1,FX04,BUY,BUY,BUY,1,,,0,BULL,BULL,BULL,2026-01-02 00:00:00,H1,2026-01-02 00:00:00,1.04235
1,FX05,BUY,BUY,BUY,1,,,0,BULL,BULL,BULL,2026-01-02 00:00:00,H1,2026-01-02 00:00:00,1.05235
1,FX06,BUY,BUY,BUY,1,,,0,BULL,BULL,BULL,2026-01-02 00:00:00,H1,2026-01-02 00:00:00,1.06235
1,FX07,BUY,BUY,BUY,1,,,0,BULL,BULL,BULL,2026-01-02 00:00:00,H1,2026-01-02 00:00:00,1.07235
1,FX08,BUY,BUY,BUY,1,,,0,BULL,BULL,BULL,2026-01-02 00:00:00,H1,2026-01-02 00:00:00,1.08235
1,FX09,BUY,BUY,BUY,1,,,0,BULL,BULL,BULL,2026-01-02 00:00:00,H1,2026-01-02 00:00:00,1.09235
1,FX10,BUY,BUY,BUY,1,,,0,BULL,BULL,BULL,2026-01-02 00:00:00,H1,2026-01-02 00:00:00,1.10235
1,FX11,BUY,BUY,BUY,1,,,0,BULL,BULL,BULL,2026-01-02 00:00:00,H1,2026-01-02 00:00:00,1.11235
1,FX12,BUY,BUY,BUY,1,,,0,BULL,BULL,BULL,2026-01-02 00:00:00,H1,2026-01-02 00:00:00,1.12235
1,FX13,BUY,BUY,BUY,1,,,0,BULL,BULL,BULL,2026-01-02 00:00:00,H1,2026-01-02 00:00:00,1.13235
1,FX14,BUY,BUY,BUY,1,,,0,BULL,BULL,BULL,2026-01-02 00:00:00,H1,2026-01-02 00:00:00,1.14235
1,FX15,BUY,BUY,BUY,1,,,0,BULL,BULL,BULL,2026-01-02 00:00:00,H1,2026-01-02 00:00:00,1.15235
1,FX16,BUY,BUY,BUY,1,,,0,BULL,BULL,BULL,2026-01-02 00:00:00,H1,2026-01-02 00:00:00,1.16235
1,FX17,BUY,BUY,BUY,1,,,0,BULL,BULL,BULL,2026-01-02 00:00:00,H1,2026-01-02 00:00:00,1.17235
1,FX18,BUY,BUY,BUY,1,,,0,BULL,BULL,BULL,2026-01-02 00:00:00,H1,2026-01-02 00:00:00,1.18235
1,FX19,BUY,BUY,BUY,1,,,0,BULL,BULL,BULL,2026-01-02 00:00:00,H1,2026-01-02 00:00:00,1.19235
1,FX20,BUY,BUY,BUY,1,,,0,BULL,BULL,BULL,2026-01-02 00:00:00,H1,2026-01-02 00:00:00,1.20235
1,FX21,BUY,BUY,BUY,1,,,0,BULL,BULL,BULL,2026-01-02 00:00:00,H1,2026-01-02 00:00:00,1.21235
1,FX22,BUY,BUY,BUY,1,,,0,BULL,BULL,BULL,2026-01-02 00:00:00,H1,2026-01-02 00:00:00,1.22235
1,FX23,BUY,BUY,BUY,1,,,0,BULL,BULL,BULL,2026-01-02 00:00:00,H1,2026-01-02 00:00:00,1.23235
1,FX24,BUY,BUY,BUY,1,,,0,BULL,BULL,BULL,2026-01-02 00:00:00,H1,2026-01-02 00:00:00,1.24235
1,FX25,BUY,BUY,BUY,1,,,0,BULL,BULL,BULL,2026-01-02 00:00:00,H1,2026-01-02 00:00:00,1.25235
1,FX26,BUY,BUY,BUY,1,,,0,BULL,BULL,BULL,2026-01-02 00:00:00,H1,2026-01-02 00:00:00,1.26235
1,FX27,BUY,BUY,BUY,1,,,0,BULL,BULL,BULL,2026-01-02 00:00:00,H1,2026-01-02 00:00:00,1.27235
1,FX28,BUY,BUY,BUY,1,,,0,BULL,BULL,BULL,2026-01-02 00:00:00,H1,2026-01-02 00:00:00,1.28235
1,FX29,BUY,BUY,BUY,1,,,0,BULL,BULL,BULL,2026-01-02 00:00:00,H1,2026-01-02 00:00:00,1.29235
1,FX00,BUY,BUY,BUY,2,,,0,BULL,BULL,BULL,2026-01-02 01:00:00,H1,2026-01-02 01:00:00,1.00235
1,FX01,BUY,BUY,BUY,2,,,0,BULL,BULL,BULL,2026-01-02 01:00:00,H1,2026-01-02 01:00:00,1.01235
1,FX02,BUY,BUY,BUY,2,,,0,BULL,BULL,BULL,2026-01-02 01:00:00,H1,2026-01-02 01:00:00,1.02235
1,FX03,BUY,BUY,BUY,2,,,0,BULL,BULL,BULL,2026-01-02 01:00:00,H1,2026-01-02 01:00:00,1.03235
1,FX04,BUY,BUY,BUY,2,,,0,BULL,BULL,BULL,2026-01-02 01:00:00,H1,2026-01-02 01:00:00,1.04235
1,FX05,BUY,BUY,BUY,2,,,0,BULL,BULL,BULL,2026-01-02 01:00:00,H1,2026-01-02 01:00:00,1.05235
1,FX06,BUY,BUY,BUY,2,,,0,BULL,BULL,BULL,2026-01-02 01:00:00,H1,2026-01-02 01:00:00,1.06235
1,FX07,BUY,BUY,BUY,2,,,0,BULL,BULL,BULL,2026-01-02 01:00:00,H1,2026-01-02 01:00:00,1.07235
1,FX08,BUY,BUY,BUY,2,,,0,BULL,BULL,BULL,2026-01-02 01:00:00,H1,2026-01-02 01:00:00,1.08235
1,FX09,BUY,BUY,BUY,2,,,0,BULL,BULL,BULL,2026-01-02 01:00:00,H1,2026-01-02 01:00:00,1.09235
1,FX10,BUY,BUY,BUY,2,,,0,BULL,BULL,BULL,2026-01-02 01:00:00,H1,2026-01-02 01:00:00,1.10235
1,FX11,BUY,BUY,BUY,2,,,0,BULL,BULL,BULL,2026-01-02 01:00:00,H1,2026-01-02 01:00:00,1.11235
1,FX12,BUY,BUY,BUY,2,,,0,BULL,BULL,BULL,2026-01-02 01:00:00,H1,2026-01-02 01:00:00,1.12235
1,FX13,BUY,BUY,BUY,2,,,0,BULL,BULL,BULL,2026-01-02 01:00:00,H1,2026-01-02 01:00:00,1.13235
1,FX14,BUY,BUY,BUY,2,,,0,BULL,BULL,BULL,2026-01-02 01:00:00,H1,2026-01-02 01:00:00,1.14235
1,FX15,BUY,BUY,BUY,2,,,0,BULL,BULL,BULL,2026-01-02 01:00:00,H1,2026-01-02 01:00:00,1.15235
1,FX16,BUY,BUY,BUY,2,,,0,BULL,BULL,BULL,2026-01-02 01:00:00,H1,2026-01-02 01:00:00,1.16235
1,FX17,BUY,BUY,BUY,2,,,0,BULL,BULL,BULL,2026-01-02 01:00:00,H1,2026-01-02 01:00:00,1.17235
1,FX18,BUY,BUY,BUY,2,,,0,BULL,BULL,BULL,2026-01-02 01:00:00,H1,2026-01-02 01:00:00,1.18235
1,FX19,BUY,BUY,BUY,2,,,0,BULL,BULL,BULL,2026-01-02 01:00:00,H1,2026-01-02 01:00:00,1.19235
1,FX20,BUY,BUY,BUY,2,,,0,BULL,BULL,BULL,2026-01-02 01:00:00,H1,2026-01-02 01:00:00,1.20235
1,FX21,BUY,BUY,BUY,2,,,0,BULL,BULL,BULL,2026-01-02 01:00:00,H1,2026-01-02 01:00:00,1.21235
1,FX22,BUY,BUY,BUY,2,,,0,BULL,BULL,BULL,2026-01-02 01:00:00,H1,2026-01-02 01:00:00,1.22235
1,FX23,BUY,BUY,BUY,2,,,0,BULL,BULL,BULL,2026-01-02 01:00:00,H1,2026-01-02 01:00:00,1.23235
1,FX24,BUY,BUY,BUY,2,,,0,BULL,BULL,BULL,2026-01-02 01:00:00,H1,2026-01-02 01:00:00,1.24235
1,FX25,BUY,BUY,BUY,2,,,0,BULL,BULL,BULL,2026-01-02 01:00:00,H1,2026-01-02 01:00:00,1.25235
1,FX26,BUY,BUY,BUY,2,,,0,BULL,BULL,BULL,2026-01-02 01:00:00,H1,2026-01-02 01:00:00,1.26235
1,FX27,BUY,BUY,BUY,2,,,0,BULL,BULL,BULL,2026-01-02 01:00:00,H1,2026-01-02 01:00:00,1.27235
1,FX28,BUY,BUY,BUY,2,,,0,BULL,BULL,BULL,2026-01-02 01:00:00,H1,2026-01-02 01:00:00,1.28235
1,FX29,BUY,BUY,BUY,2,,,0,BULL,BULL,BULL,2026-01-02 01:00:00,H1,2026-01-02 01:00:00,1.29235
1,FX00,BUY,BUY,BUY,3,,,0,BULL,BULL,BULL,2026-01-02 02:00:00,H1,2026-01-02 02:00:00,1.00235
1,FX01,BUY,BUY,BUY,3,,,0,BULL,BULL,BULL,2026-01-02 02:00:00,H1,2026-01-02 02:00:00,1.01235
1,FX02,BUY,BUY,BUY,3,,,0,BULL,BULL,BULL,2026-01-02 02:00:00,H1,2026-01-02 02:00:00,1.02235
1,FX03,BUY,BUY,BUY,3,,,0,BULL,BULL,BULL,2026-01-02 02:00:00,H1,2026-01-02 02:00:00,1.03235
1,FX04,BUY,BUY,BUY,3,,,0,BULL,BULL,BULL,2026-01-02 02:00:00,H1,2026-01-02 02:00:00,1.04235
1,FX05,BUY,BUY,BUY,3,,,0,BULL,BULL,BULL,2026-01-02 02:00:00,H1,2026-01-02 02:00:00,1.05235
1,FX06,BUY,BUY,BUY,3,,,0,BULL,BULL,BULL,2026-01-02 02:00:00,H1,2026-01-02 02:00:00,1.06235
1,FX07,BUY,BUY,BUY,3,,,0,BULL,BULL,BULL,2026-01-02 02:00:00,H1,2026-01-02 02:00:00,1.07235
1,FX08,BUY,BUY,BUY,3,,,0,BULL,BULL,BULL,2026-01-02 02:00:00,H1,2026-01-02 02:00:00,1.08235
1,FX09,BUY,BUY,BUY,3,,,0,BULL,BULL,BULL,2026-01-02 02:00:00,H1,2026-01-02 02:00:00,1.09235
1,FX10,BUY,BUY,BUY,3,,,0,BULL,BULL,BULL,2026-01-02 02:00:00,H1,2026-01-02 02:00:00,1.10235
1,FX11,BUY,BUY,BUY,3,,,0,BULL,BULL,BULL,2026-01-02 02:00:00,H1,2026-01-02 02:00:00,1.11235
1,FX12,BUY,BUY,BUY,3,,,0,BULL,BULL,BULL,2026-01-02 02:00:00,H1,2026-01-02 02:00:00,1.12235
1,FX13,BUY,BUY,BUY,3,,,0,BULL,BULL,BULL,2026-01-02 02:00:00,H1,2026-01-02 02:00:00,1.13235
1,FX14,BUY,BUY,BUY,3,,,0,BULL,BULL,BULL,2026-01-02 02:00:00,H1,2026-01-02 02:00:00,1.14235
1,FX15,BUY,BUY,BUY,3,,,0,BULL,BULL,BULL,2026-01-02 02:00:00,H1,2026-01-02 02:00:00,1.15235
1,FX16,BUY,BUY,BUY,3,,,0,BULL,BULL,BULL,2026-01-02 02:00:00,H1,2026-01-02 02:00:00,1.16235
1,FX17,BUY,BUY,BUY,3,,,0,BULL,BULL,BULL,2026-01-02 02:00:00,H1,2026-01-02 02:00:00,1.17235
1,FX18,BUY,BUY,BUY,3,,,0,BULL,BULL,BULL,2026-01-02 02:00:00,H1,2026-01-02 02:00:00,1.18235
1,FX19,BUY,BUY,BUY,3,,,0,BULL,BULL,BULL,2026-01-02 02:00:00,H1,2026-01-02 02:00:00,1.19235
1,FX20,BUY,BUY,BUY,3,,,0,BULL,BULL,BULL,2026-01-02 02:00:00,H1,2026-01-02 02:00:00,1.20235
1,FX21,BUY,BUY,BUY,3,,,0,BULL,BULL,BULL,2026-01-02 02:00:00,H1,2026-01-02 02:00:00,1.21235
1,FX22,BUY,BUY,BUY,3,,,0,BULL,BULL,BULL,2026-01-02 02:00:00,H1,2026-01-02 02:00:00,1.22235
1,FX23,BUY,BUY,BUY,3,,,0,BULL,BULL,BULL,2026-01-02 02:00:00,H1,2026-01-02 02:00:00,1.23235
1,FX24,BUY,BUY,BUY,3,,,0,BULL,BULL,BULL,2026-01-02 02:00:00,H1,2026-01-02 02:00:00,1.24235
1,FX25,BUY,BUY,BUY,3,,,0,BULL,BULL,BULL,2026-01-02 02:00:00,H1,2026-01-02 02:00:00,1.25235
1,FX26,BUY,BUY,BUY,3,,,0,BULL,BULL,BULL,2026-01-02 02:00:00,H1,2026-01-02 02:00:00,1.26235
1,FX27,BUY,BUY,BUY,3,,,0,BULL,BULL,BULL,2026-01-02 02:00:00,H1,2026-01-02 02:00:00,1.27235
1,FX28,BUY,BUY,BUY,3,,,0,BULL,BULL,BULL,2026-01-02 02:00:00,H1,2026-01-02 02:00:00,1.28235
1,FX29,BUY,BUY,BUY,3,,,0,BULL,BULL,BULL,2026-01-02 02:00:00,H1,2026-01-02 02:00:00,1.29235
1,FX00,BUY,BUY,BUY,4,,,0,BULL,BULL,BULL,2026-01-02 03:00:00,H1,2026-01-02 03:00:00,1.00235
1,FX01,BUY,BUY,BUY,4,,,0,BULL,BULL,BULL,2026-01-02 03:00:00,H1,2026-01-02 03:00:00,1.01235
1,FX02,BUY,BUY,BUY,4,,,0,BULL,BULL,BULL,2026-01-02 03:00:00,H1,2026-01-02 03:00:00,1.02235
1,FX03,BUY,BUY,BUY,4,,,0,BULL,BULL,BULL,2026-01-02 03:00:00,H1,2026-01-02 03:00:00,1.03235
1,FX04,BUY,BUY,BUY,4,,,0,BULL,BULL,BULL,2026-01-02 03:00:00,H1,2026-01-02 03:00:00,1.04235
1,FX05,BUY,BUY,BUY,4,,,0,BULL,BULL,BULL,2026-01-02 03:00:00,H1,2026-01-02 03:00:00,1.05235
1,FX06,BUY,BUY,BUY,4,,,0,BULL,BULL,BULL,2026-01-02 03:00:00,H1,2026-01-02 03:00:00,1.06235
1,FX07,BUY,BUY,BUY,4,,,0,BULL,BULL,BULL,2026-01-02 03:00:00,H1,2026-01-02 03:00:00,1.07235
1,FX08,BUY,BUY,BUY,4,,,0,BULL,BULL,BULL,2026-01-02 03:00:00,H1,2026-01-02 03:00:00,1.08235
1,FX09,BUY,BUY,BUY,4,,,0,BULL,BULL,BULL,2026-01-02 03:00:00,H1,2026-01-02 03:00:00,1.09235
1,FX10,BUY,BUY,BUY,4,,,0,BULL,BULL,BULL,2026-01-02 03:00:00,H1,2026-01-02 03:00:00,1.10235
1,FX11,BUY,BUY,BUY,4,,,0,BULL,BULL,BULL,2026-01-02 03:00:00,H1,2026-01-02 03:00:00,1.11235
1,FX12,BUY,BUY,BUY,4,,,0,BULL,BULL,BULL,2026-01-02 03:00:00,H1,2026-01-02 03:00:00,1.12235
1,FX13,BUY,BUY,BUY,4,,,0,BULL,BULL,BULL,2026-01-02 03:00:00,H1,2026-01-02 03:00:00,1.13235
1,FX14,BUY,BUY,BUY,4,,,0,BULL,BULL,BULL,2026-01-02 03:00:00,H1,2026-01-02 03:00:00,1.14235
1,FX15,BUY,BUY,BUY,4,,,0,BULL,BULL,BULL,2026-01-02 03:00:00,H1,2026-01-02 03:00:00,1.15235
1,FX16,BUY,BUY,BUY,4,,,0,BULL,BULL,BULL,2026-01-02 03:00:00,H1,2026-01-02 03:00:00,1.16235
1,FX17,BUY,BUY,BUY,4,,,0,BULL,BULL,BULL,2026-01-02 03:00:00,H1,2026-01-02 03:00:00,1.17235
1,FX18,BUY,BUY,BUY,4,,,0,BULL,BULL,BULL,2026-01-02 03:00:00,H1,2026-01-02 03:00:00,1.18235
1,FX19,BUY,BUY,BUY,4,,,0,BULL,BULL,BULL,2026-01-02 03:00:00,H1,2026-01-02 03:00:00,1.19235
1,FX20,BUY,BUY,BUY,4,,,0,BULL,BULL,BULL,2026-01-02 03:00:00,H1,2026-01-02 03:00:00,1.20235
1,FX21,BUY,BUY,BUY,4,,,0,BULL,BULL,BULL,2026-01-02 03:00:00,H1,2026-01-02 03:00:00,1.21235
1,FX22,BUY,BUY,BUY,4,,,0,BULL,BULL,BULL,2026-01-02 03:00:00,H1,2026-01-02 03:00:00,1.22235
1,FX23,BUY,BUY,BUY,4,,,0,BULL,BULL,BULL,2026-01-02 03:00:00,H1,2026-01-02 03:00:00,1.23235
1,FX24,BUY,BUY,BUY,4,,,0,BULL,BULL,BULL,2026-01-02 03:00:00,H1,2026-01-02 03:00:00,1.24235
1,FX25,BUY,BUY,BUY,4,,,0,BULL,BULL,BULL,2026-01-02 03:00:00,H1,2026-01-02 03:00:00,1.25235
1,FX26,BUY,BUY,BUY,4,,,0,BULL,BULL,BULL,2026-01-02 03:00:00,H1,2026-01-02 03:00:00,1.26235
1,FX27,BUY,BUY,BUY,4,,,0,BULL,BULL,BULL,2026-01-02 03:00:00,H1,2026-01-02 03:00:00,1.27235
1,FX28,BUY,BUY,BUY,4,,,0,BULL,BULL,BULL,2026-01-02 03:00:00,H1,2026-01-02 03:00:00,1.28235
1,FX29,BUY,BUY,BUY,4,,,0,BULL,BULL,BULL,2026-01-02 03:00:00,H1,2026-01-02 03:00:00,1.29235
1,FX00,BUY,BUY,BUY,5,,,0,BULL,BULL,BULL,2026-01-02 04:00:00,H1,2026-01-02 04:00:00,1.00235
1,FX01,BUY,BUY,BUY,5,,,0,BULL,BULL,BULL,2026-01-02 04:00:00,H1,2026-01-02 04:00:00,1.01235
1,FX02,BUY,BUY,BUY,5,,,0,BULL,BULL,BULL,2026-01-02 04:00:00,H1,2026-01-02 04:00:00,1.02235
1,FX03,BUY,BUY,BUY,5,,,0,BULL,BULL,BULL,2026-01-02 04:00:00,H1,2026-01-02 04:00:00,1.03235
1,FX04,BUY,BUY,BUY,5,,,0,BULL,BULL,BULL,2026-01-02 04:00:00,H1,2026-01-02 04:00:00,1.04235
1,FX05,BUY,BUY,BUY,5,,,0,BULL,BULL,BULL,2026-01-02 04:00:00,H1,2026-01-02 04:00:00,1.05235
1,FX06,BUY,BUY,BUY,5,,,0,BULL,BULL,BULL,2026-01-02 04:00:00,H1,2026-01-02 04:00:00,1.06235
1,FX07,BUY,BUY,BUY,5,,,0,BULL,BULL,BULL,2026-01-02 04:00:00,H1,2026-01-02 04:00:00,1.07235
1,FX08,BUY,BUY,BUY,5,,,0,BULL,BULL,BULL,2026-01-02 04:00:00,H1,2026-01-02 04:00:00,1.08235
1,FX09,BUY,BUY,BUY,5,,,0,BULL,BULL,BULL,2026-01-02 04:00:00,H1,2026-01-02 04:00:00,1.09235
1,FX10,BUY,BUY,BUY,5,,,0,BULL,BULL,BULL,2026-01-02 04:00:00,H1,2026-01-02 04:00:00,1.10235
1,FX11,BUY,BUY,BUY,5,,,0,BULL,BULL,BULL,2026-01-02 04:00:00,H1,2026-01-02 04:00:00,1.11235
1,FX12,BUY,BUY,BUY,5,,,0,BULL,BULL,BULL,2026-01-02 04:00:00,H1,2026-01-02 04:00:00,1.12235
1,FX13,BUY,BUY,BUY,5,,,0,BULL,BULL,BULL,2026-01-02 04:00:00,H1,2026-01-02 04:00:00,1.13235
1,FX14,BUY,BUY,BUY,5,,,0,BULL,BULL,BULL,2026-01-02 04:00:00,H1,2026-01-02 04:00:00,1.14235
1,FX15,BUY,BUY,BUY,5,,,0,BULL,BULL,BULL,2026-01-02 04:00:00,H1,2026-01-02 04:00:00,1.15235
1,FX16,BUY,BUY,BUY,5,,,0,BULL,BULL,BULL,2026-01-02 04:00:00,H1,2026-01-02 04:00:00,1.16235
1,FX17,BUY,BUY,BUY,5,,,0,BULL,BULL,BULL,2026-01-02 04:00:00,H1,2026-01-02 04:00:00,1.17235
1,FX18,BUY,BUY,BUY,5,,,0,BULL,BULL,BULL,2026-01-02 04:00:00,H1,2026-01-02 04:00:00,1.18235
1,FX19,BUY,BUY,BUY,5,,,0,BULL,BULL,BULL,2026-01-02 04:00:00,H1,2026-01-02 04:00:00,1.19235
1,FX20,BUY,BUY,BUY,5,,,0,BULL,BULL,BULL,2026-01-02 04:00:00,H1,2026-01-02 04:00:00,1.20235
1,FX21,BUY,BUY,BUY,5,,,0,BULL,BULL,BULL,2026-01-02 04:00:00,H1,2026-01-02 04:00:00,1.21235
1,FX22,BUY,BUY,BUY,5,,,0,BULL,BULL,BULL,2026-01-02 04:00:00,H1,2026-01-02 04:00:00,1.22235
1,FX23,BUY,BUY,BUY,5,,,0,BULL,BULL,BULL,2026-01-02 04:00:00,H1,2026-01-02 04:00:00,1.23235
1,FX24,BUY,BUY,BUY,5,,,0,BULL,BULL,BULL,2026-01-02 04:00:00,H1,2026-01-02 04:00:00,1.24235
1,FX25,BUY,BUY,BUY,5,,,0,BULL,BULL,BULL,2026-01-02 04:00:00,H1,2026-01-02 04:00:00,1.25235
1,FX26,BUY,BUY,BUY,5,,,0,BULL,BULL,BULL,2026-01-02 04:00:00,H1,2026-01-02 04:00:00,1.26235
1,FX27,BUY,BUY,BUY,5,,,0,BULL,BULL,BULL,2026-01-02 04:00:00,H1,2026-01-02 04:00:00,1.27235
1,FX28,BUY,BUY,BUY,5,,,0,BULL,BULL,BULL,2026-01-02 04:00:00,H1,2026-01-02 04:00:00,1.28235
1,FX29,BUY,BUY,BUY,5,,,0,BULL,BULL,BULL,2026-01-02 04:00:00,H1,2026-01-02 04:00:00,1.29235
1,FX00,BUY,BUY,BUY,6,,,0,BULL,BULL,BULL,2026-01-02 05:00:00,H1,2026-01-02 05:00:00,1.00235
1,FX01,BUY,BUY,BUY,6,,,0,BULL,BULL,BULL,2026-01-02 05:00:00,H1,2026-01-02 05:00:00,1.01235
1,FX02,BUY,BUY,BUY,6,,,0,BULL,BULL,BULL,2026-01-02 05:00:00,H1,2026-01-02 05:00:00,1.02235
1,FX03,BUY,BUY,BUY,6,,,0,BULL,BULL,BULL,2026-01-02 05:00:00,H1,2026-01-02 05:00:00,1.03235
1,FX04,BUY,BUY,BUY,6,,,0,BULL,BULL,BULL,2026-01-02 05:00:00,H1,2026-01-02 05:00:00,1.04235
1,FX05,BUY,BUY,BUY,6,,,0,BULL,BULL,BULL,2026-01-02 05:00:00,H1,2026-01-02 05:00:00,1.05235
1,FX06,BUY,BUY,BUY,6,,,0,BULL,BULL,BULL,2026-01-02 05:00:00,H1,2026-01-02 05:00:00,1.06235
1,FX07,BUY,BUY,BUY,6,,,0,BULL,BULL,BULL,2026-01-02 05:00:00,H1,2026-01-02 05:00:00,1.07235
1,FX08,BUY,BUY,BUY,6,,,0,BULL,BULL,BULL,2026-01-02 05:00:00,H1,2026-01-02 05:00:00,1.08235
1,FX09,BUY,BUY,BUY,6,,,0,BULL,BULL,BULL,2026-01-02 05:00:00,H1,2026-01-02 05:00:00,1.09235
1,FX10,BUY,BUY,BUY,6,,,0,BULL,BULL,BULL,2026-01-02 05:00:00,H1,2026-01-02 05:00:00,1.10235
1,FX11,BUY,BUY,BUY,6,,,0,BULL,BULL,BULL,2026-01-02 05:00:00,H1,2026-01-02 05:00:00,1.11235
1,FX12,BUY,BUY,BUY,6,,,0,BULL,BULL,BULL,2026-01-02 05:00:00,H1,2026-01-02 05:00:00,1.12235
1,FX13,BUY,BUY,BUY,6,,,0,BULL,BULL,BULL,2026-01-02 05:00:00,H1,2026-01-02 05:00:00,1.13235
1,FX14,BUY,BUY,BUY,6,,,0,BULL,BULL,BULL,2026-01-02 05:00:00,H1,2026-01-02 05:00:00,1.14235
1,FX15,BUY,BUY,BUY,6,,,0,BULL,BULL,BULL,2026-01-02 05:00:00,H1,2026-01-02 05:00:00,1.15235
1,FX16,BUY,BUY,BUY,6,,,0,BULL,BULL,BULL,2026-01-02 05:00:00,H1,2026-01-02 05:00:00,1.16235
1,FX17,BUY,BUY,BUY,6,,,0,BULL,BULL,BULL,2026-01-02 05:00:00,H1,2026-01-02 05:00:00,1.17235
1,FX18,BUY,BUY,BUY,6,,,0,BULL,BULL,BULL,2026-01-02 05:00:00,H1,2026-01-02 05:00:00,1.18235
1,FX19,BUY,BUY,BUY,6,,,0,BULL,BULL,BULL,2026-01-02 05:00:00,H1,2026-01-02 05:00:00,1.19235
1,FX20,BUY,BUY,BUY,6,,,0,BULL,BULL,BULL,2026-01-02 05:00:00,H1,2026-01-02 05:00:00,1.20235
1,FX21,BUY,BUY,BUY,6,,,0,BULL,BULL,BULL,2026-01-02 05:00:00,H1,2026-01-02 05:00:00,1.21235
1,FX22,BUY,BUY,BUY,6,,,0,BULL,BULL,BULL,2026-01-02 05:00:00,H1,2026-01-02 05:00:00,1.22235
1,FX23,BUY,BUY,BUY,6,,,0,BULL,BULL,BULL,2026-01-02 05:00:00,H1,2026-01-02 05:00:00,1.23235
1,FX24,BUY,BUY,BUY,6,,,0,BULL,BULL,BULL,2026-01-02 05:00:00,H1,2026-01-02 05:00:00,1.24235
1,FX25,BUY,BUY,BUY,6,,,0,BULL,BULL,BULL,2026-01-02 05:00:00,H1,2026-01-02 05:00:00,1.25235
1,FX26,BUY,BUY,BUY,6,,,0,BULL,BULL,BULL,2026-01-02 05:00:00,H1,2026-01-02 05:00:00,1.26235
1,FX27,BUY,BUY,BUY,6,,,0,BULL,BULL,BULL,2026-01-02 05:00:00,H1,2026-01-02 05:00:00,1.27235
1,FX28,BUY,BUY,BUY,6,,,0,BULL,BULL,BULL,2026-01-02 05:00:00,H1,2026-01-02 05:00:00,1.28235
1,FX29,BUY,BUY,BUY,6,,,0,BULL,BULL,BULL,2026-01-02 05:00:00,H1,2026-01-02 05:00:00,1.29235
1,FX00,BUY,BUY,BUY,7,,,0,BULL,BULL,BULL,2026-01-02 06:00:00,H1,2026-01-02 06:00:00,1.00235
1,FX01,BUY,BUY,BUY,7,,,0,BULL,BULL,BULL,2026-01-02 06:00:00,H1,2026-01-02 06:00:00,1.01235
1,FX02,BUY,BUY,BUY,7,,,0,BULL,BULL,BULL,2026-01-02 06:00:00,H1,2026-01-02 06:00:00,1.02235
1,FX03,BUY,BUY,BUY,7,,,0,BULL,BULL,BULL,2026-01-02 06:00:00,H1,2026-01-02 06:00:00,1.03235
1,FX04,BUY,BUY,BUY,7,,,0,BULL,BULL,BULL,2026-01-02 06:00:00,H1,2026-01-02 06:00:00,1.04235
1,FX05,BUY,BUY,BUY,7,,,0,BULL,BULL,BULL,2026-01-02 06:00:00,H1,2026-01-02 06:00:00,1.05235
1,FX06,BUY,BUY,BUY,7,,,0,BULL,BULL,BULL,2026-01-02 06:00:00,H1,2026-01-02 06:00:00,1.06235
1,FX07,BUY,BUY,BUY,7,,,0,BULL,BULL,BULL,2026-01-02 06:00:00,H1,2026-01-02 06:00:00,1.07235
1,FX08,BUY,BUY,BUY,7,,,0,BULL,BULL,BULL,2026-01-02 06:00:00,H1,2026-01-02 06:00:00,1.08235
1,FX09,BUY,BUY,BUY,7,,,0,BULL,BULL,BULL,2026-01-02 06:00:00,H1,2026-01-02 06:00:00,1.09235
1,FX10,BUY,BUY,BUY,7,,,0,BULL,BULL,BULL,2026-01-02 06:00:00,H1,2026-01-02 06:00:00,1.10235
1,FX11,BUY,BUY,BUY,7,,,0,BULL,BULL,BULL,2026-01-02 06:00:00,H1,2026-01-02 06:00:00,1.11235
1,FX12,BUY,BUY,BUY,7,,,0,BULL,BULL,BULL,2026-01-02 06:00:00,H1,2026-01-02 06:00:00,1.12235
1,FX13,BUY,BUY,BUY,7,,,0,BULL,BULL,BULL,2026-01-02 06:00:00,H1,2026-01-02 06:00:00,1.13235
1,FX14,BUY,BUY,BUY,7,,,0,BULL,BULL,BULL,2026-01-02 06:00:00,H1,2026-01-02 06:00:00,1.14235
1,FX15,BUY,BUY,BUY,7,,,0,BULL,BULL,BULL,2026-01-02 06:00:00,H1,2026-01-02 06:00:00,1.15235
1,FX16,BUY,BUY,BUY,7,,,0,BULL,BULL,BULL,2026-01-02 06:00:00,H1,2026-01-02 06:00:00,1.16235
1,FX17,BUY,BUY,BUY,7,,,0,BULL,BULL,BULL,2026-01-02 06:00:00,H1,2026-01-02 06:00:00,1.17235
1,FX18,BUY,BUY,BUY,7,,,0,BULL,BULL,BULL,2026-01-02 06:00:00,H1,2026-01-02 06:00:00,1.18235
1,FX19,BUY,BUY,BUY,7,,,0,BULL,BULL,BULL,2026-01-02 06:00:00,H1,2026-01-02 06:00:00,1.19235
1,FX20,BUY,BUY,BUY,7,,,0,BULL,BULL,BULL,2026-01-02 06:00:00,H1,2026-01-02 06:00:00,1.20235
1,FX21,BUY,BUY,BUY,7,,,0,BULL,BULL,BULL,2026-01-02 06:00:00,H1,2026-01-02 06:00:00,1.21235
1,FX22,BUY,BUY,BUY,7,,,0,BULL,BULL,BULL,2026-01-02 06:00:00,H1,2026-01-02 06:00:00,1.22235
1,FX23,BUY,BUY,BUY,7,,,0,BULL,BULL,BULL,2026-01-02 06:00:00,H1,2026-01-02 06:00:00,1.23235
1,FX24,BUY,BUY,BUY,7,,,0,BULL,BULL,BULL,2026-01-02 06:00:00,H1,2026-01-02 06:00:00,1.24235
1,FX25,BUY,BUY,BUY,7,,,0,BULL,BULL,BULL,2026-01-02 06:00:00,H1,2026-01-02 06:00:00,1.25235
1,FX26,BUY,BUY,BUY,7,,,0,BULL,BULL,BULL,2026-01-02 06:00:00,H1,2026-01-02 06:00:00,1.26235
1,FX27,BUY,BUY,BUY,7,,,0,BULL,BULL,BULL,2026-01-02 06:00:00,H1,2026-01-02 06:00:00,1.27235
1,FX28,BUY,BUY,BUY,7,,,0,BULL,BULL,BULL,2026-01-02 06:00:00,H1,2026-01-02 06:00:00,1.28235
1,FX29,BUY,BUY,BUY,7,,,0,BULL,BULL,BULL,2026-01-02 06:00:00,H1,2026-01-02 06:00:00,1.29235
1,FX00,BUY,BUY,BUY,8,,,0,BULL,BULL,BULL,2026-01-02 07:00:00,H1,2026-01-02 07:00:00,1.00235
1,FX01,BUY,BUY,BUY,8,,,0,BULL,BULL,BULL,2026-01-02 07:00:00,H1,2026-01-02 07:00:00,1.01235
1,FX02,BUY,BUY,BUY,8,,,0,BULL,BULL,BULL,2026-01-02 07:00:00,H1,2026-01-02 07:00:00,1.02235
1,FX03,BUY,BUY,BUY,8,,,0,BULL,BULL,BULL,2026-01-02 07:00:00,H1,2026-01-02 07:00:00,1.03235
1,FX04,BUY,BUY,BUY,8,,,0,BULL,BULL,BULL,2026-01-02 07:00:00,H1,2026-01-02 07:00:00,1.04235
1,FX05,BUY,BUY,BUY,8,,,0,BULL,BULL,BULL,2026-01-02 07:00:00,H1,2026-01-02 07:00:00,1.05235
1,FX06,BUY,BUY,BUY,8,,,0,BULL,BULL,BULL,2026-01-02 07:00:00,H1,2026-01-02 07:00:00,1.06235
1,FX07,BUY,BUY,BUY,8,,,0,BULL,BULL,BULL,2026-01-02 07:00:00,H1,2026-01-02 07:00:00,1.07235
1,FX08,BUY,BUY,BUY,8,,,0,BULL,BULL,BULL,2026-01-02 07:00:00,H1,2026-01-02 07:00:00,1.08235
1,FX09,BUY,BUY,BUY,8,,,0,BULL,BULL,BULL,2026-01-02 07:00:00,H1,2026-01-02 07:00:00,1.09235
1,FX10,BUY,BUY,BUY,8,,,0,BULL,BULL,BULL,2026-01-02 07:00:00,H1,2026-01-02 07:00:00,1.10235
1,FX11,BUY,BUY,BUY,8,,,0,BULL,BULL,BULL,2026-01-02 07:00:00,H1,2026-01-02 07:00:00,1.11235
1,FX12,BUY,BUY,BUY,8,,,0,BULL,BULL,BULL,2026-01-02 07:00:00,H1,2026-01-02 07:00:00,1.12235
1,FX13,BUY,BUY,BUY,8,,,0,BULL,BULL,BULL,2026-01-02 07:00:00,H1,2026-01-02 07:00:00,1.13235
1,FX14,BUY,BUY,BUY,8,,,0,BULL,BULL,BULL,2026-01-02 07:00:00,H1,2026-01-02 07:00:00,1.14235
1,FX15,BUY,BUY,BUY,8,,,0,BULL,BULL,BULL,2026-01-02 07:00:00,H1,2026-01-02 07:00:00,1.15235
1,FX16,BUY,BUY,BUY,8,,,0,BULL,BULL,BULL,2026-01-02 07:00:00,H1,2026-01-02 07:00:00,1.16235
1,FX17,BUY,BUY,BUY,8,,,0,BULL,BULL,BULL,2026-01-02 07:00:00,H1,2026-01-02 07:00:00,1.17235
1,FX18,BUY,BUY,BUY,8,,,0,BULL,BULL,BULL,2026-01-02 07:00:00,H1,2026-01-02 07:00:00,1.18235
1,FX19,BUY,BUY,BUY,8,,,0,BULL,BULL,BULL,2026-01-02 07:00:00,H1,2026-01-02 07:00:00,1.19235
1,FX20,BUY,BUY,BUY,8,,,0,BULL,BULL,BULL,2026-01-02 07:00:00,H1,2026-01-02 07:00:00,1.20235
1,FX21,BUY,BUY,BUY,8,,,0,BULL,BULL,BULL,2026-01-02 07:00:00,H1,2026-01-02 07:00:00,1.21235
1,FX22,BUY,BUY,BUY,8,,,0,BULL,BULL,BULL,2026-01-02 07:00:00,H1,2026-01-02 07:00:00,1.22235
1,FX23,BUY,BUY,BUY,8,,,0,BULL,BULL,BULL,2026-01-02 07:00:00,H1,2026-01-02 07:00:00,1.23235
1,FX24,BUY,BUY,BUY,8,,,0,BULL,BULL,BULL,2026-01-02 07:00:00,H1,2026-01-02 07:00:00,1.24235
1,FX25,BUY,BUY,BUY,8,,,0,BULL,BULL,BULL,2026-01-02 07:00:00,H1,2026-01-02 07:00:00,1.25235
1,FX26,BUY,BUY,BUY,8,,,0,BULL,BULL,BULL,2026-01-02 07:00:00,H1,2026-01-02 07:00:00,1.26235
1,FX27,BUY,BUY,BUY,8,,,0,BULL,BULL,BULL,2026-01-02 07:00:00,H1,2026-01-02 07:00:00,1.27235
1,FX28,BUY,BUY,BUY,8,,,0,BULL,BULL,BULL,2026-01-02 07:00:00,H1,2026-01-02 07:00:00,1.28235
1,FX29,BUY,BUY,BUY,8,,,0,BULL,BULL,BULL,2026-01-02 07:00:00,H1,2026-01-02 07:00:00,1.29235
1,FX00,BUY,BUY,BUY,9,,,0,BULL,BULL,BULL,2026-01-02 08:00:00,H1,2026-01-02 08:00:00,1.00235
1,FX01,BUY,BUY,BUY,9,,,0,BULL,BULL,BULL,2026-01-02 08:00:00,H1,2026-01-02 08:00:00,1.01235
1,FX02,BUY,BUY,BUY,9,,,0,BULL,BULL,BULL,2026-01-02 08:00:00,H1,2026-01-02 08:00:00,1.02235
1,FX03,BUY,BUY,BUY,9,,,0,BULL,BULL,BULL,2026-01-02 08:00:00,H1,2026-01-02 08:00:00,1.03235
1,FX04,BUY,BUY,BUY,9,,,0,BULL,BULL,BULL,2026-01-02 08:00:00,H1,2026-01-02 08:00:00,1.04235
1,FX05,BUY,BUY,BUY,9,,,0,BULL,BULL,BULL,2026-01-02 08:00:00,H1,2026-01-02 08:00:00,1.05235
1,FX06,BUY,BUY,BUY,9,,,0,BULL,BULL,BULL,2026-01-02 08:00:00,H1,2026-01-02 08:00:00,1.06235
1,FX07,BUY,BUY,BUY,9,,,0,BULL,BULL,BULL,2026-01-02 08:00:00,H1,2026-01-02 08:00:00,1.07235
1,FX08,BUY,BUY,BUY,9,,,0,BULL,BULL,BULL,2026-01-02 08:00:00,H1,2026-01-02 08:00:00,1.08235
1,FX09,BUY,BUY,BUY,9,,,0,BULL,BULL,BULL,2026-01-02 08:00:00,H1,2026-01-02 08:00:00,1.09235
1,FX10,BUY,BUY,BUY,9,,,0,BULL,BULL,BULL,2026-01-02 08:00:00,H1,2026-01-02 08:00:00,1.10235
1,FX11,BUY,BUY,BUY,9,,,0,BULL,BULL,BULL,2026-01-02 08:00:00,H1,2026-01-02 08:00:00,1.11235
1,FX12,BUY,BUY,BUY,9,,,0,BULL,BULL,BULL,2026-01-02 08:00:00,H1,2026-01-02 08:00:00,1.12235
1,FX13,BUY,BUY,BUY,9,,,0,BULL,BULL,BULL,2026-01-02 08:00:00,H1,2026-01-02 08:00:00,1.13235
1,FX14,BUY,BUY,BUY,9,,,0,BULL,BULL,BULL,2026-01-02 08:00:00,H1,2026-01-02 08:00:00,1.14235
1,FX15,BUY,BUY,BUY,9,,,0,BULL,BULL,BULL,2026-01-02 08:00:00,H1,2026-01-02 08:00:00,1.15235
1,FX16,BUY,BUY,BUY,9,,,0,BULL,BULL,BULL,2026-01-02 08:00:00,H1,2026-01-02 08:00:00,1.16235
1,FX17,BUY,BUY,BUY,9,,,0,BULL,BULL,BULL,2026-01-02 08:00:00,H1,2026-01-02 08:00:00,1.17235
1,FX18,BUY,BUY,BUY,9,,,0,BULL,BULL,BULL,2026-01-02 08:00:00,H1,2026-01-02 08:00:00,1.18235
1,FX19,BUY,BUY,BUY,9,,,0,BULL,BULL,BULL,2026-01-02 08:00:00,H1,2026-01-02 08:00:00,1.19235
1,FX20,BUY,BUY,BUY,9,,,0,BULL,BULL,BULL,2026-01-02 08:00:00,H1,2026-01-02 08:00:00,1.20235
1,FX21,BUY,BUY,BUY,9,,,0,BULL,BULL,BULL,2026-01-02 08:00:00,H1,2026-01-02 08:00:00,1.21235
1,FX22,BUY,BUY,BUY,9,,,0,BULL,BULL,BULL,2026-01-02 08:00:00,H1,2026-01-02 08:00:00,1.22235
1,FX23,BUY,BUY,BUY,9,,,0,BULL,BULL,BULL,2026-01-02 08:00:00,H1,2026-01-02 08:00:00,1.23235
1,FX24,BUY,BUY,BUY,9,,,0,BULL,BULL,BULL,2026-01-02 08:00:00,H1,2026-01-02 08:00:00,1.24235
1,FX25,BUY,BUY,BUY,9,,,0,BULL,BULL,BULL,2026-01-02 08:00:00,H1,2026-01-02 08:00:00,1.25235
1,FX26,BUY,BUY,BUY,9,,,0,BULL,BULL,BULL,2026-01-02 08:00:00,H1,2026-01-02 08:00:00,1.26235
1,FX27,BUY,BUY,BUY,9,,,0,BULL,BULL,BULL,2026-01-02 08:00:00,H1,2026-01-02 08:00:00,1.27235
1,FX28,BUY,BUY,BUY,9,,,0,BULL,BULL,BULL,2026-01-02 08:00:00,H1,2026-01-02 08:00:00,1.28235
1,FX29,BUY,BUY,BUY,9,,,0,BULL,BULL,BULL,2026-01-02 08:00:00,H1,2026-01-02 08:00:00,1.29235
1,FX00,BUY,BUY,BUY,10,,,0,BULL,BULL,BULL,2026-01-02 09:00:00,H1,2026-01-02 09:00:00,1.00235
1,FX01,BUY,BUY,BUY,10,,,0,BULL,BULL,BULL,2026-01-02 09:00:00,H1,2026-01-02 09:00:00,1.01235
1,FX02,BUY,BUY,BUY,10,,,0,BULL,BULL,BULL,2026-01-02 09:00:00,H1,2026-01-02 09:00:00,1.02235
1,FX03,BUY,BUY,BUY,10,,,0,BULL,BULL,BULL,2026-01-02 09:00:00,H1,2026-01-02 09:00:00,1.03235
1,FX04,BUY,BUY,BUY,10,,,0,BULL,BULL,BULL,2026-01-02 09:00:00,H1,2026-01-02 09:00:00,1.04235
1,FX05,BUY,BUY,BUY,10,,,0,BULL,BULL,BULL,2026-01-02 09:00:00,H1,2026-01-02 09:00:00,1.05235
1,FX06,BUY,BUY,BUY,10,,,0,BULL,BULL,BULL,2026-01-02 09:00:00,H1,2026-01-02 09:00:00,1.06235
1,FX07,BUY,BUY,BUY,10,,,0,BULL,BULL,BULL,2026-01-02 09:00:00,H1,2026-01-02 09:00:00,1.07235
1,FX08,BUY,BUY,BUY,10,,,0,BULL,BULL,BULL,2026-01-02 09:00:00,H1,2026-01-02 09:00:00,1.08235
1,FX09,BUY,BUY,BUY,10,,,0,BULL,BULL,BULL,2026-01-02 09:00:00,H1,2026-01-02 09:00:00,1.09235
1,FX10,BUY,BUY,BUY,10,,,0,BULL,BULL,BULL,2026-01-02 09:00:00,H1,2026-01-02 09:00:00,1.10235
1,FX11,BUY,BUY,BUY,10,,,0,BULL,BULL,BULL,2026-01-02 09:00:00,H1,2026-01-02 09:00:00,1.11235
1,FX12,BUY,BUY,BUY,10,,,0,BULL,BULL,BULL,2026-01-02 09:00:00,H1,2026-01-02 09:00:00,1.12235
1,FX13,BUY,BUY,BUY,10,,,0,BULL,BULL,BULL,2026-01-02 09:00:00,H1,2026-01-02 09:00:00,1.13235
1,FX14,BUY,BUY,BUY,10,,,0,BULL,BULL,BULL,2026-01-02 09:00:00,H1,2026-01-02 09:00:00,1.14235
1,FX15,BUY,BUY,BUY,10,,,0,BULL,BULL,BULL,2026-01-02 09:00:00,H1,2026-01-02 09:00:00,1.15235
1,FX16,BUY,BUY,BUY,10,,,0,BULL,BULL,BULL,2026-01-02 09:00:00,H1,2026-01-02 09:00:00,1.16235
1,FX17,BUY,BUY,BUY,10,,,0,BULL,BULL,BULL,2026-01-02 09:00:00,H1,2026-01-02 09:00:00,1.17235
1,FX18,BUY,BUY,BUY,10,,,0,BULL,BULL,BULL,2026-01-02 09:00:00,H1,2026-01-02 09:00:00,1.18235
1,FX19,BUY,BUY,BUY,10,,,0,BULL,BULL,BULL,2026-01-02 09:00:00,H1,2026-01-02 09:00:00,1.19235
1,FX20,BUY,BUY,BUY,10,,,0,BULL,BULL,BULL,2026-01-02 09:00:00,H1,2026-01-02 09:00:00,1.20235
1,FX21,BUY,BUY,BUY,10,,,0,BULL,BULL,BULL,2026-01-02 09:00:00,H1,2026-01-02 09:00:00,1.21235
1,FX22,BUY,BUY,BUY,10,,,0,BULL,BULL,BULL,2026-01-02 09:00:00,H1,2026-01-02 09:00:00,1.22235
1,FX23,BUY,BUY,BUY,10,,,0,BULL,BULL,BULL,2026-01-02 09:00:00,H1,2026-01-02 09:00:00,1.23235
1,FX24,BUY,BUY,BUY,10,,,0,BULL,BULL,BULL,2026-01-02 09:00:00,H1,2026-01-02 09:00:00,1.24235
1,FX25,BUY,BUY,BUY,10,,,0,BULL,BULL,BULL,2026-01-02 09:00:00,H1,2026-01-02 09:00:00,1.25235
1,FX26,BUY,BUY,BUY,10,,,0,BULL,BULL,BULL,2026-01-02 09:00:00,H1,2026-01-02 09:00:00,1.26235
1,FX27,BUY,BUY,BUY,10,,,0,BULL,BULL,BULL,2026-01-02 09:00:00,H1,2026-01-02 09:00:00,1.27235
1,FX28,BUY,BUY,BUY,10,,,0,BULL,BULL,BULL,2026-01-02 09:00:00,H1,2026-01-02 09:00:00,1.28235
1,FX29,BUY,BUY,BUY,10,,,0,BULL,BULL,BULL,2026-01-02 09:00:00,H1,2026-01-02 09:00:00,1.29235
1,FX00,BUY,BUY,BUY,11,,,0,BULL,BULL,BULL,2026-01-02 10:00:00,H1,2026-01-02 10:00:00,1.00235
1,FX01,BUY,BUY,BUY,11,,,0,BULL,BULL,BULL,2026-01-02 10:00:00,H1,2026-01-02 10:00:00,1.01235
1,FX02,BUY,BUY,BUY,11,,,0,BULL,BULL,BULL,2026-01-02 10:00:00,H1,2026-01-02 10:00:00,1.02235
1,FX03,BUY,BUY,BUY,11,,,0,BULL,BULL,BULL,2026-01-02 10:00:00,H1,2026-01-02 10:00:00,1.03235
1,FX04,BUY,BUY,BUY,11,,,0,BULL,BULL,BULL,2026-01-02 10:00:00,H1,2026-01-02 10:00:00,1.04235
1,FX05,BUY,BUY,BUY,11,,,0,BULL,BULL,BULL,2026-01-02 10:00:00,H1,2026-01-02 10:00:00,1.05235
1,FX06,BUY,BUY,BUY,11,,,0,BULL,BULL,BULL,2026-01-02 10:00:00,H1,2026-01-02 10:00:00,1.06235
1,FX07,BUY,BUY,BUY,11,,,0,BULL,BULL,BULL,2026-01-02 10:00:00,H1,2026-01-02 10:00:00,1.07235
1,FX08,BUY,BUY,BUY,11,,,0,BULL,BULL,BULL,2026-01-02 10:00:00,H1,2026-01-02 10:00:00,1.08235
1,FX09,BUY,BUY,BUY,11,,,0,BULL,BULL,BULL,2026-01-02 10:00:00,H1,2026-01-02 10:00:00,1.09235
1,FX10,BUY,BUY,BUY,11,,,0,BULL,BULL,BULL,2026-01-02 10:00:00,H1,2026-01-02 10:00:00,1.10235
1,FX11,BUY,BUY,BUY,11,,,0,BULL,BULL,BULL,2026-01-02 10:00:00,H1,2026-01-02 10:00:00,1.11235
1,FX12,BUY,BUY,BUY,11,,,0,BULL,BULL,BULL,2026-01-02 10:00:00,H1,2026-01-02 10:00:00,1.12235
1,FX13,BUY,BUY,BUY,11,,,0,BULL,BULL,BULL,2026-01-02 10:00:00,H1,2026-01-02 10:00:00,1.13235
1,FX14,BUY,BUY,BUY,11,,,0,BULL,BULL,BULL,2026-01-02 10:00:00,H1,2026-01-02 10:00:00,1.14235
1,FX15,BUY,BUY,BUY,11,,,0,BULL,BULL,BULL,2026-01-02 10:00:00,H1,2026-01-02 10:00:00,1.15235
1,FX16,BUY,BUY,BUY,11,,,0,BULL,BULL,BULL,2026-01-02 10:00:00,H1,2026-01-02 10:00:00,1.16235
1,FX17,BUY,BUY,BUY,11,,,0,BULL,BULL,BULL,2026-01-02 10:00:00,H1,2026-01-02 10:00:00,1.17235
1,FX18,BUY,BUY,BUY,11,,,0,BULL,BULL,BULL,2026-01-02 10:00:00,H1,2026-01-02 10:00:00,1.18235
1,FX19,BUY,BUY,BUY,11,,,0,BULL,BULL,BULL,2026-01-02 10:00:00,H1,2026-01-02 10:00:00,1.19235
1,FX20,BUY,BUY,BUY,11,,,0,BULL,BULL,BULL,2026-01-02 10:00:00,H1,2026-01-02 10:00:00,1.20235
1,FX21,BUY,BUY,BUY,11,,,0,BULL,BULL,BULL,2026-01-02 10:00:00,H1,2026-01-02 10:00:00,1.21235
1,FX22,BUY,BUY,BUY,11,,,0,BULL,BULL,BULL,2026-01-02 10:00:00,H1,2026-01-02 10:00:00,1.22235
1,FX23,BUY,BUY,BUY,11,,,0,BULL,BULL,BULL,2026-01-02 10:00:00,H1,2026-01-02 10:00:00,1.23235
1,FX24,BUY,BUY,BUY,11,,,0,BULL,BULL,BULL,2026-01-02 10:00:00,H1,2026-01-02 10:00:00,1.24235
1,FX25,BUY,BUY,BUY,11,,,0,BULL,BULL,BULL,2026-01-02 10:00:00,H1,2026-01-02 10:00:00,1.25235
1,FX26,BUY,BUY,BUY,11,,,0,BULL,BULL,BULL,2026-01-02 10:00:00,H1,2026-01-02 10:00:00,1.26235
1,FX27,BUY,BUY,BUY,11,,,0,BULL,BULL,BULL,2026-01-02 10:00:00,H1,2026-01-02 10:00:00,1.27235
1,FX28,BUY,BUY,BUY,11,,,0,BULL,BULL,BULL,2026-01-02 10:00:00,H1,2026-01-02 10:00:00,1.28235
1,FX29,BUY,BUY,BUY,11,,,0,BULL,BULL,BULL,2026-01-02 10:00:00,H1,2026-01-02 10:00:00,1.29235
1,FX00,BUY,BUY,BUY,12,,,0,BULL,BULL,BULL,2026-01-02 11:00:00,H1,2026-01-02 11:00:00,1.00235
1,FX01,BUY,BUY,BUY,12,,,0,BULL,BULL,BULL,2026-01-02 11:00:00,H1,2026-01-02 11:00:00,1.01235
1,FX02,BUY,BUY,BUY,12,,,0,BULL,BULL,BULL,2026-01-02 11:00:00,H1,2026-01-02 11:00:00,1.02235
1,FX03,BUY,BUY,BUY,12,,,0,BULL,BULL,BULL,2026-01-02 11:00:00,H1,2026-01-02 11:00:00,1.03235
1,FX04,BUY,BUY,BUY,12,,,0,BULL,BULL,BULL,2026-01-02 11:00:00,H1,2026-01-02 11:00:00,1.04235
1,FX05,BUY,BUY,BUY,12,,,0,BULL,BULL,BULL,2026-01-02 11:00:00,H1,2026-01-02 11:00:00,1.05235
1,FX06,BUY,BUY,BUY,12,,,0,BULL,BULL,BULL,2026-01-02 11:00:00,H1,2026-01-02 11:00:00,1.06235
1,FX07,BUY,BUY,BUY,12,,,0,BULL,BULL,BULL,2026-01-02 11:00:00,H1,2026-01-02 11:00:00,1.07235
1,FX08,BUY,BUY,BUY,12,,,0,BULL,BULL,BULL,2026-01-02 11:00:00,H1,2026-01-02 11:00:00,1.08235
1,FX09,BUY,BUY,BUY,12,,,0,BULL,BULL,BULL,2026-01-02 11:00:00,H1,2026-01-02 11:00:00,1.09235
1,FX10,BUY,BUY,BUY,12,,,0,BULL,BULL,BULL,2026-01-02 11:00:00,H1,2026-01-02 11:00:00,1.10235
1,FX11,BUY,BUY,BUY,12,,,0,BULL,BULL,BULL,2026-01-02 11:00:00,H1,2026-01-02 11:00:00,1.11235
1,FX12,BUY,BUY,BUY,12,,,0,BULL,BULL,BULL,2026-01-02 11:00:00,H1,2026-01-02 11:00:00,1.12235
1,FX13,BUY,BUY,BUY,12,,,0,BULL,BULL,BULL,2026-01-02 11:00:00,H1,2026-01-02 11:00:00,1.13235
1,FX14,BUY,BUY,BUY,12,,,0,BULL,BULL,BULL,2026-01-02 11:00:00,H1,2026-01-02 11:00:00,1.14235
1,FX15,BUY,BUY,BUY,12,,,0,BULL,BULL,BULL,2026-01-02 11:00:00,H1,2026-01-02 11:00:00,1.15235
1,FX16,BUY,BUY,BUY,12,,,0,BULL,BULL,BULL,2026-01-02 11:00:00,H1,2026-01-02 11:00:00,1.16235
1,FX17,BUY,BUY,BUY,12,,,0,BULL,BULL,BULL,2026-01-02 11:00:00,H1,2026-01-02 11:00:00,1.17235
1,FX18,BUY,BUY,BUY,12,,,0,BULL,BULL,BULL,2026-01-02 11:00:00,H1,2026-01-02 11:00:00,1.18235
1,FX19,BUY,BUY,BUY,12,,,0,BULL,BULL,BULL,2026-01-02 11:00:00,H1,2026-01-02 11:00:00,1.19235
1,FX20,BUY,BUY,BUY,12,,,0,BULL,BULL,BULL,2026-01-02 11:00:00,H1,2026-01-02 11:00:00,1.20235
1,FX21,BUY,BUY,BUY,12,,,0,BULL,BULL,BULL,2026-01-02 11:00:00,H1,2026-01-02 11:00:00,1.21235
1,FX22,BUY,BUY,BUY,12,,,0,BULL,BULL,BULL,2026-01-02 11:00:00,H1,2026-01-02 11:00:00,1.22235
1,FX23,BUY,BUY,BUY,12,,,0,BULL,BULL,BULL,2026-01-02 11:00:00,H1,2026-01-02 11:00:00,1.23235
1,FX24,BUY,BUY,BUY,12,,,0,BULL,BULL,BULL,2026-01-02 11:00:00,H1,2026-01-02 11:00:00,1.24235
1,FX25,BUY,BUY,BUY,12,,,0,BULL,BULL,BULL,2026-01-02 11:00:00,H1,2026-01-02 11:00:00,1.25235
1,FX26,BUY,BUY,BUY,12,,,0,BULL,BULL,BULL,2026-01-02 11:00:00,H1,2026-01-02 11:00:00,1.26235
1,FX27,BUY,BUY,BUY,12,,,0,BULL,BULL,BULL,2026-01-02 11:00:00,H1,2026-01-02 11:00:00,1.27235
1,FX28,BUY,BUY,BUY,12,,,0,BULL,BULL,BULL,2026-01-02 11:00:00,H1,2026-01-02 11:00:00,1.28235
1,FX29,BUY,BUY,BUY,12,,,0,BULL,BULL,BULL,2026-01-02 11:00:00,H1,2026-01-02 11:00:00,1.29235
1,FX00,BUY,BUY,BUY,13,,,0,BULL,BULL,BULL,2026-01-02 12:00:00,H1,2026-01-02 12:00:00,1.00235
1,FX01,BUY,BUY,BUY,13,,,0,BULL,BULL,BULL,2026-01-02 12:00:00,H1,2026-01-02 12:00:00,1.01235
1,FX02,BUY,BUY,BUY,13,,,0,BULL,BULL,BULL,2026-01-02 12:00:00,H1,2026-01-02 12:00:00,1.02235
1,FX03,BUY,BUY,BUY,13,,,0,BULL,BULL,BULL,2026-01-02 12:00:00,H1,2026-01-02 12:00:00,1.03235
1,FX04,BUY,BUY,BUY,13,,,0,BULL,BULL,BULL,2026-01-02 12:00:00,H1,2026-01-02 12:00:00,1.04235
1,FX05,BUY,BUY,BUY,13,,,0,BULL,BULL,BULL,2026-01-02 12:00:00,H1,2026-01-02 12:00:00,1.05235
1,FX06,BUY,BUY,BUY,13,,,0,BULL,BULL,BULL,2026-01-02 12:00:00,H1,2026-01-02 12:00:00,1.06235
1,FX07,BUY,BUY,BUY,13,,,0,BULL,BULL,BULL,2026-01-02 12:00:00,H1,2026-01-02 12:00:00,1.07235
1,FX08,BUY,BUY,BUY,13,,,0,BULL,BULL,BULL,2026-01-02 12:00:00,H1,2026-01-02 12:00:00,1.08235
1,FX09,BUY,BUY,BUY,13,,,0,BULL,BULL,BULL,2026-01-02 12:00:00,H1,2026-01-02 12:00:00,1.09235
1,FX10,BUY,BUY,BUY,13,,,0,BULL,BULL,BULL,2026-01-02 12:00:00,H1,2026-01-02 12:00:00,1.10235
1,FX11,BUY,BUY,BUY,13,,,0,BULL,BULL,BULL,2026-01-02 12:00:00,H1,2026-01-02 12:00:00,1.11235
1,FX12,BUY,BUY,BUY,13,,,0,BULL,BULL,BULL,2026-01-02 12:00:00,H1,2026-01-02 12:00:00,1.12235
1,FX13,BUY,BUY,BUY,13,,,0,BULL,BULL,BULL,2026-01-02 12:00:00,H1,2026-01-02 12:00:00,1.13235
1,FX14,BUY,BUY,BUY,13,,,0,BULL,BULL,BULL,2026-01-02 12:00:00,H1,2026-01-02 12:00:00,1.14235
1,FX15,BUY,BUY,BUY,13,,,0,BULL,BULL,BULL,2026-01-02 12:00:00,H1,2026-01-02 12:00:00,1.15235
1,FX16,BUY,BUY,BUY,13,,,0,BULL,BULL,BULL,2026-01-02 12:00:00,H1,2026-01-02 12:00:00,1.16235
1,FX17,BUY,BUY,BUY,13,,,0,BULL,BULL,BULL,2026-01-02 12:00:00,H1,2026-01-02 12:00:00,1.17235
1,FX18,BUY,BUY,BUY,13,,,0,BULL,BULL,BULL,2026-01-02 12:00:00,H1,2026-01-02 12:00:00,1.18235
1,FX19,BUY,BUY,BUY,13,,,0,BULL,BULL,BULL,2026-01-02 12:00:00,H1,2026-01-02 12:00:00,1.19235
1,FX20,BUY,BUY,BUY,13,,,0,BULL,BULL,BULL,2026-01-02 12:00:00,H1,2026-01-02 12:00:00,1.20235
1,FX21,BUY,BUY,BUY,13,,,0,BULL,BULL,BULL,2026-01-02 12:00:00,H1,2026-01-02 12:00:00,1.21235
1,FX22,BUY,BUY,BUY,13,,,0,BULL,BULL,BULL,2026-01-02 12:00:00,H1,2026-01-02 12:00:00,1.22235
1,FX23,BUY,BUY,BUY,13,,,0,BULL,BULL,BULL,2026-01-02 12:00:00,H1,2026-01-02 12:00:00,1.23235
1,FX24,BUY,BUY,BUY,13,,,0,BULL,BULL,BULL,2026-01-02 12:00:00,H1,2026-01-02 12:00:00,1.24235
1,FX25,BUY,BUY,BUY,13,,,0,BULL,BULL,BULL,2026-01-02 12:00:00,H1,2026-01-02 12:00:00,1.25235
1,FX26,BUY,BUY,BUY,13,,,0,BULL,BULL,BULL,2026-01-02 12:00:00,H1,2026-01-02 12:00:00,1.26235
1,FX27,BUY,BUY,BUY,13,,,0,BULL,BULL,BULL,2026-01-02 12:00:00,H1,2026-01-02 12:00:00,1.27235
1,FX28,BUY,BUY,BUY,13,,,0,BULL,BULL,BULL,2026-01-02 12:00:00,H1,2026-01-02 12:00:00,1.28235
1,FX29,BUY,BUY,BUY,13,,,0,BULL,BULL,BULL,2026-01-02 12:00:00,H1,2026-01-02 12:00:00,1.29235
1,FX00,BUY,BUY,BUY,14,,,0,BULL,BULL,BULL,2026-01-02 13:00:00,H1,2026-01-02 13:00:00,1.00235
1,FX01,BUY,BUY,BUY,14,,,0,BULL,BULL,BULL,2026-01-02 13:00:00,H1,2026-01-02 13:00:00,1.01235
1,FX02,BUY,BUY,BUY,14,,,0,BULL,BULL,BULL,2026-01-02 13:00:00,H1,2026-01-02 13:00:00,1.02235
1,FX03,BUY,BUY,BUY,14,,,0,BULL,BULL,BULL,2026-01-02 13:00:00,H1,2026-01-02 13:00:00,1.03235
1,FX04,BUY,BUY,BUY,14,,,0,BULL,BULL,BULL,2026-01-02 13:00:00,H1,2026-01-02 13:00:00,1.04235
1,FX05,BUY,BUY,BUY,14,,,0,BULL,BULL,BULL,2026-01-02 13:00:00,H1,2026-01-02 13:00:00,1.05235
1,FX06,BUY,BUY,BUY,14,,,0,BULL,BULL,BULL,2026-01-02 13:00:00,H1,2026-01-02 13:00:00,1.06235
1,FX07,BUY,BUY,BUY,14,,,0,BULL,BULL,BULL,2026-01-02 13:00:00,H1,2026-01-02 13:00:00,1.07235
1,FX08,BUY,BUY,BUY,14,,,0,BULL,BULL,BULL,2026-01-02 13:00:00,H1,2026-01-02 13:00:00,1.08235
1,FX09,BUY,BUY,BUY,14,,,0,BULL,BULL,BULL,2026-01-02 13:00:00,H1,2026-01-02 13:00:00,1.09235
1,FX10,BUY,BUY,BUY,14,,,0,BULL,BULL,BULL,2026-01-02 13:00:00,H1,2026-01-02 13:00:00,1.10235
1,FX11,BUY,BUY,BUY,14,,,0,BULL,BULL,BULL,2026-01-02 13:00:00,H1,2026-01-02 13:00:00,1.11235
1,FX12,BUY,BUY,BUY,14,,,0,BULL,BULL,BULL,2026-01-02 13:00:00,H1,2026-01-02 13:00:00,1.12235
1,FX13,BUY,BUY,BUY,14,,,0,BULL,BULL,BULL,2026-01-02 13:00:00,H1,2026-01-02 13:00:00,1.13235
1,FX14,BUY,BUY,BUY,14,,,0,BULL,BULL,BULL,2026-01-02 13:00:00,H1,2026-01-02 13:00:00,1.14235
1,FX15,BUY,BUY,BUY,14,,,0,BULL,BULL,BULL,2026-01-02 13:00:00,H1,2026-01-02 13:00:00,1.15235
1,FX16,BUY,BUY,BUY,14,,,0,BULL,BULL,BULL,2026-01-02 13:00:00,H1,2026-01-02 13:00:00,1.16235
1,FX17,BUY,BUY,BUY,14,,,0,BULL,BULL,BULL,2026-01-02 13:00:00,H1,2026-01-02 13:00:00,1.17235
1,FX18,BUY,BUY,BUY,14,,,0,BULL,BULL,BULL,2026-01-02 13:00:00,H1,2026-01-02 13:00:00,1.18235
1,FX19,BUY,BUY,BUY,14,,,0,BULL,BULL,BULL,2026-01-02 13:00:00,H1,2026-01-02 13:00:00,1.19235
1,FX20,BUY,BUY,BUY,14,,,0,BULL,BULL,BULL,2026-01-02 13:00:00,H1,2026-01-02 13:00:00,1.20235
1,FX21,BUY,BUY,BUY,14,,,0,BULL,BULL,BULL,2026-01-02 13:00:00,H1,2026-01-02 13:00:00,1.21235
1,FX22,BUY,BUY,BUY,14,,,0,BULL,BULL,BULL,2026-01-02 13:00:00,H1,2026-01-02 13:00:00,1.22235
1,FX23,BUY,BUY,BUY,14,,,0,BULL,BULL,BULL,2026-01-02 13:00:00,H1,2026-01-02 13:00:00,1.23235
1,FX24,BUY,BUY,BUY,14,,,0,BULL,BULL,BULL,2026-01-02 13:00:00,H1,2026-01-02 13:00:00,1.24235
1,FX25,BUY,BUY,BUY,14,,,0,BULL,BULL,BULL,2026-01-02 13:00:00,H1,2026-01-02 13:00:00,1.25235
1,FX26,BUY,BUY,BUY,14,,,0,BULL,BULL,BULL,2026-01-02 13:00:00,H1,2026-01-02 13:00:00,1.26235
1,FX27,BUY,BUY,BUY,14,,,0,BULL,BULL,BULL,2026-01-02 13:00:00,H1,2026-01-02 13:00:00,1.27235
1,FX28,BUY,BUY,BUY,14,,,0,BULL,BULL,BULL,2026-01-02 13:00:00,H1,2026-01-02 13:00:00,1.28235
1,FX29,BUY,BUY,BUY,14,,,0,BULL,BULL,BULL,2026-01-02 13:00:00,H1,2026-01-02 13:00:00,1.29235
1,FX00,BUY,BUY,BUY,15,,,0,BULL,BULL,BULL,2026-01-02 14:00:00,H1,2026-01-02 14:00:00,1.00235
1,FX01,BUY,BUY,BUY,15,,,0,BULL,BULL,BULL,2026-01-02 14:00:00,H1,2026-01-02 14:00:00,1.01235
1,FX02,BUY,BUY,BUY,15,,,0,BULL,BULL,BULL,2026-01-02 14:00:00,H1,2026-01-02 14:00:00,1.02235
1,FX03,BUY,BUY,BUY,15,,,0,BULL,BULL,BULL,2026-01-02 14:00:00,H1,2026-01-02 14:00:00,1.03235
1,FX04,BUY,BUY,BUY,15,,,0,BULL,BULL,BULL,2026-01-02 14:00:00,H1,2026-01-02 14:00:00,1.04235
1,FX05,BUY,BUY,BUY,15,,,0,BULL,BULL,BULL,2026-01-02 14:00:00,H1,2026-01-02 14:00:00,1.05235
1,FX06,BUY,BUY,BUY,15,,,0,BULL,BULL,BULL,2026-01-02 14:00:00,H1,2026-01-02 14:00:00,1.06235
1,FX07,BUY,BUY,BUY,15,,,0,BULL,BULL,BULL,2026-01-02 14:00:00,H1,2026-01-02 14:00:00,1.07235
1,FX08,BUY,BUY,BUY,15,,,0,BULL,BULL,BULL,2026-01-02 14:00:00,H1,2026-01-02 14:00:00,1.08235
1,FX09,BUY,BUY,BUY,15,,,0,BULL,BULL,BULL,2026-01-02 14:00:00,H1,2026-01-02 14:00:00,1.09235
1,FX10,BUY,BUY,BUY,15,,,0,BULL,BULL,BULL,2026-01-02 14:00:00,H1,2026-01-02 14:00:00,1.10235
1,FX11,BUY,BUY,BUY,15,,,0,BULL,BULL,BULL,2026-01-02 14:00:00,H1,2026-01-02 14:00:00,1.11235
1,FX12,BUY,BUY,BUY,15,,,0,BULL,BULL,BULL,2026-01-02 14:00:00,H1,2026-01-02 14:00:00,1.12235
1,FX13,BUY,BUY,BUY,15,,,0,BULL,BULL,BULL,2026-01-02 14:00:00,H1,2026-01-02 14:00:00,1.13235
1,FX14,BUY,BUY,BUY,15,,,0,BULL,BULL,BULL,2026-01-02 14:00:00,H1,2026-01-02 14:00:00,1.14235
1,FX15,BUY,BUY,BUY,15,,,0,BULL,BULL,BULL,2026-01-02 14:00:00,H1,2026-01-02 14:00:00,1.15235
1,FX16,BUY,BUY,BUY,15,,,0,BULL,BULL,BULL,2026-01-02 14:00:00,H1,2026-01-02 14:00:00,1.16235
1,FX17,BUY,BUY,BUY,15,,,0,BULL,BULL,BULL,2026-01-02 14:00:00,H1,2026-01-02 14:00:00,1.17235
1,FX18,BUY,BUY,BUY,15,,,0,BULL,BULL,BULL,2026-01-02 14:00:00,H1,2026-01-02 14:00:00,1.18235
1,FX19,BUY,BUY,BUY,15,,,0,BULL,BULL,BULL,2026-01-02 14:00:00,H1,2026-01-02 14:00:00,1.19235
1,FX20,BUY,BUY,BUY,15,,,0,BULL,BULL,BULL,2026-01-02 14:00:00,H1,2026-01-02 14:00:00,1.20235
1,FX21,BUY,BUY,BUY,15,,,0,BULL,BULL,BULL,2026-01-02 14:00:00,H1,2026-01-02 14:00:00,1.21235
1,FX22,BUY,BUY,BUY,15,,,0,BULL,BULL,BULL,2026-01-02 14:00:00,H1,2026-01-02 14:00:00,1.22235
1,FX23,BUY,BUY,BUY,15,,,0,BULL,BULL,BULL,2026-01-02 14:00:00,H1,2026-01-02 14:00:00,1.23235
1,FX24,BUY,BUY,BUY,15,,,0,BULL,BULL,BULL,2026-01-02 14:00:00,H1,2026-01-02 14:00:00,1.24235
1,FX25,BUY,BUY,BUY,15,,,0,BULL,BULL,BULL,2026-01-02 14:00:00,H1,2026-01-02 14:00:00,1.25235
1,FX26,BUY,BUY,BUY,15,,,0,BULL,BULL,BULL,2026-01-02 14:00:00,H1,2026-01-02 14:00:00,1.26235
1,FX27,BUY,BUY,BUY,15,,,0,BULL,BULL,BULL,2026-01-02 14:00:00,H1,2026-01-02 14:00:00,1.27235
1,FX28,BUY,BUY,BUY,15,,,0,BULL,BULL,BULL,2026-01-02 14:00:00,H1,2026-01-02 14:00:00,1.28235
1,FX29,BUY,BUY,BUY,15,,,0,BULL,BULL,BULL,2026-01-02 14:00:00,H1,2026-01-02 14:00:00,1.29235
1,FX00,BUY,BUY,BUY,16,,,0,BULL,BULL,BULL,2026-01-02 15:00:00,H1,2026-01-02 15:00:00,1.00235
1,FX01,BUY,BUY,BUY,16,,,0,BULL,BULL,BULL,2026-01-02 15:00:00,H1,2026-01-02 15:00:00,1.01235
1,FX02,BUY,BUY,BUY,16,,,0,BULL,BULL,BULL,2026-01-02 15:00:00,H1,2026-01-02 15:00:00,1.02235
1,FX03,BUY,BUY,BUY,16,,,0,BULL,BULL,BULL,2026-01-02 15:00:00,H1,2026-01-02 15:00:00,1.03235
1,FX04,BUY,BUY,BUY,16,,,0,BULL,BULL,BULL,2026-01-02 15:00:00,H1,2026-01-02 15:00:00,1.04235
1,FX05,BUY,BUY,BUY,16,,,0,BULL,BULL,BULL,2026-01-02 15:00:00,H1,2026-01-02 15:00:00,1.05235
1,FX06,BUY,BUY,BUY,16,,,0,BULL,BULL,BULL,2026-01-02 15:00:00,H1,2026-01-02 15:00:00,1.06235
1,FX07,BUY,BUY,BUY,16,,,0,BULL,BULL,BULL,2026-01-02 15:00:00,H1,2026-01-02 15:00:00,1.07235
1,FX08,BUY,BUY,BUY,16,,,0,BULL,BULL,BULL,2026-01-02 15:00:00,H1,2026-01-02 15:00:00,1.08235
1,FX09,BUY,BUY,BUY,16,,,0,BULL,BULL,BULL,2026-01-02 15:00:00,H1,2026-01-02 15:00:00,1.09235
1,FX10,BUY,BUY,BUY,16,,,0,BULL,BULL,BULL,2026-01-02 15:00:00,H1,2026-01-02 15:00:00,1.10235
1,FX11,BUY,BUY,BUY,16,,,0,BULL,BULL,BULL,2026-01-02 15:00:00,H1,2026-01-02 15:00:00,1.11235
1,FX12,BUY,BUY,BUY,16,,,0,BULL,BULL,BULL,2026-01-02 15:00:00,H1,2026-01-02 15:00:00,1.12235
1,FX13,BUY,BUY,BUY,16,,,0,BULL,BULL,BULL,2026-01-02 15:00:00,H1,2026-01-02 15:00:00,1.13235
1,FX14,BUY,BUY,BUY,16,,,0,BULL,BULL,BULL,2026-01-02 15:00:00,H1,2026-01-02 15:00:00,1.14235
1,FX15,BUY,BUY,BUY,16,,,0,BULL,BULL,BULL,2026-01-02 15:00:00,H1,2026-01-02 15:00:00,1.15235
1,FX16,BUY,BUY,BUY,16,,,0,BULL,BULL,BULL,2026-01-02 15:00:00,H1,2026-01-02 15:00:00,1.16235
1,FX17,BUY,BUY,BUY,16,,,0,BULL,BULL,BULL,2026-01-02 15:00:00,H1,2026-01-02 15:00:00,1.17235
1,FX18,BUY,BUY,BUY,16,,,0,BULL,BULL,BULL,2026-01-02 15:00:00,H1,2026-01-02 15:00:00,1.18235
1,FX19,BUY,BUY,BUY,16,,,0,BULL,BULL,BULL,2026-01-02 15:00:00,H1,2026-01-02 15:00:00,1.19235
1,FX20,BUY,BUY,BUY,16,,,0,BULL,BULL,BULL,2026-01-02 15:00:00,H1,2026-01-02 15:00:00,1.20235
1,FX21,BUY,BUY,BUY,16,,,0,BULL,BULL,BULL,2026-01-02 15:00:00,H1,2026-01-02 15:00:00,1.21235
1,FX22,BUY,BUY,BUY,16,,,0,BULL,BULL,BULL,2026-01-02 15:00:00,H1,2026-01-02 15:00:00,1.22235
1,FX23,BUY,BUY,BUY,16,,,0,BULL,BULL,BULL,2026-01-02 15:00:00,H1,2026-01-02 15:00:00,1.23235
1,FX24,BUY,BUY,BUY,16,,,0,BULL,BULL,BULL,2026-01-02 15:00:00,H1,2026-01-02 15:00:00,1.24235
1,FX25,BUY,BUY,BUY,16,,,0,BULL,BULL,BULL,2026-01-02 15:00:00,H1,2026-01-02 15:00:00,1.25235
1,FX26,BUY,BUY,BUY,16,,,0,BULL,BULL,BULL,2026-01-02 15:00:00,H1,2026-01-02 15:00:00,1.26235
1,FX27,BUY,BUY,BUY,16,,,0,BULL,BULL,BULL,2026-01-02 15:00:00,H1,2026-01-02 15:00:00,1.27235
1,FX28,BUY,BUY,BUY,16,,,0,BULL,BULL,BULL,2026-01-02 15:00:00,H1,2026-01-02 15:00:00,1.28235
1,FX29,BUY,BUY,BUY,16,,,0,BULL,BULL,BULL,2026-01-02 15:00:00,H1,2026-01-02 15:00:00,1.29235
1,FX00,BUY,BUY,BUY,17,,,0,BULL,BULL,BULL,2026-01-02 16:00:00,H1,2026-01-02 16:00:00,1.00235
1,FX01,BUY,BUY,BUY,17,,,0,BULL,BULL,BULL,2026-01-02 16:00:00,H1,2026-01-02 16:00:00,1.01235
1,FX02,BUY,BUY,BUY,17,,,0,BULL,BULL,BULL,2026-01-02 16:00:00,H1,2026-01-02 16:00:00,1.02235
1,FX03,BUY,BUY,BUY,17,,,0,BULL,BULL,BULL,2026-01-02 16:00:00,H1,2026-01-02 16:00:00,1.03235
1,FX04,BUY,BUY,BUY,17,,,0,BULL,BULL,BULL,2026-01-02 16:00:00,H1,2026-01-02 16:00:00,1.04235
1,FX05,BUY,BUY,BUY,17,,,0,BULL,BULL,BULL,2026-01-02 16:00:00,H1,2026-01-02 16:00:00,1.05235
1,FX06,BUY,BUY,BUY,17,,,0,BULL,BULL,BULL,2026-01-02 16:00:00,H1,2026-01-02 16:00:00,1.06235
1,FX07,BUY,BUY,BUY,17,,,0,BULL,BULL,BULL,2026-01-02 16:00:00,H1,2026-01-02 16:00:00,1.07235
1,FX08,BUY,BUY,BUY,17,,,0,BULL,BULL,BULL,2026-01-02 16:00:00,H1,2026-01-02 16:00:00,1.08235
1,FX09,BUY,BUY,BUY,17,,,0,BULL,BULL,BULL,2026-01-02 16:00:00,H1,2026-01-02 16:00:00,1.09235
1,FX10,BUY,BUY,BUY,17,,,0,BULL,BULL,BULL,2026-01-02 16:00:00,H1,2026-01-02 16:00:00,1.10235
1,FX11,BUY,BUY,BUY,17,,,0,BULL,BULL,BULL,2026-01-02 16:00:00,H1,2026-01-02 16:00:00,1.11235
1,FX12,BUY,BUY,BUY,17,,,0,BULL,BULL,BULL,2026-01-02 16:00:00,H1,2026-01-02 16:00:00,1.12235
1,FX13,BUY,BUY,BUY,17,,,0,BULL,BULL,BULL,2026-01-02 16:00:00,H1,2026-01-02 16:00:00,1.13235
1,FX14,BUY,BUY,BUY,17,,,0,BULL,BULL,BULL,2026-01-02 16:00:00,H1,2026-01-02 16:00:00,1.14235
1,FX15,BUY,BUY,BUY,17,,,0,BULL,BULL,BULL,2026-01-02 16:00:00,H1,2026-01-02 16:00:00,1.15235
1,FX16,BUY,BUY,BUY,17,,,0,BULL,BULL,BULL,2026-01-02 16:00:00,H1,2026-01-02 16:00:00,1.16235
1,FX17,BUY,BUY,BUY,17,,,0,BULL,BULL,BULL,2026-01-02 16:00:00,H1,2026-01-02 16:00:00,1.17235
1,FX18,BUY,BUY,BUY,17,,,0,BULL,BULL,BULL,2026-01-02 16:00:00,H1,2026-01-02 16:00:00,1.18235
1,FX19,BUY,BUY,BUY,17,,,0,BULL,BULL,BULL,2026-01-02 16:00:00,H1,2026-01-02 16:00:00,1.19235
1,FX20,BUY,BUY,BUY,17,,,0,BULL,BULL,BULL,2026-01-02 16:00:00,H1,2026-01-02 16:00:00,1.20235
1,FX21,BUY,BUY,BUY,17,,,0,BULL,BULL,BULL,2026-01-02 16:00:00,H1,2026-01-02 16:00:00,1.21235
1,FX22,BUY,BUY,BUY,17,,,0,BULL,BULL,BULL,2026-01-02 16:00:00,H1,2026-01-02 16:00:00,1.22235
1,FX23,BUY,BUY,BUY,17,,,0,BULL,BULL,BULL,2026-01-02 16:00:00,H1,2026-01-02 16:00:00,1.23235
1,FX24,BUY,BUY,BUY,17,,,0,BULL,BULL,BULL,2026-01-02 16:00:00,H1,2026-01-02 16:00:00,1.24235
1,FX25,BUY,BUY,BUY,17,,,0,BULL,BULL,BULL,2026-01-02 16:00:00,H1,2026-01-02 16:00:00,1.25235
1,FX26,BUY,BUY,BUY,17,,,0,BULL,BULL,BULL,2026-01-02 16:00:00,H1,2026-01-02 16:00:00,1.26235
1,FX27,BUY,BUY,BUY,17,,,0,BULL,BULL,BULL,2026-01-02 16:00:00,H1,2026-01-02 16:00:00,1.27235
1,FX28,BUY,BUY,BUY,17,,,0,BULL,BULL,BULL,2026-01-02 16:00:00,H1,2026-01-02 16:00:00,1.28235
1,FX29,BUY,BUY,BUY,17,,,0,BULL,BULL,BULL,2026-01-02 16:00:00,H1,2026-01-02 16:00:00,1.29235
1,FX00,BUY,BUY,BUY,18,,,0,BULL,BULL,BULL,2026-01-02 17:00:00,H1,2026-01-02 17:00:00,1.00235
1,FX01,BUY,BUY,BUY,18,,,0,BULL,BULL,BULL,2026-01-02 17:00:00,H1,2026-01-02 17:00:00,1.01235
1,FX02,BUY,BUY,BUY,18,,,0,BULL,BULL,BULL,2026-01-02 17:00:00,H1,2026-01-02 17:00:00,1.02235
1,FX03,BUY,BUY,BUY,18,,,0,BULL,BULL,BULL,2026-01-02 17:00:00,H1,2026-01-02 17:00:00,1.03235
1,FX04,BUY,BUY,BUY,18,,,0,BULL,BULL,BULL,2026-01-02 17:00:00,H1,2026-01-02 17:00:00,1.04235
1,FX05,BUY,BUY,BUY,18,,,0,BULL,BULL,BULL,2026-01-02 17:00:00,H1,2026-01-02 17:00:00,1.05235
1,FX06,BUY,BUY,BUY,18,,,0,BULL,BULL,BULL,2026-01-02 17:00:00,H1,2026-01-02 17:00:00,1.06235
1,FX07,BUY,BUY,BUY,18,,,0,BULL,BULL,BULL,2026-01-02 17:00:00,H1,2026-01-02 17:00:00,1.07235
1,FX08,BUY,BUY,BUY,18,,,0,BULL,BULL,BULL,2026-01-02 17:00:00,H1,2026-01-02 17:00:00,1.08235
1,FX09,BUY,BUY,BUY,18,,,0,BULL,BULL,BULL,2026-01-02 17:00:00,H1,2026-01-02 17:00:00,1.09235
1,FX10,BUY,BUY,BUY,18,,,0,BULL,BULL,BULL,2026-01-02 17:00:00,H1,2026-01-02 17:00:00,1.10235
1,FX11,BUY,BUY,BUY,18,,,0,BULL,BULL,BULL,2026-01-02 17:00:00,H1,2026-01-02 17:00:00,1.11235
1,FX12,BUY,BUY,BUY,18,,,0,BULL,BULL,BULL,2026-01-02 17:00:00,H1,2026-01-02 17:00:00,1.12235
1,FX13,BUY,BUY,BUY,18,,,0,BULL,BULL,BULL,2026-01-02 17:00:00,H1,2026-01-02 17:00:00,1.13235
1,FX14,BUY,BUY,BUY,18,,,0,BULL,BULL,BULL,2026-01-02 17:00:00,H1,2026-01-02 17:00:00,1.14235
1,FX15,BUY,BUY,BUY,18,,,0,BULL,BULL,BULL,2026-01-02 17:00:00,H1,2026-01-02 17:00:00,1.15235
1,FX16,BUY,BUY,BUY,18,,,0,BULL,BULL,BULL,2026-01-02 17:00:00,H1,2026-01-02 17:00:00,1.16235
1,FX17,BUY,BUY,BUY,18,,,0,BULL,BULL,BULL,2026-01-02 17:00:00,H1,2026-01-02 17:00:00,1.17235
1,FX18,BUY,BUY,BUY,18,,,0,BULL,BULL,BULL,2026-01-02 17:00:00,H1,2026-01-02 17:00:00,1.18235
1,FX19,BUY,BUY,BUY,18,,,0,BULL,BULL,BULL,2026-01-02 17:00:00,H1,2026-01-02 17:00:00,1.19235
1,FX20,BUY,BUY,BUY,18,,,0,BULL,BULL,BULL,2026-01-02 17:00:00,H1,2026-01-02 17:00:00,1.20235
1,FX21,BUY,BUY,BUY,18,,,0,BULL,BULL,BULL,2026-01-02 17:00:00,H1,2026-01-02 17:00:00,1.21235
1,FX22,BUY,BUY,BUY,18,,,0,BULL,BULL,BULL,2026-01-02 17:00:00,H1,2026-01-02 17:00:00,1.22235
1,FX23,BUY,BUY,BUY,18,,,0,BULL,BULL,BULL,2026-01-02 17:00:00,H1,2026-01-02 17:00:00,1.23235
1,FX24,BUY,BUY,BUY,18,,,0,BULL,BULL,BULL,2026-01-02 17:00:00,H1,2026-01-02 17:00:00,1.24235
1,FX25,BUY,BUY,BUY,18,,,0,BULL,BULL,BULL,2026-01-02 17:00:00,H1,2026-01-02 17:00:00,1.25235
1,FX26,BUY,BUY,BUY,18,,,0,BULL,BULL,BULL,2026-01-02 17:00:00,H1,2026-01-02 17:00:00,1.26235
1,FX27,BUY,BUY,BUY,18,,,0,BULL,BULL,BULL,2026-01-02 17:00:00,H1,2026-01-02 17:00:00,1.27235
1,FX28,BUY,BUY,BUY,18,,,0,BULL,BULL,BULL,2026-01-02 17:00:00,H1,2026-01-02 17:00:00,1.28235
1,FX29,BUY,BUY,BUY,18,,,0,BULL,BULL,BULL,2026-01-02 17:00:00,H1,2026-01-02 17:00:00,1.29235
1,FX00,BUY,BUY,BUY,19,,,0,BULL,BULL,BULL,2026-01-02 18:00:00,H1,2026-01-02 18:00:00,1.00235
1,FX01,BUY,BUY,BUY,19,,,0,BULL,BULL,BULL,2026-01-02 18:00:00,H1,2026-01-02 18:00:00,1.01235
1,FX02,BUY,BUY,BUY,19,,,0,BULL,BULL,BULL,2026-01-02 18:00:00,H1,2026-01-02 18:00:00,1.02235
1,FX03,BUY,BUY,BUY,19,,,0,BULL,BULL,BULL,2026-01-02 18:00:00,H1,2026-01-02 18:00:00,1.03235
1,FX04,BUY,BUY,BUY,19,,,0,BULL,BULL,BULL,2026-01-02 18:00:00,H1,2026-01-02 18:00:00,1.04235
1,FX05,BUY,BUY,BUY,19,,,0,BULL,BULL,BULL,2026-01-02 18:00:00,H1,2026-01-02 18:00:00,1.05235
1,FX06,BUY,BUY,BUY,19,,,0,BULL,BULL,BULL,2026-01-02 18:00:00,H1,2026-01-02 18:00:00,1.06235
1,FX07,BUY,BUY,BUY,19,,,0,BULL,BULL,BULL,2026-01-02 18:00:00,H1,2026-01-02 18:00:00,1.07235
1,FX08,BUY,BUY,BUY,19,,,0,BULL,BULL,BULL,2026-01-02 18:00:00,H1,2026-01-02 18:00:00,1.08235
1,FX09,BUY,BUY,BUY,19,,,0,BULL,BULL,BULL,2026-01-02 18:00:00,H1,2026-01-02 18:00:00,1.09235
1,FX10,BUY,BUY,BUY,19,,,0,BULL,BULL,BULL,2026-01-02 18:00:00,H1,2026-01-02 18:00:00,1.10235
1,FX11,BUY,BUY,BUY,19,,,0,BULL,BULL,BULL,2026-01-02 18:00:00,H1,2026-01-02 18:00:00,1.11235
1,FX12,BUY,BUY,BUY,19,,,0,BULL,BULL,BULL,2026-01-02 18:00:00,H1,2026-01-02 18:00:00,1.12235
1,FX13,BUY,BUY,BUY,19,,,0,BULL,BULL,BULL,2026-01-02 18:00:00,H1,2026-01-02 18:00:00,1.13235
1,FX14,BUY,BUY,BUY,19,,,0,BULL,BULL,BULL,2026-01-02 18:00:00,H1,2026-01-02 18:00:00,1.14235
1,FX15,BUY,BUY,BUY,19,,,0,BULL,BULL,BULL,2026-01-02 18:00:00,H1,2026-01-02 18:00:00,1.15235
1,FX16,BUY,BUY,BUY,19,,,0,BULL,BULL,BULL,2026-01-02 18:00:00,H1,2026-01-02 18:00:00,1.16235
1,FX17,BUY,BUY,BUY,19,,,0,BULL,BULL,BULL,2026-01-02 18:00:00,H1,2026-01-02 18:00:00,1.17235
1,FX18,BUY,BUY,BUY,19,,,0,BULL,BULL,BULL,2026-01-02 18:00:00,H1,2026-01-02 18:00:00,1.18235
1,FX19,BUY,BUY,BUY,19,,,0,BULL,BULL,BULL,2026-01-02 18:00:00,H1,2026-01-02 18:00:00,1.19235
1,FX20,BUY,BUY,BUY,19,,,0,BULL,BULL,BULL,2026-01-02 18:00:00,H1,2026-01-02 18:00:00,1.20235
1,FX21,BUY,BUY,BUY,19,,,0,BULL,BULL,BULL,2026-01-02 18:00:00,H1,2026-01-02 18:00:00,1.21235
1,FX22,BUY,BUY,BUY,19,,,0,BULL,BULL,BULL,2026-01-02 18:00:00,H1,2026-01-02 18:00:00,1.22235
1,FX23,BUY,BUY,BUY,19,,,0,BULL,BULL,BULL,2026-01-02 18:00:00,H1,2026-01-02 18:00:00,1.23235
1,FX24,BUY,BUY,BUY,19,,,0,BULL,BULL,BULL,2026-01-02 18:00:00,H1,2026-01-02 18:00:00,1.24235
1,FX25,BUY,BUY,BUY,19,,,0,BULL,BULL,BULL,2026-01-02 18:00:00,H1,2026-01-02 18:00:00,1.25235
1,FX26,BUY,BUY,BUY,19,,,0,BULL,BULL,BULL,2026-01-02 18:00:00,H1,2026-01-02 18:00:00,1.26235
1,FX27,BUY,BUY,BUY,19,,,0,BULL,BULL,BULL,2026-01-02 18:00:00,H1,2026-01-02 18:00:00,1.27235
1,FX28,BUY,BUY,BUY,19,,,0,BULL,BULL,BULL,2026-01-02 18:00:00,H1,2026-01-02 18:00:00,1.28235
1,FX29,BUY,BUY,BUY,19,,,0,BULL,BULL,BULL,2026-01-02 18:00:00,H1,2026-01-02 18:00:00,1.29235
1,FX00,BUY,BUY,BUY,20,,,0,BULL,BULL,BULL,2026-01-02 19:00:00,H1,2026-01-02 19:00:00,1.00235
1,FX01,BUY,BUY,BUY,20,,,0,BULL,BULL,BULL,2026-01-02 19:00:00,H1,2026-01-02 19:00:00,1.01235
1,FX02,BUY,BUY,BUY,20,,,0,BULL,BULL,BULL,2026-01-02 19:00:00,H1,2026-01-02 19:00:00,1.02235
1,FX03,BUY,BUY,BUY,20,,,0,BULL,BULL,BULL,2026-01-02 19:00:00,H1,2026-01-02 19:00:00,1.03235
1,FX04,BUY,BUY,BUY,20,,,0,BULL,BULL,BULL,2026-01-02 19:00:00,H1,2026-01-02 19:00:00,1.04235
1,FX05,BUY,BUY,BUY,20,,,0,BULL,BULL,BULL,2026-01-02 19:00:00,H1,2026-01-02 19:00:00,1.05235
1,FX06,BUY,BUY,BUY,20,,,0,BULL,BULL,BULL,2026-01-02 19:00:00,H1,2026-01-02 19:00:00,1.06235
1,FX07,BUY,BUY,BUY,20,,,0,BULL,BULL,BULL,2026-01-02 19:00:00,H1,2026-01-02 19:00:00,1.07235
1,FX08,BUY,BUY,BUY,20,,,0,BULL,BULL,BULL,2026-01-02 19:00:00,H1,2026-01-02 19:00:00,1.08235
1,FX09,BUY,BUY,BUY,20,,,0,BULL,BULL,BULL,2026-01-02 19:00:00,H1,2026-01-02 19:00:00,1.09235
1,FX10,BUY,BUY,BUY,20,,,0,BULL,BULL,BULL,2026-01-02 19:00:00,H1,2026-01-02 19:00:00,1.10235
1,FX11,BUY,BUY,BUY,20,,,0,BULL,BULL,BULL,2026-01-02 19:00:00,H1,2026-01-02 19:00:00,1.11235
1,FX12,BUY,BUY,BUY,20,,,0,BULL,BULL,BULL,2026-01-02 19:00:00,H1,2026-01-02 19:00:00,1.12235
1,FX13,BUY,BUY,BUY,20,,,0,BULL,BULL,BULL,2026-01-02 19:00:00,H1,2026-01-02 19:00:00,1.13235
1,FX14,BUY,BUY,BUY,20,,,0,BULL,BULL,BULL,2026-01-02 19:00:00,H1,2026-01-02 19:00:00,1.14235
1,FX15,BUY,BUY,BUY,20,,,0,BULL,BULL,BULL,2026-01-02 19:00:00,H1,2026-01-02 19:00:00,1.15235
1,FX16,BUY,BUY,BUY,20,,,0,BULL,BULL,BULL,2026-01-02 19:00:00,H1,2026-01-02 19:00:00,1.16235
1,FX17,BUY,BUY,BUY,20,,,0,BULL,BULL,BULL,2026-01-02 19:00:00,H1,2026-01-02 19:00:00,1.17235
1,FX18,BUY,BUY,BUY,20,,,0,BULL,BULL,BULL,2026-01-02 19:00:00,H1,2026-01-02 19:00:00,1.18235
1,FX19,BUY,BUY,BUY,20,,,0,BULL,BULL,BULL,2026-01-02 19:00:00,H1,2026-01-02 19:00:00,1.19235
1,FX20,BUY,BUY,BUY,20,,,0,BULL,BULL,BULL,2026-01-02 19:00:00,H1,2026-01-02 19:00:00,1.20235
1,FX21,BUY,BUY,BUY,20,,,0,BULL,BULL,BULL,2026-01-02 19:00:00,H1,2026-01-02 19:00:00,1.21235
1,FX22,BUY,BUY,BUY,20,,,0,BULL,BULL,BULL,2026-01-02 19:00:00,H1,2026-01-02 19:00:00,1.22235
1,FX23,BUY,BUY,BUY,20,,,0,BULL,BULL,BULL,2026-01-02 19:00:00,H1,2026-01-02 19:00:00,1.23235
1,FX24,BUY,BUY,BUY,20,,,0,BULL,BULL,BULL,2026-01-02 19:00:00,H1,2026-01-02 19:00:00,1.24235
1,FX25,BUY,BUY,BUY,20,,,0,BULL,BULL,BULL,2026-01-02 19:00:00,H1,2026-01-02 19:00:00,1.25235
1,FX26,BUY,BUY,BUY,20,,,0,BULL,BULL,BULL,2026-01-02 19:00:00,H1,2026-01-02 19:00:00,1.26235
1,FX27,BUY,BUY,BUY,20,,,0,BULL,BULL,BULL,2026-01-02 19:00:00,H1,2026-01-02 19:00:00,1.27235
1,FX28,BUY,BUY,BUY,20,,,0,BULL,BULL,BULL,2026-01-02 19:00:00,H1,2026-01-02 19:00:00,1.28235
1,FX29,BUY,BUY,BUY,20,,,0,BULL,BULL,BULL,2026-01-02 19:00:00,H1,2026-01-02 19:00:00,1.29235
1,FX00,BUY,BUY,BUY,21,,,0,BULL,BULL,BULL,2026-01-02 20:00:00,H1,2026-01-02 20:00:00,1.00235
1,FX01,BUY,BUY,BUY,21,,,0,BULL,BULL,BULL,2026-01-02 20:00:00,H1,2026-01-02 20:00:00,1.01235
1,FX02,BUY,BUY,BUY,21,,,0,BULL,BULL,BULL,2026-01-02 20:00:00,H1,2026-01-02 20:00:00,1.02235
1,FX03,BUY,BUY,BUY,21,,,0,BULL,BULL,BULL,2026-01-02 20:00:00,H1,2026-01-02 20:00:00,1.03235
1,FX04,BUY,BUY,BUY,21,,,0,BULL,BULL,BULL,2026-01-02 20:00:00,H1,2026-01-02 20:00:00,1.04235
1,FX05,BUY,BUY,BUY,21,,,0,BULL,BULL,BULL,2026-01-02 20:00:00,H1,2026-01-02 20:00:00,1.05235
1,FX06,BUY,BUY,BUY,21,,,0,BULL,BULL,BULL,2026-01-02 20:00:00,H1,2026-01-02 20:00:00,1.06235
1,FX07,BUY,BUY,BUY,21,,,0,BULL,BULL,BULL,2026-01-02 20:00:00,H1,2026-01-02 20:00:00,1.07235
1,FX08,BUY,BUY,BUY,21,,,0,BULL,BULL,BULL,2026-01-02 20:00:00,H1,2026-01-02 20:00:00,1.08235
1,FX09,BUY,BUY,BUY,21,,,0,BULL,BULL,BULL,2026-01-02 20:00:00,H1,2026-01-02 20:00:00,1.09235
1,FX10,BUY,BUY,BUY,21,,,0,BULL,BULL,BULL,2026-01-02 20:00:00,H1,2026-01-02 20:00:00,1.10235
1,FX11,BUY,BUY,BUY,21,,,0,BULL,BULL,BULL,2026-01-02 20:00:00,H1,2026-01-02 20:00:00,1.11235
1,FX12,BUY,BUY,BUY,21,,,0,BULL,BULL,BULL,2026-01-02 20:00:00,H1,2026-01-02 20:00:00,1.12235
1,FX13,BUY,BUY,BUY,21,,,0,BULL,BULL,BULL,2026-01-02 20:00:00,H1,2026-01-02 20:00:00,1.13235
1,FX14,BUY,BUY,BUY,21,,,0,BULL,BULL,BULL,2026-01-02 20:00:00,H1,2026-01-02 20:00:00,1.14235
1,FX15,BUY,BUY,BUY,21,,,0,BULL,BULL,BULL,2026-01-02 20:00:00,H1,2026-01-02 20:00:00,1.15235
1,FX16,BUY,BUY,BUY,21,,,0,BULL,BULL,BULL,2026-01-02 20:00:00,H1,2026-01-02 20:00:00,1.16235
1,FX17,BUY,BUY,BUY,21,,,0,BULL,BULL,BULL,2026-01-02 20:00:00,H1,2026-01-02 20:00:00,1.17235
1,FX18,BUY,BUY,BUY,21,,,0,BULL,BULL,BULL,2026-01-02 20:00:00,H1,2026-01-02 20:00:00,1.18235
1,FX19,BUY,BUY,BUY,21,,,0,BULL,BULL,BULL,2026-01-02 20:00:00,H1,2026-01-02 20:00:00,1.19235
1,FX20,BUY,BUY,BUY,21,,,0,BULL,BULL,BULL,2026-01-02 20:00:00,H1,2026-01-02 20:00:00,1.20235
1,FX21,BUY,BUY,BUY,21,,,0,BULL,BULL,BULL,2026-01-02 20:00:00,H1,2026-01-02 20:00:00,1.21235
1,FX22,BUY,BUY,BUY,21,,,0,BULL,BULL,BULL,2026-01-02 20:00:00,H1,2026-01-02 20:00:00,1.22235
1,FX23,BUY,BUY,BUY,21,,,0,BULL,BULL,BULL,2026-01-02 20:00:00,H1,2026-01-02 20:00:00,1.23235
1,FX24,BUY,BUY,BUY,21,,,0,BULL,BULL,BULL,2026-01-02 20:00:00,H1,2026-01-02 20:00:00,1.24235
1,FX25,BUY,BUY,BUY,21,,,0,BULL,BULL,BULL,2026-01-02 20:00:00,H1,2026-01-02 20:00:00,1.25235
1,FX26,BUY,BUY,BUY,21,,,0,BULL,BULL,BULL,2026-01-02 20:00:00,H1,2026-01-02 20:00:00,1.26235
1,FX27,BUY,BUY,BUY,21,,,0,BULL,BULL,BULL,2026-01-02 20:00:00,H1,2026-01-02 20:00:00,1.27235
1,FX28,BUY,BUY,BUY,21,,,0,BULL,BULL,BULL,2026-01-02 20:00:00,H1,2026-01-02 20:00:00,1.28235
1,FX29,BUY,BUY,BUY,21,,,0,BULL,BULL,BULL,2026-01-02 20:00:00,H1,2026-01-02 20:00:00,1.29235
1,FX00,BUY,BUY,BUY,22,,,0,BULL,BULL,BULL,2026-01-02 21:00:00,H1,2026-01-02 21:00:00,1.00235
1,FX01,BUY,BUY,BUY,22,,,0,BULL,BULL,BULL,2026-01-02 21:00:00,H1,2026-01-02 21:00:00,1.01235
1,FX02,BUY,BUY,BUY,22,,,0,BULL,BULL,BULL,2026-01-02 21:00:00,H1,2026-01-02 21:00:00,1.02235
1,FX03,BUY,BUY,BUY,22,,,0,BULL,BULL,BULL,2026-01-02 21:00:00,H1,2026-01-02 21:00:00,1.03235
1,FX04,BUY,BUY,BUY,22,,,0,BULL,BULL,BULL,2026-01-02 21:00:00,H1,2026-01-02 21:00:00,1.04235
1,FX05,BUY,BUY,BUY,22,,,0,BULL,BULL,BULL,2026-01-02 21:00:00,H1,2026-01-02 21:00:00,1.05235
1,FX06,BUY,BUY,BUY,22,,,0,BULL,BULL,BULL,2026-01-02 21:00:00,H1,2026-01-02 21:00:00,1.06235
1,FX07,BUY,BUY,BUY,22,,,0,BULL,BULL,BULL,2026-01-02 21:00:00,H1,2026-01-02 21:00:00,1.07235
1,FX08,BUY,BUY,BUY,22,,,0,BULL,BULL,BULL,2026-01-02 21:00:00,H1,2026-01-02 21:00:00,1.08235
1,FX09,BUY,BUY,BUY,22,,,0,BULL,BULL,BULL,2026-01-02 21:00:00,H1,2026-01-02 21:00:00,1.09235
1,FX10,BUY,BUY,BUY,22,,,0,BULL,BULL,BULL,2026-01-02 21:00:00,H1,2026-01-02 21:00:00,1.10235
1,FX11,BUY,BUY,BUY,22,,,0,BULL,BULL,BULL,2026-01-02 21:00:00,H1,2026-01-02 21:00:00,1.11235
1,FX12,BUY,BUY,BUY,22,,,0,BULL,BULL,BULL,2026-01-02 21:00:00,H1,2026-01-02 21:00:00,1.12235
1,FX13,BUY,BUY,BUY,22,,,0,BULL,BULL,BULL,2026-01-02 21:00:00,H1,2026-01-02 21:00:00,1.13235
1,FX14,BUY,BUY,BUY,22,,,0,BULL,BULL,BULL,2026-01-02 21:00:00,H1,2026-01-02 21:00:00,1.14235
1,FX15,BUY,BUY,BUY,22,,,0,BULL,BULL,BULL,2026-01-02 21:00:00,H1,2026-01-02 21:00:00,1.15235
1,FX16,BUY,BUY,BUY,22,,,0,BULL,BULL,BULL,2026-01-02 21:00:00,H1,2026-01-02 21:00:00,1.16235
1,FX17,BUY,BUY,BUY,22,,,0,BULL,BULL,BULL,2026-01-02 21:00:00,H1,2026-01-02 21:00:00,1.17235
1,FX18,BUY,BUY,BUY,22,,,0,BULL,BULL,BULL,2026-01-02 21:00:00,H1,2026-01-02 21:00:00,1.18235
1,FX19,BUY,BUY,BUY,22,,,0,BULL,BULL,BULL,2026-01-02 21:00:00,H1,2026-01-02 21:00:00,1.19235
1,FX20,BUY,BUY,BUY,22,,,0,BULL,BULL,BULL,2026-01-02 21:00:00,H1,2026-01-02 21:00:00,1.20235
1,FX21,BUY,BUY,BUY,22,,,0,BULL,BULL,BULL,2026-01-02 21:00:00,H1,2026-01-02 21:00:00,1.21235
1,FX22,BUY,BUY,BUY,22,,,0,BULL,BULL,BULL,2026-01-02 21:00:00,H1,2026-01-02 21:00:00,1.22235
1,FX23,BUY,BUY,BUY,22,,,0,BULL,BULL,BULL,2026-01-02 21:00:00,H1,2026-01-02 21:00:00,1.23235
1,FX24,BUY,BUY,BUY,22,,,0,BULL,BULL,BULL,2026-01-02 21:00:00,H1,2026-01-02 21:00:00,1.24235
1,FX25,BUY,BUY,BUY,22,,,0,BULL,BULL,BULL,2026-01-02 21:00:00,H1,2026-01-02 21:00:00,1.25235
1,FX26,BUY,BUY,BUY,22,,,0,BULL,BULL,BULL,2026-01-02 21:00:00,H1,2026-01-02 21:00:00,1.26235
1,FX27,BUY,BUY,BUY,22,,,0,BULL,BULL,BULL,2026-01-02 21:00:00,H1,2026-01-02 21:00:00,1.27235
1,FX28,BUY,BUY,BUY,22,,,0,BULL,BULL,BULL,2026-01-02 21:00:00,H1,2026-01-02 21:00:00,1.28235
1,FX29,BUY,BUY,BUY,22,,,0,BULL,BULL,BULL,2026-01-02 21:00:00,H1,2026-01-02 21:00:00,1.29235
1,FX00,BUY,BUY,BUY,23,,,0,BULL,BULL,BULL,2026-01-02 22:00:00,H1,2026-01-02 22:00:00,1.00235
1,FX01,BUY,BUY,BUY,23,,,0,BULL,BULL,BULL,2026-01-02 22:00:00,H1,2026-01-02 22:00:00,1.01235
1,FX02,BUY,BUY,BUY,23,,,0,BULL,BULL,BULL,2026-01-02 22:00:00,H1,2026-01-02 22:00:00,1.02235
1,FX03,BUY,BUY,BUY,23,,,0,BULL,BULL,BULL,2026-01-02 22:00:00,H1,2026-01-02 22:00:00,1.03235
1,FX04,BUY,BUY,BUY,23,,,0,BULL,BULL,BULL,2026-01-02 22:00:00,H1,2026-01-02 22:00:00,1.04235
1,FX05,BUY,BUY,BUY,23,,,0,BULL,BULL,BULL,2026-01-02 22:00:00,H1,2026-01-02 22:00:00,1.05235
1,FX06,BUY,BUY,BUY,23,,,0,BULL,BULL,BULL,2026-01-02 22:00:00,H1,2026-01-02 22:00:00,1.06235
1,FX07,BUY,BUY,BUY,23,,,0,BULL,BULL,BULL,2026-01-02 22:00:00,H1,2026-01-02 22:00:00,1.07235
1,FX08,BUY,BUY,BUY,23,,,0,BULL,BULL,BULL,2026-01-02 22:00:00,H1,2026-01-02 22:00:00,1.08235
1,FX09,BUY,BUY,BUY,23,,,0,BULL,BULL,BULL,2026-01-02 22:00:00,H1,2026-01-02 22:00:00,1.09235
1,FX10,BUY,BUY,BUY,23,,,0,BULL,BULL,BULL,2026-01-02 22:00:00,H1,2026-01-02 22:00:00,1.10235
1,FX11,BUY,BUY,BUY,23,,,0,BULL,BULL,BULL,2026-01-02 22:00:00,H1,2026-01-02 22:00:00,1.11235
1,FX12,BUY,BUY,BUY,23,,,0,BULL,BULL,BULL,2026-01-02 22:00:00,H1,2026-01-02 22:00:00,1.12235
1,FX13,BUY,BUY,BUY,23,,,0,BULL,BULL,BULL,2026-01-02 22:00:00,H1,2026-01-02 22:00:00,1.13235
1,FX14,BUY,BUY,BUY,23,,,0,BULL,BULL,BULL,2026-01-02 22:00:00,H1,2026-01-02 22:00:00,1.14235
1,FX15,BUY,BUY,BUY,23,,,0,BULL,BULL,BULL,2026-01-02 22:00:00,H1,2026-01-02 22:00:00,1.15235
1,FX16,BUY,BUY,BUY,23,,,0,BULL,BULL,BULL,2026-01-02 22:00:00,H1,2026-01-02 22:00:00,1.16235
1,FX17,BUY,BUY,BUY,23,,,0,BULL,BULL,BULL,2026-01-02 22:00:00,H1,2026-01-02 22:00:00,1.17235
1,FX18,BUY,BUY,BUY,23,,,0,BULL,BULL,BULL,2026-01-02 22:00:00,H1,2026-01-02 22:00:00,1.18235
1,FX19,BUY,BUY,BUY,23,,,0,BULL,BULL,BULL,2026-01-02 22:00:00,H1,2026-01-02 22:00:00,1.19235
1,FX20,BUY,BUY,BUY,23,,,0,BULL,BULL,BULL,2026-01-02 22:00:00,H1,2026-01-02 22:00:00,1.20235
1,FX21,BUY,BUY,BUY,23,,,0,BULL,BULL,BULL,2026-01-02 22:00:00,H1,2026-01-02 22:00:00,1.21235
1,FX22,BUY,BUY,BUY,23,,,0,BULL,BULL,BULL,2026-01-02 22:00:00,H1,2026-01-02 22:00:00,1.22235
1,FX23,BUY,BUY,BUY,23,,,0,BULL,BULL,BULL,2026-01-02 22:00:00,H1,2026-01-02 22:00:00,1.23235
1,FX24,BUY,BUY,BUY,23,,,0,BULL,BULL,BULL,2026-01-02 22:00:00,H1,2026-01-02 22:00:00,1.24235
1,FX25,BUY,BUY,BUY,23,,,0,BULL,BULL,BULL,2026-01-02 22:00:00,H1,2026-01-02 22:00:00,1.25235
1,FX26,BUY,BUY,BUY,23,,,0,BULL,BULL,BULL,2026-01-02 22:00:00,H1,2026-01-02 22:00:00,1.26235
1,FX27,BUY,BUY,BUY,23,,,0,BULL,BULL,BULL,2026-01-02 22:00:00,H1,2026-01-02 22:00:00,1.27235
1,FX28,BUY,BUY,BUY,23,,,0,BULL,BULL,BULL,2026-01-02 22:00:00,H1,2026-01-02 22:00:00,1.28235
1,FX29,BUY,BUY,BUY,23,,,0,BULL,BULL,BULL,2026-01-02 22:00:00,H1,2026-01-02 22:00:00,1.29235
1,FX00,BUY,BUY,BUY,24,,,0,BULL,BULL,BULL,2026-01-02 23:00:00,H1,2026-01-02 23:00:00,1.00235
1,FX01,BUY,BUY,BUY,24,,,0,BULL,BULL,BULL,2026-01-02 23:00:00,H1,2026-01-02 23:00:00,1.01235
1,FX02,BUY,BUY,BUY,24,,,0,BULL,BULL,BULL,2026-01-02 23:00:00,H1,2026-01-02 23:00:00,1.02235
1,FX03,BUY,BUY,BUY,24,,,0,BULL,BULL,BULL,2026-01-02 23:00:00,H1,2026-01-02 23:00:00,1.03235
1,FX04,BUY,BUY,BUY,24,,,0,BULL,BULL,BULL,2026-01-02 23:00:00,H1,2026-01-02 23:00:00,1.04235
1,FX05,BUY,BUY,BUY,24,,,0,BULL,BULL,BULL,2026-01-02 23:00:00,H1,2026-01-02 23:00:00,1.05235
1,FX06,BUY,BUY,BUY,24,,,0,BULL,BULL,BULL,2026-01-02 23:00:00,H1,2026-01-02 23:00:00,1.06235
1,FX07,BUY,BUY,BUY,24,,,0,BULL,BULL,BULL,2026-01-02 23:00:00,H1,2026-01-02 23:00:00,1.07235
1,FX08,BUY,BUY,BUY,24,,,0,BULL,BULL,BULL,2026-01-02 23:00:00,H1,2026-01-02 23:00:00,1.08235
1,FX09,BUY,BUY,BUY,24,,,0,BULL,BULL,BULL,2026-01-02 23:00:00,H1,2026-01-02 23:00:00,1.09235
1,FX10,BUY,BUY,BUY,24,,,0,BULL,BULL,BULL,2026-01-02 23:00:00,H1,2026-01-02 23:00:00,1.10235
1,FX11,BUY,BUY,BUY,24,,,0,BULL,BULL,BULL,2026-01-02 23:00:00,H1,2026-01-02 23:00:00,1.11235
1,FX12,BUY,BUY,BUY,24,,,0,BULL,BULL,BULL,2026-01-02 23:00:00,H1,2026-01-02 23:00:00,1.12235
1,FX13,BUY,BUY,BUY,24,,,0,BULL,BULL,BULL,2026-01-02 23:00:00,H1,2026-01-02 23:00:00,1.13235
1,FX14,BUY,BUY,BUY,24,,,0,BULL,BULL,BULL,2026-01-02 23:00:00,H1,2026-01-02 23:00:00,1.14235
1,FX15,BUY,BUY,BUY,24,,,0,BULL,BULL,BULL,2026-01-02 23:00:00,H1,2026-01-02 23:00:00,1.15235
1,FX16,BUY,BUY,BUY,24,,,0,BULL,BULL,BULL,2026-01-02 23:00:00,H1,2026-01-02 23:00:00,1.16235
1,FX17,BUY,BUY,BUY,24,,,0,BULL,BULL,BULL,2026-01-02 23:00:00,H1,2026-01-02 23:00:00,1.17235
1,FX18,BUY,BUY,BUY,24,,,0,BULL,BULL,BULL,2026-01-02 23:00:00,H1,2026-01-02 23:00:00,1.18235
1,FX19,BUY,BUY,BUY,24,,,0,BULL,BULL,BULL,2026-01-02 23:00:00,H1,2026-01-02 23:00:00,1.19235
1,FX20,BUY,BUY,BUY,24,,,0,BULL,BULL,BULL,2026-01-02 23:00:00,H1,2026-01-02 23:00:00,1.20235
1,FX21,BUY,BUY,BUY,24,,,0,BULL,BULL,BULL,2026-01-02 23:00:00,H1,2026-01-02 23:00:00,1.21235
1,FX22,BUY,BUY,BUY,24,,,0,BULL,BULL,BULL,2026-01-02 23:00:00,H1,2026-01-02 23:00:00,1.22235
1,FX23,BUY,BUY,BUY,24,,,0,BULL,BULL,BULL,2026-01-02 23:00:00,H1,2026-01-02 23:00:00,1.23235
1,FX24,BUY,BUY,BUY,24,,,0,BULL,BULL,BULL,2026-01-02 23:00:00,H1,2026-01-02 23:00:00,1.24235
1,FX25,BUY,BUY,BUY,24,,,0,BULL,BULL,BULL,2026-01-02 23:00:00,H1,2026-01-02 23:00:00,1.25235
1,FX26,BUY,BUY,BUY,24,,,0,BULL,BULL,BULL,2026-01-02 23:00:00,H1,2026-01-02 23:00:00,1.26235
1,FX27,BUY,BUY,BUY,24,,,0,BULL,BULL,BULL,2026-01-02 23:00:00,H1,2026-01-02 23:00:00,1.27235
1,FX28,BUY,BUY,BUY,24,,,0,BULL,BULL,BULL,2026-01-02 23:00:00,H1,2026-01-02 23:00:00,1.28235
1,FX29,BUY,BUY,BUY,24,,,0,BULL,BULL,BULL,2026-01-02 23:00:00,H1,2026-01-02 23:00:00,1.29235
1,FX00,BUY,BUY,BUY,25,,,0,BULL,BULL,BULL,2026-01-03 00:00:00,H1,2026-01-03 00:00:00,1.00235
1,FX01,BUY,BUY,BUY,25,,,0,BULL,BULL,BULL,2026-01-03 00:00:00,H1,2026-01-03 00:00:00,1.01235
1,FX02,BUY,BUY,BUY,25,,,0,BULL,BULL,BULL,2026-01-03 00:00:00,H1,2026-01-03 00:00:00,1.02235
1,FX03,BUY,BUY,BUY,25,,,0,BULL,BULL,BULL,2026-01-03 00:00:00,H1,2026-01-03 00:00:00,1.03235
1,FX04,BUY,BUY,BUY,25,,,0,BULL,BULL,BULL,2026-01-03 00:00:00,H1,2026-01-03 00:00:00,1.04235
1,FX05,BUY,BUY,BUY,25,,,0,BULL,BULL,BULL,2026-01-03 00:00:00,H1,2026-01-03 00:00:00,1.05235
1,FX06,BUY,BUY,BUY,25,,,0,BULL,BULL,BULL,2026-01-03 00:00:00,H1,2026-01-03 00:00:00,1.06235
1,FX07,BUY,BUY,BUY,25,,,0,BULL,BULL,BULL,2026-01-03 00:00:00,H1,2026-01-03 00:00:00,1.07235
1,FX08,BUY,BUY,BUY,25,,,0,BULL,BULL,BULL,2026-01-03 00:00:00,H1,2026-01-03 00:00:00,1.08235
1,FX09,BUY,BUY,BUY,25,,,0,BULL,BULL,BULL,2026-01-03 00:00:00,H1,2026-01-03 00:00:00,1.09235
1,FX10,BUY,BUY,BUY,25,,,0,BULL,BULL,BULL,2026-01-03 00:00:00,H1,2026-01-03 00:00:00,1.10235
1,FX11,BUY,BUY,BUY,25,,,0,BULL,BULL,BULL,2026-01-03 00:00:00,H1,2026-01-03 00:00:00,1.11235
1,FX12,BUY,BUY,BUY,25,,,0,BULL,BULL,BULL,2026-01-03 00:00:00,H1,2026-01-03 00:00:00,1.12235
1,FX13,BUY,BUY,BUY,25,,,0,BULL,BULL,BULL,2026-01-03 00:00:00,H1,2026-01-03 00:00:00,1.13235
1,FX14,BUY,BUY,BUY,25,,,0,BULL,BULL,BULL,2026-01-03 00:00:00,H1,2026-01-03 00:00:00,1.14235
1,FX15,BUY,BUY,BUY,25,,,0,BULL,BULL,BULL,2026-01-03 00:00:00,H1,2026-01-03 00:00:00,1.15235
1,FX16,BUY,BUY,BUY,25,,,0,BULL,BULL,BULL,2026-01-03 00:00:00,H1,2026-01-03 00:00:00,1.16235
1,FX17,BUY,BUY,BUY,25,,,0,BULL,BULL,BULL,2026-01-03 00:00:00,H1,2026-01-03 00:00:00,1.17235
1,FX18,BUY,BUY,BUY,25,,,0,BULL,BULL,BULL,2026-01-03 00:00:00,H1,2026-01-03 00:00:00,1.18235
1,FX19,BUY,BUY,BUY,25,,,0,BULL,BULL,BULL,2026-01-03 00:00:00,H1,2026-01-03 00:00:00,1.19235
1,FX20,BUY,BUY,BUY,25,,,0,BULL,BULL,BULL,2026-01-03 00:00:00,H1,2026-01-03 00:00:00,1.20235
1,FX21,BUY,BUY,BUY,25,,,0,BULL,BULL,BULL,2026-01-03 00:00:00,H1,2026-01-03 00:00:00,1.21235
1,FX22,BUY,BUY,BUY,25,,,0,BULL,BULL,BULL,2026-01-03 00:00:00,H1,2026-01-03 00:00:00,1.22235
1,FX23,BUY,BUY,BUY,25,,,0,BULL,BULL,BULL,2026-01-03 00:00:00,H1,2026-01-03 00:00:00,1.23235
1,FX24,BUY,BUY,BUY,25,,,0,BULL,BULL,BULL,2026-01-03 00:00:00,H1,2026-01-03 00:00:00,1.24235
1,FX25,BUY,BUY,BUY,25,,,0,BULL,BULL,BULL,2026-01-03 00:00:00,H1,2026-01-03 00:00:00,1.25235
1,FX26,BUY,BUY,BUY,25,,,0,BULL,BULL,BULL,2026-01-03 00:00:00,H1,2026-01-03 00:00:00,1.26235
1,FX27,BUY,BUY,BUY,25,,,0,BULL,BULL,BULL,2026-01-03 00:00:00,H1,2026-01-03 00:00:00,1.27235
1,FX28,BUY,BUY,BUY,25,,,0,BULL,BULL,BULL,2026-01-03 00:00:00,H1,2026-01-03 00:00:00,1.28235
1,FX29,BUY,BUY,BUY,25,,,0,BULL,BULL,BULL,2026-01-03 00:00:00,H1,2026-01-03 00:00:00,1.29235
1,FX00,BUY,BUY,BUY,26,,,0,BULL,BULL,BULL,2026-01-03 01:00:00,H1,2026-01-03 01:00:00,1.00235
1,FX01,BUY,BUY,BUY,26,,,0,BULL,BULL,BULL,2026-01-03 01:00:00,H1,2026-01-03 01:00:00,1.01235
1,FX02,BUY,BUY,BUY,26,,,0,BULL,BULL,BULL,2026-01-03 01:00:00,H1,2026-01-03 01:00:00,1.02235
1,FX03,BUY,BUY,BUY,26,,,0,BULL,BULL,BULL,2026-01-03 01:00:00,H1,2026-01-03 01:00:00,1.03235
1,FX04,BUY,BUY,BUY,26,,,0,BULL,BULL,BULL,2026-01-03 01:00:00,H1,2026-01-03 01:00:00,1.04235
1,FX05,BUY,BUY,BUY,26,,,0,BULL,BULL,BULL,2026-01-03 01:00:00,H1,2026-01-03 01:00:00,1.05235
1,FX06,BUY,BUY,BUY,26,,,0,BULL,BULL,BULL,2026-01-03 01:00:00,H1,2026-01-03 01:00:00,1.06235
1,FX07,BUY,BUY,BUY,26,,,0,BULL,BULL,BULL,2026-01-03 01:00:00,H1,2026-01-03 01:00:00,1.07235
1,FX08,BUY,BUY,BUY,26,,,0,BULL,BULL,BULL,2026-01-03 01:00:00,H1,2026-01-03 01:00:00,1.08235
1,FX09,BUY,BUY,BUY,26,,,0,BULL,BULL,BULL,2026-01-03 01:00:00,H1,2026-01-03 01:00:00,1.09235
1,FX10,BUY,BUY,BUY,26,,,0,BULL,BULL,BULL,2026-01-03 01:00:00,H1,2026-01-03 01:00:00,1.10235
1,FX11,BUY,BUY,BUY,26,,,0,BULL,BULL,BULL,2026-01-03 01:00:00,H1,2026-01-03 01:00:00,1.11235
1,FX12,BUY,BUY,BUY,26,,,0,BULL,BULL,BULL,2026-01-03 01:00:00,H1,2026-01-03 01:00:00,1.12235
1,FX13,BUY,BUY,BUY,26,,,0,BULL,BULL,BULL,2026-01-03 01:00:00,H1,2026-01-03 01:00:00,1.13235
1,FX14,BUY,BUY,BUY,26,,,0,BULL,BULL,BULL,2026-01-03 01:00:00,H1,2026-01-03 01:00:00,1.14235
1,FX15,BUY,BUY,BUY,26,,,0,BULL,BULL,BULL,2026-01-03 01:00:00,H1,2026-01-03 01:00:00,1.15235
1,FX16,BUY,BUY,BUY,26,,,0,BULL,BULL,BULL,2026-01-03 01:00:00,H1,2026-01-03 01:00:00,1.16235
1,FX17,BUY,BUY,BUY,26,,,0,BULL,BULL,BULL,2026-01-03 01:00:00,H1,2026-01-03 01:00:00,1.17235
1,FX18,BUY,BUY,BUY,26,,,0,BULL,BULL,BULL,2026-01-03 01:00:00,H1,2026-01-03 01:00:00,1.18235
1,FX19,BUY,BUY,BUY,26,,,0,BULL,BULL,BULL,2026-01-03 01:00:00,H1,2026-01-03 01:00:00,1.19235
1,FX20,BUY,BUY,BUY,26,,,0,BULL,BULL,BULL,2026-01-03 01:00:00,H1,2026-01-03 01:00:00,1.20235
1,FX21,BUY,BUY,BUY,26,,,0,BULL,BULL,BULL,2026-01-03 01:00:00,H1,2026-01-03 01:00:00,1.21235
1,FX22,BUY,BUY,BUY,26,,,0,BULL,BULL,BULL,2026-01-03 01:00:00,H1,2026-01-03 01:00:00,1.22235
1,FX23,BUY,BUY,BUY,26,,,0,BULL,BULL,BULL,2026-01-03 01:00:00,H1,2026-01-03 01:00:00,1.23235
1,FX24,BUY,BUY,BUY,26,,,0,BULL,BULL,BULL,2026-01-03 01:00:00,H1,2026-01-03 01:00:00,1.24235
1,FX25,BUY,BUY,BUY,26,,,0,BULL,BULL,BULL,2026-01-03 01:00:00,H1,2026-01-03 01:00:00,1.25235
1,FX26,BUY,BUY,BUY,26,,,0,BULL,BULL,BULL,2026-01-03 01:00:00,H1,2026-01-03 01:00:00,1.26235
1,FX27,BUY,BUY,BUY,26,,,0,BULL,BULL,BULL,2026-01-03 01:00:00,H1,2026-01-03 01:00:00,1.27235
1,FX28,BUY,BUY,BUY,26,,,0,BULL,BULL,BULL,2026-01-03 01:00:00,H1,2026-01-03 01:00:00,1.28235
1,FX29,BUY,BUY,BUY,26,,,0,BULL,BULL,BULL,2026-01-03 01:00:00,H1,2026-01-03 01:00:00,1.29235
1,FX00,BUY,BUY,BUY,27,,,0,BULL,BULL,BULL,2026-01-03 02:00:00,H1,2026-01-03 02:00:00,1.00235
1,FX01,BUY,BUY,BUY,27,,,0,BULL,BULL,BULL,2026-01-03 02:00:00,H1,2026-01-03 02:00:00,1.01235
1,FX02,BUY,BUY,BUY,27,,,0,BULL,BULL,BULL,2026-01-03 02:00:00,H1,2026-01-03 02:00:00,1.02235
1,FX03,BUY,BUY,BUY,27,,,0,BULL,BULL,BULL,2026-01-03 02:00:00,H1,2026-01-03 02:00:00,1.03235
1,FX04,BUY,BUY,BUY,27,,,0,BULL,BULL,BULL,2026-01-03 02:00:00,H1,2026-01-03 02:00:00,1.04235
1,FX05,BUY,BUY,BUY,27,,,0,BULL,BULL,BULL,2026-01-03 02:00:00,H1,2026-01-03 02:00:00,1.05235
1,FX06,BUY,BUY,BUY,27,,,0,BULL,BULL,BULL,2026-01-03 02:00:00,H1,2026-01-03 02:00:00,1.06235
1,FX07,BUY,BUY,BUY,27,,,0,BULL,BULL,BULL,2026-01-03 02:00:00,H1,2026-01-03 02:00:00,1.07235
1,FX08,BUY,BUY,BUY,27,,,0,BULL,BULL,BULL,2026-01-03 02:00:00,H1,2026-01-03 02:00:00,1.08235
1,FX09,BUY,BUY,BUY,27,,,0,BULL,BULL,BULL,2026-01-03 02:00:00,H1,2026-01-03 02:00:00,1.09235
1,FX10,BUY,BUY,BUY,27,,,0,BULL,BULL,BULL,2026-01-03 02:00:00,H1,2026-01-03 02:00:00,1.10235
1,FX11,BUY,BUY,BUY,27,,,0,BULL,BULL,BULL,2026-01-03 02:00:00,H1,2026-01-03 02:00:00,1.11235
1,FX12,BUY,BUY,BUY,27,,,0,BULL,BULL,BULL,2026-01-03 02:00:00,H1,2026-01-03 02:00:00,1.12235
1,FX13,BUY,BUY,BUY,27,,,0,BULL,BULL,BULL,2026-01-03 02:00:00,H1,2026-01-03 02:00:00,1.13235
1,FX14,BUY,BUY,BUY,27,,,0,BULL,BULL,BULL,2026-01-03 02:00:00,H1,2026-01-03 02:00:00,1.14235
1,FX15,BUY,BUY,BUY,27,,,0,BULL,BULL,BULL,2026-01-03 02:00:00,H1,2026-01-03 02:00:00,1.15235
1,FX16,BUY,BUY,BUY,27,,,0,BULL,BULL,BULL,2026-01-03 02:00:00,H1,2026-01-03 02:00:00,1.16235
1,FX17,BUY,BUY,BUY,27,,,0,BULL,BULL,BULL,2026-01-03 02:00:00,H1,2026-01-03 02:00:00,1.17235
1,FX18,BUY,BUY,BUY,27,,,0,BULL,BULL,BULL,2026-01-03 02:00:00,H1,2026-01-03 02:00:00,1.18235
1,FX19,BUY,BUY,BUY,27,,,0,BULL,BULL,BULL,2026-01-03 02:00:00,H1,2026-01-03 02:00:00,1.19235
1,FX20,BUY,BUY,BUY,27,,,0,BULL,BULL,BULL,2026-01-03 02:00:00,H1,2026-01-03 02:00:00,1.20235
1,FX21,BUY,BUY,BUY,27,,,0,BULL,BULL,BULL,2026-01-03 02:00:00,H1,2026-01-03 02:00:00,1.21235
1,FX22,BUY,BUY,BUY,27,,,0,BULL,BULL,BULL,2026-01-03 02:00:00,H1,2026-01-03 02:00:00,1.22235
1,FX23,BUY,BUY,BUY,27,,,0,BULL,BULL,BULL,2026-01-03 02:00:00,H1,2026-01-03 02:00:00,1.23235
1,FX24,BUY,BUY,BUY,27,,,0,BULL,BULL,BULL,2026-01-03 02:00:00,H1,2026-01-03 02:00:00,1.24235
1,FX25,BUY,BUY,BUY,27,,,0,BULL,BULL,BULL,2026-01-03 02:00:00,H1,2026-01-03 02:00:00,1.25235
1,FX26,BUY,BUY,BUY,27,,,0,BULL,BULL,BULL,2026-01-03 02:00:00,H1,2026-01-03 02:00:00,1.26235
1,FX27,BUY,BUY,BUY,27,,,0,BULL,BULL,BULL,2026-01-03 02:00:00,H1,2026-01-03 02:00:00,1.27235
1,FX28,BUY,BUY,BUY,27,,,0,BULL,BULL,BULL,2026-01-03 02:00:00,H1,2026-01-03 02:00:00,1.28235
1,FX29,BUY,BUY,BUY,27,,,0,BULL,BULL,BULL,2026-01-03 02:00:00,H1,2026-01-03 02:00:00,1.29235
1,FX00,BUY,BUY,BUY,28,,,0,BULL,BULL,BULL,2026-01-03 03:00:00,H1,2026-01-03 03:00:00,1.00235
1,FX01,BUY,BUY,BUY,28,,,0,BULL,BULL,BULL,2026-01-03 03:00:00,H1,2026-01-03 03:00:00,1.01235
1,FX02,BUY,BUY,BUY,28,,,0,BULL,BULL,BULL,2026-01-03 03:00:00,H1,2026-01-03 03:00:00,1.02235
1,FX03,BUY,BUY,BUY,28,,,0,BULL,BULL,BULL,2026-01-03 03:00:00,H1,2026-01-03 03:00:00,1.03235
1,FX04,BUY,BUY,BUY,28,,,0,BULL,BULL,BULL,2026-01-03 03:00:00,H1,2026-01-03 03:00:00,1.04235
1,FX05,BUY,BUY,BUY,28,,,0,BULL,BULL,BULL,2026-01-03 03:00:00,H1,2026-01-03 03:00:00,1.05235
1,FX06,BUY,BUY,BUY,28,,,0,BULL,BULL,BULL,2026-01-03 03:00:00,H1,2026-01-03 03:00:00,1.06235
1,FX07,BUY,BUY,BUY,28,,,0,BULL,BULL,BULL,2026-01-03 03:00:00,H1,2026-01-03 03:00:00,1.07235
1,FX08,BUY,BUY,BUY,28,,,0,BULL,BULL,BULL,2026-01-03 03:00:00,H1,2026-01-03 03:00:00,1.08235
1,FX09,BUY,BUY,BUY,28,,,0,BULL,BULL,BULL,2026-01-03 03:00:00,H1,2026-01-03 03:00:00,1.09235
1,FX10,BUY,BUY,BUY,28,,,0,BULL,BULL,BULL,2026-01-03 03:00:00,H1,2026-01-03 03:00:00,1.10235
1,FX11,BUY,BUY,BUY,28,,,0,BULL,BULL,BULL,2026-01-03 03:00:00,H1,2026-01-03 03:00:00,1.11235
1,FX12,BUY,BUY,BUY,28,,,0,BULL,BULL,BULL,2026-01-03 03:00:00,H1,2026-01-03 03:00:00,1.12235
1,FX13,BUY,BUY,BUY,28,,,0,BULL,BULL,BULL,2026-01-03 03:00:00,H1,2026-01-03 03:00:00,1.13235
1,FX14,BUY,BUY,BUY,28,,,0,BULL,BULL,BULL,2026-01-03 03:00:00,H1,2026-01-03 03:00:00,1.14235
1,FX15,BUY,BUY,BUY,28,,,0,BULL,BULL,BULL,2026-01-03 03:00:00,H1,2026-01-03 03:00:00,1.15235
1,FX16,BUY,BUY,BUY,28,,,0,BULL,BULL,BULL,2026-01-03 03:00:00,H1,2026-01-03 03:00:00,1.16235
1,FX17,BUY,BUY,BUY,28,,,0,BULL,BULL,BULL,2026-01-03 03:00:00,H1,2026-01-03 03:00:00,1.17235
1,FX18,BUY,BUY,BUY,28,,,0,BULL,BULL,BULL,2026-01-03 03:00:00,H1,2026-01-03 03:00:00,1.18235
1,FX19,BUY,BUY,BUY,28,,,0,BULL,BULL,BULL,2026-01-03 03:00:00,H1,2026-01-03 03:00:00,1.19235
1,FX20,BUY,BUY,BUY,28,,,0,BULL,BULL,BULL,2026-01-03 03:00:00,H1,2026-01-03 03:00:00,1.20235
1,FX21,BUY,BUY,BUY,28,,,0,BULL,BULL,BULL,2026-01-03 03:00:00,H1,2026-01-03 03:00:00,1.21235
1,FX22,BUY,BUY,BUY,28,,,0,BULL,BULL,BULL,2026-01-03 03:00:00,H1,2026-01-03 03:00:00,1.22235
1,FX23,BUY,BUY,BUY,28,,,0,BULL,BULL,BULL,2026-01-03 03:00:00,H1,2026-01-03 03:00:00,1.23235
1,FX24,BUY,BUY,BUY,28,,,0,BULL,BULL,BULL,2026-01-03 03:00:00,H1,2026-01-03 03:00:00,1.24235
1,FX25,BUY,BUY,BUY,28,,,0,BULL,BULL,BULL,2026-01-03 03:00:00,H1,2026-01-03 03:00:00,1.25235
1,FX26,BUY,BUY,BUY,28,,,0,BULL,BULL,BULL,2026-01-03 03:00:00,H1,2026-01-03 03:00:00,1.26235
1,FX27,BUY,BUY,BUY,28,,,0,BULL,BULL,BULL,2026-01-03 03:00:00,H1,2026-01-03 03:00:00,1.27235
1,FX28,BUY,BUY,BUY,28,,,0,BULL,BULL,BULL,2026-01-03 03:00:00,H1,2026-01-03 03:00:00,1.28235
1,FX29,BUY,BUY,BUY,28,,,0,BULL,BULL,BULL,2026-01-03 03:00:00,H1,2026-01-03 03:00:00,1.29235
1,FX00,BUY,BUY,BUY,29,,,0,BULL,BULL,BULL,2026-01-03 04:00:00,H1,2026-01-03 04:00:00,1.00235
1,FX01,BUY,BUY,BUY,29,,,0,BULL,BULL,BULL,2026-01-03 04:00:00,H1,2026-01-03 04:00:00,1.01235
1,FX02,BUY,BUY,BUY,29,,,0,BULL,BULL,BULL,2026-01-03 04:00:00,H1,2026-01-03 04:00:00,1.02235
1,FX03,BUY,BUY,BUY,29,,,0,BULL,BULL,BULL,2026-01-03 04:00:00,H1,2026-01-03 04:00:00,1.03235
1,FX04,BUY,BUY,BUY,29,,,0,BULL,BULL,BULL,2026-01-03 04:00:00,H1,2026-01-03 04:00:00,1.04235
1,FX05,BUY,BUY,BUY,29,,,0,BULL,BULL,BULL,2026-01-03 04:00:00,H1,2026-01-03 04:00:00,1.05235
1,FX06,BUY,BUY,BUY,29,,,0,BULL,BULL,BULL,2026-01-03 04:00:00,H1,2026-01-03 04:00:00,1.06235
1,FX07,BUY,BUY,BUY,29,,,0,BULL,BULL,BULL,2026-01-03 04:00:00,H1,2026-01-03 04:00:00,1.07235
1,FX08,BUY,BUY,BUY,29,,,0,BULL,BULL,BULL,2026-01-03 04:00:00,H1,2026-01-03 04:00:00,1.08235
1,FX09,BUY,BUY,BUY,29,,,0,BULL,BULL,BULL,2026-01-03 04:00:00,H1,2026-01-03 04:00:00,1.09235
1,FX10,BUY,BUY,BUY,29,,,0,BULL,BULL,BULL,2026-01-03 04:00:00,H1,2026-01-03 04:00:00,1.10235
1,FX11,BUY,BUY,BUY,29,,,0,BULL,BULL,BULL,2026-01-03 04:00:00,H1,2026-01-03 04:00:00,1.11235
1,FX12,BUY,BUY,BUY,29,,,0,BULL,BULL,BULL,2026-01-03 04:00:00,H1,2026-01-03 04:00:00,1.12235
1,FX13,BUY,BUY,BUY,29,,,0,BULL,BULL,BULL,2026-01-03 04:00:00,H1,2026-01-03 04:00:00,1.13235
1,FX14,BUY,BUY,BUY,29,,,0,BULL,BULL,BULL,2026-01-03 04:00:00,H1,2026-01-03 04:00:00,1.14235
1,FX15,BUY,BUY,BUY,29,,,0,BULL,BULL,BULL,2026-01-03 04:00:00,H1,2026-01-03 04:00:00,1.15235
1,FX16,BUY,BUY,BUY,29,,,0,BULL,BULL,BULL,2026-01-03 04:00:00,H1,2026-01-03 04:00:00,1.16235
1,FX17,BUY,BUY,BUY,29,,,0,BULL,BULL,BULL,2026-01-03 04:00:00,H1,2026-01-03 04:00:00,1.17235
1,FX18,BUY,BUY,BUY,29,,,0,BULL,BULL,BULL,2026-01-03 04:00:00,H1,2026-01-03 04:00:00,1.18235
1,FX19,BUY,BUY,BUY,29,,,0,BULL,BULL,BULL,2026-01-03 04:00:00,H1,2026-01-03 04:00:00,1.19235
1,FX20,BUY,BUY,BUY,29,,,0,BULL,BULL,BULL,2026-01-03 04:00:00,H1,2026-01-03 04:00:00,1.20235
1,FX21,BUY,BUY,BUY,29,,,0,BULL,BULL,BULL,2026-01-03 04:00:00,H1,2026-01-03 04:00:00,1.21235
1,FX22,BUY,BUY,BUY,29,,,0,BULL,BULL,BULL,2026-01-03 04:00:00,H1,2026-01-03 04:00:00,1.22235
1,FX23,BUY,BUY,BUY,29,,,0,BULL,BULL,BULL,2026-01-03 04:00:00,H1,2026-01-03 04:00:00,1.23235
1,FX24,BUY,BUY,BUY,29,,,0,BULL,BULL,BULL,2026-01-03 04:00:00,H1,2026-01-03 04:00:00,1.24235
1,FX25,BUY,BUY,BUY,29,,,0,BULL,BULL,BULL,2026-01-03 04:00:00,H1,2026-01-03 04:00:00,1.25235
1,FX26,BUY,BUY,BUY,29,,,0,BULL,BULL,BULL,2026-01-03 04:00:00,H1,2026-01-03 04:00:00,1.26235
1,FX27,BUY,BUY,BUY,29,,,0,BULL,BULL,BULL,2026-01-03 04:00:00,H1,2026-01-03 04:00:00,1.27235
1,FX28,BUY,BUY,BUY,29,,,0,BULL,BULL,BULL,2026-01-03 04:00:00,H1,2026-01-03 04:00:00,1.28235
1,FX29,BUY,BUY,BUY,29,,,0,BULL,BULL,BULL,2026-01-03 04:00:00,H1,2026-01-03 04:00:00,1.29235
1,FX00,BUY,BUY,BUY,30,,,0,BULL,BULL,BULL,2026-01-03 05:00:00,H1,2026-01-03 05:00:00,1.00235
1,FX01,BUY,BUY,BUY,30,,,0,BULL,BULL,BULL,2026-01-03 05:00:00,H1,2026-01-03 05:00:00,1.01235
1,FX02,BUY,BUY,BUY,30,,,0,BULL,BULL,BULL,2026-01-03 05:00:00,H1,2026-01-03 05:00:00,1.02235
1,FX03,BUY,BUY,BUY,30,,,0,BULL,BULL,BULL,2026-01-03 05:00:00,H1,2026-01-03 05:00:00,1.03235
1,FX04,BUY,BUY,BUY,30,,,0,BULL,BULL,BULL,2026-01-03 05:00:00,H1,2026-01-03 05:00:00,1.04235
1,FX05,BUY,BUY,BUY,30,,,0,BULL,BULL,BULL,2026-01-03 05:00:00,H1,2026-01-03 05:00:00,1.05235
1,FX06,BUY,BUY,BUY,30,,,0,BULL,BULL,BULL,2026-01-03 05:00:00,H1,2026-01-03 05:00:00,1.06235
1,FX07,BUY,BUY,BUY,30,,,0,BULL,BULL,BULL,2026-01-03 05:00:00,H1,2026-01-03 05:00:00,1.07235
1,FX08,BUY,BUY,BUY,30,,,0,BULL,BULL,BULL,2026-01-03 05:00:00,H1,2026-01-03 05:00:00,1.08235
1,FX09,BUY,BUY,BUY,30,,,0,BULL,BULL,BULL,2026-01-03 05:00:00,H1,2026-01-03 05:00:00,1.09235
1,FX10,BUY,BUY,BUY,30,,,0,BULL,BULL,BULL,2026-01-03 05:00:00,H1,2026-01-03 05:00:00,1.10235
1,FX11,BUY,BUY,BUY,30,,,0,BULL,BULL,BULL,2026-01-03 05:00:00,H1,2026-01-03 05:00:00,1.11235
1,FX12,BUY,BUY,BUY,30,,,0,BULL,BULL,BULL,2026-01-03 05:00:00,H1,2026-01-03 05:00:00,1.12235
1,FX13,BUY,BUY,BUY,30,,,0,BULL,BULL,BULL,2026-01-03 05:00:00,H1,2026-01-03 05:00:00,1.13235
1,FX14,BUY,BUY,BUY,30,,,0,BULL,BULL,BULL,2026-01-03 05:00:00,H1,2026-01-03 05:00:00,1.14235
1,FX15,BUY,BUY,BUY,30,,,0,BULL,BULL,BULL,2026-01-03 05:00:00,H1,2026-01-03 05:00:00,1.15235
1,FX16,BUY,BUY,BUY,30,,,0,BULL,BULL,BULL,2026-01-03 05:00:00,H1,2026-01-03 05:00:00,1.16235
1,FX17,BUY,BUY,BUY,30,,,0,BULL,BULL,BULL,2026-01-03 05:00:00,H1,2026-01-03 05:00:00,1.17235
1,FX18,BUY,BUY,BUY,30,,,0,BULL,BULL,BULL,2026-01-03 05:00:00,H1,2026-01-03 05:00:00,1.18235
1,FX19,BUY,BUY,BUY,30,,,0,BULL,BULL,BULL,2026-01-03 05:00:00,H1,2026-01-03 05:00:00,1.19235
1,FX20,BUY,BUY,BUY,30,,,0,BULL,BULL,BULL,2026-01-03 05:00:00,H1,2026-01-03 05:00:00,1.20235
1,FX21,BUY,BUY,BUY,30,,,0,BULL,BULL,BULL,2026-01-03 05:00:00,H1,2026-01-03 05:00:00,1.21235
1,FX22,BUY,BUY,BUY,30,,,0,BULL,BULL,BULL,2026-01-03 05:00:00,H1,2026-01-03 05:00:00,1.22235
1,FX23,BUY,BUY,BUY,30,,,0,BULL,BULL,BULL,2026-01-03 05:00:00,H1,2026-01-03 05:00:00,1.23235
1,FX24,BUY,BUY,BUY,30,,,0,BULL,BULL,BULL,2026-01-03 05:00:00,H1,2026-01-03 05:00:00,1.24235
1,FX25,BUY,BUY,BUY,30,,,0,BULL,BULL,BULL,2026-01-03 05:00:00,H1,2026-01-03 05:00:00,1.25235
1,FX26,BUY,BUY,BUY,30,,,0,BULL,BULL,BULL,2026-01-03 05:00:00,H1,2026-01-03 05:00:00,1.26235
1,FX27,BUY,BUY,BUY,30,,,0,BULL,BULL,BULL,2026-01-03 05:00:00,H1,2026-01-03 05:00:00,1.27235
1,FX28,BUY,BUY,BUY,30,,,0,BULL,BULL,BULL,2026-01-03 05:00:00,H1,2026-01-03 05:00:00,1.28235
1,FX29,BUY,BUY,BUY,30,,,0,BULL,BULL,BULL,2026-01-03 05:00:00,H1,2026-01-03 05:00:00,1.29235
1,FX00,BUY,BUY,BUY,31,,,0,BULL,BULL,BULL,2026-01-03 06:00:00,H1,2026-01-03 06:00:00,1.00235
1,FX01,BUY,BUY,BUY,31,,,0,BULL,BULL,BULL,2026-01-03 06:00:00,H1,2026-01-03 06:00:00,1.01235
1,FX02,BUY,BUY,BUY,31,,,0,BULL,BULL,BULL,2026-01-03 06:00:00,H1,2026-01-03 06:00:00,1.02235
1,FX03,BUY,BUY,BUY,31,,,0,BULL,BULL,BULL,2026-01-03 06:00:00,H1,2026-01-03 06:00:00,1.03235
1,FX04,BUY,BUY,BUY,31,,,0,BULL,BULL,BULL,2026-01-03 06:00:00,H1,2026-01-03 06:00:00,1.04235
1,FX05,BUY,BUY,BUY,31,,,0,BULL,BULL,BULL,2026-01-03 06:00:00,H1,2026-01-03 06:00:00,1.05235
1,FX06,BUY,BUY,BUY,31,,,0,BULL,BULL,BULL,2026-01-03 06:00:00,H1,2026-01-03 06:00:00,1.06235
1,FX07,BUY,BUY,BUY,31,,,0,BULL,BULL,BULL,2026-01-03 06:00:00,H1,2026-01-03 06:00:00,1.07235
1,FX08,BUY,BUY,BUY,31,,,0,BULL,BULL,BULL,2026-01-03 06:00:00,H1,2026-01-03 06:00:00,1.08235
1,FX09,BUY,BUY,BUY,31,,,0,BULL,BULL,BULL,2026-01-03 06:00:00,H1,2026-01-03 06:00:00,1.09235
1,FX10,BUY,BUY,BUY,31,,,0,BULL,BULL,BULL,2026-01-03 06:00:00,H1,2026-01-03 06:00:00,1.10235
1,FX11,BUY,BUY,BUY,31,,,0,BULL,BULL,BULL,2026-01-03 06:00:00,H1,2026-01-03 06:00:00,1.11235
1,FX12,BUY,BUY,BUY,31,,,0,BULL,BULL,BULL,2026-01-03 06:00:00,H1,2026-01-03 06:00:00,1.12235
1,FX13,BUY,BUY,BUY,31,,,0,BULL,BULL,BULL,2026-01-03 06:00:00,H1,2026-01-03 06:00:00,1.13235
1,FX14,BUY,BUY,BUY,31,,,0,BULL,BULL,BULL,2026-01-03 06:00:00,H1,2026-01-03 06:00:00,1.14235
1,FX15,BUY,BUY,BUY,31,,,0,BULL,BULL,BULL,2026-01-03 06:00:00,H1,2026-01-03 06:00:00,1.15235
1,FX16,BUY,BUY,BUY,31,,,0,BULL,BULL,BULL,2026-01-03 06:00:00,H1,2026-01-03 06:00:00,1.16235
1,FX17,BUY,BUY,BUY,31,,,0,BULL,BULL,BULL,2026-01-03 06:00:00,H1,2026-01-03 06:00:00,1.17235
1,FX18,BUY,BUY,BUY,31,,,0,BULL,BULL,BULL,2026-01-03 06:00:00,H1,2026-01-03 06:00:00,1.18235
1,FX19,BUY,BUY,BUY,31,,,0,BULL,BULL,BULL,2026-01-03 06:00:00,H1,2026-01-03 06:00:00,1.19235
1,FX20,BUY,BUY,BUY,31,,,0,BULL,BULL,BULL,2026-01-03 06:00:00,H1,2026-01-03 06:00:00,1.20235
1,FX21,BUY,BUY,BUY,31,,,0,BULL,BULL,BULL,2026-01-03 06:00:00,H1,2026-01-03 06:00:00,1.21235
1,FX22,BUY,BUY,BUY,31,,,0,BULL,BULL,BULL,2026-01-03 06:00:00,H1,2026-01-03 06:00:00,1.22235
1,FX23,BUY,BUY,BUY,31,,,0,BULL,BULL,BULL,2026-01-03 06:00:00,H1,2026-01-03 06:00:00,1.23235
1,FX24,BUY,BUY,BUY,31,,,0,BULL,BULL,BULL,2026-01-03 06:00:00,H1,2026-01-03 06:00:00,1.24235
1,FX25,BUY,BUY,BUY,31,,,0,BULL,BULL,BULL,2026-01-03 06:00:00,H1,2026-01-03 06:00:00,1.25235
1,FX26,BUY,BUY,BUY,31,,,0,BULL,BULL,BULL,2026-01-03 06:00:00,H1,2026-01-03 06:00:00,1.26235
1,FX27,BUY,BUY,BUY,31,,,0,BULL,BULL,BULL,2026-01-03 06:00:00,H1,2026-01-03 06:00:00,1.27235
1,FX28,BUY,BUY,BUY,31,,,0,BULL,BULL,BULL,2026-01-03 06:00:00,H1,2026-01-03 06:00:00,1.28235
1,FX29,BUY,BUY,BUY,31,,,0,BULL,BULL,BULL,2026-01-03 06:00:00,H1,2026-01-03 06:00:00,1.29235
1,FX00,BUY,BUY,BUY,32,,,0,BULL,BULL,BULL,2026-01-03 07:00:00,H1,2026-01-03 07:00:00,1.00235
1,FX01,BUY,BUY,BUY,32,,,0,BULL,BULL,BULL,2026-01-03 07:00:00,H1,2026-01-03 07:00:00,1.01235
1,FX02,BUY,BUY,BUY,32,,,0,BULL,BULL,BULL,2026-01-03 07:00:00,H1,2026-01-03 07:00:00,1.02235
1,FX03,BUY,BUY,BUY,32,,,0,BULL,BULL,BULL,2026-01-03 07:00:00,H1,2026-01-03 07:00:00,1.03235
1,FX04,BUY,BUY,BUY,32,,,0,BULL,BULL,BULL,2026-01-03 07:00:00,H1,2026-01-03 07:00:00,1.04235
1,FX05,BUY,BUY,BUY,32,,,0,BULL,BULL,BULL,2026-01-03 07:00:00,H1,2026-01-03 07:00:00,1.05235
1,FX06,BUY,BUY,BUY,32,,,0,BULL,BULL,BULL,2026-01-03 07:00:00,H1,2026-01-03 07:00:00,1.06235
1,FX07,BUY,BUY,BUY,32,,,0,BULL,BULL,BULL,2026-01-03 07:00:00,H1,2026-01-03 07:00:00,1.07235
1,FX08,BUY,BUY,BUY,32,,,0,BULL,BULL,BULL,2026-01-03 07:00:00,H1,2026-01-03 07:00:00,1.08235
1,FX09,BUY,BUY,BUY,32,,,0,BULL,BULL,BULL,2026-01-03 07:00:00,H1,2026-01-03 07:00:00,1.09235
1,FX10,BUY,BUY,BUY,32,,,0,BULL,BULL,BULL,2026-01-03 07:00:00,H1,2026-01-03 07:00:00,1.10235
1,FX11,BUY,BUY,BUY,32,,,0,BULL,BULL,BULL,2026-01-03 07:00:00,H1,2026-01-03 07:00:00,1.11235
1,FX12,BUY,BUY,BUY,32,,,0,BULL,BULL,BULL,2026-01-03 07:00:00,H1,2026-01-03 07:00:00,1.12235
1,FX13,BUY,BUY,BUY,32,,,0,BULL,BULL,BULL,2026-01-03 07:00:00,H1,2026-01-03 07:00:00,1.13235
1,FX14,BUY,BUY,BUY,32,,,0,BULL,BULL,BULL,2026-01-03 07:00:00,H1,2026-01-03 07:00:00,1.14235
1,FX15,BUY,BUY,BUY,32,,,0,BULL,BULL,BULL,2026-01-03 07:00:00,H1,2026-01-03 07:00:00,1.15235
1,FX16,BUY,BUY,BUY,32,,,0,BULL,BULL,BULL,2026-01-03 07:00:00,H1,2026-01-03 07:00:00,1.16235
1,FX17,BUY,BUY,BUY,32,,,0,BULL,BULL,BULL,2026-01-03 07:00:00,H1,2026-01-03 07:00:00,1.17235
1,FX18,BUY,BUY,BUY,32,,,0,BULL,BULL,BULL,2026-01-03 07:00:00,H1,2026-01-03 07:00:00,1.18235
1,FX19,BUY,BUY,BUY,32,,,0,BULL,BULL,BULL,2026-01-03 07:00:00,H1,2026-01-03 07:00:00,1.19235
1,FX20,BUY,BUY,BUY,32,,,0,BULL,BULL,BULL,2026-01-03 07:00:00,H1,2026-01-03 07:00:00,1.20235
1,FX21,BUY,BUY,BUY,32,,,0,BULL,BULL,BULL,2026-01-03 07:00:00,H1,2026-01-03 07:00:00,1.21235
1,FX22,BUY,BUY,BUY,32,,,0,BULL,BULL,BULL,2026-01-03 07:00:00,H1,2026-01-03 07:00:00,1.22235
1,FX23,BUY,BUY,BUY,32,,,0,BULL,BULL,BULL,2026-01-03 07:00:00,H1,2026-01-03 07:00:00,1.23235
1,FX24,BUY,BUY,BUY,32,,,0,BULL,BULL,BULL,2026-01-03 07:00:00,H1,2026-01-03 07:00:00,1.24235
1,FX25,BUY,BUY,BUY,32,,,0,BULL,BULL,BULL,2026-01-03 07:00:00,H1,2026-01-03 07:00:00,1.25235
1,FX26,BUY,BUY,BUY,32,,,0,BULL,BULL,BULL,2026-01-03 07:00:00,H1,2026-01-03 07:00:00,1.26235
1,FX27,BUY,BUY,BUY,32,,,0,BULL,BULL,BULL,2026-01-03 07:00:00,H1,2026-01-03 07:00:00,1.27235
1,FX28,BUY,BUY,BUY,32,,,0,BULL,BULL,BULL,2026-01-03 07:00:00,H1,2026-01-03 07:00:00,1.28235
1,FX29,BUY,BUY,BUY,32,,,0,BULL,BULL,BULL,2026-01-03 07:00:00,H1,2026-01-03 07:00:00,1.29235
1,FX00,BUY,BUY,BUY,33,,,0,BULL,BULL,BULL,2026-01-03 08:00:00,H1,2026-01-03 08:00:00,1.00235
1,FX01,BUY,BUY,BUY,33,,,0,BULL,BULL,BULL,2026-01-03 08:00:00,H1,2026-01-03 08:00:00,1.01235
1,FX02,BUY,BUY,BUY,33,,,0,BULL,BULL,BULL,2026-01-03 08:00:00,H1,2026-01-03 08:00:00,1.02235
1,FX03,BUY,BUY,BUY,33,,,0,BULL,BULL,BULL,2026-01-03 08:00:00,H1,2026-01-03 08:00:00,1.03235
1,FX04,BUY,BUY,BUY,33,,,0,BULL,BULL,BULL,2026-01-03 08:00:00,H1,2026-01-03 08:00:00,1.04235
1,FX05,BUY,BUY,BUY,33,,,0,BULL,BULL,BULL,2026-01-03 08:00:00,H1,2026-01-03 08:00:00,1.05235
1,FX06,BUY,BUY,BUY,33,,,0,BULL,BULL,BULL,2026-01-03 08:00:00,H1,2026-01-03 08:00:00,1.06235
1,FX07,BUY,BUY,BUY,33,,,0,BULL,BULL,BULL,2026-01-03 08:00:00,H1,2026-01-03 08:00:00,1.07235
1,FX08,BUY,BUY,BUY,33,,,0,BULL,BULL,BULL,2026-01-03 08:00:00,H1,2026-01-03 08:00:00,1.08235
1,FX09,BUY,BUY,BUY,33,,,0,BULL,BULL,BULL,2026-01-03 08:00:00,H1,2026-01-03 08:00:00,1.09235
1,FX10,BUY,BUY,BUY,33,,,0,BULL,BULL,BULL,2026-01-03 08:00:00,H1,2026-01-03 08:00:00,1.10235
1,FX11,BUY,BUY,BUY,33,,,0,BULL,BULL,BULL,2026-01-03 08:00:00,H1,2026-01-03 08:00:00,1.11235
1,FX12,BUY,BUY,BUY,33,,,0,BULL,BULL,BULL,2026-01-03 08:00:00,H1,2026-01-03 08:00:00,1.12235
1,FX13,BUY,BUY,BUY,33,,,0,BULL,BULL,BULL,2026-01-03 08:00:00,H1,2026-01-03 08:00:00,1.13235
1,FX14,BUY,BUY,BUY,33,,,0,BULL,BULL,BULL,2026-01-03 08:00:00,H1,2026-01-03 08:00:00,1.14235
1,FX15,BUY,BUY,BUY,33,,,0,BULL,BULL,BULL,2026-01-03 08:00:00,H1,2026-01-03 08:00:00,1.15235
1,FX16,BUY,BUY,BUY,33,,,0,BULL,BULL,BULL,2026-01-03 08:00:00,H1,2026-01-03 08:00:00,1.16235
1,FX17,BUY,BUY,BUY,33,,,0,BULL,BULL,BULL,2026-01-03 08:00:00,H1,2026-01-03 08:00:00,1.17235
1,FX18,BUY,BUY,BUY,33,,,0,BULL,BULL,BULL,2026-01-03 08:00:00,H1,2026-01-03 08:00:00,1.18235
1,FX19,BUY,BUY,BUY,33,,,0,BULL,BULL,BULL,2026-01-03 08:00:00,H1,2026-01-03 08:00:00,1.19235
1,FX20,BUY,BUY,BUY,33,,,0,BULL,BULL,BULL,2026-01-03 08:00:00,H1,2026-01-03 08:00:00,1.20235
1,FX21,BUY,BUY,BUY,33,,,0,BULL,BULL,BULL,2026-01-03 08:00:00,H1,2026-01-03 08:00:00,1.21235
1,FX22,BUY,BUY,BUY,33,,,0,BULL,BULL,BULL,2026-01-03 08:00:00,H1,2026-01-03 08:00:00,1.22235
1,FX23,BUY,BUY,BUY,33,,,0,BULL,BULL,BULL,2026-01-03 08:00:00,H1,2026-01-03 08:00:00,1.23235
1,FX24,BUY,BUY,BUY,33,,,0,BULL,BULL,BULL,2026-01-03 08:00:00,H1,2026-01-03 08:00:00,1.24235
1,FX25,BUY,BUY,BUY,33,,,0,BULL,BULL,BULL,2026-01-03 08:00:00,H1,2026-01-03 08:00:00,1.25235
1,FX26,BUY,BUY,BUY,33,,,0,BULL,BULL,BULL,2026-01-03 08:00:00,H1,2026-01-03 08:00:00,1.26235
1,FX27,BUY,BUY,BUY,33,,,0,BULL,BULL,BULL,2026-01-03 08:00:00,H1,2026-01-03 08:00:00,1.27235
1,FX28,BUY,BUY,BUY,33,,,0,BULL,BULL,BULL,2026-01-03 08:00:00,H1,2026-01-03 08:00:00,1.28235
1,FX29,BUY,BUY,BUY,33,,,0,BULL,BULL,BULL,2026-01-03 08:00:00,H1,2026-01-03 08:00:00,1.29235
1,FX00,BUY,BUY,BUY,34,,,0,BULL,BULL,BULL,2026-01-03 09:00:00,H1,2026-01-03 09:00:00,1.00235
1,FX01,BUY,BUY,BUY,34,,,0,BULL,BULL,BULL,2026-01-03 09:00:00,H1,2026-01-03 09:00:00,1.01235
1,FX02,BUY,BUY,BUY,34,,,0,BULL,BULL,BULL,2026-01-03 09:00:00,H1,2026-01-03 09:00:00,1.02235
1,FX03,BUY,BUY,BUY,34,,,0,BULL,BULL,BULL,2026-01-03 09:00:00,H1,2026-01-03 09:00:00,1.03235
1,FX04,BUY,BUY,BUY,34,,,0,BULL,BULL,BULL,2026-01-03 09:00:00,H1,2026-01-03 09:00:00,1.04235
1,FX05,BUY,BUY,BUY,34,,,0,BULL,BULL,BULL,2026-01-03 09:00:00,H1,2026-01-03 09:00:00,1.05235
1,FX06,BUY,BUY,BUY,34,,,0,BULL,BULL,BULL,2026-01-03 09:00:00,H1,2026-01-03 09:00:00,1.06235
1,FX07,BUY,BUY,BUY,34,,,0,BULL,BULL,BULL,2026-01-03 09:00:00,H1,2026-01-03 09:00:00,1.07235
1,FX08,BUY,BUY,BUY,34,,,0,BULL,BULL,BULL,2026-01-03 09:00:00,H1,2026-01-03 09:00:00,1.08235
1,FX09,BUY,BUY,BUY,34,,,0,BULL,BULL,BULL,2026-01-03 09:00:00,H1,2026-01-03 09:00:00,1.09235
1,FX10,BUY,BUY,BUY,34,,,0,BULL,BULL,BULL,2026-01-03 09:00:00,H1,2026-01-03 09:00:00,1.10235
1,FX11,BUY,BUY,BUY,34,,,0,BULL,BULL,BULL,2026-01-03 09:00:00,H1,2026-01-03 09:00:00,1.11235
1,FX12,BUY,BUY,BUY,34,,,0,BULL,BULL,BULL,2026-01-03 09:00:00,H1,2026-01-03 09:00:00,1.12235
1,FX13,BUY,BUY,BUY,34,,,0,BULL,BULL,BULL,2026-01-03 09:00:00,H1,2026-01-03 09:00:00,1.13235
1,FX14,BUY,BUY,BUY,34,,,0,BULL,BULL,BULL,2026-01-03 09:00:00,H1,2026-01-03 09:00:00,1.14235
1,FX15,BUY,BUY,BUY,34,,,0,BULL,BULL,BULL,2026-01-03 09:00:00,H1,2026-01-03 09:00:00,1.15235
1,FX16,BUY,BUY,BUY,34,,,0,BULL,BULL,BULL,2026-01-03 09:00:00,H1,2026-01-03 09:00:00,1.16235
1,FX17,BUY,BUY,BUY,34,,,0,BULL,BULL,BULL,2026-01-03 09:00:00,H1,2026-01-03 09:00:00,1.17235
1,FX18,BUY,BUY,BUY,34,,,0,BULL,BULL,BULL,2026-01-03 09:00:00,H1,2026-01-03 09:00:00,1.18235
1,FX19,BUY,BUY,BUY,34,,,0,BULL,BULL,BULL,2026-01-03 09:00:00,H1,2026-01-03 09:00:00,1.19235
1,FX20,BUY,BUY,BUY,34,,,0,BULL,BULL,BULL,2026-01-03 09:00:00,H1,2026-01-03 09:00:00,1.20235
1,FX21,BUY,BUY,BUY,34,,,0,BULL,BULL,BULL,2026-01-03 09:00:00,H1,2026-01-03 09:00:00,1.21235
1,FX22,BUY,BUY,BUY,34,,,0,BULL,BULL,BULL,2026-01-03 09:00:00,H1,2026-01-03 09:00:00,1.22235
1,FX23,BUY,BUY,BUY,34,,,0,BULL,BULL,BULL,2026-01-03 09:00:00,H1,2026-01-03 09:00:00,1.23235
1,FX24,BUY,BUY,BUY,34,,,0,BULL,BULL,BULL,2026-01-03 09:00:00,H1,2026-01-03 09:00:00,1.24235
1,FX25,BUY,BUY,BUY,34,,,0,BULL,BULL,BULL,2026-01-03 09:00:00,H1,2026-01-03 09:00:00,1.25235
1,FX26,BUY,BUY,BUY,34,,,0,BULL,BULL,BULL,2026-01-03 09:00:00,H1,2026-01-03 09:00:00,1.26235
1,FX27,BUY,BUY,BUY,34,,,0,BULL,BULL,BULL,2026-01-03 09:00:00,H1,2026-01-03 09:00:00,1.27235
1,FX28,BUY,BUY,BUY,34,,,0,BULL,BULL,BULL,2026-01-03 09:00:00,H1,2026-01-03 09:00:00,1.28235
1,FX29,BUY,BUY,BUY,34,,,0,BULL,BULL,BULL,2026-01-03 09:00:00,H1,2026-01-03 09:00:00,1.29235
1,FX00,BUY,BUY,BUY,35,,,0,BULL,BULL,BULL,2026-01-03 10:00:00,H1,2026-01-03 10:00:00,1.00235
1,FX01,BUY,BUY,BUY,35,,,0,BULL,BULL,BULL,2026-01-03 10:00:00,H1,2026-01-03 10:00:00,1.01235
1,FX02,BUY,BUY,BUY,35,,,0,BULL,BULL,BULL,2026-01-03 10:00:00,H1,2026-01-03 10:00:00,1.02235
1,FX03,BUY,BUY,BUY,35,,,0,BULL,BULL,BULL,2026-01-03 10:00:00,H1,2026-01-03 10:00:00,1.03235
1,FX04,BUY,BUY,BUY,35,,,0,BULL,BULL,BULL,2026-01-03 10:00:00,H1,2026-01-03 10:00:00,1.04235
1,FX05,BUY,BUY,BUY,35,,,0,BULL,BULL,BULL,2026-01-03 10:00:00,H1,2026-01-03 10:00:00,1.05235
1,FX06,BUY,BUY,BUY,35,,,0,BULL,BULL,BULL,2026-01-03 10:00:00,H1,2026-01-03 10:00:00,1.06235
1,FX07,BUY,BUY,BUY,35,,,0,BULL,BULL,BULL,2026-01-03 10:00:00,H1,2026-01-03 10:00:00,1.07235
1,FX08,BUY,BUY,BUY,35,,,0,BULL,BULL,BULL,2026-01-03 10:00:00,H1,2026-01-03 10:00:00,1.08235
1,FX09,BUY,BUY,BUY,35,,,0,BULL,BULL,BULL,2026-01-03 10:00:00,H1,2026-01-03 10:00:00,1.09235
1,FX10,BUY,BUY,BUY,35,,,0,BULL,BULL,BULL,2026-01-03 10:00:00,H1,2026-01-03 10:00:00,1.10235
1,FX11,BUY,BUY,BUY,35,,,0,BULL,BULL,BULL,2026-01-03 10:00:00,H1,2026-01-03 10:00:00,1.11235
1,FX12,BUY,BUY,BUY,35,,,0,BULL,BULL,BULL,2026-01-03 10:00:00,H1,2026-01-03 10:00:00,1.12235
1,FX13,BUY,BUY,BUY,35,,,0,BULL,BULL,BULL,2026-01-03 10:00:00,H1,2026-01-03 10:00:00,1.13235
1,FX14,BUY,BUY,BUY,35,,,0,BULL,BULL,BULL,2026-01-03 10:00:00,H1,2026-01-03 10:00:00,1.14235
1,FX15,BUY,BUY,BUY,35,,,0,BULL,BULL,BULL,2026-01-03 10:00:00,H1,2026-01-03 10:00:00,1.15235
1,FX16,BUY,BUY,BUY,35,,,0,BULL,BULL,BULL,2026-01-03 10:00:00,H1,2026-01-03 10:00:00,1.16235
1,FX17,BUY,BUY,BUY,35,,,0,BULL,BULL,BULL,2026-01-03 10:00:00,H1,2026-01-03 10:00:00,1.17235
1,FX18,BUY,BUY,BUY,35,,,0,BULL,BULL,BULL,2026-01-03 10:00:00,H1,2026-01-03 10:00:00,1.18235
1,FX19,BUY,BUY,BUY,35,,,0,BULL,BULL,BULL,2026-01-03 10:00:00,H1,2026-01-03 10:00:00,1.19235
1,FX20,BUY,BUY,BUY,35,,,0,BULL,BULL,BULL,2026-01-03 10:00:00,H1,2026-01-03 10:00:00,1.20235
1,FX21,BUY,BUY,BUY,35,,,0,BULL,BULL,BULL,2026-01-03 10:00:00,H1,2026-01-03 10:00:00,1.21235
1,FX22,BUY,BUY,BUY,35,,,0,BULL,BULL,BULL,2026-01-03 10:00:00,H1,2026-01-03 10:00:00,1.22235
1,FX23,BUY,BUY,BUY,35,,,0,BULL,BULL,BULL,2026-01-03 10:00:00,H1,2026-01-03 10:00:00,1.23235
1,FX24,BUY,BUY,BUY,35,,,0,BULL,BULL,BULL,2026-01-03 10:00:00,H1,2026-01-03 10:00:00,1.24235
1,FX25,BUY,BUY,BUY,35,,,0,BULL,BULL,BULL,2026-01-03 10:00:00,H1,2026-01-03 10:00:00,1.25235
1,FX26,BUY,BUY,BUY,35,,,0,BULL,BULL,BULL,2026-01-03 10:00:00,H1,2026-01-03 10:00:00,1.26235
1,FX27,BUY,BUY,BUY,35,,,0,BULL,BULL,BULL,2026-01-03 10:00:00,H1,2026-01-03 10:00:00,1.27235
1,FX28,BUY,BUY,BUY,35,,,0,BULL,BULL,BULL,2026-01-03 10:00:00,H1,2026-01-03 10:00:00,1.28235
1,FX29,BUY,BUY,BUY,35,,,0,BULL,BULL,BULL,2026-01-03 10:00:00,H1,2026-01-03 10:00:00,1.29235
1,FX00,BUY,BUY,BUY,36,,,0,BULL,BULL,BULL,2026-01-03 11:00:00,H1,2026-01-03 11:00:00,1.00235
1,FX01,BUY,BUY,BUY,36,,,0,BULL,BULL,BULL,2026-01-03 11:00:00,H1,2026-01-03 11:00:00,1.01235
1,FX02,BUY,BUY,BUY,36,,,0,BULL,BULL,BULL,2026-01-03 11:00:00,H1,2026-01-03 11:00:00,1.02235
1,FX03,BUY,BUY,BUY,36,,,0,BULL,BULL,BULL,2026-01-03 11:00:00,H1,2026-01-03 11:00:00,1.03235
1,FX04,BUY,BUY,BUY,36,,,0,BULL,BULL,BULL,2026-01-03 11:00:00,H1,2026-01-03 11:00:00,1.04235
1,FX05,BUY,BUY,BUY,36,,,0,BULL,BULL,BULL,2026-01-03 11:00:00,H1,2026-01-03 11:00:00,1.05235
1,FX06,BUY,BUY,BUY,36,,,0,BULL,BULL,BULL,2026-01-03 11:00:00,H1,2026-01-03 11:00:00,1.06235
1,FX07,BUY,BUY,BUY,36,,,0,BULL,BULL,BULL,2026-01-03 11:00:00,H1,2026-01-03 11:00:00,1.07235
1,FX08,BUY,BUY,BUY,36,,,0,BULL,BULL,BULL,2026-01-03 11:00:00,H1,2026-01-03 11:00:00,1.08235
1,FX09,BUY,BUY,BUY,36,,,0,BULL,BULL,BULL,2026-01-03 11:00:00,H1,2026-01-03 11:00:00,1.09235
1,FX10,BUY,BUY,BUY,36,,,0,BULL,BULL,BULL,2026-01-03 11:00:00,H1,2026-01-03 11:00:00,1.10235
1,FX11,BUY,BUY,BUY,36,,,0,BULL,BULL,BULL,2026-01-03 11:00:00,H1,2026-01-03 11:00:00,1.11235
1,FX12,BUY,BUY,BUY,36,,,0,BULL,BULL,BULL,2026-01-03 11:00:00,H1,2026-01-03 11:00:00,1.12235
1,FX13,BUY,BUY,BUY,36,,,0,BULL,BULL,BULL,2026-01-03 11:00:00,H1,2026-01-03 11:00:00,1.13235
1,FX14,BUY,BUY,BUY,36,,,0,BULL,BULL,BULL,2026-01-03 11:00:00,H1,2026-01-03 11:00:00,1.14235
1,FX15,BUY,BUY,BUY,36,,,0,BULL,BULL,BULL,2026-01-03 11:00:00,H1,2026-01-03 11:00:00,1.15235
1,FX16,BUY,BUY,BUY,36,,,0,BULL,BULL,BULL,2026-01-03 11:00:00,H1,2026-01-03 11:00:00,1.16235
1,FX17,BUY,BUY,BUY,36,,,0,BULL,BULL,BULL,2026-01-03 11:00:00,H1,2026-01-03 11:00:00,1.17235
1,FX18,BUY,BUY,BUY,36,,,0,BULL,BULL,BULL,2026-01-03 11:00:00,H1,2026-01-03 11:00:00,1.18235
1,FX19,BUY,BUY,BUY,36,,,0,BULL,BULL,BULL,2026-01-03 11:00:00,H1,2026-01-03 11:00:00,1.19235
1,FX20,BUY,BUY,BUY,36,,,0,BULL,BULL,BULL,2026-01-03 11:00:00,H1,2026-01-03 11:00:00,1.20235
1,FX21,BUY,BUY,BUY,36,,,0,BULL,BULL,BULL,2026-01-03 11:00:00,H1,2026-01-03 11:00:00,1.21235
1,FX22,BUY,BUY,BUY,36,,,0,BULL,BULL,BULL,2026-01-03 11:00:00,H1,2026-01-03 11:00:00,1.22235
1,FX23,BUY,BUY,BUY,36,,,0,BULL,BULL,BULL,2026-01-03 11:00:00,H1,2026-01-03 11:00:00,1.23235
1,FX24,BUY,BUY,BUY,36,,,0,BULL,BULL,BULL,2026-01-03 11:00:00,H1,2026-01-03 11:00:00,1.24235
1,FX25,BUY,BUY,BUY,36,,,0,BULL,BULL,BULL,2026-01-03 11:00:00,H1,2026-01-03 11:00:00,1.25235
1,FX26,BUY,BUY,BUY,36,,,0,BULL,BULL,BULL,2026-01-03 11:00:00,H1,2026-01-03 11:00:00,1.26235
1,FX27,BUY,BUY,BUY,36,,,0,BULL,BULL,BULL,2026-01-03 11:00:00,H1,2026-01-03 11:00:00,1.27235
1,FX28,BUY,BUY,BUY,36,,,0,BULL,BULL,BULL,2026-01-03 11:00:00,H1,2026-01-03 11:00:00,1.28235
1,FX29,BUY,BUY,BUY,36,,,0,BULL,BULL,BULL,2026-01-03 11:00:00,H1,2026-01-03 11:00:00,1.29235
1,FX00,BUY,BUY,BUY,37,,,0,BULL,BULL,BULL,2026-01-03 12:00:00,H1,2026-01-03 12:00:00,1.00235
1,FX01,BUY,BUY,BUY,37,,,0,BULL,BULL,BULL,2026-01-03 12:00:00,H1,2026-01-03 12:00:00,1.01235
1,FX02,BUY,BUY,BUY,37,,,0,BULL,BULL,BULL,2026-01-03 12:00:00,H1,2026-01-03 12:00:00,1.02235
1,FX03,BUY,BUY,BUY,37,,,0,BULL,BULL,BULL,2026-01-03 12:00:00,H1,2026-01-03 12:00:00,1.03235
1,FX04,BUY,BUY,BUY,37,,,0,BULL,BULL,BULL,2026-01-03 12:00:00,H1,2026-01-03 12:00:00,1.04235
1,FX05,BUY,BUY,BUY,37,,,0,BULL,BULL,BULL,2026-01-03 12:00:00,H1,2026-01-03 12:00:00,1.05235
1,FX06,BUY,BUY,BUY,37,,,0,BULL,BULL,BULL,2026-01-03 12:00:00,H1,2026-01-03 12:00:00,1.06235
1,FX07,BUY,BUY,BUY,37,,,0,BULL,BULL,BULL,2026-01-03 12:00:00,H1,2026-01-03 12:00:00,1.07235
1,FX08,BUY,BUY,BUY,37,,,0,BULL,BULL,BULL,2026-01-03 12:00:00,H1,2026-01-03 12:00:00,1.08235
1,FX09,BUY,BUY,BUY,37,,,0,BULL,BULL,BULL,2026-01-03 12:00:00,H1,2026-01-03 12:00:00,1.09235
1,FX10,BUY,BUY,BUY,37,,,0,BULL,BULL,BULL,2026-01-03 12:00:00,H1,2026-01-03 12:00:00,1.10235
1,FX11,BUY,BUY,BUY,37,,,0,BULL,BULL,BULL,2026-01-03 12:00:00,H1,2026-01-03 12:00:00,1.11235
1,FX12,BUY,BUY,BUY,37,,,0,BULL,BULL,BULL,2026-01-03 12:00:00,H1,2026-01-03 12:00:00,1.12235
1,FX13,BUY,BUY,BUY,37,,,0,BULL,BULL,BULL,2026-01-03 12:00:00,H1,2026-01-03 12:00:00,1.13235
1,FX14,BUY,BUY,BUY,37,,,0,BULL,BULL,BULL,2026-01-03 12:00:00,H1,2026-01-03 12:00:00,1.14235
1,FX15,BUY,BUY,BUY,37,,,0,BULL,BULL,BULL,2026-01-03 12:00:00,H1,2026-01-03 12:00:00,1.15235
1,FX16,BUY,BUY,BUY,37,,,0,BULL,BULL,BULL,2026-01-03 12:00:00,H1,2026-01-03 12:00:00,1.16235
1,FX17,BUY,BUY,BUY,37,,,0,BULL,BULL,BULL,2026-01-03 12:00:00,H1,2026-01-03 12:00:00,1.17235
1,FX18,BUY,BUY,BUY,37,,,0,BULL,BULL,BULL,2026-01-03 12:00:00,H1,2026-01-03 12:00:00,1.18235
1,FX19,BUY,BUY,BUY,37,,,0,BULL,BULL,BULL,2026-01-03 12:00:00,H1,2026-01-03 12:00:00,1.19235
1,FX20,BUY,BUY,BUY,37,,,0,BULL,BULL,BULL,2026-01-03 12:00:00,H1,2026-01-03 12:00:00,1.20235
1,FX21,BUY,BUY,BUY,37,,,0,BULL,BULL,BULL,2026-01-03 12:00:00,H1,2026-01-03 12:00:00,1.21235
1,FX22,BUY,BUY,BUY,37,,,0,BULL,BULL,BULL,2026-01-03 12:00:00,H1,2026-01-03 12:00:00,1.22235
1,FX23,BUY,BUY,BUY,37,,,0,BULL,BULL,BULL,2026-01-03 12:00:00,H1,2026-01-03 12:00:00,1.23235
1,FX24,BUY,BUY,BUY,37,,,0,BULL,BULL,BULL,2026-01-03 12:00:00,H1,2026-01-03 12:00:00,1.24235
1,FX25,BUY,BUY,BUY,37,,,0,BULL,BULL,BULL,2026-01-03 12:00:00,H1,2026-01-03 12:00:00,1.25235
1,FX26,BUY,BUY,BUY,37,,,0,BULL,BULL,BULL,2026-01-03 12:00:00,H1,2026-01-03 12:00:00,1.26235
1,FX27,BUY,BUY,BUY,37,,,0,BULL,BULL,BULL,2026-01-03 12:00:00,H1,2026-01-03 12:00:00,1.27235
1,FX28,BUY,BUY,BUY,37,,,0,BULL,BULL,BULL,2026-01-03 12:00:00,H1,2026-01-03 12:00:00,1.28235
1,FX29,BUY,BUY,BUY,37,,,0,BULL,BULL,BULL,2026-01-03 12:00:00,H1,2026-01-03 12:00:00,1.29235
1,FX00,BUY,BUY,BUY,38,,,0,BULL,BULL,BULL,2026-01-03 13:00:00,H1,2026-01-03 13:00:00,1.00235
1,FX01,BUY,BUY,BUY,38,,,0,BULL,BULL,BULL,2026-01-03 13:00:00,H1,2026-01-03 13:00:00,1.01235
1,FX02,BUY,BUY,BUY,38,,,0,BULL,BULL,BULL,2026-01-03 13:00:00,H1,2026-01-03 13:00:00,1.02235
1,FX03,BUY,BUY,BUY,38,,,0,BULL,BULL,BULL,2026-01-03 13:00:00,H1,2026-01-03 13:00:00,1.03235
1,FX04,BUY,BUY,BUY,38,,,0,BULL,BULL,BULL,2026-01-03 13:00:00,H1,2026-01-03 13:00:00,1.04235
1,FX05,BUY,BUY,BUY,38,,,0,BULL,BULL,BULL,2026-01-03 13:00:00,H1,2026-01-03 13:00:00,1.05235
1,FX06,BUY,BUY,BUY,38,,,0,BULL,BULL,BULL,2026-01-03 13:00:00,H1,2026-01-03 13:00:00,1.06235
1,FX07,BUY,BUY,BUY,38,,,0,BULL,BULL,BULL,2026-01-03 13:00:00,H1,2026-01-03 13:00:00,1.07235
1,FX08,BUY,BUY,BUY,38,,,0,BULL,BULL,BULL,2026-01-03 13:00:00,H1,2026-01-03 13:00:00,1.08235
1,FX09,BUY,BUY,BUY,38,,,0,BULL,BULL,BULL,2026-01-03 13:00:00,H1,2026-01-03 13:00:00,1.09235
1,FX10,BUY,BUY,BUY,38,,,0,BULL,BULL,BULL,2026-01-03 13:00:00,H1,2026-01-03 13:00:00,1.10235
1,FX11,BUY,BUY,BUY,38,,,0,BULL,BULL,BULL,2026-01-03 13:00:00,H1,2026-01-03 13:00:00,1.11235
1,FX12,BUY,BUY,BUY,38,,,0,BULL,BULL,BULL,2026-01-03 13:00:00,H1,2026-01-03 13:00:00,1.12235
1,FX13,BUY,BUY,BUY,38,,,0,BULL,BULL,BULL,2026-01-03 13:00:00,H1,2026-01-03 13:00:00,1.13235
1,FX14,BUY,BUY,BUY,38,,,0,BULL,BULL,BULL,2026-01-03 13:00:00,H1,2026-01-03 13:00:00,1.14235
1,FX15,BUY,BUY,BUY,38,,,0,BULL,BULL,BULL,2026-01-03 13:00:00,H1,2026-01-03 13:00:00,1.15235
1,FX16,BUY,BUY,BUY,38,,,0,BULL,BULL,BULL,2026-01-03 13:00:00,H1,2026-01-03 13:00:00,1.16235
1,FX17,BUY,BUY,BUY,38,,,0,BULL,BULL,BULL,2026-01-03 13:00:00,H1,2026-01-03 13:00:00,1.17235
1,FX18,BUY,BUY,BUY,38,,,0,BULL,BULL,BULL,2026-01-03 13:00:00,H1,2026-01-03 13:00:00,1.18235
1,FX19,BUY,BUY,BUY,38,,,0,BULL,BULL,BULL,2026-01-03 13:00:00,H1,2026-01-03 13:00:00,1.19235
1,FX20,BUY,BUY,BUY,38,,,0,BULL,BULL,BULL,2026-01-03 13:00:00,H1,2026-01-03 13:00:00,1.20235
1,FX21,BUY,BUY,BUY,38,,,0,BULL,BULL,BULL,2026-01-03 13:00:00,H1,2026-01-03 13:00:00,1.21235
1,FX22,BUY,BUY,BUY,38,,,0,BULL,BULL,BULL,2026-01-03 13:00:00,H1,2026-01-03 13:00:00,1.22235
1,FX23,BUY,BUY,BUY,38,,,0,BULL,BULL,BULL,2026-01-03 13:00:00,H1,2026-01-03 13:00:00,1.23235
1,FX24,BUY,BUY,BUY,38,,,0,BULL,BULL,BULL,2026-01-03 13:00:00,H1,2026-01-03 13:00:00,1.24235
1,FX25,BUY,BUY,BUY,38,,,0,BULL,BULL,BULL,2026-01-03 13:00:00,H1,2026-01-03 13:00:00,1.25235
1,FX26,BUY,BUY,BUY,38,,,0,BULL,BULL,BULL,2026-01-03 13:00:00,H1,2026-01-03 13:00:00,1.26235
1,FX27,BUY,BUY,BUY,38,,,0,BULL,BULL,BULL,2026-01-03 13:00:00,H1,2026-01-03 13:00:00,1.27235
1,FX28,BUY,BUY,BUY,38,,,0,BULL,BULL,BULL,2026-01-03 13:00:00,H1,2026-01-03 13:00:00,1.28235
1,FX29,BUY,BUY,BUY,38,,,0,BULL,BULL,BULL,2026-01-03 13:00:00,H1,2026-01-03 13:00:00,1.29235
1,FX00,BUY,BUY,BUY,39,,,0,BULL,BULL,BULL,2026-01-03 14:00:00,H1,2026-01-03 14:00:00,1.00235
1,FX01,BUY,BUY,BUY,39,,,0,BULL,BULL,BULL,2026-01-03 14:00:00,H1,2026-01-03 14:00:00,1.01235
1,FX02,BUY,BUY,BUY,39,,,0,BULL,BULL,BULL,2026-01-03 14:00:00,H1,2026-01-03 14:00:00,1.02235
1,FX03,BUY,BUY,BUY,39,,,0,BULL,BULL,BULL,2026-01-03 14:00:00,H1,2026-01-03 14:00:00,1.03235
1,FX04,BUY,BUY,BUY,39,,,0,BULL,BULL,BULL,2026-01-03 14:00:00,H1,2026-01-03 14:00:00,1.04235
1,FX05,BUY,BUY,BUY,39,,,0,BULL,BULL,BULL,2026-01-03 14:00:00,H1,2026-01-03 14:00:00,1.05235
1,FX06,BUY,BUY,BUY,39,,,0,BULL,BULL,BULL,2026-01-03 14:00:00,H1,2026-01-03 14:00:00,1.06235
1,FX07,BUY,BUY,BUY,39,,,0,BULL,BULL,BULL,2026-01-03 14:00:00,H1,2026-01-03 14:00:00,1.07235
1,FX08,BUY,BUY,BUY,39,,,0,BULL,BULL,BULL,2026-01-03 14:00:00,H1,2026-01-03 14:00:00,1.08235
1,FX09,BUY,BUY,BUY,39,,,0,BULL,BULL,BULL,2026-01-03 14:00:00,H1,2026-01-03 14:00:00,1.09235
1,FX10,BUY,BUY,BUY,39,,,0,BULL,BULL,BULL,2026-01-03 14:00:00,H1,2026-01-03 14:00:00,1.10235
1,FX11,BUY,BUY,BUY,39,,,0,BULL,BULL,BULL,2026-01-03 14:00:00,H1,2026-01-03 14:00:00,1.11235
1,FX12,BUY,BUY,BUY,39,,,0,BULL,BULL,BULL,2026-01-03 14:00:00,H1,2026-01-03 14:00:00,1.12235
1,FX13,BUY,BUY,BUY,39,,,0,BULL,BULL,BULL,2026-01-03 14:00:00,H1,2026-01-03 14:00:00,1.13235
1,FX14,BUY,BUY,BUY,39,,,0,BULL,BULL,BULL,2026-01-03 14:00:00,H1,2026-01-03 14:00:00,1.14235
1,FX15,BUY,BUY,BUY,39,,,0,BULL,BULL,BULL,2026-01-03 14:00:00,H1,2026-01-03 14:00:00,1.15235
1,FX16,BUY,BUY,BUY,39,,,0,BULL,BULL,BULL,2026-01-03 14:00:00,H1,2026-01-03 14:00:00,1.16235
1,FX17,BUY,BUY,BUY,39,,,0,BULL,BULL,BULL,2026-01-03 14:00:00,H1,2026-01-03 14:00:00,1.17235
1,FX18,BUY,BUY,BUY,39,,,0,BULL,BULL,BULL,2026-01-03 14:00:00,H1,2026-01-03 14:00:00,1.18235
1,FX19,BUY,BUY,BUY,39,,,0,BULL,BULL,BULL,2026-01-03 14:00:00,H1,2026-01-03 14:00:00,1.19235
1,FX20,BUY,BUY,BUY,39,,,0,BULL,BULL,BULL,2026-01-03 14:00:00,H1,2026-01-03 14:00:00,1.20235
1,FX21,BUY,BUY,BUY,39,,,0,BULL,BULL,BULL,2026-01-03 14:00:00,H1,2026-01-03 14:00:00,1.21235
1,FX22,BUY,BUY,BUY,39,,,0,BULL,BULL,BULL,2026-01-03 14:00:00,H1,2026-01-03 14:00:00,1.22235
1,FX23,BUY,BUY,BUY,39,,,0,BULL,BULL,BULL,2026-01-03 14:00:00,H1,2026-01-03 14:00:00,1.23235
1,FX24,BUY,BUY,BUY,39,,,0,BULL,BULL,BULL,2026-01-03 14:00:00,H1,2026-01-03 14:00:00,1.24235
1,FX25,BUY,BUY,BUY,39,,,0,BULL,BULL,BULL,2026-01-03 14:00:00,H1,2026-01-03 14:00:00,1.25235
1,FX26,BUY,BUY,BUY,39,,,0,BULL,BULL,BULL,2026-01-03 14:00:00,H1,2026-01-03 14:00:00,1.26235
1,FX27,BUY,BUY,BUY,39,,,0,BULL,BULL,BULL,2026-01-03 14:00:00,H1,2026-01-03 14:00:00,1.27235
1,FX28,BUY,BUY,BUY,39,,,0,BULL,BULL,BULL,2026-01-03 14:00:00,H1,2026-01-03 14:00:00,1.28235
1,FX29,BUY,BUY,BUY,39,,,0,BULL,BULL,BULL,2026-01-03 14:00:00,H1,2026-01-03 14:00:00,1.29235
1,FX00,BUY,BUY,BUY,40,,,0,BULL,BULL,BULL,2026-01-03 15:00:00,H1,2026-01-03 15:00:00,1.00235
1,FX01,BUY,BUY,BUY,40,,,0,BULL,BULL,BULL,2026-01-03 15:00:00,H1,2026-01-03 15:00:00,1.01235
1,FX02,BUY,BUY,BUY,40,,,0,BULL,BULL,BULL,2026-01-03 15:00:00,H1,2026-01-03 15:00:00,1.02235
1,FX03,BUY,BUY,BUY,40,,,0,BULL,BULL,BULL,2026-01-03 15:00:00,H1,2026-01-03 15:00:00,1.03235
1,FX04,BUY,BUY,BUY,40,,,0,BULL,BULL,BULL,2026-01-03 15:00:00,H1,2026-01-03 15:00:00,1.04235
1,FX05,BUY,BUY,BUY,40,,,0,BULL,BULL,BULL,2026-01-03 15:00:00,H1,2026-01-03 15:00:00,1.05235
1,FX06,BUY,BUY,BUY,40,,,0,BULL,BULL,BULL,2026-01-03 15:00:00,H1,2026-01-03 15:00:00,1.06235
1,FX07,BUY,BUY,BUY,40,,,0,BULL,BULL,BULL,2026-01-03 15:00:00,H1,2026-01-03 15:00:00,1.07235
1,FX08,BUY,BUY,BUY,40,,,0,BULL,BULL,BULL,2026-01-03 15:00:00,H1,2026-01-03 15:00:00,1.08235
1,FX09,BUY,BUY,BUY,40,,,0,BULL,BULL,BULL,2026-01-03 15:00:00,H1,2026-01-03 15:00:00,1.09235
1,FX10,BUY,BUY,BUY,40,,,0,BULL,BULL,BULL,2026-01-03 15:00:00,H1,2026-01-03 15:00:00,1.10235
1,FX11,BUY,BUY,BUY,40,,,0,BULL,BULL,BULL,2026-01-03 15:00:00,H1,2026-01-03 15:00:00,1.11235
1,FX12,BUY,BUY,BUY,40,,,0,BULL,BULL,BULL,2026-01-03 15:00:00,H1,2026-01-03 15:00:00,1.12235
1,FX13,BUY,BUY,BUY,40,,,0,BULL,BULL,BULL,2026-01-03 15:00:00,H1,2026-01-03 15:00:00,1.13235
1,FX14,BUY,BUY,BUY,40,,,0,BULL,BULL,BULL,2026-01-03 15:00:00,H1,2026-01-03 15:00:00,1.14235
1,FX15,BUY,BUY,BUY,40,,,0,BULL,BULL,BULL,2026-01-03 15:00:00,H1,2026-01-03 15:00:00,1.15235
1,FX16,BUY,BUY,BUY,40,,,0,BULL,BULL,BULL,2026-01-03 15:00:00,H1,2026-01-03 15:00:00,1.16235
1,FX17,BUY,BUY,BUY,40,,,0,BULL,BULL,BULL,2026-01-03 15:00:00,H1,2026-01-03 15:00:00,1.17235
1,FX18,BUY,BUY,BUY,40,,,0,BULL,BULL,BULL,2026-01-03 15:00:00,H1,2026-01-03 15:00:00,1.18235
1,FX19,BUY,BUY,BUY,40,,,0,BULL,BULL,BULL,2026-01-03 15:00:00,H1,2026-01-03 15:00:00,1.19235
1,FX20,BUY,BUY,BUY,40,,,0,BULL,BULL,BULL,2026-01-03 15:00:00,H1,2026-01-03 15:00:00,1.20235
1,FX21,BUY,BUY,BUY,40,,,0,BULL,BULL,BULL,2026-01-03 15:00:00,H1,2026-01-03 15:00:00,1.21235
1,FX22,BUY,BUY,BUY,40,,,0,BULL,BULL,BULL,2026-01-03 15:00:00,H1,2026-01-03 15:00:00,1.22235
1,FX23,BUY,BUY,BUY,40,,,0,BULL,BULL,BULL,2026-01-03 15:00:00,H1,2026-01-03 15:00:00,1.23235
1,FX24,BUY,BUY,BUY,40,,,0,BULL,BULL,BULL,2026-01-03 15:00:00,H1,2026-01-03 15:00:00,1.24235
1,FX25,BUY,BUY,BUY,40,,,0,BULL,BULL,BULL,2026-01-03 15:00:00,H1,2026-01-03 15:00:00,1.25235
1,FX26,BUY,BUY,BUY,40,,,0,BULL,BULL,BULL,2026-01-03 15:00:00,H1,2026-01-03 15:00:00,1.26235
1,FX27,BUY,BUY,BUY,40,,,0,BULL,BULL,BULL,2026-01-03 15:00:00,H1,2026-01-03 15:00:00,1.27235
1,FX28,BUY,BUY,BUY,40,,,0,BULL,BULL,BULL,2026-01-03 15:00:00,H1,2026-01-03 15:00:00,1.28235
1,FX29,BUY,BUY,BUY,40,,,0,BULL,BULL,BULL,2026-01-03 15:00:00,H1,2026-01-03 15:00:00,1.29235
1,FX00,BUY,BUY,BUY,41,,,0,BULL,BULL,BULL,2026-01-03 16:00:00,H1,2026-01-03 16:00:00,1.00235
1,FX01,BUY,BUY,BUY,41,,,0,BULL,BULL,BULL,2026-01-03 16:00:00,H1,2026-01-03 16:00:00,1.01235
1,FX02,BUY,BUY,BUY,41,,,0,BULL,BULL,BULL,2026-01-03 16:00:00,H1,2026-01-03 16:00:00,1.02235
1,FX03,BUY,BUY,BUY,41,,,0,BULL,BULL,BULL,2026-01-03 16:00:00,H1,2026-01-03 16:00:00,1.03235
1,FX04,BUY,BUY,BUY,41,,,0,BULL,BULL,BULL,2026-01-03 16:00:00,H1,2026-01-03 16:00:00,1.04235
1,FX05,BUY,BUY,BUY,41,,,0,BULL,BULL,BULL,2026-01-03 16:00:00,H1,2026-01-03 16:00:00,1.05235
1,FX06,BUY,BUY,BUY,41,,,0,BULL,BULL,BULL,2026-01-03 16:00:00,H1,2026-01-03 16:00:00,1.06235
1,FX07,BUY,BUY,BUY,41,,,0,BULL,BULL,BULL,2026-01-03 16:00:00,H1,2026-01-03 16:00:00,1.07235
1,FX08,BUY,BUY,BUY,41,,,0,BULL,BULL,BULL,2026-01-03 16:00:00,H1,2026-01-03 16:00:00,1.08235
1,FX09,BUY,BUY,BUY,41,,,0,BULL,BULL,BULL,2026-01-03 16:00:00,H1,2026-01-03 16:00:00,1.09235
1,FX10,BUY,BUY,BUY,41,,,0,BULL,BULL,BULL,2026-01-03 16:00:00,H1,2026-01-03 16:00:00,1.10235
1,FX11,BUY,BUY,BUY,41,,,0,BULL,BULL,BULL,2026-01-03 16:00:00,H1,2026-01-03 16:00:00,1.11235
1,FX12,BUY,BUY,BUY,41,,,0,BULL,BULL,BULL,2026-01-03 16:00:00,H1,2026-01-03 16:00:00,1.12235
1,FX13,BUY,BUY,BUY,41,,,0,BULL,BULL,BULL,2026-01-03 16:00:00,H1,2026-01-03 16:00:00,1.13235
1,FX14,BUY,BUY,BUY,41,,,0,BULL,BULL,BULL,2026-01-03 16:00:00,H1,2026-01-03 16:00:00,1.14235
1,FX15,BUY,BUY,BUY,41,,,0,BULL,BULL,BULL,2026-01-03 16:00:00,H1,2026-01-03 16:00:00,1.15235
1,FX16,BUY,BUY,BUY,41,,,0,BULL,BULL,BULL,2026-01-03 16:00:00,H1,2026-01-03 16:00:00,1.16235
1,FX17,BUY,BUY,BUY,41,,,0,BULL,BULL,BULL,2026-01-03 16:00:00,H1,2026-01-03 16:00:00,1.17235
1,FX18,BUY,BUY,BUY,41,,,0,BULL,BULL,BULL,2026-01-03 16:00:00,H1,2026-01-03 16:00:00,1.18235
1,FX19,BUY,BUY,BUY,41,,,0,BULL,BULL,BULL,2026-01-03 16:00:00,H1,2026-01-03 16:00:00,1.19235
1,FX20,BUY,BUY,BUY,41,,,0,BULL,BULL,BULL,2026-01-03 16:00:00,H1,2026-01-03 16:00:00,1.20235
1,FX21,BUY,BUY,BUY,41,,,0,BULL,BULL,BULL,2026-01-03 16:00:00,H1,2026-01-03 16:00:00,1.21235
1,FX22,BUY,BUY,BUY,41,,,0,BULL,BULL,BULL,2026-01-03 16:00:00,H1,2026-01-03 16:00:00,1.22235
1,FX23,BUY,BUY,BUY,41,,,0,BULL,BULL,BULL,2026-01-03 16:00:00,H1,2026-01-03 16:00:00,1.23235
1,FX24,BUY,BUY,BUY,41,,,0,BULL,BULL,BULL,2026-01-03 16:00:00,H1,2026-01-03 16:00:00,1.24235
1,FX25,BUY,BUY,BUY,41,,,0,BULL,BULL,BULL,2026-01-03 16:00:00,H1,2026-01-03 16:00:00,1.25235
1,FX26,BUY,BUY,BUY,41,,,0,BULL,BULL,BULL,2026-01-03 16:00:00,H1,2026-01-03 16:00:00,1.26235
1,FX27,BUY,BUY,BUY,41,,,0,BULL,BULL,BULL,2026-01-03 16:00:00,H1,2026-01-03 16:00:00,1.27235
1,FX28,BUY,BUY,BUY,41,,,0,BULL,BULL,BULL,2026-01-03 16:00:00,H1,2026-01-03 16:00:00,1.28235
1,FX29,BUY,BUY,BUY,41,,,0,BULL,BULL,BULL,2026-01-03 16:00:00,H1,2026-01-03 16:00:00,1.29235
1,FX00,BUY,BUY,BUY,42,,,0,BULL,BULL,BULL,2026-01-03 17:00:00,H1,2026-01-03 17:00:00,1.00235
1,FX01,BUY,BUY,BUY,42,,,0,BULL,BULL,BULL,2026-01-03 17:00:00,H1,2026-01-03 17:00:00,1.01235
1,FX02,BUY,BUY,BUY,42,,,0,BULL,BULL,BULL,2026-01-03 17:00:00,H1,2026-01-03 17:00:00,1.02235
1,FX03,BUY,BUY,BUY,42,,,0,BULL,BULL,BULL,2026-01-03 17:00:00,H1,2026-01-03 17:00:00,1.03235
1,FX04,BUY,BUY,BUY,42,,,0,BULL,BULL,BULL,2026-01-03 17:00:00,H1,2026-01-03 17:00:00,1.04235
1,FX05,BUY,BUY,BUY,42,,,0,BULL,BULL,BULL,2026-01-03 17:00:00,H1,2026-01-03 17:00:00,1.05235
1,FX06,BUY,BUY,BUY,42,,,0,BULL,BULL,BULL,2026-01-03 17:00:00,H1,2026-01-03 17:00:00,1.06235
1,FX07,BUY,BUY,BUY,42,,,0,BULL,BULL,BULL,2026-01-03 17:00:00,H1,2026-01-03 17:00:00,1.07235
1,FX08,BUY,BUY,BUY,42,,,0,BULL,BULL,BULL,2026-01-03 17:00:00,H1,2026-01-03 17:00:00,1.08235
1,FX09,BUY,BUY,BUY,42,,,0,BULL,BULL,BULL,2026-01-03 17:00:00,H1,2026-01-03 17:00:00,1.09235
1,FX10,BUY,BUY,BUY,42,,,0,BULL,BULL,BULL,2026-01-03 17:00:00,H1,2026-01-03 17:00:00,1.10235
1,FX11,BUY,BUY,BUY,42,,,0,BULL,BULL,BULL,2026-01-03 17:00:00,H1,2026-01-03 17:00:00,1.11235
1,FX12,BUY,BUY,BUY,42,,,0,BULL,BULL,BULL,2026-01-03 17:00:00,H1,2026-01-03 17:00:00,1.12235
1,FX13,BUY,BUY,BUY,42,,,0,BULL,BULL,BULL,2026-01-03 17:00:00,H1,2026-01-03 17:00:00,1.13235
1,FX14,BUY,BUY,BUY,42,,,0,BULL,BULL,BULL,2026-01-03 17:00:00,H1,2026-01-03 17:00:00,1.14235
1,FX15,BUY,BUY,BUY,42,,,0,BULL,BULL,BULL,2026-01-03 17:00:00,H1,2026-01-03 17:00:00,1.15235
1,FX16,BUY,BUY,BUY,42,,,0,BULL,BULL,BULL,2026-01-03 17:00:00,H1,2026-01-03 17:00:00,1.16235
1,FX17,BUY,BUY,BUY,42,,,0,BULL,BULL,BULL,2026-01-03 17:00:00,H1,2026-01-03 17:00:00,1.17235
1,FX18,BUY,BUY,BUY,42,,,0,BULL,BULL,BULL,2026-01-03 17:00:00,H1,2026-01-03 17:00:00,1.18235
1,FX19,BUY,BUY,BUY,42,,,0,BULL,BULL,BULL,2026-01-03 17:00:00,H1,2026-01-03 17:00:00,1.19235
1,FX20,BUY,BUY,BUY,42,,,0,BULL,BULL,BULL,2026-01-03 17:00:00,H1,2026-01-03 17:00:00,1.20235
1,FX21,BUY,BUY,BUY,42,,,0,BULL,BULL,BULL,2026-01-03 17:00:00,H1,2026-01-03 17:00:00,1.21235
1,FX22,BUY,BUY,BUY,42,,,0,BULL,BULL,BULL,2026-01-03 17:00:00,H1,2026-01-03 17:00:00,1.22235
1,FX23,BUY,BUY,BUY,42,,,0,BULL,BULL,BULL,2026-01-03 17:00:00,H1,2026-01-03 17:00:00,1.23235
1,FX24,BUY,BUY,BUY,42,,,0,BULL,BULL,BULL,2026-01-03 17:00:00,H1,2026-01-03 17:00:00,1.24235
1,FX25,BUY,BUY,BUY,42,,,0,BULL,BULL,BULL,2026-01-03 17:00:00,H1,2026-01-03 17:00:00,1.25235
1,FX26,BUY,BUY,BUY,42,,,0,BULL,BULL,BULL,2026-01-03 17:00:00,H1,2026-01-03 17:00:00,1.26235
1,FX27,BUY,BUY,BUY,42,,,0,BULL,BULL,BULL,2026-01-03 17:00:00,H1,2026-01-03 17:00:00,1.27235
1,FX28,BUY,BUY,BUY,42,,,0,BULL,BULL,BULL,2026-01-03 17:00:00,H1,2026-01-03 17:00:00,1.28235
1,FX29,BUY,BUY,BUY,42,,,0,BULL,BULL,BULL,2026-01-03 17:00:00,H1,2026-01-03 17:00:00,1.29235
1,FX00,BUY,BUY,BUY,43,,,0,BULL,BULL,BULL,2026-01-03 18:00:00,H1,2026-01-03 18:00:00,1.00235
1,FX01,BUY,BUY,BUY,43,,,0,BULL,BULL,BULL,2026-01-03 18:00:00,H1,2026-01-03 18:00:00,1.01235
1,FX02,BUY,BUY,BUY,43,,,0,BULL,BULL,BULL,2026-01-03 18:00:00,H1,2026-01-03 18:00:00,1.02235
1,FX03,BUY,BUY,BUY,43,,,0,BULL,BULL,BULL,2026-01-03 18:00:00,H1,2026-01-03 18:00:00,1.03235
1,FX04,BUY,BUY,BUY,43,,,0,BULL,BULL,BULL,2026-01-03 18:00:00,H1,2026-01-03 18:00:00,1.04235
1,FX05,BUY,BUY,BUY,43,,,0,BULL,BULL,BULL,2026-01-03 18:00:00,H1,2026-01-03 18:00:00,1.05235
1,FX06,BUY,BUY,BUY,43,,,0,BULL,BULL,BULL,2026-01-03 18:00:00,H1,2026-01-03 18:00:00,1.06235
1,FX07,BUY,BUY,BUY,43,,,0,BULL,BULL,BULL,2026-01-03 18:00:00,H1,2026-01-03 18:00:00,1.07235
1,FX08,BUY,BUY,BUY,43,,,0,BULL,BULL,BULL,2026-01-03 18:00:00,H1,2026-01-03 18:00:00,1.08235
1,FX09,BUY,BUY,BUY,43,,,0,BULL,BULL,BULL,2026-01-03 18:00:00,H1,2026-01-03 18:00:00,1.09235
1,FX10,BUY,BUY,BUY,43,,,0,BULL,BULL,BULL,2026-01-03 18:00:00,H1,2026-01-03 18:00:00,1.10235
1,FX11,BUY,BUY,BUY,43,,,0,BULL,BULL,BULL,2026-01-03 18:00:00,H1,2026-01-03 18:00:00,1.11235
1,FX12,BUY,BUY,BUY,43,,,0,BULL,BULL,BULL,2026-01-03 18:00:00,H1,2026-01-03 18:00:00,1.12235
1,FX13,BUY,BUY,BUY,43,,,0,BULL,BULL,BULL,2026-01-03 18:00:00,H1,2026-01-03 18:00:00,1.13235
1,FX14,BUY,BUY,BUY,43,,,0,BULL,BULL,BULL,2026-01-03 18:00:00,H1,2026-01-03 18:00:00,1.14235
1,FX15,BUY,BUY,BUY,43,,,0,BULL,BULL,BULL,2026-01-03 18:00:00,H1,2026-01-03 18:00:00,1.15235
1,FX16,BUY,BUY,BUY,43,,,0,BULL,BULL,BULL,2026-01-03 18:00:00,H1,2026-01-03 18:00:00,1.16235
1,FX17,BUY,BUY,BUY,43,,,0,BULL,BULL,BULL,2026-01-03 18:00:00,H1,2026-01-03 18:00:00,1.17235
1,FX18,BUY,BUY,BUY,43,,,0,BULL,BULL,BULL,2026-01-03 18:00:00,H1,2026-01-03 18:00:00,1.18235
1,FX19,BUY,BUY,BUY,43,,,0,BULL,BULL,BULL,2026-01-03 18:00:00,H1,2026-01-03 18:00:00,1.19235
1,FX20,BUY,BUY,BUY,43,,,0,BULL,BULL,BULL,2026-01-03 18:00:00,H1,2026-01-03 18:00:00,1.20235
1,FX21,BUY,BUY,BUY,43,,,0,BULL,BULL,BULL,2026-01-03 18:00:00,H1,2026-01-03 18:00:00,1.21235
1,FX22,BUY,BUY,BUY,43,,,0,BULL,BULL,BULL,2026-01-03 18:00:00,H1,2026-01-03 18:00:00,1.22235
1,FX23,BUY,BUY,BUY,43,,,0,BULL,BULL,BULL,2026-01-03 18:00:00,H1,2026-01-03 18:00:00,1.23235
1,FX24,BUY,BUY,BUY,43,,,0,BULL,BULL,BULL,2026-01-03 18:00:00,H1,2026-01-03 18:00:00,1.24235
1,FX25,BUY,BUY,BUY,43,,,0,BULL,BULL,BULL,2026-01-03 18:00:00,H1,2026-01-03 18:00:00,1.25235
1,FX26,BUY,BUY,BUY,43,,,0,BULL,BULL,BULL,2026-01-03 18:00:00,H1,2026-01-03 18:00:00,1.26235
1,FX27,BUY,BUY,BUY,43,,,0,BULL,BULL,BULL,2026-01-03 18:00:00,H1,2026-01-03 18:00:00,1.27235
1,FX28,BUY,BUY,BUY,43,,,0,BULL,BULL,BULL,2026-01-03 18:00:00,H1,2026-01-03 18:00:00,1.28235
1,FX29,BUY,BUY,BUY,43,,,0,BULL,BULL,BULL,2026-01-03 18:00:00,H1,2026-01-03 18:00:00,1.29235
1,FX00,BUY,BUY,BUY,44,,,0,BULL,BULL,BULL,2026-01-03 19:00:00,H1,2026-01-03 19:00:00,1.00235
1,FX01,BUY,BUY,BUY,44,,,0,BULL,BULL,BULL,2026-01-03 19:00:00,H1,2026-01-03 19:00:00,1.01235
1,FX02,BUY,BUY,BUY,44,,,0,BULL,BULL,BULL,2026-01-03 19:00:00,H1,2026-01-03 19:00:00,1.02235
1,FX03,BUY,BUY,BUY,44,,,0,BULL,BULL,BULL,2026-01-03 19:00:00,H1,2026-01-03 19:00:00,1.03235
1,FX04,BUY,BUY,BUY,44,,,0,BULL,BULL,BULL,2026-01-03 19:00:00,H1,2026-01-03 19:00:00,1.04235
1,FX05,BUY,BUY,BUY,44,,,0,BULL,BULL,BULL,2026-01-03 19:00:00,H1,2026-01-03 19:00:00,1.05235
1,FX06,BUY,BUY,BUY,44,,,0,BULL,BULL,BULL,2026-01-03 19:00:00,H1,2026-01-03 19:00:00,1.06235
1,FX07,BUY,BUY,BUY,44,,,0,BULL,BULL,BULL,2026-01-03 19:00:00,H1,2026-01-03 19:00:00,1.07235
1,FX08,BUY,BUY,BUY,44,,,0,BULL,BULL,BULL,2026-01-03 19:00:00,H1,2026-01-03 19:00:00,1.08235
1,FX09,BUY,BUY,BUY,44,,,0,BULL,BULL,BULL,2026-01-03 19:00:00,H1,2026-01-03 19:00:00,1.09235
1,FX10,BUY,BUY,BUY,44,,,0,BULL,BULL,BULL,2026-01-03 19:00:00,H1,2026-01-03 19:00:00,1.10235
1,FX11,BUY,BUY,BUY,44,,,0,BULL,BULL,BULL,2026-01-03 19:00:00,H1,2026-01-03 19:00:00,1.11235
1,FX12,BUY,BUY,BUY,44,,,0,BULL,BULL,BULL,2026-01-03 19:00:00,H1,2026-01-03 19:00:00,1.12235
1,FX13,BUY,BUY,BUY,44,,,0,BULL,BULL,BULL,2026-01-03 19:00:00,H1,2026-01-03 19:00:00,1.13235
1,FX14,BUY,BUY,BUY,44,,,0,BULL,BULL,BULL,2026-01-03 19:00:00,H1,2026-01-03 19:00:00,1.14235
1,FX15,BUY,BUY,BUY,44,,,0,BULL,BULL,BULL,2026-01-03 19:00:00,H1,2026-01-03 19:00:00,1.15235
1,FX16,BUY,BUY,BUY,44,,,0,BULL,BULL,BULL,2026-01-03 19:00:00,H1,2026-01-03 19:00:00,1.16235
1,FX17,BUY,BUY,BUY,44,,,0,BULL,BULL,BULL,2026-01-03 19:00:00,H1,2026-01-03 19:00:00,1.17235
1,FX18,BUY,BUY,BUY,44,,,0,BULL,BULL,BULL,2026-01-03 19:00:00,H1,2026-01-03 19:00:00,1.18235
1,FX19,BUY,BUY,BUY,44,,,0,BULL,BULL,BULL,2026-01-03 19:00:00,H1,2026-01-03 19:00:00,1.19235
1,FX20,BUY,BUY,BUY,44,,,0,BULL,BULL,BULL,2026-01-03 19:00:00,H1,2026-01-03 19:00:00,1.20235
1,FX21,BUY,BUY,BUY,44,,,0,BULL,BULL,BULL,2026-01-03 19:00:00,H1,2026-01-03 19:00:00,1.21235
1,FX22,BUY,BUY,BUY,44,,,0,BULL,BULL,BULL,2026-01-03 19:00:00,H1,2026-01-03 19:00:00,1.22235
1,FX23,BUY,BUY,BUY,44,,,0,BULL,BULL,BULL,2026-01-03 19:00:00,H1,2026-01-03 19:00:00,1.23235
1,FX24,BUY,BUY,BUY,44,,,0,BULL,BULL,BULL,2026-01-03 19:00:00,H1,2026-01-03 19:00:00,1.24235
1,FX25,BUY,BUY,BUY,44,,,0,BULL,BULL,BULL,2026-01-03 19:00:00,H1,2026-01-03 19:00:00,1.25235
1,FX26,BUY,BUY,BUY,44,,,0,BULL,BULL,BULL,2026-01-03 19:00:00,H1,2026-01-03 19:00:00,1.26235
1,FX27,BUY,BUY,BUY,44,,,0,BULL,BULL,BULL,2026-01-03 19:00:00,H1,2026-01-03 19:00:00,1.27235
1,FX28,BUY,BUY,BUY,44,,,0,BULL,BULL,BULL,2026-01-03 19:00:00,H1,2026-01-03 19:00:00,1.28235
1,FX29,BUY,BUY,BUY,44,,,0,BULL,BULL,BULL,2026-01-03 19:00:00,H1,2026-01-03 19:00:00,1.29235
1,FX00,BUY,BUY,BUY,45,,,0,BULL,BULL,BULL,2026-01-03 20:00:00,H1,2026-01-03 20:00:00,1.00235
1,FX01,BUY,BUY,BUY,45,,,0,BULL,BULL,BULL,2026-01-03 20:00:00,H1,2026-01-03 20:00:00,1.01235
1,FX02,BUY,BUY,BUY,45,,,0,BULL,BULL,BULL,2026-01-03 20:00:00,H1,2026-01-03 20:00:00,1.02235
1,FX03,BUY,BUY,BUY,45,,,0,BULL,BULL,BULL,2026-01-03 20:00:00,H1,2026-01-03 20:00:00,1.03235
1,FX04,BUY,BUY,BUY,45,,,0,BULL,BULL,BULL,2026-01-03 20:00:00,H1,2026-01-03 20:00:00,1.04235
1,FX05,BUY,BUY,BUY,45,,,0,BULL,BULL,BULL,2026-01-03 20:00:00,H1,2026-01-03 20:00:00,1.05235
1,FX06,BUY,BUY,BUY,45,,,0,BULL,BULL,BULL,2026-01-03 20:00:00,H1,2026-01-03 20:00:00,1.06235
1,FX07,BUY,BUY,BUY,45,,,0,BULL,BULL,BULL,2026-01-03 20:00:00,H1,2026-01-03 20:00:00,1.07235
1,FX08,BUY,BUY,BUY,45,,,0,BULL,BULL,BULL,2026-01-03 20:00:00,H1,2026-01-03 20:00:00,1.08235
1,FX09,BUY,BUY,BUY,45,,,0,BULL,BULL,BULL,2026-01-03 20:00:00,H1,2026-01-03 20:00:00,1.09235
1,FX10,BUY,BUY,BUY,45,,,0,BULL,BULL,BULL,2026-01-03 20:00:00,H1,2026-01-03 20:00:00,1.10235
1,FX11,BUY,BUY,BUY,45,,,0,BULL,BULL,BULL,2026-01-03 20:00:00,H1,2026-01-03 20:00:00,1.11235
1,FX12,BUY,BUY,BUY,45,,,0,BULL,BULL,BULL,2026-01-03 20:00:00,H1,2026-01-03 20:00:00,1.12235
1,FX13,BUY,BUY,BUY,45,,,0,BULL,BULL,BULL,2026-01-03 20:00:00,H1,2026-01-03 20:00:00,1.13235
1,FX14,BUY,BUY,BUY,45,,,0,BULL,BULL,BULL,2026-01-03 20:00:00,H1,2026-01-03 20:00:00,1.14235
1,FX15,BUY,BUY,BUY,45,,,0,BULL,BULL,BULL,2026-01-03 20:00:00,H1,2026-01-03 20:00:00,1.15235
1,FX16,BUY,BUY,BUY,45,,,0,BULL,BULL,BULL,2026-01-03 20:00:00,H1,2026-01-03 20:00:00,1.16235
1,FX17,BUY,BUY,BUY,45,,,0,BULL,BULL,BULL,2026-01-03 20:00:00,H1,2026-01-03 20:00:00,1.17235
1,FX18,BUY,BUY,BUY,45,,,0,BULL,BULL,BULL,2026-01-03 20:00:00,H1,2026-01-03 20:00:00,1.18235
1,FX19,BUY,BUY,BUY,45,,,0,BULL,BULL,BULL,2026-01-03 20:00:00,H1,2026-01-03 20:00:00,1.19235
1,FX20,BUY,BUY,BUY,45,,,0,BULL,BULL,BULL,2026-01-03 20:00:00,H1,2026-01-03 20:00:00,1.20235
1,FX21,BUY,BUY,BUY,45,,,0,BULL,BULL,BULL,2026-01-03 20:00:00,H1,2026-01-03 20:00:00,1.21235
1,FX22,BUY,BUY,BUY,45,,,0,BULL,BULL,BULL,2026-01-03 20:00:00,H1,2026-01-03 20:00:00,1.22235
1,FX23,BUY,BUY,BUY,45,,,0,BULL,BULL,BULL,2026-01-03 20:00:00,H1,2026-01-03 20:00:00,1.23235
1,FX24,BUY,BUY,BUY,45,,,0,BULL,BULL,BULL,2026-01-03 20:00:00,H1,2026-01-03 20:00:00,1.24235
1,FX25,BUY,BUY,BUY,45,,,0,BULL,BULL,BULL,2026-01-03 20:00:00,H1,2026-01-03 20:00:00,1.25235
1,FX26,BUY,BUY,BUY,45,,,0,BULL,BULL,BULL,2026-01-03 20:00:00,H1,2026-01-03 20:00:00,1.26235
1,FX27,BUY,BUY,BUY,45,,,0,BULL,BULL,BULL,2026-01-03 20:00:00,H1,2026-01-03 20:00:00,1.27235
1,FX28,BUY,BUY,BUY,45,,,0,BULL,BULL,BULL,2026-01-03 20:00:00,H1,2026-01-03 20:00:00,1.28235
1,FX29,BUY,BUY,BUY,45,,,0,BULL,BULL,BULL,2026-01-03 20:00:00,H1,2026-01-03 20:00:00,1.29235
1,FX00,BUY,BUY,BUY,46,,,0,BULL,BULL,BULL,2026-01-03 21:00:00,H1,2026-01-03 21:00:00,1.00235
1,FX01,BUY,BUY,BUY,46,,,0,BULL,BULL,BULL,2026-01-03 21:00:00,H1,2026-01-03 21:00:00,1.01235
1,FX02,BUY,BUY,BUY,46,,,0,BULL,BULL,BULL,2026-01-03 21:00:00,H1,2026-01-03 21:00:00,1.02235
1,FX03,BUY,BUY,BUY,46,,,0,BULL,BULL,BULL,2026-01-03 21:00:00,H1,2026-01-03 21:00:00,1.03235
1,FX04,BUY,BUY,BUY,46,,,0,BULL,BULL,BULL,2026-01-03 21:00:00,H1,2026-01-03 21:00:00,1.04235
1,FX05,BUY,BUY,BUY,46,,,0,BULL,BULL,BULL,2026-01-03 21:00:00,H1,2026-01-03 21:00:00,1.05235
1,FX06,BUY,BUY,BUY,46,,,0,BULL,BULL,BULL,2026-01-03 21:00:00,H1,2026-01-03 21:00:00,1.06235
1,FX07,BUY,BUY,BUY,46,,,0,BULL,BULL,BULL,2026-01-03 21:00:00,H1,2026-01-03 21:00:00,1.07235
1,FX08,BUY,BUY,BUY,46,,,0,BULL,BULL,BULL,2026-01-03 21:00:00,H1,2026-01-03 21:00:00,1.08235
1,FX09,BUY,BUY,BUY,46,,,0,BULL,BULL,BULL,2026-01-03 21:00:00,H1,2026-01-03 21:00:00,1.09235
1,FX10,BUY,BUY,BUY,46,,,0,BULL,BULL,BULL,2026-01-03 21:00:00,H1,2026-01-03 21:00:00,1.10235
1,FX11,BUY,BUY,BUY,46,,,0,BULL,BULL,BULL,2026-01-03 21:00:00,H1,2026-01-03 21:00:00,1.11235
1,FX12,BUY,BUY,BUY,46,,,0,BULL,BULL,BULL,2026-01-03 21:00:00,H1,2026-01-03 21:00:00,1.12235
1,FX13,BUY,BUY,BUY,46,,,0,BULL,BULL,BULL,2026-01-03 21:00:00,H1,2026-01-03 21:00:00,1.13235
1,FX14,BUY,BUY,BUY,46,,,0,BULL,BULL,BULL,2026-01-03 21:00:00,H1,2026-01-03 21:00:00,1.14235
1,FX15,BUY,BUY,BUY,46,,,0,BULL,BULL,BULL,2026-01-03 21:00:00,H1,2026-01-03 21:00:00,1.15235
1,FX16,BUY,BUY,BUY,46,,,0,BULL,BULL,BULL,2026-01-03 21:00:00,H1,2026-01-03 21:00:00,1.16235
1,FX17,BUY,BUY,BUY,46,,,0,BULL,BULL,BULL,2026-01-03 21:00:00,H1,2026-01-03 21:00:00,1.17235
1,FX18,BUY,BUY,BUY,46,,,0,BULL,BULL,BULL,2026-01-03 21:00:00,H1,2026-01-03 21:00:00,1.18235
1,FX19,BUY,BUY,BUY,46,,,0,BULL,BULL,BULL,2026-01-03 21:00:00,H1,2026-01-03 21:00:00,1.19235
1,FX20,BUY,BUY,BUY,46,,,0,BULL,BULL,BULL,2026-01-03 21:00:00,H1,2026-01-03 21:00:00,1.20235
1,FX21,BUY,BUY,BUY,46,,,0,BULL,BULL,BULL,2026-01-03 21:00:00,H1,2026-01-03 21:00:00,1.21235
1,FX22,BUY,BUY,BUY,46,,,0,BULL,BULL,BULL,2026-01-03 21:00:00,H1,2026-01-03 21:00:00,1.22235
1,FX23,BUY,BUY,BUY,46,,,0,BULL,BULL,BULL,2026-01-03 21:00:00,H1,2026-01-03 21:00:00,1.23235
1,FX24,BUY,BUY,BUY,46,,,0,BULL,BULL,BULL,2026-01-03 21:00:00,H1,2026-01-03 21:00:00,1.24235
1,FX25,BUY,BUY,BUY,46,,,0,BULL,BULL,BULL,2026-01-03 21:00:00,H1,2026-01-03 21:00:00,1.25235
1,FX26,BUY,BUY,BUY,46,,,0,BULL,BULL,BULL,2026-01-03 21:00:00,H1,2026-01-03 21:00:00,1.26235
1,FX27,BUY,BUY,BUY,46,,,0,BULL,BULL,BULL,2026-01-03 21:00:00,H1,2026-01-03 21:00:00,1.27235
1,FX28,BUY,BUY,BUY,46,,,0,BULL,BULL,BULL,2026-01-03 21:00:00,H1,2026-01-03 21:00:00,1.28235
1,FX29,BUY,BUY,BUY,46,,,0,BULL,BULL,BULL,2026-01-03 21:00:00,H1,2026-01-03 21:00:00,1.29235
1,FX00,BUY,BUY,BUY,47,,,0,BULL,BULL,BULL,2026-01-03 22:00:00,H1,2026-01-03 22:00:00,1.00235
1,FX01,BUY,BUY,BUY,47,,,0,BULL,BULL,BULL,2026-01-03 22:00:00,H1,2026-01-03 22:00:00,1.01235
1,FX02,BUY,BUY,BUY,47,,,0,BULL,BULL,BULL,2026-01-03 22:00:00,H1,2026-01-03 22:00:00,1.02235
1,FX03,BUY,BUY,BUY,47,,,0,BULL,BULL,BULL,2026-01-03 22:00:00,H1,2026-01-03 22:00:00,1.03235
1,FX04,BUY,BUY,BUY,47,,,0,BULL,BULL,BULL,2026-01-03 22:00:00,H1,2026-01-03 22:00:00,1.04235
1,FX05,BUY,BUY,BUY,47,,,0,BULL,BULL,BULL,2026-01-03 22:00:00,H1,2026-01-03 22:00:00,1.05235
1,FX06,BUY,BUY,BUY,47,,,0,BULL,BULL,BULL,2026-01-03 22:00:00,H1,2026-01-03 22:00:00,1.06235
1,FX07,BUY,BUY,BUY,47,,,0,BULL,BULL,BULL,2026-01-03 22:00:00,H1,2026-01-03 22:00:00,1.07235
1,FX08,BUY,BUY,BUY,47,,,0,BULL,BULL,BULL,2026-01-03 22:00:00,H1,2026-01-03 22:00:00,1.08235
1,FX09,BUY,BUY,BUY,47,,,0,BULL,BULL,BULL,2026-01-03 22:00:00,H1,2026-01-03 22:00:00,1.09235
1,FX10,BUY,BUY,BUY,47,,,0,BULL,BULL,BULL,2026-01-03 22:00:00,H1,2026-01-03 22:00:00,1.10235
1,FX11,BUY,BUY,BUY,47,,,0,BULL,BULL,BULL,2026-01-03 22:00:00,H1,2026-01-03 22:00:00,1.11235
1,FX12,BUY,BUY,BUY,47,,,0,BULL,BULL,BULL,2026-01-03 22:00:00,H1,2026-01-03 22:00:00,1.12235
1,FX13,BUY,BUY,BUY,47,,,0,BULL,BULL,BULL,2026-01-03 22:00:00,H1,2026-01-03 22:00:00,1.13235
1,FX14,BUY,BUY,BUY,47,,,0,BULL,BULL,BULL,2026-01-03 22:00:00,H1,2026-01-03 22:00:00,1.14235
1,FX15,BUY,BUY,BUY,47,,,0,BULL,BULL,BULL,2026-01-03 22:00:00,H1,2026-01-03 22:00:00,1.15235
1,FX16,BUY,BUY,BUY,47,,,0,BULL,BULL,BULL,2026-01-03 22:00:00,H1,2026-01-03 22:00:00,1.16235
1,FX17,BUY,BUY,BUY,47,,,0,BULL,BULL,BULL,2026-01-03 22:00:00,H1,2026-01-03 22:00:00,1.17235
1,FX18,BUY,BUY,BUY,47,,,0,BULL,BULL,BULL,2026-01-03 22:00:00,H1,2026-01-03 22:00:00,1.18235
1,FX19,BUY,BUY,BUY,47,,,0,BULL,BULL,BULL,2026-01-03 22:00:00,H1,2026-01-03 22:00:00,1.19235
1,FX20,BUY,BUY,BUY,47,,,0,BULL,BULL,BULL,2026-01-03 22:00:00,H1,2026-01-03 22:00:00,1.20235
1,FX21,BUY,BUY,BUY,47,,,0,BULL,BULL,BULL,2026-01-03 22:00:00,H1,2026-01-03 22:00:00,1.21235
1,FX22,BUY,BUY,BUY,47,,,0,BULL,BULL,BULL,2026-01-03 22:00:00,H1,2026-01-03 22:00:00,1.22235
1,FX23,BUY,BUY,BUY,47,,,0,BULL,BULL,BULL,2026-01-03 22:00:00,H1,2026-01-03 22:00:00,1.23235
1,FX24,BUY,BUY,BUY,47,,,0,BULL,BULL,BULL,2026-01-03 22:00:00,H1,2026-01-03 22:00:00,1.24235
1,FX25,BUY,BUY,BUY,47,,,0,BULL,BULL,BULL,2026-01-03 22:00:00,H1,2026-01-03 22:00:00,1.25235
1,FX26,BUY,BUY,BUY,47,,,0,BULL,BULL,BULL,2026-01-03 22:00:00,H1,2026-01-03 22:00:00,1.26235
1,FX27,BUY,BUY,BUY,47,,,0,BULL,BULL,BULL,2026-01-03 22:00:00,H1,2026-01-03 22:00:00,1.27235
1,FX28,BUY,BUY,BUY,47,,,0,BULL,BULL,BULL,2026-01-03 22:00:00,H1,2026-01-03 22:00:00,1.28235
1,FX29,BUY,BUY,BUY,47,,,0,BULL,BULL,BULL,2026-01-03 22:00:00,H1,2026-01-03 22:00:00,1.29235
1,FX00,BUY,BUY,BUY,48,,,0,BULL,BULL,BULL,2026-01-03 23:00:00,H1,2026-01-03 23:00:00,1.00235
1,FX01,BUY,BUY,BUY,48,,,0,BULL,BULL,BULL,2026-01-03 23:00:00,H1,2026-01-03 23:00:00,1.01235
1,FX02,BUY,BUY,BUY,48,,,0,BULL,BULL,BULL,2026-01-03 23:00:00,H1,2026-01-03 23:00:00,1.02235
1,FX03,BUY,BUY,BUY,48,,,0,BULL,BULL,BULL,2026-01-03 23:00:00,H1,2026-01-03 23:00:00,1.03235
1,FX04,BUY,BUY,BUY,48,,,0,BULL,BULL,BULL,2026-01-03 23:00:00,H1,2026-01-03 23:00:00,1.04235
1,FX05,BUY,BUY,BUY,48,,,0,BULL,BULL,BULL,2026-01-03 23:00:00,H1,2026-01-03 23:00:00,1.05235
1,FX06,BUY,BUY,BUY,48,,,0,BULL,BULL,BULL,2026-01-03 23:00:00,H1,2026-01-03 23:00:00,1.06235
1,FX07,BUY,BUY,BUY,48,,,0,BULL,BULL,BULL,2026-01-03 23:00:00,H1,2026-01-03 23:00:00,1.07235
1,FX08,BUY,BUY,BUY,48,,,0,BULL,BULL,BULL,2026-01-03 23:00:00,H1,2026-01-03 23:00:00,1.08235
1,FX09,BUY,BUY,BUY,48,,,0,BULL,BULL,BULL,2026-01-03 23:00:00,H1,2026-01-03 23:00:00,1.09235
1,FX10,BUY,BUY,BUY,48,,,0,BULL,BULL,BULL,2026-01-03 23:00:00,H1,2026-01-03 23:00:00,1.10235
1,FX11,BUY,BUY,BUY,48,,,0,BULL,BULL,BULL,2026-01-03 23:00:00,H1,2026-01-03 23:00:00,1.11235
1,FX12,BUY,BUY,BUY,48,,,0,BULL,BULL,BULL,2026-01-03 23:00:00,H1,2026-01-03 23:00:00,1.12235
1,FX13,BUY,BUY,BUY,48,,,0,BULL,BULL,BULL,2026-01-03 23:00:00,H1,2026-01-03 23:00:00,1.13235
1,FX14,BUY,BUY,BUY,48,,,0,BULL,BULL,BULL,2026-01-03 23:00:00,H1,2026-01-03 23:00:00,1.14235
1,FX15,BUY,BUY,BUY,48,,,0,BULL,BULL,BULL,2026-01-03 23:00:00,H1,2026-01-03 23:00:00,1.15235
1,FX16,BUY,BUY,BUY,48,,,0,BULL,BULL,BULL,2026-01-03 23:00:00,H1,2026-01-03 23:00:00,1.16235
1,FX17,BUY,BUY,BUY,48,,,0,BULL,BULL,BULL,2026-01-03 23:00:00,H1,2026-01-03 23:00:00,1.17235
1,FX18,BUY,BUY,BUY,48,,,0,BULL,BULL,BULL,2026-01-03 23:00:00,H1,2026-01-03 23:00:00,1.18235
1,FX19,BUY,BUY,BUY,48,,,0,BULL,BULL,BULL,2026-01-03 23:00:00,H1,2026-01-03 23:00:00,1.19235
1,FX20,BUY,BUY,BUY,48,,,0,BULL,BULL,BULL,2026-01-03 23:00:00,H1,2026-01-03 23:00:00,1.20235
1,FX21,BUY,BUY,BUY,48,,,0,BULL,BULL,BULL,2026-01-03 23:00:00,H1,2026-01-03 23:00:00,1.21235
1,FX22,BUY,BUY,BUY,48,,,0,BULL,BULL,BULL,2026-01-03 23:00:00,H1,2026-01-03 23:00:00,1.22235
1,FX23,BUY,BUY,BUY,48,,,0,BULL,BULL,BULL,2026-01-03 23:00:00,H1,2026-01-03 23:00:00,1.23235
1,FX24,BUY,BUY,BUY,48,,,0,BULL,BULL,BULL,2026-01-03 23:00:00,H1,2026-01-03 23:00:00,1.24235
1,FX25,BUY,BUY,BUY,48,,,0,BULL,BULL,BULL,2026-01-03 23:00:00,H1,2026-01-03 23:00:00,1.25235
1,FX26,BUY,BUY,BUY,48,,,0,BULL,BULL,BULL,2026-01-03 23:00:00,H1,2026-01-03 23:00:00,1.26235
1,FX27,BUY,BUY,BUY,48,,,0,BULL,BULL,BULL,2026-01-03 23:00:00,H1,2026-01-03 23:00:00,1.27235
1,FX28,BUY,BUY,BUY,48,,,0,BULL,BULL,BULL,2026-01-03 23:00:00,H1,2026-01-03 23:00:00,1.28235
1,FX29,BUY,BUY,BUY,48,,,0,BULL,BULL,BULL,2026-01-03 23:00:00,H1,2026-01-03 23:00:00,1.29235
1,FX00,BUY,BUY,BUY,49,,,0,BULL,BULL,BULL,2026-01-04 00:00:00,H1,2026-01-04 00:00:00,1.00235
1,FX01,BUY,BUY,BUY,49,,,0,BULL,BULL,BULL,2026-01-04 00:00:00,H1,2026-01-04 00:00:00,1.01235
1,FX02,BUY,BUY,BUY,49,,,0,BULL,BULL,BULL,2026-01-04 00:00:00,H1,2026-01-04 00:00:00,1.02235
1,FX03,BUY,BUY,BUY,49,,,0,BULL,BULL,BULL,2026-01-04 00:00:00,H1,2026-01-04 00:00:00,1.03235
1,FX04,BUY,BUY,BUY,49,,,0,BULL,BULL,BULL,2026-01-04 00:00:00,H1,2026-01-04 00:00:00,1.04235
1,FX05,BUY,BUY,BUY,49,,,0,BULL,BULL,BULL,2026-01-04 00:00:00,H1,2026-01-04 00:00:00,1.05235
1,FX06,BUY,BUY,BUY,49,,,0,BULL,BULL,BULL,2026-01-04 00:00:00,H1,2026-01-04 00:00:00,1.06235
1,FX07,BUY,BUY,BUY,49,,,0,BULL,BULL,BULL,2026-01-04 00:00:00,H1,2026-01-04 00:00:00,1.07235
1,FX08,BUY,BUY,BUY,49,,,0,BULL,BULL,BULL,2026-01-04 00:00:00,H1,2026-01-04 00:00:00,1.08235
1,FX09,BUY,BUY,BUY,49,,,0,BULL,BULL,BULL,2026-01-04 00:00:00,H1,2026-01-04 00:00:00,1.09235
1,FX10,BUY,BUY,BUY,49,,,0,BULL,BULL,BULL,2026-01-04 00:00:00,H1,2026-01-04 00:00:00,1.10235
1,FX11,BUY,BUY,BUY,49,,,0,BULL,BULL,BULL,2026-01-04 00:00:00,H1,2026-01-04 00:00:00,1.11235
1,FX12,BUY,BUY,BUY,49,,,0,BULL,BULL,BULL,2026-01-04 00:00:00,H1,2026-01-04 00:00:00,1.12235
1,FX13,BUY,BUY,BUY,49,,,0,BULL,BULL,BULL,2026-01-04 00:00:00,H1,2026-01-04 00:00:00,1.13235
1,FX14,BUY,BUY,BUY,49,,,0,BULL,BULL,BULL,2026-01-04 00:00:00,H1,2026-01-04 00:00:00,1.14235
1,FX15,BUY,BUY,BUY,49,,,0,BULL,BULL,BULL,2026-01-04 00:00:00,H1,2026-01-04 00:00:00,1.15235
1,FX16,BUY,BUY,BUY,49,,,0,BULL,BULL,BULL,2026-01-04 00:00:00,H1,2026-01-04 00:00:00,1.16235
1,FX17,BUY,BUY,BUY,49,,,0,BULL,BULL,BULL,2026-01-04 00:00:00,H1,2026-01-04 00:00:00,1.17235
1,FX18,BUY,BUY,BUY,49,,,0,BULL,BULL,BULL,2026-01-04 00:00:00,H1,2026-01-04 00:00:00,1.18235
1,FX19,BUY,BUY,BUY,49,,,0,BULL,BULL,BULL,2026-01-04 00:00:00,H1,2026-01-04 00:00:00,1.19235
1,FX20,BUY,BUY,BUY,49,,,0,BULL,BULL,BULL,2026-01-04 00:00:00,H1,2026-01-04 00:00:00,1.20235
1,FX21,BUY,BUY,BUY,49,,,0,BULL,BULL,BULL,2026-01-04 00:00:00,H1,2026-01-04 00:00:00,1.21235
1,FX22,BUY,BUY,BUY,49,,,0,BULL,BULL,BULL,2026-01-04 00:00:00,H1,2026-01-04 00:00:00,1.22235
1,FX23,BUY,BUY,BUY,49,,,0,BULL,BULL,BULL,2026-01-04 00:00:00,H1,2026-01-04 00:00:00,1.23235
1,FX24,BUY,BUY,BUY,49,,,0,BULL,BULL,BULL,2026-01-04 00:00:00,H1,2026-01-04 00:00:00,1.24235
1,FX25,BUY,BUY,BUY,49,,,0,BULL,BULL,BULL,2026-01-04 00:00:00,H1,2026-01-04 00:00:00,1.25235
1,FX26,BUY,BUY,BUY,49,,,0,BULL,BULL,BULL,2026-01-04 00:00:00,H1,2026-01-04 00:00:00,1.26235
1,FX27,BUY,BUY,BUY,49,,,0,BULL,BULL,BULL,2026-01-04 00:00:00,H1,2026-01-04 00:00:00,1.27235
1,FX28,BUY,BUY,BUY,49,,,0,BULL,BULL,BULL,2026-01-04 00:00:00,H1,2026-01-04 00:00:00,1.28235
1,FX29,BUY,BUY,BUY,49,,,0,BULL,BULL,BULL,2026-01-04 00:00:00,H1,2026-01-04 00:00:00,1.29235
1,FX00,BUY,BUY,BUY,50,,,0,BULL,BULL,BULL,2026-01-04 01:00:00,H1,2026-01-04 01:00:00,1.00235
1,FX01,BUY,BUY,BUY,50,,,0,BULL,BULL,BULL,2026-01-04 01:00:00,H1,2026-01-04 01:00:00,1.01235
1,FX02,BUY,BUY,BUY,50,,,0,BULL,BULL,BULL,2026-01-04 01:00:00,H1,2026-01-04 01:00:00,1.02235
1,FX03,BUY,BUY,BUY,50,,,0,BULL,BULL,BULL,2026-01-04 01:00:00,H1,2026-01-04 01:00:00,1.03235
1,FX04,BUY,BUY,BUY,50,,,0,BULL,BULL,BULL,2026-01-04 01:00:00,H1,2026-01-04 01:00:00,1.04235
1,FX05,BUY,BUY,BUY,50,,,0,BULL,BULL,BULL,2026-01-04 01:00:00,H1,2026-01-04 01:00:00,1.05235
1,FX06,BUY,BUY,BUY,50,,,0,BULL,BULL,BULL,2026-01-04 01:00:00,H1,2026-01-04 01:00:00,1.06235
1,FX07,BUY,BUY,BUY,50,,,0,BULL,BULL,BULL,2026-01-04 01:00:00,H1,2026-01-04 01:00:00,1.07235
1,FX08,BUY,BUY,BUY,50,,,0,BULL,BULL,BULL,2026-01-04 01:00:00,H1,2026-01-04 01:00:00,1.08235
1,FX09,BUY,BUY,BUY,50,,,0,BULL,BULL,BULL,2026-01-04 01:00:00,H1,2026-01-04 01:00:00,1.09235
1,FX10,BUY,BUY,BUY,50,,,0,BULL,BULL,BULL,2026-01-04 01:00:00,H1,2026-01-04 01:00:00,1.10235
1,FX11,BUY,BUY,BUY,50,,,0,BULL,BULL,BULL,2026-01-04 01:00:00,H1,2026-01-04 01:00:00,1.11235
1,FX12,BUY,BUY,BUY,50,,,0,BULL,BULL,BULL,2026-01-04 01:00:00,H1,2026-01-04 01:00:00,1.12235
1,FX13,BUY,BUY,BUY,50,,,0,BULL,BULL,BULL,2026-01-04 01:00:00,H1,2026-01-04 01:00:00,1.13235
1,FX14,BUY,BUY,BUY,50,,,0,BULL,BULL,BULL,2026-01-04 01:00:00,H1,2026-01-04 01:00:00,1.14235
1,FX15,BUY,BUY,BUY,50,,,0,BULL,BULL,BULL,2026-01-04 01:00:00,H1,2026-01-04 01:00:00,1.15235
1,FX16,BUY,BUY,BUY,50,,,0,BULL,BULL,BULL,2026-01-04 01:00:00,H1,2026-01-04 01:00:00,1.16235
1,FX17,BUY,BUY,BUY,50,,,0,BULL,BULL,BULL,2026-01-04 01:00:00,H1,2026-01-04 01:00:00,1.17235
1,FX18,BUY,BUY,BUY,50,,,0,BULL,BULL,BULL,2026-01-04 01:00:00,H1,2026-01-04 01:00:00,1.18235
1,FX19,BUY,BUY,BUY,50,,,0,BULL,BULL,BULL,2026-01-04 01:00:00,H1,2026-01-04 01:00:00,1.19235
1,FX20,BUY,BUY,BUY,50,,,0,BULL,BULL,BULL,2026-01-04 01:00:00,H1,2026-01-04 01:00:00,1.20235
1,FX21,BUY,BUY,BUY,50,,,0,BULL,BULL,BULL,2026-01-04 01:00:00,H1,2026-01-04 01:00:00,1.21235
1,FX22,BUY,BUY,BUY,50,,,0,BULL,BULL,BULL,2026-01-04 01:00:00,H1,2026-01-04 01:00:00,1.22235
1,FX23,BUY,BUY,BUY,50,,,0,BULL,BULL,BULL,2026-01-04 01:00:00,H1,2026-01-04 01:00:00,1.23235
1,FX24,BUY,BUY,BUY,50,,,0,BULL,BULL,BULL,2026-01-04 01:00:00,H1,2026-01-04 01:00:00,1.24235
1,FX25,BUY,BUY,BUY,50,,,0,BULL,BULL,BULL,2026-01-04 01:00:00,H1,2026-01-04 01:00:00,1.25235
1,FX26,BUY,BUY,BUY,50,,,0,BULL,BULL,BULL,2026-01-04 01:00:00,H1,2026-01-04 01:00:00,1.26235
1,FX27,BUY,BUY,BUY,50,,,0,BULL,BULL,BULL,2026-01-04 01:00:00,H1,2026-01-04 01:00:00,1.27235
1,FX28,BUY,BUY,BUY,50,,,0,BULL,BULL,BULL,2026-01-04 01:00:00,H1,2026-01-04 01:00:00,1.28235
1,FX29,BUY,BUY,BUY,50,,,0,BULL,BULL,BULL,2026-01-04 01:00:00,H1,2026-01-04 01:00:00,1.29235
1,FX00,BUY,BUY,BUY,51,,,0,BULL,BULL,BULL,2026-01-04 02:00:00,H1,2026-01-04 02:00:00,1.00235
1,FX01,BUY,BUY,BUY,51,,,0,BULL,BULL,BULL,2026-01-04 02:00:00,H1,2026-01-04 02:00:00,1.01235
1,FX02,BUY,BUY,BUY,51,,,0,BULL,BULL,BULL,2026-01-04 02:00:00,H1,2026-01-04 02:00:00,1.02235
1,FX03,BUY,BUY,BUY,51,,,0,BULL,BULL,BULL,2026-01-04 02:00:00,H1,2026-01-04 02:00:00,1.03235
1,FX04,BUY,BUY,BUY,51,,,0,BULL,BULL,BULL,2026-01-04 02:00:00,H1,2026-01-04 02:00:00,1.04235
1,FX05,BUY,BUY,BUY,51,,,0,BULL,BULL,BULL,2026-01-04 02:00:00,H1,2026-01-04 02:00:00,1.05235
1,FX06,BUY,BUY,BUY,51,,,0,BULL,BULL,BULL,2026-01-04 02:00:00,H1,2026-01-04 02:00:00,1.06235
1,FX07,BUY,BUY,BUY,51,,,0,BULL,BULL,BULL,2026-01-04 02:00:00,H1,2026-01-04 02:00:00,1.07235
1,FX08,BUY,BUY,BUY,51,,,0,BULL,BULL,BULL,2026-01-04 02:00:00,H1,2026-01-04 02:00:00,1.08235
1,FX09,BUY,BUY,BUY,51,,,0,BULL,BULL,BULL,2026-01-04 02:00:00,H1,2026-01-04 02:00:00,1.09235
1,FX10,BUY,BUY,BUY,51,,,0,BULL,BULL,BULL,2026-01-04 02:00:00,H1,2026-01-04 02:00:00,1.10235
1,FX11,BUY,BUY,BUY,51,,,0,BULL,BULL,BULL,2026-01-04 02:00:00,H1,2026-01-04 02:00:00,1.11235
1,FX12,BUY,BUY,BUY,51,,,0,BULL,BULL,BULL,2026-01-04 02:00:00,H1,2026-01-04 02:00:00,1.12235
1,FX13,BUY,BUY,BUY,51,,,0,BULL,BULL,BULL,2026-01-04 02:00:00,H1,2026-01-04 02:00:00,1.13235
1,FX14,BUY,BUY,BUY,51,,,0,BULL,BULL,BULL,2026-01-04 02:00:00,H1,2026-01-04 02:00:00,1.14235
1,FX15,BUY,BUY,BUY,51,,,0,BULL,BULL,BULL,2026-01-04 02:00:00,H1,2026-01-04 02:00:00,1.15235
1,FX16,BUY,BUY,BUY,51,,,0,BULL,BULL,BULL,2026-01-04 02:00:00,H1,2026-01-04 02:00:00,1.16235
1,FX17,BUY,BUY,BUY,51,,,0,BULL,BULL,BULL,2026-01-04 02:00:00,H1,2026-01-04 02:00:00,1.17235
1,FX18,BUY,BUY,BUY,51,,,0,BULL,BULL,BULL,2026-01-04 02:00:00,H1,2026-01-04 02:00:00,1.18235
1,FX19,BUY,BUY,BUY,51,,,0,BULL,BULL,BULL,2026-01-04 02:00:00,H1,2026-01-04 02:00:00,1.19235
1,FX20,BUY,BUY,BUY,51,,,0,BULL,BULL,BULL,2026-01-04 02:00:00,H1,2026-01-04 02:00:00,1.20235
1,FX21,BUY,BUY,BUY,51,,,0,BULL,BULL,BULL,2026-01-04 02:00:00,H1,2026-01-04 02:00:00,1.21235
1,FX22,BUY,BUY,BUY,51,,,0,BULL,BULL,BULL,2026-01-04 02:00:00,H1,2026-01-04 02:00:00,1.22235
1,FX23,BUY,BUY,BUY,51,,,0,BULL,BULL,BULL,2026-01-04 02:00:00,H1,2026-01-04 02:00:00,1.23235
1,FX24,BUY,BUY,BUY,51,,,0,BULL,BULL,BULL,2026-01-04 02:00:00,H1,2026-01-04 02:00:00,1.24235
1,FX25,BUY,BUY,BUY,51,,,0,BULL,BULL,BULL,2026-01-04 02:00:00,H1,2026-01-04 02:00:00,1.25235
1,FX26,BUY,BUY,BUY,51,,,0,BULL,BULL,BULL,2026-01-04 02:00:00,H1,2026-01-04 02:00:00,1.26235
1,FX27,BUY,BUY,BUY,51,,,0,BULL,BULL,BULL,2026-01-04 02:00:00,H1,2026-01-04 02:00:00,1.27235
1,FX28,BUY,BUY,BUY,51,,,0,BULL,BULL,BULL,2026-01-04 02:00:00,H1,2026-01-04 02:00:00,1.28235
1,FX29,BUY,BUY,BUY,51,,,0,BULL,BULL,BULL,2026-01-04 02:00:00,H1,2026-01-04 02:00:00,1.29235
1,FX00,BUY,BUY,BUY,52,,,0,BULL,BULL,BULL,2026-01-04 03:00:00,H1,2026-01-04 03:00:00,1.00235
1,FX01,BUY,BUY,BUY,52,,,0,BULL,BULL,BULL,2026-01-04 03:00:00,H1,2026-01-04 03:00:00,1.01235
1,FX02,BUY,BUY,BUY,52,,,0,BULL,BULL,BULL,2026-01-04 03:00:00,H1,2026-01-04 03:00:00,1.02235
1,FX03,BUY,BUY,BUY,52,,,0,BULL,BULL,BULL,2026-01-04 03:00:00,H1,2026-01-04 03:00:00,1.03235
1,FX04,BUY,BUY,BUY,52,,,0,BULL,BULL,BULL,2026-01-04 03:00:00,H1,2026-01-04 03:00:00,1.04235
1,FX05,BUY,BUY,BUY,52,,,0,BULL,BULL,BULL,2026-01-04 03:00:00,H1,2026-01-04 03:00:00,1.05235
1,FX06,BUY,BUY,BUY,52,,,0,BULL,BULL,BULL,2026-01-04 03:00:00,H1,2026-01-04 03:00:00,1.06235
1,FX07,BUY,BUY,BUY,52,,,0,BULL,BULL,BULL,2026-01-04 03:00:00,H1,2026-01-04 03:00:00,1.07235
1,FX08,BUY,BUY,BUY,52,,,0,BULL,BULL,BULL,2026-01-04 03:00:00,H1,2026-01-04 03:00:00,1.08235
1,FX09,BUY,BUY,BUY,52,,,0,BULL,BULL,BULL,2026-01-04 03:00:00,H1,2026-01-04 03:00:00,1.09235
1,FX10,BUY,BUY,BUY,52,,,0,BULL,BULL,BULL,2026-01-04 03:00:00,H1,2026-01-04 03:00:00,1.10235
1,FX11,BUY,BUY,BUY,52,,,0,BULL,BULL,BULL,2026-01-04 03:00:00,H1,2026-01-04 03:00:00,1.11235
1,FX12,BUY,BUY,BUY,52,,,0,BULL,BULL,BULL,2026-01-04 03:00:00,H1,2026-01-04 03:00:00,1.12235
1,FX13,BUY,BUY,BUY,52,,,0,BULL,BULL,BULL,2026-01-04 03:00:00,H1,2026-01-04 03:00:00,1.13235
1,FX14,BUY,BUY,BUY,52,,,0,BULL,BULL,BULL,2026-01-04 03:00:00,H1,2026-01-04 03:00:00,1.14235
1,FX15,BUY,BUY,BUY,52,,,0,BULL,BULL,BULL,2026-01-04 03:00:00,H1,2026-01-04 03:00:00,1.15235
1,FX16,BUY,BUY,BUY,52,,,0,BULL,BULL,BULL,2026-01-04 03:00:00,H1,2026-01-04 03:00:00,1.16235
1,FX17,BUY,BUY,BUY,52,,,0,BULL,BULL,BULL,2026-01-04 03:00:00,H1,2026-01-04 03:00:00,1.17235
1,FX18,BUY,BUY,BUY,52,,,0,BULL,BULL,BULL,2026-01-04 03:00:00,H1,2026-01-04 03:00:00,1.18235
1,FX19,BUY,BUY,BUY,52,,,0,BULL,BULL,BULL,2026-01-04 03:00:00,H1,2026-01-04 03:00:00,1.19235
1,FX20,BUY,BUY,BUY,52,,,0,BULL,BULL,BULL,2026-01-04 03:00:00,H1,2026-01-04 03:00:00,1.20235
1,FX21,BUY,BUY,BUY,52,,,0,BULL,BULL,BULL,2026-01-04 03:00:00,H1,2026-01-04 03:00:00,1.21235
1,FX22,BUY,BUY,BUY,52,,,0,BULL,BULL,BULL,2026-01-04 03:00:00,H1,2026-01-04 03:00:00,1.22235
1,FX23,BUY,BUY,BUY,52,,,0,BULL,BULL,BULL,2026-01-04 03:00:00,H1,2026-01-04 03:00:00,1.23235
1,FX24,BUY,BUY,BUY,52,,,0,BULL,BULL,BULL,2026-01-04 03:00:00,H1,2026-01-04 03:00:00,1.24235
1,FX25,BUY,BUY,BUY,52,,,0,BULL,BULL,BULL,2026-01-04 03:00:00,H1,2026-01-04 03:00:00,1.25235
1,FX26,BUY,BUY,BUY,52,,,0,BULL,BULL,BULL,2026-01-04 03:00:00,H1,2026-01-04 03:00:00,1.26235
1,FX27,BUY,BUY,BUY,52,,,0,BULL,BULL,BULL,2026-01-04 03:00:00,H1,2026-01-04 03:00:00,1.27235
1,FX28,BUY,BUY,BUY,52,,,0,BULL,BULL,BULL,2026-01-04 03:00:00,H1,2026-01-04 03:00:00,1.28235
1,FX29,BUY,BUY,BUY,52,,,0,BULL,BULL,BULL,2026-01-04 03:00:00,H1,2026-01-04 03:00:00,1.29235
1,FX00,BUY,BUY,BUY,53,,,0,BULL,BULL,BULL,2026-01-04 04:00:00,H1,2026-01-04 04:00:00,1.00235
1,FX01,BUY,BUY,BUY,53,,,0,BULL,BULL,BULL,2026-01-04 04:00:00,H1,2026-01-04 04:00:00,1.01235
1,FX02,BUY,BUY,BUY,53,,,0,BULL,BULL,BULL,2026-01-04 04:00:00,H1,2026-01-04 04:00:00,1.02235
1,FX03,BUY,BUY,BUY,53,,,0,BULL,BULL,BULL,2026-01-04 04:00:00,H1,2026-01-04 04:00:00,1.03235
1,FX04,BUY,BUY,BUY,53,,,0,BULL,BULL,BULL,2026-01-04 04:00:00,H1,2026-01-04 04:00:00,1.04235
1,FX05,BUY,BUY,BUY,53,,,0,BULL,BULL,BULL,2026-01-04 04:00:00,H1,2026-01-04 04:00:00,1.05235
1,FX06,BUY,BUY,BUY,53,,,0,BULL,BULL,BULL,2026-01-04 04:00:00,H1,2026-01-04 04:00:00,1.06235
1,FX07,BUY,BUY,BUY,53,,,0,BULL,BULL,BULL,2026-01-04 04:00:00,H1,2026-01-04 04:00:00,1.07235
1,FX08,BUY,BUY,BUY,53,,,0,BULL,BULL,BULL,2026-01-04 04:00:00,H1,2026-01-04 04:00:00,1.08235
1,FX09,BUY,BUY,BUY,53,,,0,BULL,BULL,BULL,2026-01-04 04:00:00,H1,2026-01-04 04:00:00,1.09235
1,FX10,BUY,BUY,BUY,53,,,0,BULL,BULL,BULL,2026-01-04 04:00:00,H1,2026-01-04 04:00:00,1.10235
1,FX11,BUY,BUY,BUY,53,,,0,BULL,BULL,BULL,2026-01-04 04:00:00,H1,2026-01-04 04:00:00,1.11235
1,FX12,BUY,BUY,BUY,53,,,0,BULL,BULL,BULL,2026-01-04 04:00:00,H1,2026-01-04 04:00:00,1.12235
1,FX13,BUY,BUY,BUY,53,,,0,BULL,BULL,BULL,2026-01-04 04:00:00,H1,2026-01-04 04:00:00,1.13235
1,FX14,BUY,BUY,BUY,53,,,0,BULL,BULL,BULL,2026-01-04 04:00:00,H1,2026-01-04 04:00:00,1.14235
1,FX15,BUY,BUY,BUY,53,,,0,BULL,BULL,BULL,2026-01-04 04:00:00,H1,2026-01-04 04:00:00,1.15235
1,FX16,BUY,BUY,BUY,53,,,0,BULL,BULL,BULL,2026-01-04 04:00:00,H1,2026-01-04 04:00:00,1.16235
1,FX17,BUY,BUY,BUY,53,,,0,BULL,BULL,BULL,2026-01-04 04:00:00,H1,2026-01-04 04:00:00,1.17235
1,FX18,BUY,BUY,BUY,53,,,0,BULL,BULL,BULL,2026-01-04 04:00:00,H1,2026-01-04 04:00:00,1.18235
1,FX19,BUY,BUY,BUY,53,,,0,BULL,BULL,BULL,2026-01-04 04:00:00,H1,2026-01-04 04:00:00,1.19235
1,FX20,BUY,BUY,BUY,53,,,0,BULL,BULL,BULL,2026-01-04 04:00:00,H1,2026-01-04 04:00:00,1.20235
1,FX21,BUY,BUY,BUY,53,,,0,BULL,BULL,BULL,2026-01-04 04:00:00,H1,2026-01-04 04:00:00,1.21235
1,FX22,BUY,BUY,BUY,53,,,0,BULL,BULL,BULL,2026-01-04 04:00:00,H1,2026-01-04 04:00:00,1.22235
1,FX23,BUY,BUY,BUY,53,,,0,BULL,BULL,BULL,2026-01-04 04:00:00,H1,2026-01-04 04:00:00,1.23235
1,FX24,BUY,BUY,BUY,53,,,0,BULL,BULL,BULL,2026-01-04 04:00:00,H1,2026-01-04 04:00:00,1.24235
1,FX25,BUY,BUY,BUY,53,,,0,BULL,BULL,BULL,2026-01-04 04:00:00,H1,2026-01-04 04:00:00,1.25235
1,FX26,BUY,BUY,BUY,53,,,0,BULL,BULL,BULL,2026-01-04 04:00:00,H1,2026-01-04 04:00:00,1.26235
1,FX27,BUY,BUY,BUY,53,,,0,BULL,BULL,BULL,2026-01-04 04:00:00,H1,2026-01-04 04:00:00,1.27235
1,FX28,BUY,BUY,BUY,53,,,0,BULL,BULL,BULL,2026-01-04 04:00:00,H1,2026-01-04 04:00:00,1.28235
1,FX29,BUY,BUY,BUY,53,,,0,BULL,BULL,BULL,2026-01-04 04:00:00,H1,2026-01-04 04:00:00,1.29235
1,FX00,BUY,BUY,BUY,54,,,0,BULL,BULL,BULL,2026-01-04 05:00:00,H1,2026-01-04 05:00:00,1.00235
1,FX01,BUY,BUY,BUY,54,,,0,BULL,BULL,BULL,2026-01-04 05:00:00,H1,2026-01-04 05:00:00,1.01235
1,FX02,BUY,BUY,BUY,54,,,0,BULL,BULL,BULL,2026-01-04 05:00:00,H1,2026-01-04 05:00:00,1.02235
1,FX03,BUY,BUY,BUY,54,,,0,BULL,BULL,BULL,2026-01-04 05:00:00,H1,2026-01-04 05:00:00,1.03235
1,FX04,BUY,BUY,BUY,54,,,0,BULL,BULL,BULL,2026-01-04 05:00:00,H1,2026-01-04 05:00:00,1.04235
1,FX05,BUY,BUY,BUY,54,,,0,BULL,BULL,BULL,2026-01-04 05:00:00,H1,2026-01-04 05:00:00,1.05235
1,FX06,BUY,BUY,BUY,54,,,0,BULL,BULL,BULL,2026-01-04 05:00:00,H1,2026-01-04 05:00:00,1.06235
1,FX07,BUY,BUY,BUY,54,,,0,BULL,BULL,BULL,2026-01-04 05:00:00,H1,2026-01-04 05:00:00,1.07235
1,FX08,BUY,BUY,BUY,54,,,0,BULL,BULL,BULL,2026-01-04 05:00:00,H1,2026-01-04 05:00:00,1.08235
1,FX09,BUY,BUY,BUY,54,,,0,BULL,BULL,BULL,2026-01-04 05:00:00,H1,2026-01-04 05:00:00,1.09235
1,FX10,BUY,BUY,BUY,54,,,0,BULL,BULL,BULL,2026-01-04 05:00:00,H1,2026-01-04 05:00:00,1.10235
1,FX11,BUY,BUY,BUY,54,,,0,BULL,BULL,BULL,2026-01-04 05:00:00,H1,2026-01-04 05:00:00,1.11235
1,FX12,BUY,BUY,BUY,54,,,0,BULL,BULL,BULL,2026-01-04 05:00:00,H1,2026-01-04 05:00:00,1.12235
1,FX13,BUY,BUY,BUY,54,,,0,BULL,BULL,BULL,2026-01-04 05:00:00,H1,2026-01-04 05:00:00,1.13235
1,FX14,BUY,BUY,BUY,54,,,0,BULL,BULL,BULL,2026-01-04 05:00:00,H1,2026-01-04 05:00:00,1.14235
1,FX15,BUY,BUY,BUY,54,,,0,BULL,BULL,BULL,2026-01-04 05:00:00,H1,2026-01-04 05:00:00,1.15235
1,FX16,BUY,BUY,BUY,54,,,0,BULL,BULL,BULL,2026-01-04 05:00:00,H1,2026-01-04 05:00:00,1.16235
1,FX17,BUY,BUY,BUY,54,,,0,BULL,BULL,BULL,2026-01-04 05:00:00,H1,2026-01-04 05:00:00,1.17235
1,FX18,BUY,BUY,BUY,54,,,0,BULL,BULL,BULL,2026-01-04 05:00:00,H1,2026-01-04 05:00:00,1.18235
1,FX19,BUY,BUY,BUY,54,,,0,BULL,BULL,BULL,2026-01-04 05:00:00,H1,2026-01-04 05:00:00,1.19235
1,FX20,BUY,BUY,BUY,54,,,0,BULL,BULL,BULL,2026-01-04 05:00:00,H1,2026-01-04 05:00:00,1.20235
1,FX21,BUY,BUY,BUY,54,,,0,BULL,BULL,BULL,2026-01-04 05:00:00,H1,2026-01-04 05:00:00,1.21235
1,FX22,BUY,BUY,BUY,54,,,0,BULL,BULL,BULL,2026-01-04 05:00:00,H1,2026-01-04 05:00:00,1.22235
1,FX23,BUY,BUY,BUY,54,,,0,BULL,BULL,BULL,2026-01-04 05:00:00,H1,2026-01-04 05:00:00,1.23235
1,FX24,BUY,BUY,BUY,54,,,0,BULL,BULL,BULL,2026-01-04 05:00:00,H1,2026-01-04 05:00:00,1.24235
1,FX25,BUY,BUY,BUY,54,,,0,BULL,BULL,BULL,2026-01-04 05:00:00,H1,2026-01-04 05:00:00,1.25235
1,FX26,BUY,BUY,BUY,54,,,0,BULL,BULL,BULL,2026-01-04 05:00:00,H1,2026-01-04 05:00:00,1.26235
1,FX27,BUY,BUY,BUY,54,,,0,BULL,BULL,BULL,2026-01-04 05:00:00,H1,2026-01-04 05:00:00,1.27235
1,FX28,BUY,BUY,BUY,54,,,0,BULL,BULL,BULL,2026-01-04 05:00:00,H1,2026-01-04 05:00:00,1.28235
1,FX29,BUY,BUY,BUY,54,,,0,BULL,BULL,BULL,2026-01-04 05:00:00,H1,2026-01-04 05:00:00,1.29235
1,FX00,BUY,BUY,BUY,55,,,0,BULL,BULL,BULL,2026-01-04 06:00:00,H1,2026-01-04 06:00:00,1.00235
1,FX01,BUY,BUY,BUY,55,,,0,BULL,BULL,BULL,2026-01-04 06:00:00,H1,2026-01-04 06:00:00,1.01235
1,FX02,BUY,BUY,BUY,55,,,0,BULL,BULL,BULL,2026-01-04 06:00:00,H1,2026-01-04 06:00:00,1.02235
1,FX03,BUY,BUY,BUY,55,,,0,BULL,BULL,BULL,2026-01-04 06:00:00,H1,2026-01-04 06:00:00,1.03235
1,FX04,BUY,BUY,BUY,55,,,0,BULL,BULL,BULL,2026-01-04 06:00:00,H1,2026-01-04 06:00:00,1.04235
1,FX05,BUY,BUY,BUY,55,,,0,BULL,BULL,BULL,2026-01-04 06:00:00,H1,2026-01-04 06:00:00,1.05235
1,FX06,BUY,BUY,BUY,55,,,0,BULL,BULL,BULL,2026-01-04 06:00:00,H1,2026-01-04 06:00:00,1.06235
1,FX07,BUY,BUY,BUY,55,,,0,BULL,BULL,BULL,2026-01-04 06:00:00,H1,2026-01-04 06:00:00,1.07235
1,FX08,BUY,BUY,BUY,55,,,0,BULL,BULL,BULL,2026-01-04 06:00:00,H1,2026-01-04 06:00:00,1.08235
1,FX09,BUY,BUY,BUY,55,,,0,BULL,BULL,BULL,2026-01-04 06:00:00,H1,2026-01-04 06:00:00,1.09235
1,FX10,BUY,BUY,BUY,55,,,0,BULL,BULL,BULL,2026-01-04 06:00:00,H1,2026-01-04 06:00:00,1.10235
1,FX11,BUY,BUY,BUY,55,,,0,BULL,BULL,BULL,2026-01-04 06:00:00,H1,2026-01-04 06:00:00,1.11235
1,FX12,BUY,BUY,BUY,55,,,0,BULL,BULL,BULL,2026-01-04 06:00:00,H1,2026-01-04 06:00:00,1.12235
1,FX13,BUY,BUY,BUY,55,,,0,BULL,BULL,BULL,2026-01-04 06:00:00,H1,2026-01-04 06:00:00,1.13235
1,FX14,BUY,BUY,BUY,55,,,0,BULL,BULL,BULL,2026-01-04 06:00:00,H1,2026-01-04 06:00:00,1.14235
1,FX15,BUY,BUY,BUY,55,,,0,BULL,BULL,BULL,2026-01-04 06:00:00,H1,2026-01-04 06:00:00,1.15235
1,FX16,BUY,BUY,BUY,55,,,0,BULL,BULL,BULL,2026-01-04 06:00:00,H1,2026-01-04 06:00:00,1.16235
1,FX17,BUY,BUY,BUY,55,,,0,BULL,BULL,BULL,2026-01-04 06:00:00,H1,2026-01-04 06:00:00,1.17235
1,FX18,BUY,BUY,BUY,55,,,0,BULL,BULL,BULL,2026-01-04 06:00:00,H1,2026-01-04 06:00:00,1.18235
1,FX19,BUY,BUY,BUY,55,,,0,BULL,BULL,BULL,2026-01-04 06:00:00,H1,2026-01-04 06:00:00,1.19235
1,FX20,BUY,BUY,BUY,55,,,0,BULL,BULL,BULL,2026-01-04 06:00:00,H1,2026-01-04 06:00:00,1.20235
1,FX21,BUY,BUY,BUY,55,,,0,BULL,BULL,BULL,2026-01-04 06:00:00,H1,2026-01-04 06:00:00,1.21235
1,FX22,BUY,BUY,BUY,55,,,0,BULL,BULL,BULL,2026-01-04 06:00:00,H1,2026-01-04 06:00:00,1.22235
1,FX23,BUY,BUY,BUY,55,,,0,BULL,BULL,BULL,2026-01-04 06:00:00,H1,2026-01-04 06:00:00,1.23235
1,FX24,BUY,BUY,BUY,55,,,0,BULL,BULL,BULL,2026-01-04 06:00:00,H1,2026-01-04 06:00:00,1.24235
1,FX25,BUY,BUY,BUY,55,,,0,BULL,BULL,BULL,2026-01-04 06:00:00,H1,2026-01-04 06:00:00,1.25235
1,FX26,BUY,BUY,BUY,55,,,0,BULL,BULL,BULL,2026-01-04 06:00:00,H1,2026-01-04 06:00:00,1.26235
1,FX27,BUY,BUY,BUY,55,,,0,BULL,BULL,BULL,2026-01-04 06:00:00,H1,2026-01-04 06:00:00,1.27235
1,FX28,BUY,BUY,BUY,55,,,0,BULL,BULL,BULL,2026-01-04 06:00:00,H1,2026-01-04 06:00:00,1.28235
1,FX29,BUY,BUY,BUY,55,,,0,BULL,BULL,BULL,2026-01-04 06:00:00,H1,2026-01-04 06:00:00,1.29235
1,FX00,BUY,BUY,BUY,56,,,0,BULL,BULL,BULL,2026-01-04 07:00:00,H1,2026-01-04 07:00:00,1.00235
1,FX01,BUY,BUY,BUY,56,,,0,BULL,BULL,BULL,2026-01-04 07:00:00,H1,2026-01-04 07:00:00,1.01235
1,FX02,BUY,BUY,BUY,56,,,0,BULL,BULL,BULL,2026-01-04 07:00:00,H1,2026-01-04 07:00:00,1.02235
1,FX03,BUY,BUY,BUY,56,,,0,BULL,BULL,BULL,2026-01-04 07:00:00,H1,2026-01-04 07:00:00,1.03235
1,FX04,BUY,BUY,BUY,56,,,0,BULL,BULL,BULL,2026-01-04 07:00:00,H1,2026-01-04 07:00:00,1.04235
1,FX05,BUY,BUY,BUY,56,,,0,BULL,BULL,BULL,2026-01-04 07:00:00,H1,2026-01-04 07:00:00,1.05235
1,FX06,BUY,BUY,BUY,56,,,0,BULL,BULL,BULL,2026-01-04 07:00:00,H1,2026-01-04 07:00:00,1.06235
1,FX07,BUY,BUY,BUY,56,,,0,BULL,BULL,BULL,2026-01-04 07:00:00,H1,2026-01-04 07:00:00,1.07235
1,FX08,BUY,BUY,BUY,56,,,0,BULL,BULL,BULL,2026-01-04 07:00:00,H1,2026-01-04 07:00:00,1.08235
1,FX09,BUY,BUY,BUY,56,,,0,BULL,BULL,BULL,2026-01-04 07:00:00,H1,2026-01-04 07:00:00,1.09235
1,FX10,BUY,BUY,BUY,56,,,0,BULL,BULL,BULL,2026-01-04 07:00:00,H1,2026-01-04 07:00:00,1.10235
1,FX11,BUY,BUY,BUY,56,,,0,BULL,BULL,BULL,2026-01-04 07:00:00,H1,2026-01-04 07:00:00,1.11235
1,FX12,BUY,BUY,BUY,56,,,0,BULL,BULL,BULL,2026-01-04 07:00:00,H1,2026-01-04 07:00:00,1.12235
1,FX13,BUY,BUY,BUY,56,,,0,BULL,BULL,BULL,2026-01-04 07:00:00,H1,2026-01-04 07:00:00,1.13235
1,FX14,BUY,BUY,BUY,56,,,0,BULL,BULL,BULL,2026-01-04 07:00:00,H1,2026-01-04 07:00:00,1.14235
1,FX15,BUY,BUY,BUY,56,,,0,BULL,BULL,BULL,2026-01-04 07:00:00,H1,2026-01-04 07:00:00,1.15235
1,FX16,BUY,BUY,BUY,56,,,0,BULL,BULL,BULL,2026-01-04 07:00:00,H1,2026-01-04 07:00:00,1.16235
1,FX17,BUY,BUY,BUY,56,,,0,BULL,BULL,BULL,2026-01-04 07:00:00,H1,2026-01-04 07:00:00,1.17235
1,FX18,BUY,BUY,BUY,56,,,0,BULL,BULL,BULL,2026-01-04 07:00:00,H1,2026-01-04 07:00:00,1.18235
1,FX19,BUY,BUY,BUY,56,,,0,BULL,BULL,BULL,2026-01-04 07:00:00,H1,2026-01-04 07:00:00,1.19235
1,FX20,BUY,BUY,BUY,56,,,0,BULL,BULL,BULL,2026-01-04 07:00:00,H1,2026-01-04 07:00:00,1.20235
1,FX21,BUY,BUY,BUY,56,,,0,BULL,BULL,BULL,2026-01-04 07:00:00,H1,2026-01-04 07:00:00,1.21235
1,FX22,BUY,BUY,BUY,56,,,0,BULL,BULL,BULL,2026-01-04 07:00:00,H1,2026-01-04 07:00:00,1.22235
1,FX23,BUY,BUY,BUY,56,,,0,BULL,BULL,BULL,2026-01-04 07:00:00,H1,2026-01-04 07:00:00,1.23235
1,FX24,BUY,BUY,BUY,56,,,0,BULL,BULL,BULL,2026-01-04 07:00:00,H1,2026-01-04 07:00:00,1.24235
1,FX25,BUY,BUY,BUY,56,,,0,BULL,BULL,BULL,2026-01-04 07:00:00,H1,2026-01-04 07:00:00,1.25235
1,FX26,BUY,BUY,BUY,56,,,0,BULL,BULL,BULL,2026-01-04 07:00:00,H1,2026-01-04 07:00:00,1.26235
1,FX27,BUY,BUY,BUY,56,,,0,BULL,BULL,BULL,2026-01-04 07:00:00,H1,2026-01-04 07:00:00,1.27235
1,FX28,BUY,BUY,BUY,56,,,0,BULL,BULL,BULL,2026-01-04 07:00:00,H1,2026-01-04 07:00:00,1.28235
1,FX29,BUY,BUY,BUY,56,,,0,BULL,BULL,BULL,2026-01-04 07:00:00,H1,2026-01-04 07:00:00,1.29235
1,FX00,BUY,BUY,BUY,57,,,0,BULL,BULL,BULL,2026-01-04 08:00:00,H1,2026-01-04 08:00:00,1.00235
1,FX01,BUY,BUY,BUY,57,,,0,BULL,BULL,BULL,2026-01-04 08:00:00,H1,2026-01-04 08:00:00,1.01235
1,FX02,BUY,BUY,BUY,57,,,0,BULL,BULL,BULL,2026-01-04 08:00:00,H1,2026-01-04 08:00:00,1.02235
1,FX03,BUY,BUY,BUY,57,,,0,BULL,BULL,BULL,2026-01-04 08:00:00,H1,2026-01-04 08:00:00,1.03235
1,FX04,BUY,BUY,BUY,57,,,0,BULL,BULL,BULL,2026-01-04 08:00:00,H1,2026-01-04 08:00:00,1.04235
1,FX05,BUY,BUY,BUY,57,,,0,BULL,BULL,BULL,2026-01-04 08:00:00,H1,2026-01-04 08:00:00,1.05235
1,FX06,BUY,BUY,BUY,57,,,0,BULL,BULL,BULL,2026-01-04 08:00:00,H1,2026-01-04 08:00:00,1.06235
1,FX07,BUY,BUY,BUY,57,,,0,BULL,BULL,BULL,2026-01-04 08:00:00,H1,2026-01-04 08:00:00,1.07235
1,FX08,BUY,BUY,BUY,57,,,0,BULL,BULL,BULL,2026-01-04 08:00:00,H1,2026-01-04 08:00:00,1.08235
1,FX09,BUY,BUY,BUY,57,,,0,BULL,BULL,BULL,2026-01-04 08:00:00,H1,2026-01-04 08:00:00,1.09235
1,FX10,BUY,BUY,BUY,57,,,0,BULL,BULL,BULL,2026-01-04 08:00:00,H1,2026-01-04 08:00:00,1.10235
1,FX11,BUY,BUY,BUY,57,,,0,BULL,BULL,BULL,2026-01-04 08:00:00,H1,2026-01-04 08:00:00,1.11235
1,FX12,BUY,BUY,BUY,57,,,0,BULL,BULL,BULL,2026-01-04 08:00:00,H1,2026-01-04 08:00:00,1.12235
1,FX13,BUY,BUY,BUY,57,,,0,BULL,BULL,BULL,2026-01-04 08:00:00,H1,2026-01-04 08:00:00,1.13235
1,FX14,BUY,BUY,BUY,57,,,0,BULL,BULL,BULL,2026-01-04 08:00:00,H1,2026-01-04 08:00:00,1.14235
1,FX15,BUY,BUY,BUY,57,,,0,BULL,BULL,BULL,2026-01-04 08:00:00,H1,2026-01-04 08:00:00,1.15235
1,FX16,BUY,BUY,BUY,57,,,0,BULL,BULL,BULL,2026-01-04 08:00:00,H1,2026-01-04 08:00:00,1.16235
1,FX17,BUY,BUY,BUY,57,,,0,BULL,BULL,BULL,2026-01-04 08:00:00,H1,2026-01-04 08:00:00,1.17235
1,FX18,BUY,BUY,BUY,57,,,0,BULL,BULL,BULL,2026-01-04 08:00:00,H1,2026-01-04 08:00:00,1.18235
1,FX19,BUY,BUY,BUY,57,,,0,BULL,BULL,BULL,2026-01-04 08:00:00,H1,2026-01-04 08:00:00,1.19235
1,FX20,BUY,BUY,BUY,57,,,0,BULL,BULL,BULL,2026-01-04 08:00:00,H1,2026-01-04 08:00:00,1.20235
1,FX21,BUY,BUY,BUY,57,,,0,BULL,BULL,BULL,2026-01-04 08:00:00,H1,2026-01-04 08:00:00,1.21235
1,FX22,BUY,BUY,BUY,57,,,0,BULL,BULL,BULL,2026-01-04 08:00:00,H1,2026-01-04 08:00:00,1.22235
1,FX23,BUY,BUY,BUY,57,,,0,BULL,BULL,BULL,2026-01-04 08:00:00,H1,2026-01-04 08:00:00,1.23235
1,FX24,BUY,BUY,BUY,57,,,0,BULL,BULL,BULL,2026-01-04 08:00:00,H1,2026-01-04 08:00:00,1.24235
1,FX25,BUY,BUY,BUY,57,,,0,BULL,BULL,BULL,2026-01-04 08:00:00,H1,2026-01-04 08:00:00,1.25235
1,FX26,BUY,BUY,BUY,57,,,0,BULL,BULL,BULL,2026-01-04 08:00:00,H1,2026-01-04 08:00:00,1.26235
1,FX27,BUY,BUY,BUY,57,,,0,BULL,BULL,BULL,2026-01-04 08:00:00,H1,2026-01-04 08:00:00,1.27235
1,FX28,BUY,BUY,BUY,57,,,0,BULL,BULL,BULL,2026-01-04 08:00:00,H1,2026-01-04 08:00:00,1.28235
1,FX29,BUY,BUY,BUY,57,,,0,BULL,BULL,BULL,2026-01-04 08:00:00,H1,2026-01-04 08:00:00,1.29235
1,FX00,BUY,BUY,BUY,58,,,0,BULL,BULL,BULL,2026-01-04 09:00:00,H1,2026-01-04 09:00:00,1.00235
1,FX01,BUY,BUY,BUY,58,,,0,BULL,BULL,BULL,2026-01-04 09:00:00,H1,2026-01-04 09:00:00,1.01235
1,FX02,BUY,BUY,BUY,58,,,0,BULL,BULL,BULL,2026-01-04 09:00:00,H1,2026-01-04 09:00:00,1.02235
1,FX03,BUY,BUY,BUY,58,,,0,BULL,BULL,BULL,2026-01-04 09:00:00,H1,2026-01-04 09:00:00,1.03235
1,FX04,BUY,BUY,BUY,58,,,0,BULL,BULL,BULL,2026-01-04 09:00:00,H1,2026-01-04 09:00:00,1.04235
1,FX05,BUY,BUY,BUY,58,,,0,BULL,BULL,BULL,2026-01-04 09:00:00,H1,2026-01-04 09:00:00,1.05235
1,FX06,BUY,BUY,BUY,58,,,0,BULL,BULL,BULL,2026-01-04 09:00:00,H1,2026-01-04 09:00:00,1.06235
1,FX07,BUY,BUY,BUY,58,,,0,BULL,BULL,BULL,2026-01-04 09:00:00,H1,2026-01-04 09:00:00,1.07235
1,FX08,BUY,BUY,BUY,58,,,0,BULL,BULL,BULL,2026-01-04 09:00:00,H1,2026-01-04 09:00:00,1.08235
1,FX09,BUY,BUY,BUY,58,,,0,BULL,BULL,BULL,2026-01-04 09:00:00,H1,2026-01-04 09:00:00,1.09235
1,FX10,BUY,BUY,BUY,58,,,0,BULL,BULL,BULL,2026-01-04 09:00:00,H1,2026-01-04 09:00:00,1.10235
1,FX11,BUY,BUY,BUY,58,,,0,BULL,BULL,BULL,2026-01-04 09:00:00,H1,2026-01-04 09:00:00,1.11235
1,FX12,BUY,BUY,BUY,58,,,0,BULL,BULL,BULL,2026-01-04 09:00:00,H1,2026-01-04 09:00:00,1.12235
1,FX13,BUY,BUY,BUY,58,,,0,BULL,BULL,BULL,2026-01-04 09:00:00,H1,2026-01-04 09:00:00,1.13235
1,FX14,BUY,BUY,BUY,58,,,0,BULL,BULL,BULL,2026-01-04 09:00:00,H1,2026-01-04 09:00:00,1.14235
1,FX15,BUY,BUY,BUY,58,,,0,BULL,BULL,BULL,2026-01-04 09:00:00,H1,2026-01-04 09:00:00,1.15235
1,FX16,BUY,BUY,BUY,58,,,0,BULL,BULL,BULL,2026-01-04 09:00:00,H1,2026-01-04 09:00:00,1.16235
1,FX17,BUY,BUY,BUY,58,,,0,BULL,BULL,BULL,2026-01-04 09:00:00,H1,2026-01-04 09:00:00,1.17235
1,FX18,BUY,BUY,BUY,58,,,0,BULL,BULL,BULL,2026-01-04 09:00:00,H1,2026-01-04 09:00:00,1.18235
1,FX19,BUY,BUY,BUY,58,,,0,BULL,BULL,BULL,2026-01-04 09:00:00,H1,2026-01-04 09:00:00,1.19235
1,FX20,BUY,BUY,BUY,58,,,0,BULL,BULL,BULL,2026-01-04 09:00:00,H1,2026-01-04 09:00:00,1.20235
1,FX21,BUY,BUY,BUY,58,,,0,BULL,BULL,BULL,2026-01-04 09:00:00,H1,2026-01-04 09:00:00,1.21235
1,FX22,BUY,BUY,BUY,58,,,0,BULL,BULL,BULL,2026-01-04 09:00:00,H1,2026-01-04 09:00:00,1.22235
1,FX23,BUY,BUY,BUY,58,,,0,BULL,BULL,BULL,2026-01-04 09:00:00,H1,2026-01-04 09:00:00,1.23235
1,FX24,BUY,BUY,BUY,58,,,0,BULL,BULL,BULL,2026-01-04 09:00:00,H1,2026-01-04 09:00:00,1.24235
1,FX25,BUY,BUY,BUY,58,,,0,BULL,BULL,BULL,2026-01-04 09:00:00,H1,2026-01-04 09:00:00,1.25235
1,FX26,BUY,BUY,BUY,58,,,0,BULL,BULL,BULL,2026-01-04 09:00:00,H1,2026-01-04 09:00:00,1.26235
1,FX27,BUY,BUY,BUY,58,,,0,BULL,BULL,BULL,2026-01-04 09:00:00,H1,2026-01-04 09:00:00,1.27235
1,FX28,BUY,BUY,BUY,58,,,0,BULL,BULL,BULL,2026-01-04 09:00:00,H1,2026-01-04 09:00:00,1.28235
1,FX29,BUY,BUY,BUY,58,,,0,BULL,BULL,BULL,2026-01-04 09:00:00,H1,2026-01-04 09:00:00,1.29235
1,FX00,BUY,BUY,BUY,59,,,0,BULL,BULL,BULL,2026-01-04 10:00:00,H1,2026-01-04 10:00:00,1.00235
1,FX01,BUY,BUY,BUY,59,,,0,BULL,BULL,BULL,2026-01-04 10:00:00,H1,2026-01-04 10:00:00,1.01235
1,FX02,BUY,BUY,BUY,59,,,0,BULL,BULL,BULL,2026-01-04 10:00:00,H1,2026-01-04 10:00:00,1.02235
1,FX03,BUY,BUY,BUY,59,,,0,BULL,BULL,BULL,2026-01-04 10:00:00,H1,2026-01-04 10:00:00,1.03235
1,FX04,BUY,BUY,BUY,59,,,0,BULL,BULL,BULL,2026-01-04 10:00:00,H1,2026-01-04 10:00:00,1.04235
1,FX05,BUY,BUY,BUY,59,,,0,BULL,BULL,BULL,2026-01-04 10:00:00,H1,2026-01-04 10:00:00,1.05235
1,FX06,BUY,BUY,BUY,59,,,0,BULL,BULL,BULL,2026-01-04 10:00:00,H1,2026-01-04 10:00:00,1.06235
1,FX07,BUY,BUY,BUY,59,,,0,BULL,BULL,BULL,2026-01-04 10:00:00,H1,2026-01-04 10:00:00,1.07235
1,FX08,BUY,BUY,BUY,59,,,0,BULL,BULL,BULL,2026-01-04 10:00:00,H1,2026-01-04 10:00:00,1.08235
1,FX09,BUY,BUY,BUY,59,,,0,BULL,BULL,BULL,2026-01-04 10:00:00,H1,2026-01-04 10:00:00,1.09235
1,FX10,BUY,BUY,BUY,59,,,0,BULL,BULL,BULL,2026-01-04 10:00:00,H1,2026-01-04 10:00:00,1.10235
1,FX11,BUY,BUY,BUY,59,,,0,BULL,BULL,BULL,2026-01-04 10:00:00,H1,2026-01-04 10:00:00,1.11235
1,FX12,BUY,BUY,BUY,59,,,0,BULL,BULL,BULL,2026-01-04 10:00:00,H1,2026-01-04 10:00:00,1.12235
1,FX13,BUY,BUY,BUY,59,,,0,BULL,BULL,BULL,2026-01-04 10:00:00,H1,2026-01-04 10:00:00,1.13235
1,FX14,BUY,BUY,BUY,59,,,0,BULL,BULL,BULL,2026-01-04 10:00:00,H1,2026-01-04 10:00:00,1.14235
1,FX15,BUY,BUY,BUY,59,,,0,BULL,BULL,BULL,2026-01-04 10:00:00,H1,2026-01-04 10:00:00,1.15235
1,FX16,BUY,BUY,BUY,59,,,0,BULL,BULL,BULL,2026-01-04 10:00:00,H1,2026-01-04 10:00:00,1.16235
1,FX17,BUY,BUY,BUY,59,,,0,BULL,BULL,BULL,2026-01-04 10:00:00,H1,2026-01-04 10:00:00,1.17235
1,FX18,BUY,BUY,BUY,59,,,0,BULL,BULL,BULL,2026-01-04 10:00:00,H1,2026-01-04 10:00:00,1.18235
1,FX19,BUY,BUY,BUY,59,,,0,BULL,BULL,BULL,2026-01-04 10:00:00,H1,2026-01-04 10:00:00,1.19235
1,FX20,BUY,BUY,BUY,59,,,0,BULL,BULL,BULL,2026-01-04 10:00:00,H1,2026-01-04 10:00:00,1.20235
1,FX21,BUY,BUY,BUY,59,,,0,BULL,BULL,BULL,2026-01-04 10:00:00,H1,2026-01-04 10:00:00,1.21235
1,FX22,BUY,BUY,BUY,59,,,0,BULL,BULL,BULL,2026-01-04 10:00:00,H1,2026-01-04 10:00:00,1.22235
1,FX23,BUY,BUY,BUY,59,,,0,BULL,BULL,BULL,2026-01-04 10:00:00,H1,2026-01-04 10:00:00,1.23235
1,FX24,BUY,BUY,BUY,59,,,0,BULL,BULL,BULL,2026-01-04 10:00:00,H1,2026-01-04 10:00:00,1.24235
1,FX25,BUY,BUY,BUY,59,,,0,BULL,BULL,BULL,2026-01-04 10:00:00,H1,2026-01-04 10:00:00,1.25235
1,FX26,BUY,BUY,BUY,59,,,0,BULL,BULL,BULL,2026-01-04 10:00:00,H1,2026-01-04 10:00:00,1.26235
1,FX27,BUY,BUY,BUY,59,,,0,BULL,BULL,BULL,2026-01-04 10:00:00,H1,2026-01-04 10:00:00,1.27235
1,FX28,BUY,BUY,BUY,59,,,0,BULL,BULL,BULL,2026-01-04 10:00:00,H1,2026-01-04 10:00:00,1.28235
1,FX29,BUY,BUY,BUY,59,,,0,BULL,BULL,BULL,2026-01-04 10:00:00,H1,2026-01-04 10:00:00,1.29235
1,FX00,BUY,BUY,BUY,60,,,0,BULL,BULL,BULL,2026-01-04 11:00:00,H1,2026-01-04 11:00:00,1.00235
1,FX01,BUY,BUY,BUY,60,,,0,BULL,BULL,BULL,2026-01-04 11:00:00,H1,2026-01-04 11:00:00,1.01235
1,FX02,BUY,BUY,BUY,60,,,0,BULL,BULL,BULL,2026-01-04 11:00:00,H1,2026-01-04 11:00:00,1.02235
1,FX03,BUY,BUY,BUY,60,,,0,BULL,BULL,BULL,2026-01-04 11:00:00,H1,2026-01-04 11:00:00,1.03235
1,FX04,BUY,BUY,BUY,60,,,0,BULL,BULL,BULL,2026-01-04 11:00:00,H1,2026-01-04 11:00:00,1.04235
1,FX05,BUY,BUY,BUY,60,,,0,BULL,BULL,BULL,2026-01-04 11:00:00,H1,2026-01-04 11:00:00,1.05235
1,FX06,BUY,BUY,BUY,60,,,0,BULL,BULL,BULL,2026-01-04 11:00:00,H1,2026-01-04 11:00:00,1.06235
1,FX07,BUY,BUY,BUY,60,,,0,BULL,BULL,BULL,2026-01-04 11:00:00,H1,2026-01-04 11:00:00,1.07235
1,FX08,BUY,BUY,BUY,60,,,0,BULL,BULL,BULL,2026-01-04 11:00:00,H1,2026-01-04 11:00:00,1.08235
1,FX09,BUY,BUY,BUY,60,,,0,BULL,BULL,BULL,2026-01-04 11:00:00,H1,2026-01-04 11:00:00,1.09235
1,FX10,BUY,BUY,BUY,60,,,0,BULL,BULL,BULL,2026-01-04 11:00:00,H1,2026-01-04 11:00:00,1.10235
1,FX11,BUY,BUY,BUY,60,,,0,BULL,BULL,BULL,2026-01-04 11:00:00,H1,2026-01-04 11:00:00,1.11235
1,FX12,BUY,BUY,BUY,60,,,0,BULL,BULL,BULL,2026-01-04 11:00:00,H1,2026-01-04 11:00:00,1.12235
1,FX13,BUY,BUY,BUY,60,,,0,BULL,BULL,BULL,2026-01-04 11:00:00,H1,2026-01-04 11:00:00,1.13235
1,FX14,BUY,BUY,BUY,60,,,0,BULL,BULL,BULL,2026-01-04 11:00:00,H1,2026-01-04 11:00:00,1.14235
1,FX15,BUY,BUY,BUY,60,,,0,BULL,BULL,BULL,2026-01-04 11:00:00,H1,2026-01-04 11:00:00,1.15235
1,FX16,BUY,BUY,BUY,60,,,0,BULL,BULL,BULL,2026-01-04 11:00:00,H1,2026-01-04 11:00:00,1.16235
1,FX17,BUY,BUY,BUY,60,,,0,BULL,BULL,BULL,2026-01-04 11:00:00,H1,2026-01-04 11:00:00,1.17235
1,FX18,BUY,BUY,BUY,60,,,0,BULL,BULL,BULL,2026-01-04 11:00:00,H1,2026-01-04 11:00:00,1.18235
1,FX19,BUY,BUY,BUY,60,,,0,BULL,BULL,BULL,2026-01-04 11:00:00,H1,2026-01-04 11:00:00,1.19235
1,FX20,BUY,BUY,BUY,60,,,0,BULL,BULL,BULL,2026-01-04 11:00:00,H1,2026-01-04 11:00:00,1.20235
1,FX21,BUY,BUY,BUY,60,,,0,BULL,BULL,BULL,2026-01-04 11:00:00,H1,2026-01-04 11:00:00,1.21235
1,FX22,BUY,BUY,BUY,60,,,0,BULL,BULL,BULL,2026-01-04 11:00:00,H1,2026-01-04 11:00:00,1.22235
1,FX23,BUY,BUY,BUY,60,,,0,BULL,BULL,BULL,2026-01-04 11:00:00,H1,2026-01-04 11:00:00,1.23235
1,FX24,BUY,BUY,BUY,60,,,0,BULL,BULL,BULL,2026-01-04 11:00:00,H1,2026-01-04 11:00:00,1.24235
1,FX25,BUY,BUY,BUY,60,,,0,BULL,BULL,BULL,2026-01-04 11:00:00,H1,2026-01-04 11:00:00,1.25235
1,FX26,BUY,BUY,BUY,60,,,0,BULL,BULL,BULL,2026-01-04 11:00:00,H1,2026-01-04 11:00:00,1.26235
1,FX27,BUY,BUY,BUY,60,,,0,BULL,BULL,BULL,2026-01-04 11:00:00,H1,2026-01-04 11:00:00,1.27235
1,FX28,BUY,BUY,BUY,60,,,0,BULL,BULL,BULL,2026-01-04 11:00:00,H1,2026-01-04 11:00:00,1.28235
1,FX29,BUY,BUY,BUY,60,,,0,BULL,BULL,BULL,2026-01-04 11:00:00,H1,2026-01-04 11:00:00,1.29235
1,FX00,BUY,BUY,BUY,61,,,0,BULL,BULL,BULL,2026-01-04 12:00:00,H1,2026-01-04 12:00:00,1.00235
1,FX01,BUY,BUY,BUY,61,,,0,BULL,BULL,BULL,2026-01-04 12:00:00,H1,2026-01-04 12:00:00,1.01235
1,FX02,BUY,BUY,BUY,61,,,0,BULL,BULL,BULL,2026-01-04 12:00:00,H1,2026-01-04 12:00:00,1.02235
1,FX03,BUY,BUY,BUY,61,,,0,BULL,BULL,BULL,2026-01-04 12:00:00,H1,2026-01-04 12:00:00,1.03235
1,FX04,BUY,BUY,BUY,61,,,0,BULL,BULL,BULL,2026-01-04 12:00:00,H1,2026-01-04 12:00:00,1.04235
1,FX05,BUY,BUY,BUY,61,,,0,BULL,BULL,BULL,2026-01-04 12:00:00,H1,2026-01-04 12:00:00,1.05235
1,FX06,BUY,BUY,BUY,61,,,0,BULL,BULL,BULL,2026-01-04 12:00:00,H1,2026-01-04 12:00:00,1.06235
1,FX07,BUY,BUY,BUY,61,,,0,BULL,BULL,BULL,2026-01-04 12:00:00,H1,2026-01-04 12:00:00,1.07235
1,FX08,BUY,BUY,BUY,61,,,0,BULL,BULL,BULL,2026-01-04 12:00:00,H1,2026-01-04 12:00:00,1.08235
1,FX09,BUY,BUY,BUY,61,,,0,BULL,BULL,BULL,2026-01-04 12:00:00,H1,2026-01-04 12:00:00,1.09235
1,FX10,BUY,BUY,BUY,61,,,0,BULL,BULL,BULL,2026-01-04 12:00:00,H1,2026-01-04 12:00:00,1.10235
1,FX11,BUY,BUY,BUY,61,,,0,BULL,BULL,BULL,2026-01-04 12:00:00,H1,2026-01-04 12:00:00,1.11235
1,FX12,BUY,BUY,BUY,61,,,0,BULL,BULL,BULL,2026-01-04 12:00:00,H1,2026-01-04 12:00:00,1.12235
1,FX13,BUY,BUY,BUY,61,,,0,BULL,BULL,BULL,2026-01-04 12:00:00,H1,2026-01-04 12:00:00,1.13235
1,FX14,BUY,BUY,BUY,61,,,0,BULL,BULL,BULL,2026-01-04 12:00:00,H1,2026-01-04 12:00:00,1.14235
1,FX15,BUY,BUY,BUY,61,,,0,BULL,BULL,BULL,2026-01-04 12:00:00,H1,2026-01-04 12:00:00,1.15235
1,FX16,BUY,BUY,BUY,61,,,0,BULL,BULL,BULL,2026-01-04 12:00:00,H1,2026-01-04 12:00:00,1.16235
1,FX17,BUY,BUY,BUY,61,,,0,BULL,BULL,BULL,2026-01-04 12:00:00,H1,2026-01-04 12:00:00,1.17235
1,FX18,BUY,BUY,BUY,61,,,0,BULL,BULL,BULL,2026-01-04 12:00:00,H1,2026-01-04 12:00:00,1.18235
1,FX19,BUY,BUY,BUY,61,,,0,BULL,BULL,BULL,2026-01-04 12:00:00,H1,2026-01-04 12:00:00,1.19235
1,FX20,BUY,BUY,BUY,61,,,0,BULL,BULL,BULL,2026-01-04 12:00:00,H1,2026-01-04 12:00:00,1.20235
1,FX21,BUY,BUY,BUY,61,,,0,BULL,BULL,BULL,2026-01-04 12:00:00,H1,2026-01-04 12:00:00,1.21235
1,FX22,BUY,BUY,BUY,61,,,0,BULL,BULL,BULL,2026-01-04 12:00:00,H1,2026-01-04 12:00:00,1.22235
1,FX23,BUY,BUY,BUY,61,,,0,BULL,BULL,BULL,2026-01-04 12:00:00,H1,2026-01-04 12:00:00,1.23235
1,FX24,BUY,BUY,BUY,61,,,0,BULL,BULL,BULL,2026-01-04 12:00:00,H1,2026-01-04 12:00:00,1.24235
1,FX25,BUY,BUY,BUY,61,,,0,BULL,BULL,BULL,2026-01-04 12:00:00,H1,2026-01-04 12:00:00,1.25235
1,FX26,BUY,BUY,BUY,61,,,0,BULL,BULL,BULL,2026-01-04 12:00:00,H1,2026-01-04 12:00:00,1.26235
1,FX27,BUY,BUY,BUY,61,,,0,BULL,BULL,BULL,2026-01-04 12:00:00,H1,2026-01-04 12:00:00,1.27235
1,FX28,BUY,BUY,BUY,61,,,0,BULL,BULL,BULL,2026-01-04 12:00:00,H1,2026-01-04 12:00:00,1.28235
1,FX29,BUY,BUY,BUY,61,,,0,BULL,BULL,BULL,2026-01-04 12:00:00,H1,2026-01-04 12:00:00,1.29235
1,FX00,BUY,BUY,BUY,62,,,0,BULL,BULL,BULL,2026-01-04 13:00:00,H1,2026-01-04 13:00:00,1.00235
1,FX01,BUY,BUY,BUY,62,,,0,BULL,BULL,BULL,2026-01-04 13:00:00,H1,2026-01-04 13:00:00,1.01235
1,FX02,BUY,BUY,BUY,62,,,0,BULL,BULL,BULL,2026-01-04 13:00:00,H1,2026-01-04 13:00:00,1.02235
1,FX03,BUY,BUY,BUY,62,,,0,BULL,BULL,BULL,2026-01-04 13:00:00,H1,2026-01-04 13:00:00,1.03235
1,FX04,BUY,BUY,BUY,62,,,0,BULL,BULL,BULL,2026-01-04 13:00:00,H1,2026-01-04 13:00:00,1.04235
1,FX05,BUY,BUY,BUY,62,,,0,BULL,BULL,BULL,2026-01-04 13:00:00,H1,2026-01-04 13:00:00,1.05235
1,FX06,BUY,BUY,BUY,62,,,0,BULL,BULL,BULL,2026-01-04 13:00:00,H1,2026-01-04 13:00:00,1.06235
1,FX07,BUY,BUY,BUY,62,,,0,BULL,BULL,BULL,2026-01-04 13:00:00,H1,2026-01-04 13:00:00,1.07235
1,FX08,BUY,BUY,BUY,62,,,0,BULL,BULL,BULL,2026-01-04 13:00:00,H1,2026-01-04 13:00:00,1.08235
1,FX09,BUY,BUY,BUY,62,,,0,BULL,BULL,BULL,2026-01-04 13:00:00,H1,2026-01-04 13:00:00,1.09235
1,FX10,BUY,BUY,BUY,62,,,0,BULL,BULL,BULL,2026-01-04 13:00:00,H1,2026-01-04 13:00:00,1.10235
1,FX11,BUY,BUY,BUY,62,,,0,BULL,BULL,BULL,2026-01-04 13:00:00,H1,2026-01-04 13:00:00,1.11235
1,FX12,BUY,BUY,BUY,62,,,0,BULL,BULL,BULL,2026-01-04 13:00:00,H1,2026-01-04 13:00:00,1.12235
1,FX13,BUY,BUY,BUY,62,,,0,BULL,BULL,BULL,2026-01-04 13:00:00,H1,2026-01-04 13:00:00,1.13235
1,FX14,BUY,BUY,BUY,62,,,0,BULL,BULL,BULL,2026-01-04 13:00:00,H1,2026-01-04 13:00:00,1.14235
1,FX15,BUY,BUY,BUY,62,,,0,BULL,BULL,BULL,2026-01-04 13:00:00,H1,2026-01-04 13:00:00,1.15235
1,FX16,BUY,BUY,BUY,62,,,0,BULL,BULL,BULL,2026-01-04 13:00:00,H1,2026-01-04 13:00:00,1.16235
1,FX17,BUY,BUY,BUY,62,,,0,BULL,BULL,BULL,2026-01-04 13:00:00,H1,2026-01-04 13:00:00,1.17235
1,FX18,BUY,BUY,BUY,62,,,0,BULL,BULL,BULL,2026-01-04 13:00:00,H1,2026-01-04 13:00:00,1.18235
1,FX19,BUY,BUY,BUY,62,,,0,BULL,BULL,BULL,2026-01-04 13:00:00,H1,2026-01-04 13:00:00,1.19235
1,FX20,BUY,BUY,BUY,62,,,0,BULL,BULL,BULL,2026-01-04 13:00:00,H1,2026-01-04 13:00:00,1.20235
1,FX21,BUY,BUY,BUY,62,,,0,BULL,BULL,BULL,2026-01-04 13:00:00,H1,2026-01-04 13:00:00,1.21235
1,FX22,BUY,BUY,BUY,62,,,0,BULL,BULL,BULL,2026-01-04 13:00:00,H1,2026-01-04 13:00:00,1.22235
1,FX23,BUY,BUY,BUY,62,,,0,BULL,BULL,BULL,2026-01-04 13:00:00,H1,2026-01-04 13:00:00,1.23235
1,FX24,BUY,BUY,BUY,62,,,0,BULL,BULL,BULL,2026-01-04 13:00:00,H1,2026-01-04 13:00:00,1.24235
1,FX25,BUY,BUY,BUY,62,,,0,BULL,BULL,BULL,2026-01-04 13:00:00,H1,2026-01-04 13:00:00,1.25235
1,FX26,BUY,BUY,BUY,62,,,0,BULL,BULL,BULL,2026-01-04 13:00:00,H1,2026-01-04 13:00:00,1.26235
1,FX27,BUY,BUY,BUY,62,,,0,BULL,BULL,BULL,2026-01-04 13:00:00,H1,2026-01-04 13:00:00,1.27235
1,FX28,BUY,BUY,BUY,62,,,0,BULL,BULL,BULL,2026-01-04 13:00:00,H1,2026-01-04 13:00:00,1.28235
1,FX29,BUY,BUY,BUY,62,,,0,BULL,BULL,BULL,2026-01-04 13:00:00,H1,2026-01-04 13:00:00,1.29235
1,FX00,BUY,BUY,BUY,63,,,0,BULL,BULL,BULL,2026-01-04 14:00:00,H1,2026-01-04 14:00:00,1.00235
1,FX01,BUY,BUY,BUY,63,,,0,BULL,BULL,BULL,2026-01-04 14:00:00,H1,2026-01-04 14:00:00,1.01235
1,FX02,BUY,BUY,BUY,63,,,0,BULL,BULL,BULL,2026-01-04 14:00:00,H1,2026-01-04 14:00:00,1.02235
1,FX03,BUY,BUY,BUY,63,,,0,BULL,BULL,BULL,2026-01-04 14:00:00,H1,2026-01-04 14:00:00,1.03235
1,FX04,BUY,BUY,BUY,63,,,0,BULL,BULL,BULL,2026-01-04 14:00:00,H1,2026-01-04 14:00:00,1.04235
1,FX05,BUY,BUY,BUY,63,,,0,BULL,BULL,BULL,2026-01-04 14:00:00,H1,2026-01-04 14:00:00,1.05235
1,FX06,BUY,BUY,BUY,63,,,0,BULL,BULL,BULL,2026-01-04 14:00:00,H1,2026-01-04 14:00:00,1.06235
1,FX07,BUY,BUY,BUY,63,,,0,BULL,BULL,BULL,2026-01-04 14:00:00,H1,2026-01-04 14:00:00,1.07235
1,FX08,BUY,BUY,BUY,63,,,0,BULL,BULL,BULL,2026-01-04 14:00:00,H1,2026-01-04 14:00:00,1.08235
1,FX09,BUY,BUY,BUY,63,,,0,BULL,BULL,BULL,2026-01-04 14:00:00,H1,2026-01-04 14:00:00,1.09235
1,FX10,BUY,BUY,BUY,63,,,0,BULL,BULL,BULL,2026-01-04 14:00:00,H1,2026-01-04 14:00:00,1.10235
1,FX11,BUY,BUY,BUY,63,,,0,BULL,BULL,BULL,2026-01-04 14:00:00,H1,2026-01-04 14:00:00,1.11235
1,FX12,BUY,BUY,BUY,63,,,0,BULL,BULL,BULL,2026-01-04 14:00:00,H1,2026-01-04 14:00:00,1.12235
1,FX13,BUY,BUY,BUY,63,,,0,BULL,BULL,BULL,2026-01-04 14:00:00,H1,2026-01-04 14:00:00,1.13235
1,FX14,BUY,BUY,BUY,63,,,0,BULL,BULL,BULL,2026-01-04 14:00:00,H1,2026-01-04 14:00:00,1.14235
1,FX15,BUY,BUY,BUY,63,,,0,BULL,BULL,BULL,2026-01-04 14:00:00,H1,2026-01-04 14:00:00,1.15235
1,FX16,BUY,BUY,BUY,63,,,0,BULL,BULL,BULL,2026-01-04 14:00:00,H1,2026-01-04 14:00:00,1.16235
1,FX17,BUY,BUY,BUY,63,,,0,BULL,BULL,BULL,2026-01-04 14:00:00,H1,2026-01-04 14:00:00,1.17235
1,FX18,BUY,BUY,BUY,63,,,0,BULL,BULL,BULL,2026-01-04 14:00:00,H1,2026-01-04 14:00:00,1.18235
1,FX19,BUY,BUY,BUY,63,,,0,BULL,BULL,BULL,2026-01-04 14:00:00,H1,2026-01-04 14:00:00,1.19235
1,FX20,BUY,BUY,BUY,63,,,0,BULL,BULL,BULL,2026-01-04 14:00:00,H1,2026-01-04 14:00:00,1.20235
1,FX21,BUY,BUY,BUY,63,,,0,BULL,BULL,BULL,2026-01-04 14:00:00,H1,2026-01-04 14:00:00,1.21235
1,FX22,BUY,BUY,BUY,63,,,0,BULL,BULL,BULL,2026-01-04 14:00:00,H1,2026-01-04 14:00:00,1.22235
1,FX23,BUY,BUY,BUY,63,,,0,BULL,BULL,BULL,2026-01-04 14:00:00,H1,2026-01-04 14:00:00,1.23235
1,FX24,BUY,BUY,BUY,63,,,0,BULL,BULL,BULL,2026-01-04 14:00:00,H1,2026-01-04 14:00:00,1.24235
1,FX25,BUY,BUY,BUY,63,,,0,BULL,BULL,BULL,2026-01-04 14:00:00,H1,2026-01-04 14:00:00,1.25235
1,FX26,BUY,BUY,BUY,63,,,0,BULL,BULL,BULL,2026-01-04 14:00:00,H1,2026-01-04 14:00:00,1.26235
1,FX27,BUY,BUY,BUY,63,,,0,BULL,BULL,BULL,2026-01-04 14:00:00,H1,2026-01-04 14:00:00,1.27235
1,FX28,BUY,BUY,BUY,63,,,0,BULL,BULL,BULL,2026-01-04 14:00:00,H1,2026-01-04 14:00:00,1.28235
1,FX29,BUY,BUY,BUY,63,,,0,BULL,BULL,BULL,2026-01-04 14:00:00,H1,2026-01-04 14:00:00,1.29235
1,FX00,BUY,BUY,BUY,64,,,0,BULL,BULL,BULL,2026-01-04 15:00:00,H1,2026-01-04 15:00:00,1.00235
1,FX01,BUY,BUY,BUY,64,,,0,BULL,BULL,BULL,2026-01-04 15:00:00,H1,2026-01-04 15:00:00,1.01235
1,FX02,BUY,BUY,BUY,64,,,0,BULL,BULL,BULL,2026-01-04 15:00:00,H1,2026-01-04 15:00:00,1.02235
1,FX03,BUY,BUY,BUY,64,,,0,BULL,BULL,BULL,2026-01-04 15:00:00,H1,2026-01-04 15:00:00,1.03235
1,FX04,BUY,BUY,BUY,64,,,0,BULL,BULL,BULL,2026-01-04 15:00:00,H1,2026-01-04 15:00:00,1.04235
1,FX05,BUY,BUY,BUY,64,,,0,BULL,BULL,BULL,2026-01-04 15:00:00,H1,2026-01-04 15:00:00,1.05235
1,FX06,BUY,BUY,BUY,64,,,0,BULL,BULL,BULL,2026-01-04 15:00:00,H1,2026-01-04 15:00:00,1.06235
1,FX07,BUY,BUY,BUY,64,,,0,BULL,BULL,BULL,2026-01-04 15:00:00,H1,2026-01-04 15:00:00,1.07235
1,FX08,BUY,BUY,BUY,64,,,0,BULL,BULL,BULL,2026-01-04 15:00:00,H1,2026-01-04 15:00:00,1.08235
1,FX09,BUY,BUY,BUY,64,,,0,BULL,BULL,BULL,2026-01-04 15:00:00,H1,2026-01-04 15:00:00,1.09235
1,FX10,BUY,BUY,BUY,64,,,0,BULL,BULL,BULL,2026-01-04 15:00:00,H1,2026-01-04 15:00:00,1.10235
1,FX11,BUY,BUY,BUY,64,,,0,BULL,BULL,BULL,2026-01-04 15:00:00,H1,2026-01-04 15:00:00,1.11235
1,FX12,BUY,BUY,BUY,64,,,0,BULL,BULL,BULL,2026-01-04 15:00:00,H1,2026-01-04 15:00:00,1.12235
1,FX13,BUY,BUY,BUY,64,,,0,BULL,BULL,BULL,2026-01-04 15:00:00,H1,2026-01-04 15:00:00,1.13235
1,FX14,BUY,BUY,BUY,64,,,0,BULL,BULL,BULL,2026-01-04 15:00:00,H1,2026-01-04 15:00:00,1.14235
1,FX15,BUY,BUY,BUY,64,,,0,BULL,BULL,BULL,2026-01-04 15:00:00,H1,2026-01-04 15:00:00,1.15235
1,FX16,BUY,BUY,BUY,64,,,0,BULL,BULL,BULL,2026-01-04 15:00:00,H1,2026-01-04 15:00:00,1.16235
1,FX17,BUY,BUY,BUY,64,,,0,BULL,BULL,BULL,2026-01-04 15:00:00,H1,2026-01-04 15:00:00,1.17235
1,FX18,BUY,BUY,BUY,64,,,0,BULL,BULL,BULL,2026-01-04 15:00:00,H1,2026-01-04 15:00:00,1.18235
1,FX19,BUY,BUY,BUY,64,,,0,BULL,BULL,BULL,2026-01-04 15:00:00,H1,2026-01-04 15:00:00,1.19235
1,FX20,BUY,BUY,BUY,64,,,0,BULL,BULL,BULL,2026-01-04 15:00:00,H1,2026-01-04 15:00:00,1.20235
1,FX21,BUY,BUY,BUY,64,,,0,BULL,BULL,BULL,2026-01-04 15:00:00,H1,2026-01-04 15:00:00,1.21235
1,FX22,BUY,BUY,BUY,64,,,0,BULL,BULL,BULL,2026-01-04 15:00:00,H1,2026-01-04 15:00:00,1.22235
1,FX23,BUY,BUY,BUY,64,,,0,BULL,BULL,BULL,2026-01-04 15:00:00,H1,2026-01-04 15:00:00,1.23235
1,FX24,BUY,BUY,BUY,64,,,0,BULL,BULL,BULL,2026-01-04 15:00:00,H1,2026-01-04 15:00:00,1.24235
1,FX25,BUY,BUY,BUY,64,,,0,BULL,BULL,BULL,2026-01-04 15:00:00,H1,2026-01-04 15:00:00,1.25235
1,FX26,BUY,BUY,BUY,64,,,0,BULL,BULL,BULL,2026-01-04 15:00:00,H1,2026-01-04 15:00:00,1.26235
1,FX27,BUY,BUY,BUY,64,,,0,BULL,BULL,BULL,2026-01-04 15:00:00,H1,2026-01-04 15:00:00,1.27235
1,FX28,BUY,BUY,BUY,64,,,0,BULL,BULL,BULL,2026-01-04 15:00:00,H1,2026-01-04 15:00:00,1.28235
1,FX29,BUY,BUY,BUY,64,,,0,BULL,BULL,BULL,2026-01-04 15:00:00,H1,2026-01-04 15:00:00,1.29235
1,FX00,BUY,BUY,BUY,65,,,0,BULL,BULL,BULL,2026-01-04 16:00:00,H1,2026-01-04 16:00:00,1.00235
1,FX01,BUY,BUY,BUY,65,,,0,BULL,BULL,BULL,2026-01-04 16:00:00,H1,2026-01-04 16:00:00,1.01235
1,FX02,BUY,BUY,BUY,65,,,0,BULL,BULL,BULL,2026-01-04 16:00:00,H1,2026-01-04 16:00:00,1.02235
1,FX03,BUY,BUY,BUY,65,,,0,BULL,BULL,BULL,2026-01-04 16:00:00,H1,2026-01-04 16:00:00,1.03235
1,FX04,BUY,BUY,BUY,65,,,0,BULL,BULL,BULL,2026-01-04 16:00:00,H1,2026-01-04 16:00:00,1.04235
1,FX05,BUY,BUY,BUY,65,,,0,BULL,BULL,BULL,2026-01-04 16:00:00,H1,2026-01-04 16:00:00,1.05235
1,FX06,BUY,BUY,BUY,65,,,0,BULL,BULL,BULL,2026-01-04 16:00:00,H1,2026-01-04 16:00:00,1.06235
1,FX07,BUY,BUY,BUY,65,,,0,BULL,BULL,BULL,2026-01-04 16:00:00,H1,2026-01-04 16:00:00,1.07235
1,FX08,BUY,BUY,BUY,65,,,0,BULL,BULL,BULL,2026-01-04 16:00:00,H1,2026-01-04 16:00:00,1.08235
1,FX09,BUY,BUY,BUY,65,,,0,BULL,BULL,BULL,2026-01-04 16:00:00,H1,2026-01-04 16:00:00,1.09235
1,FX10,BUY,BUY,BUY,65,,,0,BULL,BULL,BULL,2026-01-04 16:00:00,H1,2026-01-04 16:00:00,1.10235
1,FX11,BUY,BUY,BUY,65,,,0,BULL,BULL,BULL,2026-01-04 16:00:00,H1,2026-01-04 16:00:00,1.11235
1,FX12,BUY,BUY,BUY,65,,,0,BULL,BULL,BULL,2026-01-04 16:00:00,H1,2026-01-04 16:00:00,1.12235
1,FX13,BUY,BUY,BUY,65,,,0,BULL,BULL,BULL,2026-01-04 16:00:00,H1,2026-01-04 16:00:00,1.13235
1,FX14,BUY,BUY,BUY,65,,,0,BULL,BULL,BULL,2026-01-04 16:00:00,H1,2026-01-04 16:00:00,1.14235
1,FX15,BUY,BUY,BUY,65,,,0,BULL,BULL,BULL,2026-01-04 16:00:00,H1,2026-01-04 16:00:00,1.15235
1,FX16,BUY,BUY,BUY,65,,,0,BULL,BULL,BULL,2026-01-04 16:00:00,H1,2026-01-04 16:00:00,1.16235
1,FX17,BUY,BUY,BUY,65,,,0,BULL,BULL,BULL,2026-01-04 16:00:00,H1,2026-01-04 16:00:00,1.17235
1,FX18,BUY,BUY,BUY,65,,,0,BULL,BULL,BULL,2026-01-04 16:00:00,H1,2026-01-04 16:00:00,1.18235
1,FX19,BUY,BUY,BUY,65,,,0,BULL,BULL,BULL,2026-01-04 16:00:00,H1,2026-01-04 16:00:00,1.19235
1,FX20,BUY,BUY,BUY,65,,,0,BULL,BULL,BULL,2026-01-04 16:00:00,H1,2026-01-04 16:00:00,1.20235
1,FX21,BUY,BUY,BUY,65,,,0,BULL,BULL,BULL,2026-01-04 16:00:00,H1,2026-01-04 16:00:00,1.21235
1,FX22,BUY,BUY,BUY,65,,,0,BULL,BULL,BULL,2026-01-04 16:00:00,H1,2026-01-04 16:00:00,1.22235
1,FX23,BUY,BUY,BUY,65,,,0,BULL,BULL,BULL,2026-01-04 16:00:00,H1,2026-01-04 16:00:00,1.23235
1,FX24,BUY,BUY,BUY,65,,,0,BULL,BULL,BULL,2026-01-04 16:00:00,H1,2026-01-04 16:00:00,1.24235
1,FX25,BUY,BUY,BUY,65,,,0,BULL,BULL,BULL,2026-01-04 16:00:00,H1,2026-01-04 16:00:00,1.25235
1,FX26,BUY,BUY,BUY,65,,,0,BULL,BULL,BULL,2026-01-04 16:00:00,H1,2026-01-04 16:00:00,1.26235
1,FX27,BUY,BUY,BUY,65,,,0,BULL,BULL,BULL,2026-01-04 16:00:00,H1,2026-01-04 16:00:00,1.27235
1,FX28,BUY,BUY,BUY,65,,,0,BULL,BULL,BULL,2026-01-04 16:00:00,H1,2026-01-04 16:00:00,1.28235
1,FX29,BUY,BUY,BUY,65,,,0,BULL,BULL,BULL,2026-01-04 16:00:00,H1,2026-01-04 16:00:00,1.29235
1,FX00,BUY,BUY,BUY,66,,,0,BULL,BULL,BULL,2026-01-04 17:00:00,H1,2026-01-04 17:00:00,1.00235
1,FX01,BUY,BUY,BUY,66,,,0,BULL,BULL,BULL,2026-01-04 17:00:00,H1,2026-01-04 17:00:00,1.01235
1,FX02,BUY,BUY,BUY,66,,,0,BULL,BULL,BULL,2026-01-04 17:00:00,H1,2026-01-04 17:00:00,1.02235
1,FX03,BUY,BUY,BUY,66,,,0,BULL,BULL,BULL,2026-01-04 17:00:00,H1,2026-01-04 17:00:00,1.03235
1,FX04,BUY,BUY,BUY,66,,,0,BULL,BULL,BULL,2026-01-04 17:00:00,H1,2026-01-04 17:00:00,1.04235
1,FX05,BUY,BUY,BUY,66,,,0,BULL,BULL,BULL,2026-01-04 17:00:00,H1,2026-01-04 17:00:00,1.05235
1,FX06,BUY,BUY,BUY,66,,,0,BULL,BULL,BULL,2026-01-04 17:00:00,H1,2026-01-04 17:00:00,1.06235
1,FX07,BUY,BUY,BUY,66,,,0,BULL,BULL,BULL,2026-01-04 17:00:00,H1,2026-01-04 17:00:00,1.07235
1,FX08,BUY,BUY,BUY,66,,,0,BULL,BULL,BULL,2026-01-04 17:00:00,H1,2026-01-04 17:00:00,1.08235
1,FX09,BUY,BUY,BUY,66,,,0,BULL,BULL,BULL,2026-01-04 17:00:00,H1,2026-01-04 17:00:00,1.09235
1,FX10,BUY,BUY,BUY,66,,,0,BULL,BULL,BULL,2026-01-04 17:00:00,H1,2026-01-04 17:00:00,1.10235
1,FX11,BUY,BUY,BUY,66,,,0,BULL,BULL,BULL,2026-01-04 17:00:00,H1,2026-01-04 17:00:00,1.11235
1,FX12,BUY,BUY,BUY,66,,,0,BULL,BULL,BULL,2026-01-04 17:00:00,H1,2026-01-04 17:00:00,1.12235
1,FX13,BUY,BUY,BUY,66,,,0,BULL,BULL,BULL,2026-01-04 17:00:00,H1,2026-01-04 17:00:00,1.13235
1,FX14,BUY,BUY,BUY,66,,,0,BULL,BULL,BULL,2026-01-04 17:00:00,H1,2026-01-04 17:00:00,1.14235
1,FX15,BUY,BUY,BUY,66,,,0,BULL,BULL,BULL,2026-01-04 17:00:00,H1,2026-01-04 17:00:00,1.15235
1,FX16,BUY,BUY,BUY,66,,,0,BULL,BULL,BULL,2026-01-04 17:00:00,H1,2026-01-04 17:00:00,1.16235
1,FX17,BUY,BUY,BUY,66,,,0,BULL,BULL,BULL,2026-01-04 17:00:00,H1,2026-01-04 17:00:00,1.17235
1,FX18,BUY,BUY,BUY,66,,,0,BULL,BULL,BULL,2026-01-04 17:00:00,H1,2026-01-04 17:00:00,1.18235
1,FX19,BUY,BUY,BUY,66,,,0,BULL,BULL,BULL,2026-01-04 17:00:00,H1,2026-01-04 17:00:00,1.19235
1,FX20,BUY,BUY,BUY,66,,,0,BULL,BULL,BULL,2026-01-04 17:00:00,H1,2026-01-04 17:00:00,1.20235
1,FX21,BUY,BUY,BUY,66,,,0,BULL,BULL,BULL,2026-01-04 17:00:00,H1,2026-01-04 17:00:00,1.21235
1,FX22,BUY,BUY,BUY,66,,,0,BULL,BULL,BULL,2026-01-04 17:00:00,H1,2026-01-04 17:00:00,1.22235
1,FX23,BUY,BUY,BUY,66,,,0,BULL,BULL,BULL,2026-01-04 17:00:00,H1,2026-01-04 17:00:00,1.23235
1,FX24,BUY,BUY,BUY,66,,,0,BULL,BULL,BULL,2026-01-04 17:00:00,H1,2026-01-04 17:00:00,1.24235
1,FX25,BUY,BUY,BUY,66,,,0,BULL,BULL,BULL,2026-01-04 17:00:00,H1,2026-01-04 17:00:00,1.25235
1,FX26,BUY,BUY,BUY,66,,,0,BULL,BULL,BULL,2026-01-04 17:00:00,H1,2026-01-04 17:00:00,1.26235
1,FX27,BUY,BUY,BUY,66,,,0,BULL,BULL,BULL,2026-01-04 17:00:00,H1,2026-01-04 17:00:00,1.27235
1,FX28,BUY,BUY,BUY,66,,,0,BULL,BULL,BULL,2026-01-04 17:00:00,H1,2026-01-04 17:00:00,1.28235
1,FX29,BUY,BUY,BUY,66,,,0,BULL,BULL,BULL,2026-01-04 17:00:00,H1,2026-01-04 17:00:00,1.29235
1,FX00,BUY,BUY,BUY,67,,,0,BULL,BULL,BULL,2026-01-04 18:00:00,H1,2026-01-04 18:00:00,1.00235
1,FX01,BUY,BUY,BUY,67,,,0,BULL,BULL,BULL,2026-01-04 18:00:00,H1,2026-01-04 18:00:00,1.01235
1,FX02,BUY,BUY,BUY,67,,,0,BULL,BULL,BULL,2026-01-04 18:00:00,H1,2026-01-04 18:00:00,1.02235
1,FX03,BUY,BUY,BUY,67,,,0,BULL,BULL,BULL,2026-01-04 18:00:00,H1,2026-01-04 18:00:00,1.03235
1,FX04,BUY,BUY,BUY,67,,,0,BULL,BULL,BULL,2026-01-04 18:00:00,H1,2026-01-04 18:00:00,1.04235
1,FX05,BUY,BUY,BUY,67,,,0,BULL,BULL,BULL,2026-01-04 18:00:00,H1,2026-01-04 18:00:00,1.05235
1,FX06,BUY,BUY,BUY,67,,,0,BULL,BULL,BULL,2026-01-04 18:00:00,H1,2026-01-04 18:00:00,1.06235
1,FX07,BUY,BUY,BUY,67,,,0,BULL,BULL,BULL,2026-01-04 18:00:00,H1,2026-01-04 18:00:00,1.07235
1,FX08,BUY,BUY,BUY,67,,,0,BULL,BULL,BULL,2026-01-04 18:00:00,H1,2026-01-04 18:00:00,1.08235
1,FX09,BUY,BUY,BUY,67,,,0,BULL,BULL,BULL,2026-01-04 18:00:00,H1,2026-01-04 18:00:00,1.09235
1,FX10,BUY,BUY,BUY,67,,,0,BULL,BULL,BULL,2026-01-04 18:00:00,H1,2026-01-04 18:00:00,1.10235
1,FX11,BUY,BUY,BUY,67,,,0,BULL,BULL,BULL,2026-01-04 18:00:00,H1,2026-01-04 18:00:00,1.11235
1,FX12,BUY,BUY,BUY,67,,,0,BULL,BULL,BULL,2026-01-04 18:00:00,H1,2026-01-04 18:00:00,1.12235
1,FX13,BUY,BUY,BUY,67,,,0,BULL,BULL,BULL,2026-01-04 18:00:00,H1,2026-01-04 18:00:00,1.13235
1,FX14,BUY,BUY,BUY,67,,,0,BULL,BULL,BULL,2026-01-04 18:00:00,H1,2026-01-04 18:00:00,1.14235
1,FX15,BUY,BUY,BUY,67,,,0,BULL,BULL,BULL,2026-01-04 18:00:00,H1,2026-01-04 18:00:00,1.15235
1,FX16,BUY,BUY,BUY,67,,,0,BULL,BULL,BULL,2026-01-04 18:00:00,H1,2026-01-04 18:00:00,1.16235
1,FX17,BUY,BUY,BUY,67,,,0,BULL,BULL,BULL,2026-01-04 18:00:00,H1,2026-01-04 18:00:00,1.17235
1,FX18,BUY,BUY,BUY,67,,,0,BULL,BULL,BULL,2026-01-04 18:00:00,H1,2026-01-04 18:00:00,1.18235
1,FX19,BUY,BUY,BUY,67,,,0,BULL,BULL,BULL,2026-01-04 18:00:00,H1,2026-01-04 18:00:00,1.19235
1,FX20,BUY,BUY,BUY,67,,,0,BULL,BULL,BULL,2026-01-04 18:00:00,H1,2026-01-04 18:00:00,1.20235
1,FX21,BUY,BUY,BUY,67,,,0,BULL,BULL,BULL,2026-01-04 18:00:00,H1,2026-01-04 18:00:00,1.21235
1,FX22,BUY,BUY,BUY,67,,,0,BULL,BULL,BULL,2026-01-04 18:00:00,H1,2026-01-04 18:00:00,1.22235
1,FX23,BUY,BUY,BUY,67,,,0,BULL,BULL,BULL,2026-01-04 18:00:00,H1,2026-01-04 18:00:00,1.23235
1,FX24,BUY,BUY,BUY,67,,,0,BULL,BULL,BULL,2026-01-04 18:00:00,H1,2026-01-04 18:00:00,1.24235
1,FX25,BUY,BUY,BUY,67,,,0,BULL,BULL,BULL,2026-01-04 18:00:00,H1,2026-01-04 18:00:00,1.25235
1,FX26,BUY,BUY,BUY,67,,,0,BULL,BULL,BULL,2026-01-04 18:00:00,H1,2026-01-04 18:00:00,1.26235
1,FX27,BUY,BUY,BUY,67,,,0,BULL,BULL,BULL,2026-01-04 18:00:00,H1,2026-01-04 18:00:00,1.27235
1,FX28,BUY,BUY,BUY,67,,,0,BULL,BULL,BULL,2026-01-04 18:00:00,H1,2026-01-04 18:00:00,1.28235
1,FX29,BUY,BUY,BUY,67,,,0,BULL,BULL,BULL,2026-01-04 18:00:00,H1,2026-01-04 18:00:00,1.29235
1,FX00,BUY,BUY,BUY,68,,,0,BULL,BULL,BULL,2026-01-04 19:00:00,H1,2026-01-04 19:00:00,1.00235
1,FX01,BUY,BUY,BUY,68,,,0,BULL,BULL,BULL,2026-01-04 19:00:00,H1,2026-01-04 19:00:00,1.01235
1,FX02,BUY,BUY,BUY,68,,,0,BULL,BULL,BULL,2026-01-04 19:00:00,H1,2026-01-04 19:00:00,1.02235
1,FX03,BUY,BUY,BUY,68,,,0,BULL,BULL,BULL,2026-01-04 19:00:00,H1,2026-01-04 19:00:00,1.03235
1,FX04,BUY,BUY,BUY,68,,,0,BULL,BULL,BULL,2026-01-04 19:00:00,H1,2026-01-04 19:00:00,1.04235
1,FX05,BUY,BUY,BUY,68,,,0,BULL,BULL,BULL,2026-01-04 19:00:00,H1,2026-01-04 19:00:00,1.05235
1,FX06,BUY,BUY,BUY,68,,,0,BULL,BULL,BULL,2026-01-04 19:00:00,H1,2026-01-04 19:00:00,1.06235
1,FX07,BUY,BUY,BUY,68,,,0,BULL,BULL,BULL,2026-01-04 19:00:00,H1,2026-01-04 19:00:00,1.07235
1,FX08,BUY,BUY,BUY,68,,,0,BULL,BULL,BULL,2026-01-04 19:00:00,H1,2026-01-04 19:00:00,1.08235
1,FX09,BUY,BUY,BUY,68,,,0,BULL,BULL,BULL,2026-01-04 19:00:00,H1,2026-01-04 19:00:00,1.09235
1,FX10,BUY,BUY,BUY,68,,,0,BULL,BULL,BULL,2026-01-04 19:00:00,H1,2026-01-04 19:00:00,1.10235
1,FX11,BUY,BUY,BUY,68,,,0,BULL,BULL,BULL,2026-01-04 19:00:00,H1,2026-01-04 19:00:00,1.11235
1,FX12,BUY,BUY,BUY,68,,,0,BULL,BULL,BULL,2026-01-04 19:00:00,H1,2026-01-04 19:00:00,1.12235
1,FX13,BUY,BUY,BUY,68,,,0,BULL,BULL,BULL,2026-01-04 19:00:00,H1,2026-01-04 19:00:00,1.13235
1,FX14,BUY,BUY,BUY,68,,,0,BULL,BULL,BULL,2026-01-04 19:00:00,H1,2026-01-04 19:00:00,1.14235
1,FX15,BUY,BUY,BUY,68,,,0,BULL,BULL,BULL,2026-01-04 19:00:00,H1,2026-01-04 19:00:00,1.15235
1,FX16,BUY,BUY,BUY,68,,,0,BULL,BULL,BULL,2026-01-04 19:00:00,H1,2026-01-04 19:00:00,1.16235
1,FX17,BUY,BUY,BUY,68,,,0,BULL,BULL,BULL,2026-01-04 19:00:00,H1,2026-01-04 19:00:00,1.17235
1,FX18,BUY,BUY,BUY,68,,,0,BULL,BULL,BULL,2026-01-04 19:00:00,H1,2026-01-04 19:00:00,1.18235
1,FX19,BUY,BUY,BUY,68,,,0,BULL,BULL,BULL,2026-01-04 19:00:00,H1,2026-01-04 19:00:00,1.19235
1,FX20,BUY,BUY,BUY,68,,,0,BULL,BULL,BULL,2026-01-04 19:00:00,H1,2026-01-04 19:00:00,1.20235
1,FX21,BUY,BUY,BUY,68,,,0,BULL,BULL,BULL,2026-01-04 19:00:00,H1,2026-01-04 19:00:00,1.21235
1,FX22,BUY,BUY,BUY,68,,,0,BULL,BULL,BULL,2026-01-04 19:00:00,H1,2026-01-04 19:00:00,1.22235
1,FX23,BUY,BUY,BUY,68,,,0,BULL,BULL,BULL,2026-01-04 19:00:00,H1,2026-01-04 19:00:00,1.23235
1,FX24,BUY,BUY,BUY,68,,,0,BULL,BULL,BULL,2026-01-04 19:00:00,H1,2026-01-04 19:00:00,1.24235
1,FX25,BUY,BUY,BUY,68,,,0,BULL,BULL,BULL,2026-01-04 19:00:00,H1,2026-01-04 19:00:00,1.25235
1,FX26,BUY,BUY,BUY,68,,,0,BULL,BULL,BULL,2026-01-04 19:00:00,H1,2026-01-04 19:00:00,1.26235
1,FX27,BUY,BUY,BUY,68,,,0,BULL,BULL,BULL,2026-01-04 19:00:00,H1,2026-01-04 19:00:00,1.27235
1,FX28,BUY,BUY,BUY,68,,,0,BULL,BULL,BULL,2026-01-04 19:00:00,H1,2026-01-04 19:00:00,1.28235
1,FX29,BUY,BUY,BUY,68,,,0,BULL,BULL,BULL,2026-01-04 19:00:00,H1,2026-01-04 19:00:00,1.29235
1,FX00,BUY,BUY,BUY,69,,,0,BULL,BULL,BULL,2026-01-04 20:00:00,H1,2026-01-04 20:00:00,1.00235
1,FX01,BUY,BUY,BUY,69,,,0,BULL,BULL,BULL,2026-01-04 20:00:00,H1,2026-01-04 20:00:00,1.01235
1,FX02,BUY,BUY,BUY,69,,,0,BULL,BULL,BULL,2026-01-04 20:00:00,H1,2026-01-04 20:00:00,1.02235
1,FX03,BUY,BUY,BUY,69,,,0,BULL,BULL,BULL,2026-01-04 20:00:00,H1,2026-01-04 20:00:00,1.03235
1,FX04,BUY,BUY,BUY,69,,,0,BULL,BULL,BULL,2026-01-04 20:00:00,H1,2026-01-04 20:00:00,1.04235
1,FX05,BUY,BUY,BUY,69,,,0,BULL,BULL,BULL,2026-01-04 20:00:00,H1,2026-01-04 20:00:00,1.05235
1,FX06,BUY,BUY,BUY,69,,,0,BULL,BULL,BULL,2026-01-04 20:00:00,H1,2026-01-04 20:00:00,1.06235
1,FX07,BUY,BUY,BUY,69,,,0,BULL,BULL,BULL,2026-01-04 20:00:00,H1,2026-01-04 20:00:00,1.07235
1,FX08,BUY,BUY,BUY,69,,,0,BULL,BULL,BULL,2026-01-04 20:00:00,H1,2026-01-04 20:00:00,1.08235
1,FX09,BUY,BUY,BUY,69,,,0,BULL,BULL,BULL,2026-01-04 20:00:00,H1,2026-01-04 20:00:00,1.09235
1,FX10,BUY,BUY,BUY,69,,,0,BULL,BULL,BULL,2026-01-04 20:00:00,H1,2026-01-04 20:00:00,1.10235
1,FX11,BUY,BUY,BUY,69,,,0,BULL,BULL,BULL,2026-01-04 20:00:00,H1,2026-01-04 20:00:00,1.11235
1,FX12,BUY,BUY,BUY,69,,,0,BULL,BULL,BULL,2026-01-04 20:00:00,H1,2026-01-04 20:00:00,1.12235
1,FX13,BUY,BUY,BUY,69,,,0,BULL,BULL,BULL,2026-01-04 20:00:00,H1,2026-01-04 20:00:00,1.13235
1,FX14,BUY,BUY,BUY,69,,,0,BULL,BULL,BULL,2026-01-04 20:00:00,H1,2026-01-04 20:00:00,1.14235
1,FX15,BUY,BUY,BUY,69,,,0,BULL,BULL,BULL,2026-01-04 20:00:00,H1,2026-01-04 20:00:00,1.15235
1,FX16,BUY,BUY,BUY,69,,,0,BULL,BULL,BULL,2026-01-04 20:00:00,H1,2026-01-04 20:00:00,1.16235
1,FX17,BUY,BUY,BUY,69,,,0,BULL,BULL,BULL,2026-01-04 20:00:00,H1,2026-01-04 20:00:00,1.17235
1,FX18,BUY,BUY,BUY,69,,,0,BULL,BULL,BULL,2026-01-04 20:00:00,H1,2026-01-04 20:00:00,1.18235
1,FX19,BUY,BUY,BUY,69,,,0,BULL,BULL,BULL,2026-01-04 20:00:00,H1,2026-01-04 20:00:00,1.19235
1,FX20,BUY,BUY,BUY,69,,,0,BULL,BULL,BULL,2026-01-04 20:00:00,H1,2026-01-04 20:00:00,1.20235
1,FX21,BUY,BUY,BUY,69,,,0,BULL,BULL,BULL,2026-01-04 20:00:00,H1,2026-01-04 20:00:00,1.21235
1,FX22,BUY,BUY,BUY,69,,,0,BULL,BULL,BULL,2026-01-04 20:00:00,H1,2026-01-04 20:00:00,1.22235
1,FX23,BUY,BUY,BUY,69,,,0,BULL,BULL,BULL,2026-01-04 20:00:00,H1,2026-01-04 20:00:00,1.23235
1,FX24,BUY,BUY,BUY,69,,,0,BULL,BULL,BULL,2026-01-04 20:00:00,H1,2026-01-04 20:00:00,1.24235
1,FX25,BUY,BUY,BUY,69,,,0,BULL,BULL,BULL,2026-01-04 20:00:00,H1,2026-01-04 20:00:00,1.25235
1,FX26,BUY,BUY,BUY,69,,,0,BULL,BULL,BULL,2026-01-04 20:00:00,H1,2026-01-04 20:00:00,1.26235
1,FX27,BUY,BUY,BUY,69,,,0,BULL,BULL,BULL,2026-01-04 20:00:00,H1,2026-01-04 20:00:00,1.27235
1,FX28,BUY,BUY,BUY,69,,,0,BULL,BULL,BULL,2026-01-04 20:00:00,H1,2026-01-04 20:00:00,1.28235
1,FX29,BUY,BUY,BUY,69,,,0,BULL,BULL,BULL,2026-01-04 20:00:00,H1,2026-01-04 20:00:00,1.29235
1,FX00,BUY,BUY,BUY,70,,,0,BULL,BULL,BULL,2026-01-04 21:00:00,H1,2026-01-04 21:00:00,1.00235
1,FX01,BUY,BUY,BUY,70,,,0,BULL,BULL,BULL,2026-01-04 21:00:00,H1,2026-01-04 21:00:00,1.01235
1,FX02,BUY,BUY,BUY,70,,,0,BULL,BULL,BULL,2026-01-04 21:00:00,H1,2026-01-04 21:00:00,1.02235
1,FX03,BUY,BUY,BUY,70,,,0,BULL,BULL,BULL,2026-01-04 21:00:00,H1,2026-01-04 21:00:00,1.03235
1,FX04,BUY,BUY,BUY,70,,,0,BULL,BULL,BULL,2026-01-04 21:00:00,H1,2026-01-04 21:00:00,1.04235
1,FX05,BUY,BUY,BUY,70,,,0,BULL,BULL,BULL,2026-01-04 21:00:00,H1,2026-01-04 21:00:00,1.05235
1,FX06,BUY,BUY,BUY,70,,,0,BULL,BULL,BULL,2026-01-04 21:00:00,H1,2026-01-04 21:00:00,1.06235
1,FX07,BUY,BUY,BUY,70,,,0,BULL,BULL,BULL,2026-01-04 21:00:00,H1,2026-01-04 21:00:00,1.07235
1,FX08,BUY,BUY,BUY,70,,,0,BULL,BULL,BULL,2026-01-04 21:00:00,H1,2026-01-04 21:00:00,1.08235
1,FX09,BUY,BUY,BUY,70,,,0,BULL,BULL,BULL,2026-01-04 21:00:00,H1,2026-01-04 21:00:00,1.09235
1,FX10,BUY,BUY,BUY,70,,,0,BULL,BULL,BULL,2026-01-04 21:00:00,H1,2026-01-04 21:00:00,1.10235
1,FX11,BUY,BUY,BUY,70,,,0,BULL,BULL,BULL,2026-01-04 21:00:00,H1,2026-01-04 21:00:00,1.11235
1,FX12,BUY,BUY,BUY,70,,,0,BULL,BULL,BULL,2026-01-04 21:00:00,H1,2026-01-04 21:00:00,1.12235
1,FX13,BUY,BUY,BUY,70,,,0,BULL,BULL,BULL,2026-01-04 21:00:00,H1,2026-01-04 21:00:00,1.13235
1,FX14,BUY,BUY,BUY,70,,,0,BULL,BULL,BULL,2026-01-04 21:00:00,H1,2026-01-04 21:00:00,1.14235
1,FX15,BUY,BUY,BUY,70,,,0,BULL,BULL,BULL,2026-01-04 21:00:00,H1,2026-01-04 21:00:00,1.15235
1,FX16,BUY,BUY,BUY,70,,,0,BULL,BULL,BULL,2026-01-04 21:00:00,H1,2026-01-04 21:00:00,1.16235
1,FX17,BUY,BUY,BUY,70,,,0,BULL,BULL,BULL,2026-01-04 21:00:00,H1,2026-01-04 21:00:00,1.17235
1,FX18,BUY,BUY,BUY,70,,,0,BULL,BULL,BULL,2026-01-04 21:00:00,H1,2026-01-04 21:00:00,1.18235
1,FX19,BUY,BUY,BUY,70,,,0,BULL,BULL,BULL,2026-01-04 21:00:00,H1,2026-01-04 21:00:00,1.19235
1,FX20,BUY,BUY,BUY,70,,,0,BULL,BULL,BULL,2026-01-04 21:00:00,H1,2026-01-04 21:00:00,1.20235
1,FX21,BUY,BUY,BUY,70,,,0,BULL,BULL,BULL,2026-01-04 21:00:00,H1,2026-01-04 21:00:00,1.21235
1,FX22,BUY,BUY,BUY,70,,,0,BULL,BULL,BULL,2026-01-04 21:00:00,H1,2026-01-04 21:00:00,1.22235
1,FX23,BUY,BUY,BUY,70,,,0,BULL,BULL,BULL,2026-01-04 21:00:00,H1,2026-01-04 21:00:00,1.23235
1,FX24,BUY,BUY,BUY,70,,,0,BULL,BULL,BULL,2026-01-04 21:00:00,H1,2026-01-04 21:00:00,1.24235
1,FX25,BUY,BUY,BUY,70,,,0,BULL,BULL,BULL,2026-01-04 21:00:00,H1,2026-01-04 21:00:00,1.25235
1,FX26,BUY,BUY,BUY,70,,,0,BULL,BULL,BULL,2026-01-04 21:00:00,H1,2026-01-04 21:00:00,1.26235
1,FX27,BUY,BUY,BUY,70,,,0,BULL,BULL,BULL,2026-01-04 21:00:00,H1,2026-01-04 21:00:00,1.27235
1,FX28,BUY,BUY,BUY,70,,,0,BULL,BULL,BULL,2026-01-04 21:00:00,H1,2026-01-04 21:00:00,1.28235
1,FX29,BUY,BUY,BUY,70,,,0,BULL,BULL,BULL,2026-01-04 21:00:00,H1,2026-01-04 21:00:00,1.29235
1,FX00,BUY,BUY,BUY,71,,,0,BULL,BULL,BULL,2026-01-04 22:00:00,H1,2026-01-04 22:00:00,1.00235
1,FX01,BUY,BUY,BUY,71,,,0,BULL,BULL,BULL,2026-01-04 22:00:00,H1,2026-01-04 22:00:00,1.01235
1,FX02,BUY,BUY,BUY,71,,,0,BULL,BULL,BULL,2026-01-04 22:00:00,H1,2026-01-04 22:00:00,1.02235
1,FX03,BUY,BUY,BUY,71,,,0,BULL,BULL,BULL,2026-01-04 22:00:00,H1,2026-01-04 22:00:00,1.03235
1,FX04,BUY,BUY,BUY,71,,,0,BULL,BULL,BULL,2026-01-04 22:00:00,H1,2026-01-04 22:00:00,1.04235
1,FX05,BUY,BUY,BUY,71,,,0,BULL,BULL,BULL,2026-01-04 22:00:00,H1,2026-01-04 22:00:00,1.05235
1,FX06,BUY,BUY,BUY,71,,,0,BULL,BULL,BULL,2026-01-04 22:00:00,H1,2026-01-04 22:00:00,1.06235
1,FX07,BUY,BUY,BUY,71,,,0,BULL,BULL,BULL,2026-01-04 22:00:00,H1,2026-01-04 22:00:00,1.07235
1,FX08,BUY,BUY,BUY,71,,,0,BULL,BULL,BULL,2026-01-04 22:00:00,H1,2026-01-04 22:00:00,1.08235
1,FX09,BUY,BUY,BUY,71,,,0,BULL,BULL,BULL,2026-01-04 22:00:00,H1,2026-01-04 22:00:00,1.09235
1,FX10,BUY,BUY,BUY,71,,,0,BULL,BULL,BULL,2026-01-04 22:00:00,H1,2026-01-04 22:00:00,1.10235
1,FX11,BUY,BUY,BUY,71,,,0,BULL,BULL,BULL,2026-01-04 22:00:00,H1,2026-01-04 22:00:00,1.11235
1,FX12,BUY,BUY,BUY,71,,,0,BULL,BULL,BULL,2026-01-04 22:00:00,H1,2026-01-04 22:00:00,1.12235
1,FX13,BUY,BUY,BUY,71,,,0,BULL,BULL,BULL,2026-01-04 22:00:00,H1,2026-01-04 22:00:00,1.13235
1,FX14,BUY,BUY,BUY,71,,,0,BULL,BULL,BULL,2026-01-04 22:00:00,H1,2026-01-04 22:00:00,1.14235
1,FX15,BUY,BUY,BUY,71,,,0,BULL,BULL,BULL,2026-01-04 22:00:00,H1,2026-01-04 22:00:00,1.15235
1,FX16,BUY,BUY,BUY,71,,,0,BULL,BULL,BULL,2026-01-04 22:00:00,H1,2026-01-04 22:00:00,1.16235
1,FX17,BUY,BUY,BUY,71,,,0,BULL,BULL,BULL,2026-01-04 22:00:00,H1,2026-01-04 22:00:00,1.17235
1,FX18,BUY,BUY,BUY,71,,,0,BULL,BULL,BULL,2026-01-04 22:00:00,H1,2026-01-04 22:00:00,1.18235
1,FX19,BUY,BUY,BUY,71,,,0,BULL,BULL,BULL,2026-01-04 22:00:00,H1,2026-01-04 22:00:00,1.19235
1,FX20,BUY,BUY,BUY,71,,,0,BULL,BULL,BULL,2026-01-04 22:00:00,H1,2026-01-04 22:00:00,1.20235
1,FX21,BUY,BUY,BUY,71,,,0,BULL,BULL,BULL,2026-01-04 22:00:00,H1,2026-01-04 22:00:00,1.21235
1,FX22,BUY,BUY,BUY,71,,,0,BULL,BULL,BULL,2026-01-04 22:00:00,H1,2026-01-04 22:00:00,1.22235
1,FX23,BUY,BUY,BUY,71,,,0,BULL,BULL,BULL,2026-01-04 22:00:00,H1,2026-01-04 22:00:00,1.23235
1,FX24,BUY,BUY,BUY,71,,,0,BULL,BULL,BULL,2026-01-04 22:00:00,H1,2026-01-04 22:00:00,1.24235
1,FX25,BUY,BUY,BUY,71,,,0,BULL,BULL,BULL,2026-01-04 22:00:00,H1,2026-01-04 22:00:00,1.25235
1,FX26,BUY,BUY,BUY,71,,,0,BULL,BULL,BULL,2026-01-04 22:00:00,H1,2026-01-04 22:00:00,1.26235
1,FX27,BUY,BUY,BUY,71,,,0,BULL,BULL,BULL,2026-01-04 22:00:00,H1,2026-01-04 22:00:00,1.27235
1,FX28,BUY,BUY,BUY,71,,,0,BULL,BULL,BULL,2026-01-04 22:00:00,H1,2026-01-04 22:00:00,1.28235
1,FX29,BUY,BUY,BUY,71,,,0,BULL,BULL,BULL,2026-01-04 22:00:00,H1,2026-01-04 22:00:00,1.29235
1,FX00,BUY,BUY,BUY,72,,,0,BULL,BULL,BULL,2026-01-04 23:00:00,H1,2026-01-04 23:00:00,1.00235
1,FX01,BUY,BUY,BUY,72,,,0,BULL,BULL,BULL,2026-01-04 23:00:00,H1,2026-01-04 23:00:00,1.01235
1,FX02,BUY,BUY,BUY,72,,,0,BULL,BULL,BULL,2026-01-04 23:00:00,H1,2026-01-04 23:00:00,1.02235
1,FX03,BUY,BUY,BUY,72,,,0,BULL,BULL,BULL,2026-01-04 23:00:00,H1,2026-01-04 23:00:00,1.03235
1,FX04,BUY,BUY,BUY,72,,,0,BULL,BULL,BULL,2026-01-04 23:00:00,H1,2026-01-04 23:00:00,1.04235
1,FX05,BUY,BUY,BUY,72,,,0,BULL,BULL,BULL,2026-01-04 23:00:00,H1,2026-01-04 23:00:00,1.05235
1,FX06,BUY,BUY,BUY,72,,,0,BULL,BULL,BULL,2026-01-04 23:00:00,H1,2026-01-04 23:00:00,1.06235
1,FX07,BUY,BUY,BUY,72,,,0,BULL,BULL,BULL,2026-01-04 23:00:00,H1,2026-01-04 23:00:00,1.07235
1,FX08,BUY,BUY,BUY,72,,,0,BULL,BULL,BULL,2026-01-04 23:00:00,H1,2026-01-04 23:00:00,1.08235
1,FX09,BUY,BUY,BUY,72,,,0,BULL,BULL,BULL,2026-01-04 23:00:00,H1,2026-01-04 23:00:00,1.09235
1,FX10,BUY,BUY,BUY,72,,,0,BULL,BULL,BULL,2026-01-04 23:00:00,H1,2026-01-04 23:00:00,1.10235
1,FX11,BUY,BUY,BUY,72,,,0,BULL,BULL,BULL,2026-01-04 23:00:00,H1,2026-01-04 23:00:00,1.11235
1,FX12,BUY,BUY,BUY,72,,,0,BULL,BULL,BULL,2026-01-04 23:00:00,H1,2026-01-04 23:00:00,1.12235
1,FX13,BUY,BUY,BUY,72,,,0,BULL,BULL,BULL,2026-01-04 23:00:00,H1,2026-01-04 23:00:00,1.13235
1,FX14,BUY,BUY,BUY,72,,,0,BULL,BULL,BULL,2026-01-04 23:00:00,H1,2026-01-04 23:00:00,1.14235
1,FX15,BUY,BUY,BUY,72,,,0,BULL,BULL,BULL,2026-01-04 23:00:00,H1,2026-01-04 23:00:00,1.15235
1,FX16,BUY,BUY,BUY,72,,,0,BULL,BULL,BULL,2026-01-04 23:00:00,H1,2026-01-04 23:00:00,1.16235
1,FX17,BUY,BUY,BUY,72,,,0,BULL,BULL,BULL,2026-01-04 23:00:00,H1,2026-01-04 23:00:00,1.17235
1,FX18,BUY,BUY,BUY,72,,,0,BULL,BULL,BULL,2026-01-04 23:00:00,H1,2026-01-04 23:00:00,1.18235
1,FX19,BUY,BUY,BUY,72,,,0,BULL,BULL,BULL,2026-01-04 23:00:00,H1,2026-01-04 23:00:00,1.19235
1,FX20,BUY,BUY,BUY,72,,,0,BULL,BULL,BULL,2026-01-04 23:00:00,H1,2026-01-04 23:00:00,1.20235
1,FX21,BUY,BUY,BUY,72,,,0,BULL,BULL,BULL,2026-01-04 23:00:00,H1,2026-01-04 23:00:00,1.21235
1,FX22,BUY,BUY,BUY,72,,,0,BULL,BULL,BULL,2026-01-04 23:00:00,H1,2026-01-04 23:00:00,1.22235
1,FX23,BUY,BUY,BUY,72,,,0,BULL,BULL,BULL,2026-01-04 23:00:00,H1,2026-01-04 23:00:00,1.23235
1,FX24,BUY,BUY,BUY,72,,,0,BULL,BULL,BULL,2026-01-04 23:00:00,H1,2026-01-04 23:00:00,1.24235
1,FX25,BUY,BUY,BUY,72,,,0,BULL,BULL,BULL,2026-01-04 23:00:00,H1,2026-01-04 23:00:00,1.25235
1,FX26,BUY,BUY,BUY,72,,,0,BULL,BULL,BULL,2026-01-04 23:00:00,H1,2026-01-04 23:00:00,1.26235
1,FX27,BUY,BUY,BUY,72,,,0,BULL,BULL,BULL,2026-01-04 23:00:00,H1,2026-01-04 23:00:00,1.27235
1,FX28,BUY,BUY,BUY,72,,,0,BULL,BULL,BULL,2026-01-04 23:00:00,H1,2026-01-04 23:00:00,1.28235
1,FX29,BUY,BUY,BUY,72,,,0,BULL,BULL,BULL,2026-01-04 23:00:00,H1,2026-01-04 23:00:00,1.29235
1,FX00,BUY,BUY,BUY,73,,,0,BULL,BULL,BULL,2026-01-05 00:00:00,H1,2026-01-05 00:00:00,1.00235
1,FX01,BUY,BUY,BUY,73,,,0,BULL,BULL,BULL,2026-01-05 00:00:00,H1,2026-01-05 00:00:00,1.01235
1,FX02,BUY,BUY,BUY,73,,,0,BULL,BULL,BULL,2026-01-05 00:00:00,H1,2026-01-05 00:00:00,1.02235
1,FX03,BUY,BUY,BUY,73,,,0,BULL,BULL,BULL,2026-01-05 00:00:00,H1,2026-01-05 00:00:00,1.03235
1,FX04,BUY,BUY,BUY,73,,,0,BULL,BULL,BULL,2026-01-05 00:00:00,H1,2026-01-05 00:00:00,1.04235
1,FX05,BUY,BUY,BUY,73,,,0,BULL,BULL,BULL,2026-01-05 00:00:00,H1,2026-01-05 00:00:00,1.05235
1,FX06,BUY,BUY,BUY,73,,,0,BULL,BULL,BULL,2026-01-05 00:00:00,H1,2026-01-05 00:00:00,1.06235
1,FX07,BUY,BUY,BUY,73,,,0,BULL,BULL,BULL,2026-01-05 00:00:00,H1,2026-01-05 00:00:00,1.07235
1,FX08,BUY,BUY,BUY,73,,,0,BULL,BULL,BULL,2026-01-05 00:00:00,H1,2026-01-05 00:00:00,1.08235
1,FX09,BUY,BUY,BUY,73,,,0,BULL,BULL,BULL,2026-01-05 00:00:00,H1,2026-01-05 00:00:00,1.09235
1,FX10,BUY,BUY,BUY,73,,,0,BULL,BULL,BULL,2026-01-05 00:00:00,H1,2026-01-05 00:00:00,1.10235
1,FX11,BUY,BUY,BUY,73,,,0,BULL,BULL,BULL,2026-01-05 00:00:00,H1,2026-01-05 00:00:00,1.11235
1,FX12,BUY,BUY,BUY,73,,,0,BULL,BULL,BULL,2026-01-05 00:00:00,H1,2026-01-05 00:00:00,1.12235
1,FX13,BUY,BUY,BUY,73,,,0,BULL,BULL,BULL,2026-01-05 00:00:00,H1,2026-01-05 00:00:00,1.13235
1,FX14,BUY,BUY,BUY,73,,,0,BULL,BULL,BULL,2026-01-05 00:00:00,H1,2026-01-05 00:00:00,1.14235
1,FX15,BUY,BUY,BUY,73,,,0,BULL,BULL,BULL,2026-01-05 00:00:00,H1,2026-01-05 00:00:00,1.15235
1,FX16,BUY,BUY,BUY,73,,,0,BULL,BULL,BULL,2026-01-05 00:00:00,H1,2026-01-05 00:00:00,1.16235
1,FX17,BUY,BUY,BUY,73,,,0,BULL,BULL,BULL,2026-01-05 00:00:00,H1,2026-01-05 00:00:00,1.17235
1,FX18,BUY,BUY,BUY,73,,,0,BULL,BULL,BULL,2026-01-05 00:00:00,H1,2026-01-05 00:00:00,1.18235
1,FX19,BUY,BUY,BUY,73,,,0,BULL,BULL,BULL,2026-01-05 00:00:00,H1,2026-01-05 00:00:00,1.19235
1,FX20,BUY,BUY,BUY,73,,,0,BULL,BULL,BULL,2026-01-05 00:00:00,H1,2026-01-05 00:00:00,1.20235
1,FX21,BUY,BUY,BUY,73,,,0,BULL,BULL,BULL,2026-01-05 00:00:00,H1,2026-01-05 00:00:00,1.21235
1,FX22,BUY,BUY,BUY,73,,,0,BULL,BULL,BULL,2026-01-05 00:00:00,H1,2026-01-05 00:00:00,1.22235
1,FX23,BUY,BUY,BUY,73,,,0,BULL,BULL,BULL,2026-01-05 00:00:00,H1,2026-01-05 00:00:00,1.23235
1,FX24,BUY,BUY,BUY,73,,,0,BULL,BULL,BULL,2026-01-05 00:00:00,H1,2026-01-05 00:00:00,1.24235
1,FX25,BUY,BUY,BUY,73,,,0,BULL,BULL,BULL,2026-01-05 00:00:00,H1,2026-01-05 00:00:00,1.25235
1,FX26,BUY,BUY,BUY,73,,,0,BULL,BULL,BULL,2026-01-05 00:00:00,H1,2026-01-05 00:00:00,1.26235
1,FX27,BUY,BUY,BUY,73,,,0,BULL,BULL,BULL,2026-01-05 00:00:00,H1,2026-01-05 00:00:00,1.27235
1,FX28,BUY,BUY,BUY,73,,,0,BULL,BULL,BULL,2026-01-05 00:00:00,H1,2026-01-05 00:00:00,1.28235
1,FX29,BUY,BUY,BUY,73,,,0,BULL,BULL,BULL,2026-01-05 00:00:00,H1,2026-01-05 00:00:00,1.29235
1,FX00,BUY,BUY,BUY,74,,,0,BULL,BULL,BULL,2026-01-05 01:00:00,H1,2026-01-05 01:00:00,1.00235
1,FX01,BUY,BUY,BUY,74,,,0,BULL,BULL,BULL,2026-01-05 01:00:00,H1,2026-01-05 01:00:00,1.01235
1,FX02,BUY,BUY,BUY,74,,,0,BULL,BULL,BULL,2026-01-05 01:00:00,H1,2026-01-05 01:00:00,1.02235
1,FX03,BUY,BUY,BUY,74,,,0,BULL,BULL,BULL,2026-01-05 01:00:00,H1,2026-01-05 01:00:00,1.03235
1,FX04,BUY,BUY,BUY,74,,,0,BULL,BULL,BULL,2026-01-05 01:00:00,H1,2026-01-05 01:00:00,1.04235
1,FX05,BUY,BUY,BUY,74,,,0,BULL,BULL,BULL,2026-01-05 01:00:00,H1,2026-01-05 01:00:00,1.05235
1,FX06,BUY,BUY,BUY,74,,,0,BULL,BULL,BULL,2026-01-05 01:00:00,H1,2026-01-05 01:00:00,1.06235
1,FX07,BUY,BUY,BUY,74,,,0,BULL,BULL,BULL,2026-01-05 01:00:00,H1,2026-01-05 01:00:00,1.07235
1,FX08,BUY,BUY,BUY,74,,,0,BULL,BULL,BULL,2026-01-05 01:00:00,H1,2026-01-05 01:00:00,1.08235
1,FX09,BUY,BUY,BUY,74,,,0,BULL,BULL,BULL,2026-01-05 01:00:00,H1,2026-01-05 01:00:00,1.09235
1,FX10,BUY,BUY,BUY,74,,,0,BULL,BULL,BULL,2026-01-05 01:00:00,H1,2026-01-05 01:00:00,1.10235
1,FX11,BUY,BUY,BUY,74,,,0,BULL,BULL,BULL,2026-01-05 01:00:00,H1,2026-01-05 01:00:00,1.11235
1,FX12,BUY,BUY,BUY,74,,,0,BULL,BULL,BULL,2026-01-05 01:00:00,H1,2026-01-05 01:00:00,1.12235
1,FX13,BUY,BUY,BUY,74,,,0,BULL,BULL,BULL,2026-01-05 01:00:00,H1,2026-01-05 01:00:00,1.13235
1,FX14,BUY,BUY,BUY,74,,,0,BULL,BULL,BULL,2026-01-05 01:00:00,H1,2026-01-05 01:00:00,1.14235
1,FX15,BUY,BUY,BUY,74,,,0,BULL,BULL,BULL,2026-01-05 01:00:00,H1,2026-01-05 01:00:00,1.15235
1,FX16,BUY,BUY,BUY,74,,,0,BULL,BULL,BULL,2026-01-05 01:00:00,H1,2026-01-05 01:00:00,1.16235
1,FX17,BUY,BUY,BUY,74,,,0,BULL,BULL,BULL,2026-01-05 01:00:00,H1,2026-01-05 01:00:00,1.17235
1,FX18,BUY,BUY,BUY,74,,,0,BULL,BULL,BULL,2026-01-05 01:00:00,H1,2026-01-05 01:00:00,1.18235
1,FX19,BUY,BUY,BUY,74,,,0,BULL,BULL,BULL,2026-01-05 01:00:00,H1,2026-01-05 01:00:00,1.19235
1,FX20,BUY,BUY,BUY,74,,,0,BULL,BULL,BULL,2026-01-05 01:00:00,H1,2026-01-05 01:00:00,1.20235
1,FX21,BUY,BUY,BUY,74,,,0,BULL,BULL,BULL,2026-01-05 01:00:00,H1,2026-01-05 01:00:00,1.21235
1,FX22,BUY,BUY,BUY,74,,,0,BULL,BULL,BULL,2026-01-05 01:00:00,H1,2026-01-05 01:00:00,1.22235
1,FX23,BUY,BUY,BUY,74,,,0,BULL,BULL,BULL,2026-01-05 01:00:00,H1,2026-01-05 01:00:00,1.23235
1,FX24,BUY,BUY,BUY,74,,,0,BULL,BULL,BULL,2026-01-05 01:00:00,H1,2026-01-05 01:00:00,1.24235
1,FX25,BUY,BUY,BUY,74,,,0,BULL,BULL,BULL,2026-01-05 01:00:00,H1,2026-01-05 01:00:00,1.25235
1,FX26,BUY,BUY,BUY,74,,,0,BULL,BULL,BULL,2026-01-05 01:00:00,H1,2026-01-05 01:00:00,1.26235
1,FX27,BUY,BUY,BUY,74,,,0,BULL,BULL,BULL,2026-01-05 01:00:00,H1,2026-01-05 01:00:00,1.27235
1,FX28,BUY,BUY,BUY,74,,,0,BULL,BULL,BULL,2026-01-05 01:00:00,H1,2026-01-05 01:00:00,1.28235
1,FX29,BUY,BUY,BUY,74,,,0,BULL,BULL,BULL,2026-01-05 01:00:00,H1,2026-01-05 01:00:00,1.29235
1,FX00,BUY,BUY,BUY,75,,,0,BULL,BULL,BULL,2026-01-05 02:00:00,H1,2026-01-05 02:00:00,1.00235
1,FX01,BUY,BUY,BUY,75,,,0,BULL,BULL,BULL,2026-01-05 02:00:00,H1,2026-01-05 02:00:00,1.01235
1,FX02,BUY,BUY,BUY,75,,,0,BULL,BULL,BULL,2026-01-05 02:00:00,H1,2026-01-05 02:00:00,1.02235
1,FX03,BUY,BUY,BUY,75,,,0,BULL,BULL,BULL,2026-01-05 02:00:00,H1,2026-01-05 02:00:00,1.03235
1,FX04,BUY,BUY,BUY,75,,,0,BULL,BULL,BULL,2026-01-05 02:00:00,H1,2026-01-05 02:00:00,1.04235
1,FX05,BUY,BUY,BUY,75,,,0,BULL,BULL,BULL,2026-01-05 02:00:00,H1,2026-01-05 02:00:00,1.05235
1,FX06,BUY,BUY,BUY,75,,,0,BULL,BULL,BULL,2026-01-05 02:00:00,H1,2026-01-05 02:00:00,1.06235
1,FX07,BUY,BUY,BUY,75,,,0,BULL,BULL,BULL,2026-01-05 02:00:00,H1,2026-01-05 02:00:00,1.07235
1,FX08,BUY,BUY,BUY,75,,,0,BULL,BULL,BULL,2026-01-05 02:00:00,H1,2026-01-05 02:00:00,1.08235
1,FX09,BUY,BUY,BUY,75,,,0,BULL,BULL,BULL,2026-01-05 02:00:00,H1,2026-01-05 02:00:00,1.09235
1,FX10,BUY,BUY,BUY,75,,,0,BULL,BULL,BULL,2026-01-05 02:00:00,H1,2026-01-05 02:00:00,1.10235
1,FX11,BUY,BUY,BUY,75,,,0,BULL,BULL,BULL,2026-01-05 02:00:00,H1,2026-01-05 02:00:00,1.11235
1,FX12,BUY,BUY,BUY,75,,,0,BULL,BULL,BULL,2026-01-05 02:00:00,H1,2026-01-05 02:00:00,1.12235
1,FX13,BUY,BUY,BUY,75,,,0,BULL,BULL,BULL,2026-01-05 02:00:00,H1,2026-01-05 02:00:00,1.13235
1,FX14,BUY,BUY,BUY,75,,,0,BULL,BULL,BULL,2026-01-05 02:00:00,H1,2026-01-05 02:00:00,1.14235
1,FX15,BUY,BUY,BUY,75,,,0,BULL,BULL,BULL,2026-01-05 02:00:00,H1,2026-01-05 02:00:00,1.15235
1,FX16,BUY,BUY,BUY,75,,,0,BULL,BULL,BULL,2026-01-05 02:00:00,H1,2026-01-05 02:00:00,1.16235
1,FX17,BUY,BUY,BUY,75,,,0,BULL,BULL,BULL,2026-01-05 02:00:00,H1,2026-01-05 02:00:00,1.17235
1,FX18,BUY,BUY,BUY,75,,,0,BULL,BULL,BULL,2026-01-05 02:00:00,H1,2026-01-05 02:00:00,1.18235
1,FX19,BUY,BUY,BUY,75,,,0,BULL,BULL,BULL,2026-01-05 02:00:00,H1,2026-01-05 02:00:00,1.19235
1,FX20,BUY,BUY,BUY,75,,,0,BULL,BULL,BULL,2026-01-05 02:00:00,H1,2026-01-05 02:00:00,1.20235
1,FX21,BUY,BUY,BUY,75,,,0,BULL,BULL,BULL,2026-01-05 02:00:00,H1,2026-01-05 02:00:00,1.21235
1,FX22,BUY,BUY,BUY,75,,,0,BULL,BULL,BULL,2026-01-05 02:00:00,H1,2026-01-05 02:00:00,1.22235
1,FX23,BUY,BUY,BUY,75,,,0,BULL,BULL,BULL,2026-01-05 02:00:00,H1,2026-01-05 02:00:00,1.23235
1,FX24,BUY,BUY,BUY,75,,,0,BULL,BULL,BULL,2026-01-05 02:00:00,H1,2026-01-05 02:00:00,1.24235
1,FX25,BUY,BUY,BUY,75,,,0,BULL,BULL,BULL,2026-01-05 02:00:00,H1,2026-01-05 02:00:00,1.25235
1,FX26,BUY,BUY,BUY,75,,,0,BULL,BULL,BULL,2026-01-05 02:00:00,H1,2026-01-05 02:00:00,1.26235
1,FX27,BUY,BUY,BUY,75,,,0,BULL,BULL,BULL,2026-01-05 02:00:00,H1,2026-01-05 02:00:00,1.27235
1,FX28,BUY,BUY,BUY,75,,,0,BULL,BULL,BULL,2026-01-05 02:00:00,H1,2026-01-05 02:00:00,1.28235
1,FX29,BUY,BUY,BUY,75,,,0,BULL,BULL,BULL,2026-01-05 02:00:00,H1,2026-01-05 02:00:00,1.29235
1,FX00,BUY,BUY,BUY,76,,,0,BULL,BULL,BULL,2026-01-05 03:00:00,H1,2026-01-05 03:00:00,1.00235
1,FX01,BUY,BUY,BUY,76,,,0,BULL,BULL,BULL,2026-01-05 03:00:00,H1,2026-01-05 03:00:00,1.01235
1,FX02,BUY,BUY,BUY,76,,,0,BULL,BULL,BULL,2026-01-05 03:00:00,H1,2026-01-05 03:00:00,1.02235
1,FX03,BUY,BUY,BUY,76,,,0,BULL,BULL,BULL,2026-01-05 03:00:00,H1,2026-01-05 03:00:00,1.03235
1,FX04,BUY,BUY,BUY,76,,,0,BULL,BULL,BULL,2026-01-05 03:00:00,H1,2026-01-05 03:00:00,1.04235
1,FX05,BUY,BUY,BUY,76,,,0,BULL,BULL,BULL,2026-01-05 03:00:00,H1,2026-01-05 03:00:00,1.05235
1,FX06,BUY,BUY,BUY,76,,,0,BULL,BULL,BULL,2026-01-05 03:00:00,H1,2026-01-05 03:00:00,1.06235
1,FX07,BUY,BUY,BUY,76,,,0,BULL,BULL,BULL,2026-01-05 03:00:00,H1,2026-01-05 03:00:00,1.07235
1,FX08,BUY,BUY,BUY,76,,,0,BULL,BULL,BULL,2026-01-05 03:00:00,H1,2026-01-05 03:00:00,1.08235
1,FX09,BUY,BUY,BUY,76,,,0,BULL,BULL,BULL,2026-01-05 03:00:00,H1,2026-01-05 03:00:00,1.09235
1,FX10,BUY,BUY,BUY,76,,,0,BULL,BULL,BULL,2026-01-05 03:00:00,H1,2026-01-05 03:00:00,1.10235
1,FX11,BUY,BUY,BUY,76,,,0,BULL,BULL,BULL,2026-01-05 03:00:00,H1,2026-01-05 03:00:00,1.11235
1,FX12,BUY,BUY,BUY,76,,,0,BULL,BULL,BULL,2026-01-05 03:00:00,H1,2026-01-05 03:00:00,1.12235
1,FX13,BUY,BUY,BUY,76,,,0,BULL,BULL,BULL,2026-01-05 03:00:00,H1,2026-01-05 03:00:00,1.13235
1,FX14,BUY,BUY,BUY,76,,,0,BULL,BULL,BULL,2026-01-05 03:00:00,H1,2026-01-05 03:00:00,1.14235
1,FX15,BUY,BUY,BUY,76,,,0,BULL,BULL,BULL,2026-01-05 03:00:00,H1,2026-01-05 03:00:00,1.15235
1,FX16,BUY,BUY,BUY,76,,,0,BULL,BULL,BULL,2026-01-05 03:00:00,H1,2026-01-05 03:00:00,1.16235
1,FX17,BUY,BUY,BUY,76,,,0,BULL,BULL,BULL,2026-01-05 03:00:00,H1,2026-01-05 03:00:00,1.17235
1,FX18,BUY,BUY,BUY,76,,,0,BULL,BULL,BULL,2026-01-05 03:00:00,H1,2026-01-05 03:00:00,1.18235
1,FX19,BUY,BUY,BUY,76,,,0,BULL,BULL,BULL,2026-01-05 03:00:00,H1,2026-01-05 03:00:00,1.19235
1,FX20,BUY,BUY,BUY,76,,,0,BULL,BULL,BULL,2026-01-05 03:00:00,H1,2026-01-05 03:00:00,1.20235
1,FX21,BUY,BUY,BUY,76,,,0,BULL,BULL,BULL,2026-01-05 03:00:00,H1,2026-01-05 03:00:00,1.21235
1,FX22,BUY,BUY,BUY,76,,,0,BULL,BULL,BULL,2026-01-05 03:00:00,H1,2026-01-05 03:00:00,1.22235
1,FX23,BUY,BUY,BUY,76,,,0,BULL,BULL,BULL,2026-01-05 03:00:00,H1,2026-01-05 03:00:00,1.23235
1,FX24,BUY,BUY,BUY,76,,,0,BULL,BULL,BULL,2026-01-05 03:00:00,H1,2026-01-05 03:00:00,1.24235
1,FX25,BUY,BUY,BUY,76,,,0,BULL,BULL,BULL,2026-01-05 03:00:00,H1,2026-01-05 03:00:00,1.25235
1,FX26,BUY,BUY,BUY,76,,,0,BULL,BULL,BULL,2026-01-05 03:00:00,H1,2026-01-05 03:00:00,1.26235
1,FX27,BUY,BUY,BUY,76,,,0,BULL,BULL,BULL,2026-01-05 03:00:00,H1,2026-01-05 03:00:00,1.27235
1,FX28,BUY,BUY,BUY,76,,,0,BULL,BULL,BULL,2026-01-05 03:00:00,H1,2026-01-05 03:00:00,1.28235
1,FX29,BUY,BUY,BUY,76,,,0,BULL,BULL,BULL,2026-01-05 03:00:00,H1,2026-01-05 03:00:00,1.29235
1,FX00,BUY,BUY,BUY,77,,,0,BULL,BULL,BULL,2026-01-05 04:00:00,H1,2026-01-05 04:00:00,1.00235
1,FX01,BUY,BUY,BUY,77,,,0,BULL,BULL,BULL,2026-01-05 04:00:00,H1,2026-01-05 04:00:00,1.01235
1,FX02,BUY,BUY,BUY,77,,,0,BULL,BULL,BULL,2026-01-05 04:00:00,H1,2026-01-05 04:00:00,1.02235
1,FX03,BUY,BUY,BUY,77,,,0,BULL,BULL,BULL,2026-01-05 04:00:00,H1,2026-01-05 04:00:00,1.03235
1,FX04,BUY,BUY,BUY,77,,,0,BULL,BULL,BULL,2026-01-05 04:00:00,H1,2026-01-05 04:00:00,1.04235
1,FX05,BUY,BUY,BUY,77,,,0,BULL,BULL,BULL,2026-01-05 04:00:00,H1,2026-01-05 04:00:00,1.05235
1,FX06,BUY,BUY,BUY,77,,,0,BULL,BULL,BULL,2026-01-05 04:00:00,H1,2026-01-05 04:00:00,1.06235
1,FX07,BUY,BUY,BUY,77,,,0,BULL,BULL,BULL,2026-01-05 04:00:00,H1,2026-01-05 04:00:00,1.07235
1,FX08,BUY,BUY,BUY,77,,,0,BULL,BULL,BULL,2026-01-05 04:00:00,H1,2026-01-05 04:00:00,1.08235
1,FX09,BUY,BUY,BUY,77,,,0,BULL,BULL,BULL,2026-01-05 04:00:00,H1,2026-01-05 04:00:00,1.09235
1,FX10,BUY,BUY,BUY,77,,,0,BULL,BULL,BULL,2026-01-05 04:00:00,H1,2026-01-05 04:00:00,1.10235
1,FX11,BUY,BUY,BUY,77,,,0,BULL,BULL,BULL,2026-01-05 04:00:00,H1,2026-01-05 04:00:00,1.11235
1,FX12,BUY,BUY,BUY,77,,,0,BULL,BULL,BULL,2026-01-05 04:00:00,H1,2026-01-05 04:00:00,1.12235
1,FX13,BUY,BUY,BUY,77,,,0,BULL,BULL,BULL,2026-01-05 04:00:00,H1,2026-01-05 04:00:00,1.13235
1,FX14,BUY,BUY,BUY,77,,,0,BULL,BULL,BULL,2026-01-05 04:00:00,H1,2026-01-05 04:00:00,1.14235
1,FX15,BUY,BUY,BUY,77,,,0,BULL,BULL,BULL,2026-01-05 04:00:00,H1,2026-01-05 04:00:00,1.15235
1,FX16,BUY,BUY,BUY,77,,,0,BULL,BULL,BULL,2026-01-05 04:00:00,H1,2026-01-05 04:00:00,1.16235
1,FX17,BUY,BUY,BUY,77,,,0,BULL,BULL,BULL,2026-01-05 04:00:00,H1,2026-01-05 04:00:00,1.17235
1,FX18,BUY,BUY,BUY,77,,,0,BULL,BULL,BULL,2026-01-05 04:00:00,H1,2026-01-05 04:00:00,1.18235
1,FX19,BUY,BUY,BUY,77,,,0,BULL,BULL,BULL,2026-01-05 04:00:00,H1,2026-01-05 04:00:00,1.19235
1,FX20,BUY,BUY,BUY,77,,,0,BULL,BULL,BULL,2026-01-05 04:00:00,H1,2026-01-05 04:00:00,1.20235
1,FX21,BUY,BUY,BUY,77,,,0,BULL,BULL,BULL,2026-01-05 04:00:00,H1,2026-01-05 04:00:00,1.21235
1,FX22,BUY,BUY,BUY,77,,,0,BULL,BULL,BULL,2026-01-05 04:00:00,H1,2026-01-05 04:00:00,1.22235
1,FX23,BUY,BUY,BUY,77,,,0,BULL,BULL,BULL,2026-01-05 04:00:00,H1,2026-01-05 04:00:00,1.23235
1,FX24,BUY,BUY,BUY,77,,,0,BULL,BULL,BULL,2026-01-05 04:00:00,H1,2026-01-05 04:00:00,1.24235
1,FX25,BUY,BUY,BUY,77,,,0,BULL,BULL,BULL,2026-01-05 04:00:00,H1,2026-01-05 04:00:00,1.25235
1,FX26,BUY,BUY,BUY,77,,,0,BULL,BULL,BULL,2026-01-05 04:00:00,H1,2026-01-05 04:00:00,1.26235
1,FX27,BUY,BUY,BUY,77,,,0,BULL,BULL,BULL,2026-01-05 04:00:00,H1,2026-01-05 04:00:00,1.27235
1,FX28,BUY,BUY,BUY,77,,,0,BULL,BULL,BULL,2026-01-05 04:00:00,H1,2026-01-05 04:00:00,1.28235
1,FX29,BUY,BUY,BUY,77,,,0,BULL,BULL,BULL,2026-01-05 04:00:00,H1,2026-01-05 04:00:00,1.29235
1,FX00,BUY,BUY,BUY,78,,,0,BULL,BULL,BULL,2026-01-05 05:00:00,H1,2026-01-05 05:00:00,1.00235
1,FX01,BUY,BUY,BUY,78,,,0,BULL,BULL,BULL,2026-01-05 05:00:00,H1,2026-01-05 05:00:00,1.01235
1,FX02,BUY,BUY,BUY,78,,,0,BULL,BULL,BULL,2026-01-05 05:00:00,H1,2026-01-05 05:00:00,1.02235
1,FX03,BUY,BUY,BUY,78,,,0,BULL,BULL,BULL,2026-01-05 05:00:00,H1,2026-01-05 05:00:00,1.03235
1,FX04,BUY,BUY,BUY,78,,,0,BULL,BULL,BULL,2026-01-05 05:00:00,H1,2026-01-05 05:00:00,1.04235
1,FX05,BUY,BUY,BUY,78,,,0,BULL,BULL,BULL,2026-01-05 05:00:00,H1,2026-01-05 05:00:00,1.05235
1,FX06,BUY,BUY,BUY,78,,,0,BULL,BULL,BULL,2026-01-05 05:00:00,H1,2026-01-05 05:00:00,1.06235
1,FX07,BUY,BUY,BUY,78,,,0,BULL,BULL,BULL,2026-01-05 05:00:00,H1,2026-01-05 05:00:00,1.07235
1,FX08,BUY,BUY,BUY,78,,,0,BULL,BULL,BULL,2026-01-05 05:00:00,H1,2026-01-05 05:00:00,1.08235
1,FX09,BUY,BUY,BUY,78,,,0,BULL,BULL,BULL,2026-01-05 05:00:00,H1,2026-01-05 05:00:00,1.09235
1,FX10,BUY,BUY,BUY,78,,,0,BULL,BULL,BULL,2026-01-05 05:00:00,H1,2026-01-05 05:00:00,1.10235
1,FX11,BUY,BUY,BUY,78,,,0,BULL,BULL,BULL,2026-01-05 05:00:00,H1,2026-01-05 05:00:00,1.11235
1,FX12,BUY,BUY,BUY,78,,,0,BULL,BULL,BULL,2026-01-05 05:00:00,H1,2026-01-05 05:00:00,1.12235
1,FX13,BUY,BUY,BUY,78,,,0,BULL,BULL,BULL,2026-01-05 05:00:00,H1,2026-01-05 05:00:00,1.13235
1,FX14,BUY,BUY,BUY,78,,,0,BULL,BULL,BULL,2026-01-05 05:00:00,H1,2026-01-05 05:00:00,1.14235
1,FX15,BUY,BUY,BUY,78,,,0,BULL,BULL,BULL,2026-01-05 05:00:00,H1,2026-01-05 05:00:00,1.15235
1,FX16,BUY,BUY,BUY,78,,,0,BULL,BULL,BULL,2026-01-05 05:00:00,H1,2026-01-05 05:00:00,1.16235
1,FX17,BUY,BUY,BUY,78,,,0,BULL,BULL,BULL,2026-01-05 05:00:00,H1,2026-01-05 05:00:00,1.17235
1,FX18,BUY,BUY,BUY,78,,,0,BULL,BULL,BULL,2026-01-05 05:00:00,H1,2026-01-05 05:00:00,1.18235
1,FX19,BUY,BUY,BUY,78,,,0,BULL,BULL,BULL,2026-01-05 05:00:00,H1,2026-01-05 05:00:00,1.19235
1,FX20,BUY,BUY,BUY,78,,,0,BULL,BULL,BULL,2026-01-05 05:00:00,H1,2026-01-05 05:00:00,1.20235
1,FX21,BUY,BUY,BUY,78,,,0,BULL,BULL,BULL,2026-01-05 05:00:00,H1,2026-01-05 05:00:00,1.21235
1,FX22,BUY,BUY,BUY,78,,,0,BULL,BULL,BULL,2026-01-05 05:00:00,H1,2026-01-05 05:00:00,1.22235
1,FX23,BUY,BUY,BUY,78,,,0,BULL,BULL,BULL,2026-01-05 05:00:00,H1,2026-01-05 05:00:00,1.23235
1,FX24,BUY,BUY,BUY,78,,,0,BULL,BULL,BULL,2026-01-05 05:00:00,H1,2026-01-05 05:00:00,1.24235
1,FX25,BUY,BUY,BUY,78,,,0,BULL,BULL,BULL,2026-01-05 05:00:00,H1,2026-01-05 05:00:00,1.25235
1,FX26,BUY,BUY,BUY,78,,,0,BULL,BULL,BULL,2026-01-05 05:00:00,H1,2026-01-05 05:00:00,1.26235
1,FX27,BUY,BUY,BUY,78,,,0,BULL,BULL,BULL,2026-01-05 05:00:00,H1,2026-01-05 05:00:00,1.27235
1,FX28,BUY,BUY,BUY,78,,,0,BULL,BULL,BULL,2026-01-05 05:00:00,H1,2026-01-05 05:00:00,1.28235
1,FX29,BUY,BUY,BUY,78,,,0,BULL,BULL,BULL,2026-01-05 05:00:00,H1,2026-01-05 05:00:00,1.29235
1,FX00,BUY,BUY,BUY,79,,,0,BULL,BULL,BULL,2026-01-05 06:00:00,H1,2026-01-05 06:00:00,1.00235
1,FX01,BUY,BUY,BUY,79,,,0,BULL,BULL,BULL,2026-01-05 06:00:00,H1,2026-01-05 06:00:00,1.01235
1,FX02,BUY,BUY,BUY,79,,,0,BULL,BULL,BULL,2026-01-05 06:00:00,H1,2026-01-05 06:00:00,1.02235
1,FX03,BUY,BUY,BUY,79,,,0,BULL,BULL,BULL,2026-01-05 06:00:00,H1,2026-01-05 06:00:00,1.03235
1,FX04,BUY,BUY,BUY,79,,,0,BULL,BULL,BULL,2026-01-05 06:00:00,H1,2026-01-05 06:00:00,1.04235
1,FX05,BUY,BUY,BUY,79,,,0,BULL,BULL,BULL,2026-01-05 06:00:00,H1,2026-01-05 06:00:00,1.05235
1,FX06,BUY,BUY,BUY,79,,,0,BULL,BULL,BULL,2026-01-05 06:00:00,H1,2026-01-05 06:00:00,1.06235
1,FX07,BUY,BUY,BUY,79,,,0,BULL,BULL,BULL,2026-01-05 06:00:00,H1,2026-01-05 06:00:00,1.07235
1,FX08,BUY,BUY,BUY,79,,,0,BULL,BULL,BULL,2026-01-05 06:00:00,H1,2026-01-05 06:00:00,1.08235
1,FX09,BUY,BUY,BUY,79,,,0,BULL,BULL,BULL,2026-01-05 06:00:00,H1,2026-01-05 06:00:00,1.09235
1,FX10,BUY,BUY,BUY,79,,,0,BULL,BULL,BULL,2026-01-05 06:00:00,H1,2026-01-05 06:00:00,1.10235
1,FX11,BUY,BUY,BUY,79,,,0,BULL,BULL,BULL,2026-01-05 06:00:00,H1,2026-01-05 06:00:00,1.11235
1,FX12,BUY,BUY,BUY,79,,,0,BULL,BULL,BULL,2026-01-05 06:00:00,H1,2026-01-05 06:00:00,1.12235
1,FX13,BUY,BUY,BUY,79,,,0,BULL,BULL,BULL,2026-01-05 06:00:00,H1,2026-01-05 06:00:00,1.13235
1,FX14,BUY,BUY,BUY,79,,,0,BULL,BULL,BULL,2026-01-05 06:00:00,H1,2026-01-05 06:00:00,1.14235
1,FX15,BUY,BUY,BUY,79,,,0,BULL,BULL,BULL,2026-01-05 06:00:00,H1,2026-01-05 06:00:00,1.15235
1,FX16,BUY,BUY,BUY,79,,,0,BULL,BULL,BULL,2026-01-05 06:00:00,H1,2026-01-05 06:00:00,1.16235
1,FX17,BUY,BUY,BUY,79,,,0,BULL,BULL,BULL,2026-01-05 06:00:00,H1,2026-01-05 06:00:00,1.17235
1,FX18,BUY,BUY,BUY,79,,,0,BULL,BULL,BULL,2026-01-05 06:00:00,H1,2026-01-05 06:00:00,1.18235
1,FX19,BUY,BUY,BUY,79,,,0,BULL,BULL,BULL,2026-01-05 06:00:00,H1,2026-01-05 06:00:00,1.19235
1,FX20,BUY,BUY,BUY,79,,,0,BULL,BULL,BULL,2026-01-05 06:00:00,H1,2026-01-05 06:00:00,1.20235
1,FX21,BUY,BUY,BUY,79,,,0,BULL,BULL,BULL,2026-01-05 06:00:00,H1,2026-01-05 06:00:00,1.21235
1,FX22,BUY,BUY,BUY,79,,,0,BULL,BULL,BULL,2026-01-05 06:00:00,H1,2026-01-05 06:00:00,1.22235
1,FX23,BUY,BUY,BUY,79,,,0,BULL,BULL,BULL,2026-01-05 06:00:00,H1,2026-01-05 06:00:00,1.23235
1,FX24,BUY,BUY,BUY,79,,,0,BULL,BULL,BULL,2026-01-05 06:00:00,H1,2026-01-05 06:00:00,1.24235
1,FX25,BUY,BUY,BUY,79,,,0,BULL,BULL,BULL,2026-01-05 06:00:00,H1,2026-01-05 06:00:00,1.25235
1,FX26,BUY,BUY,BUY,79,,,0,BULL,BULL,BULL,2026-01-05 06:00:00,H1,2026-01-05 06:00:00,1.26235
1,FX27,BUY,BUY,BUY,79,,,0,BULL,BULL,BULL,2026-01-05 06:00:00,H1,2026-01-05 06:00:00,1.27235
1,FX28,BUY,BUY,BUY,79,,,0,BULL,BULL,BULL,2026-01-05 06:00:00,H1,2026-01-05 06:00:00,1.28235
1,FX29,BUY,BUY,BUY,79,,,0,BULL,BULL,BULL,2026-01-05 06:00:00,H1,2026-01-05 06:00:00,1.29235
1,FX00,BUY,BUY,BUY,80,,,0,BULL,BULL,BULL,2026-01-05 07:00:00,H1,2026-01-05 07:00:00,1.00235
1,FX01,BUY,BUY,BUY,80,,,0,BULL,BULL,BULL,2026-01-05 07:00:00,H1,2026-01-05 07:00:00,1.01235
1,FX02,BUY,BUY,BUY,80,,,0,BULL,BULL,BULL,2026-01-05 07:00:00,H1,2026-01-05 07:00:00,1.02235
1,FX03,BUY,BUY,BUY,80,,,0,BULL,BULL,BULL,2026-01-05 07:00:00,H1,2026-01-05 07:00:00,1.03235
1,FX04,BUY,BUY,BUY,80,,,0,BULL,BULL,BULL,2026-01-05 07:00:00,H1,2026-01-05 07:00:00,1.04235
1,FX05,BUY,BUY,BUY,80,,,0,BULL,BULL,BULL,2026-01-05 07:00:00,H1,2026-01-05 07:00:00,1.05235
1,FX06,BUY,BUY,BUY,80,,,0,BULL,BULL,BULL,2026-01-05 07:00:00,H1,2026-01-05 07:00:00,1.06235
1,FX07,BUY,BUY,BUY,80,,,0,BULL,BULL,BULL,2026-01-05 07:00:00,H1,2026-01-05 07:00:00,1.07235
1,FX08,BUY,BUY,BUY,80,,,0,BULL,BULL,BULL,2026-01-05 07:00:00,H1,2026-01-05 07:00:00,1.08235
1,FX09,BUY,BUY,BUY,80,,,0,BULL,BULL,BULL,2026-01-05 07:00:00,H1,2026-01-05 07:00:00,1.09235
1,FX10,BUY,BUY,BUY,80,,,0,BULL,BULL,BULL,2026-01-05 07:00:00,H1,2026-01-05 07:00:00,1.10235
1,FX11,BUY,BUY,BUY,80,,,0,BULL,BULL,BULL,2026-01-05 07:00:00,H1,2026-01-05 07:00:00,1.11235
1,FX12,BUY,BUY,BUY,80,,,0,BULL,BULL,BULL,2026-01-05 07:00:00,H1,2026-01-05 07:00:00,1.12235
1,FX13,BUY,BUY,BUY,80,,,0,BULL,BULL,BULL,2026-01-05 07:00:00,H1,2026-01-05 07:00:00,1.13235
1,FX14,BUY,BUY,BUY,80,,,0,BULL,BULL,BULL,2026-01-05 07:00:00,H1,2026-01-05 07:00:00,1.14235
1,FX15,BUY,BUY,BUY,80,,,0,BULL,BULL,BULL,2026-01-05 07:00:00,H1,2026-01-05 07:00:00,1.15235
1,FX16,BUY,BUY,BUY,80,,,0,BULL,BULL,BULL,2026-01-05 07:00:00,H1,2026-01-05 07:00:00,1.16235
1,FX17,BUY,BUY,BUY,80,,,0,BULL,BULL,BULL,2026-01-05 07:00:00,H1,2026-01-05 07:00:00,1.17235
1,FX18,BUY,BUY,BUY,80,,,0,BULL,BULL,BULL,2026-01-05 07:00:00,H1,2026-01-05 07:00:00,1.18235
1,FX19,BUY,BUY,BUY,80,,,0,BULL,BULL,BULL,2026-01-05 07:00:00,H1,2026-01-05 07:00:00,1.19235
1,FX20,BUY,BUY,BUY,80,,,0,BULL,BULL,BULL,2026-01-05 07:00:00,H1,2026-01-05 07:00:00,1.20235
1,FX21,BUY,BUY,BUY,80,,,0,BULL,BULL,BULL,2026-01-05 07:00:00,H1,2026-01-05 07:00:00,1.21235
1,FX22,BUY,BUY,BUY,80,,,0,BULL,BULL,BULL,2026-01-05 07:00:00,H1,2026-01-05 07:00:00,1.22235
1,FX23,BUY,BUY,BUY,80,,,0,BULL,BULL,BULL,2026-01-05 07:00:00,H1,2026-01-05 07:00:00,1.23235
1,FX24,BUY,BUY,BUY,80,,,0,BULL,BULL,BULL,2026-01-05 07:00:00,H1,2026-01-05 07:00:00,1.24235
1,FX25,BUY,BUY,BUY,80,,,0,BULL,BULL,BULL,2026-01-05 07:00:00,H1,2026-01-05 07:00:00,1.25235
1,FX26,BUY,BUY,BUY,80,,,0,BULL,BULL,BULL,2026-01-05 07:00:00,H1,2026-01-05 07:00:00,1.26235
1,FX27,BUY,BUY,BUY,80,,,0,BULL,BULL,BULL,2026-01-05 07:00:00,H1,2026-01-05 07:00:00,1.27235
1,FX28,BUY,BUY,BUY,80,,,0,BULL,BULL,BULL,2026-01-05 07:00:00,H1,2026-01-05 07:00:00,1.28235
1,FX29,BUY,BUY,BUY,80,,,0,BULL,BULL,BULL,2026-01-05 07:00:00,H1,2026-01-05 07:00:00,1.29235
1,FX00,BUY,BUY,BUY,81,,,0,BULL,BULL,BULL,2026-01-05 08:00:00,H1,2026-01-05 08:00:00,1.00235
1,FX01,BUY,BUY,BUY,81,,,0,BULL,BULL,BULL,2026-01-05 08:00:00,H1,2026-01-05 08:00:00,1.01235
1,FX02,BUY,BUY,BUY,81,,,0,BULL,BULL,BULL,2026-01-05 08:00:00,H1,2026-01-05 08:00:00,1.02235
1,FX03,BUY,BUY,BUY,81,,,0,BULL,BULL,BULL,2026-01-05 08:00:00,H1,2026-01-05 08:00:00,1.03235
1,FX04,BUY,BUY,BUY,81,,,0,BULL,BULL,BULL,2026-01-05 08:00:00,H1,2026-01-05 08:00:00,1.04235
1,FX05,BUY,BUY,BUY,81,,,0,BULL,BULL,BULL,2026-01-05 08:00:00,H1,2026-01-05 08:00:00,1.05235
1,FX06,BUY,BUY,BUY,81,,,0,BULL,BULL,BULL,2026-01-05 08:00:00,H1,2026-01-05 08:00:00,1.06235
1,FX07,BUY,BUY,BUY,81,,,0,BULL,BULL,BULL,2026-01-05 08:00:00,H1,2026-01-05 08:00:00,1.07235
1,FX08,BUY,BUY,BUY,81,,,0,BULL,BULL,BULL,2026-01-05 08:00:00,H1,2026-01-05 08:00:00,1.08235
1,FX09,BUY,BUY,BUY,81,,,0,BULL,BULL,BULL,2026-01-05 08:00:00,H1,2026-01-05 08:00:00,1.09235
1,FX10,BUY,BUY,BUY,81,,,0,BULL,BULL,BULL,2026-01-05 08:00:00,H1,2026-01-05 08:00:00,1.10235
1,FX11,BUY,BUY,BUY,81,,,0,BULL,BULL,BULL,2026-01-05 08:00:00,H1,2026-01-05 08:00:00,1.11235
1,FX12,BUY,BUY,BUY,81,,,0,BULL,BULL,BULL,2026-01-05 08:00:00,H1,2026-01-05 08:00:00,1.12235
1,FX13,BUY,BUY,BUY,81,,,0,BULL,BULL,BULL,2026-01-05 08:00:00,H1,2026-01-05 08:00:00,1.13235
1,FX14,BUY,BUY,BUY,81,,,0,BULL,BULL,BULL,2026-01-05 08:00:00,H1,2026-01-05 08:00:00,1.14235
1,FX15,BUY,BUY,BUY,81,,,0,BULL,BULL,BULL,2026-01-05 08:00:00,H1,2026-01-05 08:00:00,1.15235
1,FX16,BUY,BUY,BUY,81,,,0,BULL,BULL,BULL,2026-01-05 08:00:00,H1,2026-01-05 08:00:00,1.16235
1,FX17,BUY,BUY,BUY,81,,,0,BULL,BULL,BULL,2026-01-05 08:00:00,H1,2026-01-05 08:00:00,1.17235
1,FX18,BUY,BUY,BUY,81,,,0,BULL,BULL,BULL,2026-01-05 08:00:00,H1,2026-01-05 08:00:00,1.18235
1,FX19,BUY,BUY,BUY,81,,,0,BULL,BULL,BULL,2026-01-05 08:00:00,H1,2026-01-05 08:00:00,1.19235
1,FX20,BUY,BUY,BUY,81,,,0,BULL,BULL,BULL,2026-01-05 08:00:00,H1,2026-01-05 08:00:00,1.20235
1,FX21,BUY,BUY,BUY,81,,,0,BULL,BULL,BULL,2026-01-05 08:00:00,H1,2026-01-05 08:00:00,1.21235
1,FX22,BUY,BUY,BUY,81,,,0,BULL,BULL,BULL,2026-01-05 08:00:00,H1,2026-01-05 08:00:00,1.22235
1,FX23,BUY,BUY,BUY,81,,,0,BULL,BULL,BULL,2026-01-05 08:00:00,H1,2026-01-05 08:00:00,1.23235
1,FX24,BUY,BUY,BUY,81,,,0,BULL,BULL,BULL,2026-01-05 08:00:00,H1,2026-01-05 08:00:00,1.24235
1,FX25,BUY,BUY,BUY,81,,,0,BULL,BULL,BULL,2026-01-05 08:00:00,H1,2026-01-05 08:00:00,1.25235
1,FX26,BUY,BUY,BUY,81,,,0,BULL,BULL,BULL,2026-01-05 08:00:00,H1,2026-01-05 08:00:00,1.26235
1,FX27,BUY,BUY,BUY,81,,,0,BULL,BULL,BULL,2026-01-05 08:00:00,H1,2026-01-05 08:00:00,1.27235
1,FX28,BUY,BUY,BUY,81,,,0,BULL,BULL,BULL,2026-01-05 08:00:00,H1,2026-01-05 08:00:00,1.28235
1,FX29,BUY,BUY,BUY,81,,,0,BULL,BULL,BULL,2026-01-05 08:00:00,H1,2026-01-05 08:00:00,1.29235
1,FX00,BUY,BUY,BUY,82,,,0,BULL,BULL,BULL,2026-01-05 09:00:00,H1,2026-01-05 09:00:00,1.00235
1,FX01,BUY,BUY,BUY,82,,,0,BULL,BULL,BULL,2026-01-05 09:00:00,H1,2026-01-05 09:00:00,1.01235
1,FX02,BUY,BUY,BUY,82,,,0,BULL,BULL,BULL,2026-01-05 09:00:00,H1,2026-01-05 09:00:00,1.02235
1,FX03,BUY,BUY,BUY,82,,,0,BULL,BULL,BULL,2026-01-05 09:00:00,H1,2026-01-05 09:00:00,1.03235
1,FX04,BUY,BUY,BUY,82,,,0,BULL,BULL,BULL,2026-01-05 09:00:00,H1,2026-01-05 09:00:00,1.04235
1,FX05,BUY,BUY,BUY,82,,,0,BULL,BULL,BULL,2026-01-05 09:00:00,H1,2026-01-05 09:00:00,1.05235
1,FX06,BUY,BUY,BUY,82,,,0,BULL,BULL,BULL,2026-01-05 09:00:00,H1,2026-01-05 09:00:00,1.06235
1,FX07,BUY,BUY,BUY,82,,,0,BULL,BULL,BULL,2026-01-05 09:00:00,H1,2026-01-05 09:00:00,1.07235
1,FX08,BUY,BUY,BUY,82,,,0,BULL,BULL,BULL,2026-01-05 09:00:00,H1,2026-01-05 09:00:00,1.08235
1,FX09,BUY,BUY,BUY,82,,,0,BULL,BULL,BULL,2026-01-05 09:00:00,H1,2026-01-05 09:00:00,1.09235
1,FX10,BUY,BUY,BUY,82,,,0,BULL,BULL,BULL,2026-01-05 09:00:00,H1,2026-01-05 09:00:00,1.10235
1,FX11,BUY,BUY,BUY,82,,,0,BULL,BULL,BULL,2026-01-05 09:00:00,H1,2026-01-05 09:00:00,1.11235
1,FX12,BUY,BUY,BUY,82,,,0,BULL,BULL,BULL,2026-01-05 09:00:00,H1,2026-01-05 09:00:00,1.12235
1,FX13,BUY,BUY,BUY,82,,,0,BULL,BULL,BULL,2026-01-05 09:00:00,H1,2026-01-05 09:00:00,1.13235
1,FX14,BUY,BUY,BUY,82,,,0,BULL,BULL,BULL,2026-01-05 09:00:00,H1,2026-01-05 09:00:00,1.14235
1,FX15,BUY,BUY,BUY,82,,,0,BULL,BULL,BULL,2026-01-05 09:00:00,H1,2026-01-05 09:00:00,1.15235
1,FX16,BUY,BUY,BUY,82,,,0,BULL,BULL,BULL,2026-01-05 09:00:00,H1,2026-01-05 09:00:00,1.16235
1,FX17,BUY,BUY,BUY,82,,,0,BULL,BULL,BULL,2026-01-05 09:00:00,H1,2026-01-05 09:00:00,1.17235
1,FX18,BUY,BUY,BUY,82,,,0,BULL,BULL,BULL,2026-01-05 09:00:00,H1,2026-01-05 09:00:00,1.18235
1,FX19,BUY,BUY,BUY,82,,,0,BULL,BULL,BULL,2026-01-05 09:00:00,H1,2026-01-05 09:00:00,1.19235
1,FX20,BUY,BUY,BUY,82,,,0,BULL,BULL,BULL,2026-01-05 09:00:00,H1,2026-01-05 09:00:00,1.20235
1,FX21,BUY,BUY,BUY,82,,,0,BULL,BULL,BULL,2026-01-05 09:00:00,H1,2026-01-05 09:00:00,1.21235
1,FX22,BUY,BUY,BUY,82,,,0,BULL,BULL,BULL,2026-01-05 09:00:00,H1,2026-01-05 09:00:00,1.22235
1,FX23,BUY,BUY,BUY,82,,,0,BULL,BULL,BULL,2026-01-05 09:00:00,H1,2026-01-05 09:00:00,1.23235
1,FX24,BUY,BUY,BUY,82,,,0,BULL,BULL,BULL,2026-01-05 09:00:00,H1,2026-01-05 09:00:00,1.24235
1,FX25,BUY,BUY,BUY,82,,,0,BULL,BULL,BULL,2026-01-05 09:00:00,H1,2026-01-05 09:00:00,1.25235
1,FX26,BUY,BUY,BUY,82,,,0,BULL,BULL,BULL,2026-01-05 09:00:00,H1,2026-01-05 09:00:00,1.26235
1,FX27,BUY,BUY,BUY,82,,,0,BULL,BULL,BULL,2026-01-05 09:00:00,H1,2026-01-05 09:00:00,1.27235
1,FX28,BUY,BUY,BUY,82,,,0,BULL,BULL,BULL,2026-01-05 09:00:00,H1,2026-01-05 09:00:00,1.28235
1,FX29,BUY,BUY,BUY,82,,,0,BULL,BULL,BULL,2026-01-05 09:00:00,H1,2026-01-05 09:00:00,1.29235
1,FX00,BUY,BUY,BUY,83,,,0,BULL,BULL,BULL,2026-01-05 10:00:00,H1,2026-01-05 10:00:00,1.00235
1,FX01,BUY,BUY,BUY,83,,,0,BULL,BULL,BULL,2026-01-05 10:00:00,H1,2026-01-05 10:00:00,1.01235
1,FX02,BUY,BUY,BUY,83,,,0,BULL,BULL,BULL,2026-01-05 10:00:00,H1,2026-01-05 10:00:00,1.02235
1,FX03,BUY,BUY,BUY,83,,,0,BULL,BULL,BULL,2026-01-05 10:00:00,H1,2026-01-05 10:00:00,1.03235
1,FX04,BUY,BUY,BUY,83,,,0,BULL,BULL,BULL,2026-01-05 10:00:00,H1,2026-01-05 10:00:00,1.04235
1,FX05,BUY,BUY,BUY,83,,,0,BULL,BULL,BULL,2026-01-05 10:00:00,H1,2026-01-05 10:00:00,1.05235
1,FX06,BUY,BUY,BUY,83,,,0,BULL,BULL,BULL,2026-01-05 10:00:00,H1,2026-01-05 10:00:00,1.06235
1,FX07,BUY,BUY,BUY,83,,,0,BULL,BULL,BULL,2026-01-05 10:00:00,H1,2026-01-05 10:00:00,1.07235
1,FX08,BUY,BUY,BUY,83,,,0,BULL,BULL,BULL,2026-01-05 10:00:00,H1,2026-01-05 10:00:00,1.08235
1,FX09,BUY,BUY,BUY,83,,,0,BULL,BULL,BULL,2026-01-05 10:00:00,H1,2026-01-05 10:00:00,1.09235
1,FX10,BUY,BUY,BUY,83,,,0,BULL,BULL,BULL,2026-01-05 10:00:00,H1,2026-01-05 10:00:00,1.10235
1,FX11,BUY,BUY,BUY,83,,,0,BULL,BULL,BULL,2026-01-05 10:00:00,H1,2026-01-05 10:00:00,1.11235
1,FX12,BUY,BUY,BUY,83,,,0,BULL,BULL,BULL,2026-01-05 10:00:00,H1,2026-01-05 10:00:00,1.12235
1,FX13,BUY,BUY,BUY,83,,,0,BULL,BULL,BULL,2026-01-05 10:00:00,H1,2026-01-05 10:00:00,1.13235
1,FX14,BUY,BUY,BUY,83,,,0,BULL,BULL,BULL,2026-01-05 10:00:00,H1,2026-01-05 10:00:00,1.14235
1,FX15,BUY,BUY,BUY,83,,,0,BULL,BULL,BULL,2026-01-05 10:00:00,H1,2026-01-05 10:00:00,1.15235
1,FX16,BUY,BUY,BUY,83,,,0,BULL,BULL,BULL,2026-01-05 10:00:00,H1,2026-01-05 10:00:00,1.16235
1,FX17,BUY,BUY,BUY,83,,,0,BULL,BULL,BULL,2026-01-05 10:00:00,H1,2026-01-05 10:00:00,1.17235
1,FX18,BUY,BUY,BUY,83,,,0,BULL,BULL,BULL,2026-01-05 10:00:00,H1,2026-01-05 10:00:00,1.18235
1,FX19,BUY,BUY,BUY,83,,,0,BULL,BULL,BULL,2026-01-05 10:00:00,H1,2026-01-05 10:00:00,1.19235
1,FX20,BUY,BUY,BUY,83,,,0,BULL,BULL,BULL,2026-01-05 10:00:00,H1,2026-01-05 10:00:00,1.20235
1,FX21,BUY,BUY,BUY,83,,,0,BULL,BULL,BULL,2026-01-05 10:00:00,H1,2026-01-05 10:00:00,1.21235
1,FX22,BUY,BUY,BUY,83,,,0,BULL,BULL,BULL,2026-01-05 10:00:00,H1,2026-01-05 10:00:00,1.22235
1,FX23,BUY,BUY,BUY,83,,,0,BULL,BULL,BULL,2026-01-05 10:00:00,H1,2026-01-05 10:00:00,1.23235
1,FX24,BUY,BUY,BUY,83,,,0,BULL,BULL,BULL,2026-01-05 10:00:00,H1,2026-01-05 10:00:00,1.24235
1,FX25,BUY,BUY,BUY,83,,,0,BULL,BULL,BULL,2026-01-05 10:00:00,H1,2026-01-05 10:00:00,1.25235
1,FX26,BUY,BUY,BUY,83,,,0,BULL,BULL,BULL,2026-01-05 10:00:00,H1,2026-01-05 10:00:00,1.26235
1,FX27,BUY,BUY,BUY,83,,,0,BULL,BULL,BULL,2026-01-05 10:00:00,H1,2026-01-05 10:00:00,1.27235
1,FX28,BUY,BUY,BUY,83,,,0,BULL,BULL,BULL,2026-01-05 10:00:00,H1,2026-01-05 10:00:00,1.28235
1,FX29,BUY,BUY,BUY,83,,,0,BULL,BULL,BULL,2026-01-05 10:00:00,H1,2026-01-05 10:00:00,1.29235
1,FX00,BUY,BUY,BUY,84,,,0,BULL,BULL,BULL,2026-01-05 11:00:00,H1,2026-01-05 11:00:00,1.00235
1,FX01,BUY,BUY,BUY,84,,,0,BULL,BULL,BULL,2026-01-05 11:00:00,H1,2026-01-05 11:00:00,1.01235
1,FX02,BUY,BUY,BUY,84,,,0,BULL,BULL,BULL,2026-01-05 11:00:00,H1,2026-01-05 11:00:00,1.02235
1,FX03,BUY,BUY,BUY,84,,,0,BULL,BULL,BULL,2026-01-05 11:00:00,H1,2026-01-05 11:00:00,1.03235
1,FX04,BUY,BUY,BUY,84,,,0,BULL,BULL,BULL,2026-01-05 11:00:00,H1,2026-01-05 11:00:00,1.04235
1,FX05,BUY,BUY,BUY,84,,,0,BULL,BULL,BULL,2026-01-05 11:00:00,H1,2026-01-05 11:00:00,1.05235
1,FX06,BUY,BUY,BUY,84,,,0,BULL,BULL,BULL,2026-01-05 11:00:00,H1,2026-01-05 11:00:00,1.06235
1,FX07,BUY,BUY,BUY,84,,,0,BULL,BULL,BULL,2026-01-05 11:00:00,H1,2026-01-05 11:00:00,1.07235
1,FX08,BUY,BUY,BUY,84,,,0,BULL,BULL,BULL,2026-01-05 11:00:00,H1,2026-01-05 11:00:00,1.08235
1,FX09,BUY,BUY,BUY,84,,,0,BULL,BULL,BULL,2026-01-05 11:00:00,H1,2026-01-05 11:00:00,1.09235
1,FX10,BUY,BUY,BUY,84,,,0,BULL,BULL,BULL,2026-01-05 11:00:00,H1,2026-01-05 11:00:00,1.10235
1,FX11,BUY,BUY,BUY,84,,,0,BULL,BULL,BULL,2026-01-05 11:00:00,H1,2026-01-05 11:00:00,1.11235
1,FX12,BUY,BUY,BUY,84,,,0,BULL,BULL,BULL,2026-01-05 11:00:00,H1,2026-01-05 11:00:00,1.12235
1,FX13,BUY,BUY,BUY,84,,,0,BULL,BULL,BULL,2026-01-05 11:00:00,H1,2026-01-05 11:00:00,1.13235
1,FX14,BUY,BUY,BUY,84,,,0,BULL,BULL,BULL,2026-01-05 11:00:00,H1,2026-01-05 11:00:00,1.14235
1,FX15,BUY,BUY,BUY,84,,,0,BULL,BULL,BULL,2026-01-05 11:00:00,H1,2026-01-05 11:00:00,1.15235
1,FX16,BUY,BUY,BUY,84,,,0,BULL,BULL,BULL,2026-01-05 11:00:00,H1,2026-01-05 11:00:00,1.16235
1,FX17,BUY,BUY,BUY,84,,,0,BULL,BULL,BULL,2026-01-05 11:00:00,H1,2026-01-05 11:00:00,1.17235
1,FX18,BUY,BUY,BUY,84,,,0,BULL,BULL,BULL,2026-01-05 11:00:00,H1,2026-01-05 11:00:00,1.18235
1,FX19,BUY,BUY,BUY,84,,,0,BULL,BULL,BULL,2026-01-05 11:00:00,H1,2026-01-05 11:00:00,1.19235
1,FX20,BUY,BUY,BUY,84,,,0,BULL,BULL,BULL,2026-01-05 11:00:00,H1,2026-01-05 11:00:00,1.20235
1,FX21,BUY,BUY,BUY,84,,,0,BULL,BULL,BULL,2026-01-05 11:00:00,H1,2026-01-05 11:00:00,1.21235
1,FX22,BUY,BUY,BUY,84,,,0,BULL,BULL,BULL,2026-01-05 11:00:00,H1,2026-01-05 11:00:00,1.22235
1,FX23,BUY,BUY,BUY,84,,,0,BULL,BULL,BULL,2026-01-05 11:00:00,H1,2026-01-05 11:00:00,1.23235
1,FX24,BUY,BUY,BUY,84,,,0,BULL,BULL,BULL,2026-01-05 11:00:00,H1,2026-01-05 11:00:00,1.24235
1,FX25,BUY,BUY,BUY,84,,,0,BULL,BULL,BULL,2026-01-05 11:00:00,H1,2026-01-05 11:00:00,1.25235
1,FX26,BUY,BUY,BUY,84,,,0,BULL,BULL,BULL,2026-01-05 11:00:00,H1,2026-01-05 11:00:00,1.26235
1,FX27,BUY,BUY,BUY,84,,,0,BULL,BULL,BULL,2026-01-05 11:00:00,H1,2026-01-05 11:00:00,1.27235
1,FX28,BUY,BUY,BUY,84,,,0,BULL,BULL,BULL,2026-01-05 11:00:00,H1,2026-01-05 11:00:00,1.28235
1,FX29,BUY,BUY,BUY,84,,,0,BULL,BULL,BULL,2026-01-05 11:00:00,H1,2026-01-05 11:00:00,1.29235
1,FX00,BUY,BUY,BUY,85,,,0,BULL,BULL,BULL,2026-01-05 12:00:00,H1,2026-01-05 12:00:00,1.00235
1,FX01,BUY,BUY,BUY,85,,,0,BULL,BULL,BULL,2026-01-05 12:00:00,H1,2026-01-05 12:00:00,1.01235
1,FX02,BUY,BUY,BUY,85,,,0,BULL,BULL,BULL,2026-01-05 12:00:00,H1,2026-01-05 12:00:00,1.02235
1,FX03,BUY,BUY,BUY,85,,,0,BULL,BULL,BULL,2026-01-05 12:00:00,H1,2026-01-05 12:00:00,1.03235
1,FX04,BUY,BUY,BUY,85,,,0,BULL,BULL,BULL,2026-01-05 12:00:00,H1,2026-01-05 12:00:00,1.04235
1,FX05,BUY,BUY,BUY,85,,,0,BULL,BULL,BULL,2026-01-05 12:00:00,H1,2026-01-05 12:00:00,1.05235
1,FX06,BUY,BUY,BUY,85,,,0,BULL,BULL,BULL,2026-01-05 12:00:00,H1,2026-01-05 12:00:00,1.06235
1,FX07,BUY,BUY,BUY,85,,,0,BULL,BULL,BULL,2026-01-05 12:00:00,H1,2026-01-05 12:00:00,1.07235
1,FX08,BUY,BUY,BUY,85,,,0,BULL,BULL,BULL,2026-01-05 12:00:00,H1,2026-01-05 12:00:00,1.08235
1,FX09,BUY,BUY,BUY,85,,,0,BULL,BULL,BULL,2026-01-05 12:00:00,H1,2026-01-05 12:00:00,1.09235
1,FX10,BUY,BUY,BUY,85,,,0,BULL,BULL,BULL,2026-01-05 12:00:00,H1,2026-01-05 12:00:00,1.10235
1,FX11,BUY,BUY,BUY,85,,,0,BULL,BULL,BULL,2026-01-05 12:00:00,H1,2026-01-05 12:00:00,1.11235
1,FX12,BUY,BUY,BUY,85,,,0,BULL,BULL,BULL,2026-01-05 12:00:00,H1,2026-01-05 12:00:00,1.12235
1,FX13,BUY,BUY,BUY,85,,,0,BULL,BULL,BULL,2026-01-05 12:00:00,H1,2026-01-05 12:00:00,1.13235
1,FX14,BUY,BUY,BUY,85,,,0,BULL,BULL,BULL,2026-01-05 12:00:00,H1,2026-01-05 12:00:00,1.14235
1,FX15,BUY,BUY,BUY,85,,,0,BULL,BULL,BULL,2026-01-05 12:00:00,H1,2026-01-05 12:00:00,1.15235
1,FX16,BUY,BUY,BUY,85,,,0,BULL,BULL,BULL,2026-01-05 12:00:00,H1,2026-01-05 12:00:00,1.16235
1,FX17,BUY,BUY,BUY,85,,,0,BULL,BULL,BULL,2026-01-05 12:00:00,H1,2026-01-05 12:00:00,1.17235
1,FX18,BUY,BUY,BUY,85,,,0,BULL,BULL,BULL,2026-01-05 12:00:00,H1,2026-01-05 12:00:00,1.18235
1,FX19,BUY,BUY,BUY,85,,,0,BULL,BULL,BULL,2026-01-05 12:00:00,H1,2026-01-05 12:00:00,1.19235
1,FX20,BUY,BUY,BUY,85,,,0,BULL,BULL,BULL,2026-01-05 12:00:00,H1,2026-01-05 12:00:00,1.20235
1,FX21,BUY,BUY,BUY,85,,,0,BULL,BULL,BULL,2026-01-05 12:00:00,H1,2026-01-05 12:00:00,1.21235
1,FX22,BUY,BUY,BUY,85,,,0,BULL,BULL,BULL,2026-01-05 12:00:00,H1,2026-01-05 12:00:00,1.22235
1,FX23,BUY,BUY,BUY,85,,,0,BULL,BULL,BULL,2026-01-05 12:00:00,H1,2026-01-05 12:00:00,1.23235
1,FX24,BUY,BUY,BUY,85,,,0,BULL,BULL,BULL,2026-01-05 12:00:00,H1,2026-01-05 12:00:00,1.24235
1,FX25,BUY,BUY,BUY,85,,,0,BULL,BULL,BULL,2026-01-05 12:00:00,H1,2026-01-05 12:00:00,1.25235
1,FX26,BUY,BUY,BUY,85,,,0,BULL,BULL,BULL,2026-01-05 12:00:00,H1,2026-01-05 12:00:00,1.26235
1,FX27,BUY,BUY,BUY,85,,,0,BULL,BULL,BULL,2026-01-05 12:00:00,H1,2026-01-05 12:00:00,1.27235
1,FX28,BUY,BUY,BUY,85,,,0,BULL,BULL,BULL,2026-01-05 12:00:00,H1,2026-01-05 12:00:00,1.28235
1,FX29,BUY,BUY,BUY,85,,,0,BULL,BULL,BULL,2026-01-05 12:00:00,H1,2026-01-05 12:00:00,1.29235
1,FX00,BUY,BUY,BUY,86,,,0,BULL,BULL,BULL,2026-01-05 13:00:00,H1,2026-01-05 13:00:00,1.00235
1,FX01,BUY,BUY,BUY,86,,,0,BULL,BULL,BULL,2026-01-05 13:00:00,H1,2026-01-05 13:00:00,1.01235
1,FX02,BUY,BUY,BUY,86,,,0,BULL,BULL,BULL,2026-01-05 13:00:00,H1,2026-01-05 13:00:00,1.02235
1,FX03,BUY,BUY,BUY,86,,,0,BULL,BULL,BULL,2026-01-05 13:00:00,H1,2026-01-05 13:00:00,1.03235
1,FX04,BUY,BUY,BUY,86,,,0,BULL,BULL,BULL,2026-01-05 13:00:00,H1,2026-01-05 13:00:00,1.04235
1,FX05,BUY,BUY,BUY,86,,,0,BULL,BULL,BULL,2026-01-05 13:00:00,H1,2026-01-05 13:00:00,1.05235
1,FX06,BUY,BUY,BUY,86,,,0,BULL,BULL,BULL,2026-01-05 13:00:00,H1,2026-01-05 13:00:00,1.06235
1,FX07,BUY,BUY,BUY,86,,,0,BULL,BULL,BULL,2026-01-05 13:00:00,H1,2026-01-05 13:00:00,1.07235
1,FX08,BUY,BUY,BUY,86,,,0,BULL,BULL,BULL,2026-01-05 13:00:00,H1,2026-01-05 13:00:00,1.08235
1,FX09,BUY,BUY,BUY,86,,,0,BULL,BULL,BULL,2026-01-05 13:00:00,H1,2026-01-05 13:00:00,1.09235
1,FX10,BUY,BUY,BUY,86,,,0,BULL,BULL,BULL,2026-01-05 13:00:00,H1,2026-01-05 13:00:00,1.10235
1,FX11,BUY,BUY,BUY,86,,,0,BULL,BULL,BULL,2026-01-05 13:00:00,H1,2026-01-05 13:00:00,1.11235
1,FX12,BUY,BUY,BUY,86,,,0,BULL,BULL,BULL,2026-01-05 13:00:00,H1,2026-01-05 13:00:00,1.12235
1,FX13,BUY,BUY,BUY,86,,,0,BULL,BULL,BULL,2026-01-05 13:00:00,H1,2026-01-05 13:00:00,1.13235
1,FX14,BUY,BUY,BUY,86,,,0,BULL,BULL,BULL,2026-01-05 13:00:00,H1,2026-01-05 13:00:00,1.14235
1,FX15,BUY,BUY,BUY,86,,,0,BULL,BULL,BULL,2026-01-05 13:00:00,H1,2026-01-05 13:00:00,1.15235
1,FX16,BUY,BUY,BUY,86,,,0,BULL,BULL,BULL,2026-01-05 13:00:00,H1,2026-01-05 13:00:00,1.16235
1,FX17,BUY,BUY,BUY,86,,,0,BULL,BULL,BULL,2026-01-05 13:00:00,H1,2026-01-05 13:00:00,1.17235
1,FX18,BUY,BUY,BUY,86,,,0,BULL,BULL,BULL,2026-01-05 13:00:00,H1,2026-01-05 13:00:00,1.18235
1,FX19,BUY,BUY,BUY,86,,,0,BULL,BULL,BULL,2026-01-05 13:00:00,H1,2026-01-05 13:00:00,1.19235
1,FX20,BUY,BUY,BUY,86,,,0,BULL,BULL,BULL,2026-01-05 13:00:00,H1,2026-01-05 13:00:00,1.20235
1,FX21,BUY,BUY,BUY,86,,,0,BULL,BULL,BULL,2026-01-05 13:00:00,H1,2026-01-05 13:00:00,1.21235
1,FX22,BUY,BUY,BUY,86,,,0,BULL,BULL,BULL,2026-01-05 13:00:00,H1,2026-01-05 13:00:00,1.22235
1,FX23,BUY,BUY,BUY,86,,,0,BULL,BULL,BULL,2026-01-05 13:00:00,H1,2026-01-05 13:00:00,1.23235
1,FX24,BUY,BUY,BUY,86,,,0,BULL,BULL,BULL,2026-01-05 13:00:00,H1,2026-01-05 13:00:00,1.24235
1,FX25,BUY,BUY,BUY,86,,,0,BULL,BULL,BULL,2026-01-05 13:00:00,H1,2026-01-05 13:00:00,1.25235
1,FX26,BUY,BUY,BUY,86,,,0,BULL,BULL,BULL,2026-01-05 13:00:00,H1,2026-01-05 13:00:00,1.26235
1,FX27,BUY,BUY,BUY,86,,,0,BULL,BULL,BULL,2026-01-05 13:00:00,H1,2026-01-05 13:00:00,1.27235
1,FX28,BUY,BUY,BUY,86,,,0,BULL,BULL,BULL,2026-01-05 13:00:00,H1,2026-01-05 13:00:00,1.28235
1,FX29,BUY,BUY,BUY,86,,,0,BULL,BULL,BULL,2026-01-05 13:00:00,H1,2026-01-05 13:00:00,1.29235
1,FX00,BUY,BUY,BUY,87,,,0,BULL,BULL,BULL,2026-01-05 14:00:00,H1,2026-01-05 14:00:00,1.00235
1,FX01,BUY,BUY,BUY,87,,,0,BULL,BULL,BULL,2026-01-05 14:00:00,H1,2026-01-05 14:00:00,1.01235
1,FX02,BUY,BUY,BUY,87,,,0,BULL,BULL,BULL,2026-01-05 14:00:00,H1,2026-01-05 14:00:00,1.02235
1,FX03,BUY,BUY,BUY,87,,,0,BULL,BULL,BULL,2026-01-05 14:00:00,H1,2026-01-05 14:00:00,1.03235
1,FX04,BUY,BUY,BUY,87,,,0,BULL,BULL,BULL,2026-01-05 14:00:00,H1,2026-01-05 14:00:00,1.04235
1,FX05,BUY,BUY,BUY,87,,,0,BULL,BULL,BULL,2026-01-05 14:00:00,H1,2026-01-05 14:00:00,1.05235
1,FX06,BUY,BUY,BUY,87,,,0,BULL,BULL,BULL,2026-01-05 14:00:00,H1,2026-01-05 14:00:00,1.06235
1,FX07,BUY,BUY,BUY,87,,,0,BULL,BULL,BULL,2026-01-05 14:00:00,H1,2026-01-05 14:00:00,1.07235
1,FX08,BUY,BUY,BUY,87,,,0,BULL,BULL,BULL,2026-01-05 14:00:00,H1,2026-01-05 14:00:00,1.08235
1,FX09,BUY,BUY,BUY,87,,,0,BULL,BULL,BULL,2026-01-05 14:00:00,H1,2026-01-05 14:00:00,1.09235
1,FX10,BUY,BUY,BUY,87,,,0,BULL,BULL,BULL,2026-01-05 14:00:00,H1,2026-01-05 14:00:00,1.10235
1,FX11,BUY,BUY,BUY,87,,,0,BULL,BULL,BULL,2026-01-05 14:00:00,H1,2026-01-05 14:00:00,1.11235
1,FX12,BUY,BUY,BUY,87,,,0,BULL,BULL,BULL,2026-01-05 14:00:00,H1,2026-01-05 14:00:00,1.12235
1,FX13,BUY,BUY,BUY,87,,,0,BULL,BULL,BULL,2026-01-05 14:00:00,H1,2026-01-05 14:00:00,1.13235
1,FX14,BUY,BUY,BUY,87,,,0,BULL,BULL,BULL,2026-01-05 14:00:00,H1,2026-01-05 14:00:00,1.14235
1,FX15,BUY,BUY,BUY,87,,,0,BULL,BULL,BULL,2026-01-05 14:00:00,H1,2026-01-05 14:00:00,1.15235
1,FX16,BUY,BUY,BUY,87,,,0,BULL,BULL,BULL,2026-01-05 14:00:00,H1,2026-01-05 14:00:00,1.16235
1,FX17,BUY,BUY,BUY,87,,,0,BULL,BULL,BULL,2026-01-05 14:00:00,H1,2026-01-05 14:00:00,1.17235
1,FX18,BUY,BUY,BUY,87,,,0,BULL,BULL,BULL,2026-01-05 14:00:00,H1,2026-01-05 14:00:00,1.18235
1,FX19,BUY,BUY,BUY,87,,,0,BULL,BULL,BULL,2026-01-05 14:00:00,H1,2026-01-05 14:00:00,1.19235
1,FX20,BUY,BUY,BUY,87,,,0,BULL,BULL,BULL,2026-01-05 14:00:00,H1,2026-01-05 14:00:00,1.20235
1,FX21,BUY,BUY,BUY,87,,,0,BULL,BULL,BULL,2026-01-05 14:00:00,H1,2026-01-05 14:00:00,1.21235
1,FX22,BUY,BUY,BUY,87,,,0,BULL,BULL,BULL,2026-01-05 14:00:00,H1,2026-01-05 14:00:00,1.22235
1,FX23,BUY,BUY,BUY,87,,,0,BULL,BULL,BULL,2026-01-05 14:00:00,H1,2026-01-05 14:00:00,1.23235
1,FX24,BUY,BUY,BUY,87,,,0,BULL,BULL,BULL,2026-01-05 14:00:00,H1,2026-01-05 14:00:00,1.24235
1,FX25,BUY,BUY,BUY,87,,,0,BULL,BULL,BULL,2026-01-05 14:00:00,H1,2026-01-05 14:00:00,1.25235
1,FX26,BUY,BUY,BUY,87,,,0,BULL,BULL,BULL,2026-01-05 14:00:00,H1,2026-01-05 14:00:00,1.26235
1,FX27,BUY,BUY,BUY,87,,,0,BULL,BULL,BULL,2026-01-05 14:00:00,H1,2026-01-05 14:00:00,1.27235
1,FX28,BUY,BUY,BUY,87,,,0,BULL,BULL,BULL,2026-01-05 14:00:00,H1,2026-01-05 14:00:00,1.28235
1,FX29,BUY,BUY,BUY,87,,,0,BULL,BULL,BULL,2026-01-05 14:00:00,H1,2026-01-05 14:00:00,1.29235
1,FX00,BUY,BUY,BUY,88,,,0,BULL,BULL,BULL,2026-01-05 15:00:00,H1,2026-01-05 15:00:00,1.00235
1,FX01,BUY,BUY,BUY,88,,,0,BULL,BULL,BULL,2026-01-05 15:00:00,H1,2026-01-05 15:00:00,1.01235
1,FX02,BUY,BUY,BUY,88,,,0,BULL,BULL,BULL,2026-01-05 15:00:00,H1,2026-01-05 15:00:00,1.02235
1,FX03,BUY,BUY,BUY,88,,,0,BULL,BULL,BULL,2026-01-05 15:00:00,H1,2026-01-05 15:00:00,1.03235
1,FX04,BUY,BUY,BUY,88,,,0,BULL,BULL,BULL,2026-01-05 15:00:00,H1,2026-01-05 15:00:00,1.04235
1,FX05,BUY,BUY,BUY,88,,,0,BULL,BULL,BULL,2026-01-05 15:00:00,H1,2026-01-05 15:00:00,1.05235
1,FX06,BUY,BUY,BUY,88,,,0,BULL,BULL,BULL,2026-01-05 15:00:00,H1,2026-01-05 15:00:00,1.06235
1,FX07,BUY,BUY,BUY,88,,,0,BULL,BULL,BULL,2026-01-05 15:00:00,H1,2026-01-05 15:00:00,1.07235
1,FX08,BUY,BUY,BUY,88,,,0,BULL,BULL,BULL,2026-01-05 15:00:00,H1,2026-01-05 15:00:00,1.08235
1,FX09,BUY,BUY,BUY,88,,,0,BULL,BULL,BULL,2026-01-05 15:00:00,H1,2026-01-05 15:00:00,1.09235
1,FX10,BUY,BUY,BUY,88,,,0,BULL,BULL,BULL,2026-01-05 15:00:00,H1,2026-01-05 15:00:00,1.10235
1,FX11,BUY,BUY,BUY,88,,,0,BULL,BULL,BULL,2026-01-05 15:00:00,H1,2026-01-05 15:00:00,1.11235
1,FX12,BUY,BUY,BUY,88,,,0,BULL,BULL,BULL,2026-01-05 15:00:00,H1,2026-01-05 15:00:00,1.12235
1,FX13,BUY,BUY,BUY,88,,,0,BULL,BULL,BULL,2026-01-05 15:00:00,H1,2026-01-05 15:00:00,1.13235
1,FX14,BUY,BUY,BUY,88,,,0,BULL,BULL,BULL,2026-01-05 15:00:00,H1,2026-01-05 15:00:00,1.14235
1,FX15,BUY,BUY,BUY,88,,,0,BULL,BULL,BULL,2026-01-05 15:00:00,H1,2026-01-05 15:00:00,1.15235
1,FX16,BUY,BUY,BUY,88,,,0,BULL,BULL,BULL,2026-01-05 15:00:00,H1,2026-01-05 15:00:00,1.16235
1,FX17,BUY,BUY,BUY,88,,,0,BULL,BULL,BULL,2026-01-05 15:00:00,H1,2026-01-05 15:00:00,1.17235
1,FX18,BUY,BUY,BUY,88,,,0,BULL,BULL,BULL,2026-01-05 15:00:00,H1,2026-01-05 15:00:00,1.18235
1,FX19,BUY,BUY,BUY,88,,,0,BULL,BULL,BULL,2026-01-05 15:00:00,H1,2026-01-05 15:00:00,1.19235
1,FX20,BUY,BUY,BUY,88,,,0,BULL,BULL,BULL,2026-01-05 15:00:00,H1,2026-01-05 15:00:00,1.20235
1,FX21,BUY,BUY,BUY,88,,,0,BULL,BULL,BULL,2026-01-05 15:00:00,H1,2026-01-05 15:00:00,1.21235
1,FX22,BUY,BUY,BUY,88,,,0,BULL,BULL,BULL,2026-01-05 15:00:00,H1,2026-01-05 15:00:00,1.22235
1,FX23,BUY,BUY,BUY,88,,,0,BULL,BULL,BULL,2026-01-05 15:00:00,H1,2026-01-05 15:00:00,1.23235
1,FX24,BUY,BUY,BUY,88,,,0,BULL,BULL,BULL,2026-01-05 15:00:00,H1,2026-01-05 15:00:00,1.24235
1,FX25,BUY,BUY,BUY,88,,,0,BULL,BULL,BULL,2026-01-05 15:00:00,H1,2026-01-05 15:00:00,1.25235
1,FX26,BUY,BUY,BUY,88,,,0,BULL,BULL,BULL,2026-01-05 15:00:00,H1,2026-01-05 15:00:00,1.26235
1,FX27,BUY,BUY,BUY,88,,,0,BULL,BULL,BULL,2026-01-05 15:00:00,H1,2026-01-05 15:00:00,1.27235
1,FX28,BUY,BUY,BUY,88,,,0,BULL,BULL,BULL,2026-01-05 15:00:00,H1,2026-01-05 15:00:00,1.28235
1,FX29,BUY,BUY,BUY,88,,,0,BULL,BULL,BULL,2026-01-05 15:00:00,H1,2026-01-05 15:00:00,1.29235
1,FX00,BUY,BUY,BUY,89,,,0,BULL,BULL,BULL,2026-01-05 16:00:00,H1,2026-01-05 16:00:00,1.00235
1,FX01,BUY,BUY,BUY,89,,,0,BULL,BULL,BULL,2026-01-05 16:00:00,H1,2026-01-05 16:00:00,1.01235
1,FX02,BUY,BUY,BUY,89,,,0,BULL,BULL,BULL,2026-01-05 16:00:00,H1,2026-01-05 16:00:00,1.02235
1,FX03,BUY,BUY,BUY,89,,,0,BULL,BULL,BULL,2026-01-05 16:00:00,H1,2026-01-05 16:00:00,1.03235
1,FX04,BUY,BUY,BUY,89,,,0,BULL,BULL,BULL,2026-01-05 16:00:00,H1,2026-01-05 16:00:00,1.04235
1,FX05,BUY,BUY,BUY,89,,,0,BULL,BULL,BULL,2026-01-05 16:00:00,H1,2026-01-05 16:00:00,1.05235
1,FX06,BUY,BUY,BUY,89,,,0,BULL,BULL,BULL,2026-01-05 16:00:00,H1,2026-01-05 16:00:00,1.06235
1,FX07,BUY,BUY,BUY,89,,,0,BULL,BULL,BULL,2026-01-05 16:00:00,H1,2026-01-05 16:00:00,1.07235
1,FX08,BUY,BUY,BUY,89,,,0,BULL,BULL,BULL,2026-01-05 16:00:00,H1,2026-01-05 16:00:00,1.08235
1,FX09,BUY,BUY,BUY,89,,,0,BULL,BULL,BULL,2026-01-05 16:00:00,H1,2026-01-05 16:00:00,1.09235
1,FX10,BUY,BUY,BUY,89,,,0,BULL,BULL,BULL,2026-01-05 16:00:00,H1,2026-01-05 16:00:00,1.10235
1,FX11,BUY,BUY,BUY,89,,,0,BULL,BULL,BULL,2026-01-05 16:00:00,H1,2026-01-05 16:00:00,1.11235
1,FX12,BUY,BUY,BUY,89,,,0,BULL,BULL,BULL,2026-01-05 16:00:00,H1,2026-01-05 16:00:00,1.12235
1,FX13,BUY,BUY,BUY,89,,,0,BULL,BULL,BULL,2026-01-05 16:00:00,H1,2026-01-05 16:00:00,1.13235
1,FX14,BUY,BUY,BUY,89,,,0,BULL,BULL,BULL,2026-01-05 16:00:00,H1,2026-01-05 16:00:00,1.14235
1,FX15,BUY,BUY,BUY,89,,,0,BULL,BULL,BULL,2026-01-05 16:00:00,H1,2026-01-05 16:00:00,1.15235
1,FX16,BUY,BUY,BUY,89,,,0,BULL,BULL,BULL,2026-01-05 16:00:00,H1,2026-01-05 16:00:00,1.16235
1,FX17,BUY,BUY,BUY,89,,,0,BULL,BULL,BULL,2026-01-05 16:00:00,H1,2026-01-05 16:00:00,1.17235
1,FX18,BUY,BUY,BUY,89,,,0,BULL,BULL,BULL,2026-01-05 16:00:00,H1,2026-01-05 16:00:00,1.18235
1,FX19,BUY,BUY,BUY,89,,,0,BULL,BULL,BULL,2026-01-05 16:00:00,H1,2026-01-05 16:00:00,1.19235
1,FX20,BUY,BUY,BUY,89,,,0,BULL,BULL,BULL,2026-01-05 16:00:00,H1,2026-01-05 16:00:00,1.20235
1,FX21,BUY,BUY,BUY,89,,,0,BULL,BULL,BULL,2026-01-05 16:00:00,H1,2026-01-05 16:00:00,1.21235
1,FX22,BUY,BUY,BUY,89,,,0,BULL,BULL,BULL,2026-01-05 16:00:00,H1,2026-01-05 16:00:00,1.22235
1,FX23,BUY,BUY,BUY,89,,,0,BULL,BULL,BULL,2026-01-05 16:00:00,H1,2026-01-05 16:00:00,1.23235
1,FX24,BUY,BUY,BUY,89,,,0,BULL,BULL,BULL,2026-01-05 16:00:00,H1,2026-01-05 16:00:00,1.24235
1,FX25,BUY,BUY,BUY,89,,,0,BULL,BULL,BULL,2026-01-05 16:00:00,H1,2026-01-05 16:00:00,1.25235
1,FX26,BUY,BUY,BUY,89,,,0,BULL,BULL,BULL,2026-01-05 16:00:00,H1,2026-01-05 16:00:00,1.26235
1,FX27,BUY,BUY,BUY,89,,,0,BULL,BULL,BULL,2026-01-05 16:00:00,H1,2026-01-05 16:00:00,1.27235
1,FX28,BUY,BUY,BUY,89,,,0,BULL,BULL,BULL,2026-01-05 16:00:00,H1,2026-01-05 16:00:00,1.28235
1,FX29,BUY,BUY,BUY,89,,,0,BULL,BULL,BULL,2026-01-05 16:00:00,H1,2026-01-05 16:00:00,1.29235
1,FX00,BUY,BUY,BUY,90,,,0,BULL,BULL,BULL,2026-01-05 17:00:00,H1,2026-01-05 17:00:00,1.00235
1,FX01,BUY,BUY,BUY,90,,,0,BULL,BULL,BULL,2026-01-05 17:00:00,H1,2026-01-05 17:00:00,1.01235
1,FX02,BUY,BUY,BUY,90,,,0,BULL,BULL,BULL,2026-01-05 17:00:00,H1,2026-01-05 17:00:00,1.02235
1,FX03,BUY,BUY,BUY,90,,,0,BULL,BULL,BULL,2026-01-05 17:00:00,H1,2026-01-05 17:00:00,1.03235
1,FX04,BUY,BUY,BUY,90,,,0,BULL,BULL,BULL,2026-01-05 17:00:00,H1,2026-01-05 17:00:00,1.04235
1,FX05,BUY,BUY,BUY,90,,,0,BULL,BULL,BULL,2026-01-05 17:00:00,H1,2026-01-05 17:00:00,1.05235
1,FX06,BUY,BUY,BUY,90,,,0,BULL,BULL,BULL,2026-01-05 17:00:00,H1,2026-01-05 17:00:00,1.06235
1,FX07,BUY,BUY,BUY,90,,,0,BULL,BULL,BULL,2026-01-05 17:00:00,H1,2026-01-05 17:00:00,1.07235
1,FX08,BUY,BUY,BUY,90,,,0,BULL,BULL,BULL,2026-01-05 17:00:00,H1,2026-01-05 17:00:00,1.08235
1,FX09,BUY,BUY,BUY,90,,,0,BULL,BULL,BULL,2026-01-05 17:00:00,H1,2026-01-05 17:00:00,1.09235
1,FX10,BUY,BUY,BUY,90,,,0,BULL,BULL,BULL,2026-01-05 17:00:00,H1,2026-01-05 17:00:00,1.10235
1,FX11,BUY,BUY,BUY,90,,,0,BULL,BULL,BULL,2026-01-05 17:00:00,H1,2026-01-05 17:00:00,1.11235
1,FX12,BUY,BUY,BUY,90,,,0,BULL,BULL,BULL,2026-01-05 17:00:00,H1,2026-01-05 17:00:00,1.12235
1,FX13,BUY,BUY,BUY,90,,,0,BULL,BULL,BULL,2026-01-05 17:00:00,H1,2026-01-05 17:00:00,1.13235
1,FX14,BUY,BUY,BUY,90,,,0,BULL,BULL,BULL,2026-01-05 17:00:00,H1,2026-01-05 17:00:00,1.14235
1,FX15,BUY,BUY,BUY,90,,,0,BULL,BULL,BULL,2026-01-05 17:00:00,H1,2026-01-05 17:00:00,1.15235
1,FX16,BUY,BUY,BUY,90,,,0,BULL,BULL,BULL,2026-01-05 17:00:00,H1,2026-01-05 17:00:00,1.16235
1,FX17,BUY,BUY,BUY,90,,,0,BULL,BULL,BULL,2026-01-05 17:00:00,H1,2026-01-05 17:00:00,1.17235
1,FX18,BUY,BUY,BUY,90,,,0,BULL,BULL,BULL,2026-01-05 17:00:00,H1,2026-01-05 17:00:00,1.18235
1,FX19,BUY,BUY,BUY,90,,,0,BULL,BULL,BULL,2026-01-05 17:00:00,H1,2026-01-05 17:00:00,1.19235
1,FX20,BUY,BUY,BUY,90,,,0,BULL,BULL,BULL,2026-01-05 17:00:00,H1,2026-01-05 17:00:00,1.20235
1,FX21,BUY,BUY,BUY,90,,,0,BULL,BULL,BULL,2026-01-05 17:00:00,H1,2026-01-05 17:00:00,1.21235
1,FX22,BUY,BUY,BUY,90,,,0,BULL,BULL,BULL,2026-01-05 17:00:00,H1,2026-01-05 17:00:00,1.22235
1,FX23,BUY,BUY,BUY,90,,,0,BULL,BULL,BULL,2026-01-05 17:00:00,H1,2026-01-05 17:00:00,1.23235
1,FX24,BUY,BUY,BUY,90,,,0,BULL,BULL,BULL,2026-01-05 17:00:00,H1,2026-01-05 17:00:00,1.24235
1,FX25,BUY,BUY,BUY,90,,,0,BULL,BULL,BULL,2026-01-05 17:00:00,H1,2026-01-05 17:00:00,1.25235
1,FX26,BUY,BUY,BUY,90,,,0,BULL,BULL,BULL,2026-01-05 17:00:00,H1,2026-01-05 17:00:00,1.26235
1,FX27,BUY,BUY,BUY,90,,,0,BULL,BULL,BULL,2026-01-05 17:00:00,H1,2026-01-05 17:00:00,1.27235
1,FX28,BUY,BUY,BUY,90,,,0,BULL,BULL,BULL,2026-01-05 17:00:00,H1,2026-01-05 17:00:00,1.28235
1,FX29,BUY,BUY,BUY,90,,,0,BULL,BULL,BULL,2026-01-05 17:00:00,H1,2026-01-05 17:00:00,1.29235
1,FX00,BUY,BUY,BUY,91,,,0,BULL,BULL,BULL,2026-01-05 18:00:00,H1,2026-01-05 18:00:00,1.00235
1,FX01,BUY,BUY,BUY,91,,,0,BULL,BULL,BULL,2026-01-05 18:00:00,H1,2026-01-05 18:00:00,1.01235
1,FX02,BUY,BUY,BUY,91,,,0,BULL,BULL,BULL,2026-01-05 18:00:00,H1,2026-01-05 18:00:00,1.02235
1,FX03,BUY,BUY,BUY,91,,,0,BULL,BULL,BULL,2026-01-05 18:00:00,H1,2026-01-05 18:00:00,1.03235
1,FX04,BUY,BUY,BUY,91,,,0,BULL,BULL,BULL,2026-01-05 18:00:00,H1,2026-01-05 18:00:00,1.04235
1,FX05,BUY,BUY,BUY,91,,,0,BULL,BULL,BULL,2026-01-05 18:00:00,H1,2026-01-05 18:00:00,1.05235
1,FX06,BUY,BUY,BUY,91,,,0,BULL,BULL,BULL,2026-01-05 18:00:00,H1,2026-01-05 18:00:00,1.06235
1,FX07,BUY,BUY,BUY,91,,,0,BULL,BULL,BULL,2026-01-05 18:00:00,H1,2026-01-05 18:00:00,1.07235
1,FX08,BUY,BUY,BUY,91,,,0,BULL,BULL,BULL,2026-01-05 18:00:00,H1,2026-01-05 18:00:00,1.08235
1,FX09,BUY,BUY,BUY,91,,,0,BULL,BULL,BULL,2026-01-05 18:00:00,H1,2026-01-05 18:00:00,1.09235
1,FX10,BUY,BUY,BUY,91,,,0,BULL,BULL,BULL,2026-01-05 18:00:00,H1,2026-01-05 18:00:00,1.10235
1,FX11,BUY,BUY,BUY,91,,,0,BULL,BULL,BULL,2026-01-05 18:00:00,H1,2026-01-05 18:00:00,1.11235
1,FX12,BUY,BUY,BUY,91,,,0,BULL,BULL,BULL,2026-01-05 18:00:00,H1,2026-01-05 18:00:00,1.12235
1,FX13,BUY,BUY,BUY,91,,,0,BULL,BULL,BULL,2026-01-05 18:00:00,H1,2026-01-05 18:00:00,1.13235
1,FX14,BUY,BUY,BUY,91,,,0,BULL,BULL,BULL,2026-01-05 18:00:00,H1,2026-01-05 18:00:00,1.14235
1,FX15,BUY,BUY,BUY,91,,,0,BULL,BULL,BULL,2026-01-05 18:00:00,H1,2026-01-05 18:00:00,1.15235
1,FX16,BUY,BUY,BUY,91,,,0,BULL,BULL,BULL,2026-01-05 18:00:00,H1,2026-01-05 18:00:00,1.16235
1,FX17,BUY,BUY,BUY,91,,,0,BULL,BULL,BULL,2026-01-05 18:00:00,H1,2026-01-05 18:00:00,1.17235
1,FX18,BUY,BUY,BUY,91,,,0,BULL,BULL,BULL,2026-01-05 18:00:00,H1,2026-01-05 18:00:00,1.18235
1,FX19,BUY,BUY,BUY,91,,,0,BULL,BULL,BULL,2026-01-05 18:00:00,H1,2026-01-05 18:00:00,1.19235
1,FX20,BUY,BUY,BUY,91,,,0,BULL,BULL,BULL,2026-01-05 18:00:00,H1,2026-01-05 18:00:00,1.20235
1,FX21,BUY,BUY,BUY,91,,,0,BULL,BULL,BULL,2026-01-05 18:00:00,H1,2026-01-05 18:00:00,1.21235
1,FX22,BUY,BUY,BUY,91,,,0,BULL,BULL,BULL,2026-01-05 18:00:00,H1,2026-01-05 18:00:00,1.22235
1,FX23,BUY,BUY,BUY,91,,,0,BULL,BULL,BULL,2026-01-05 18:00:00,H1,2026-01-05 18:00:00,1.23235
1,FX24,BUY,BUY,BUY,91,,,0,BULL,BULL,BULL,2026-01-05 18:00:00,H1,2026-01-05 18:00:00,1.24235
1,FX25,BUY,BUY,BUY,91,,,0,BULL,BULL,BULL,2026-01-05 18:00:00,H1,2026-01-05 18:00:00,1.25235
1,FX26,BUY,BUY,BUY,91,,,0,BULL,BULL,BULL,2026-01-05 18:00:00,H1,2026-01-05 18:00:00,1.26235
1,FX27,BUY,BUY,BUY,91,,,0,BULL,BULL,BULL,2026-01-05 18:00:00,H1,2026-01-05 18:00:00,1.27235
1,FX28,BUY,BUY,BUY,91,,,0,BULL,BULL,BULL,2026-01-05 18:00:00,H1,2026-01-05 18:00:00,1.28235
1,FX29,BUY,BUY,BUY,91,,,0,BULL,BULL,BULL,2026-01-05 18:00:00,H1,2026-01-05 18:00:00,1.29235
1,FX00,BUY,BUY,BUY,92,,,0,BULL,BULL,BULL,2026-01-05 19:00:00,H1,2026-01-05 19:00:00,1.00235
1,FX01,BUY,BUY,BUY,92,,,0,BULL,BULL,BULL,2026-01-05 19:00:00,H1,2026-01-05 19:00:00,1.01235
1,FX02,BUY,BUY,BUY,92,,,0,BULL,BULL,BULL,2026-01-05 19:00:00,H1,2026-01-05 19:00:00,1.02235
1,FX03,BUY,BUY,BUY,92,,,0,BULL,BULL,BULL,2026-01-05 19:00:00,H1,2026-01-05 19:00:00,1.03235
1,FX04,BUY,BUY,BUY,92,,,0,BULL,BULL,BULL,2026-01-05 19:00:00,H1,2026-01-05 19:00:00,1.04235
1,FX05,BUY,BUY,BUY,92,,,0,BULL,BULL,BULL,2026-01-05 19:00:00,H1,2026-01-05 19:00:00,1.05235
1,FX06,BUY,BUY,BUY,92,,,0,BULL,BULL,BULL,2026-01-05 19:00:00,H1,2026-01-05 19:00:00,1.06235
1,FX07,BUY,BUY,BUY,92,,,0,BULL,BULL,BULL,2026-01-05 19:00:00,H1,2026-01-05 19:00:00,1.07235
1,FX08,BUY,BUY,BUY,92,,,0,BULL,BULL,BULL,2026-01-05 19:00:00,H1,2026-01-05 19:00:00,1.08235
1,FX09,BUY,BUY,BUY,92,,,0,BULL,BULL,BULL,2026-01-05 19:00:00,H1,2026-01-05 19:00:00,1.09235
1,FX10,BUY,BUY,BUY,92,,,0,BULL,BULL,BULL,2026-01-05 19:00:00,H1,2026-01-05 19:00:00,1.10235
1,FX11,BUY,BUY,BUY,92,,,0,BULL,BULL,BULL,2026-01-05 19:00:00,H1,2026-01-05 19:00:00,1.11235
1,FX12,BUY,BUY,BUY,92,,,0,BULL,BULL,BULL,2026-01-05 19:00:00,H1,2026-01-05 19:00:00,1.12235
1,FX13,BUY,BUY,BUY,92,,,0,BULL,BULL,BULL,2026-01-05 19:00:00,H1,2026-01-05 19:00:00,1.13235
1,FX14,BUY,BUY,BUY,92,,,0,BULL,BULL,BULL,2026-01-05 19:00:00,H1,2026-01-05 19:00:00,1.14235
1,FX15,BUY,BUY,BUY,92,,,0,BULL,BULL,BULL,2026-01-05 19:00:00,H1,2026-01-05 19:00:00,1.15235
1,FX16,BUY,BUY,BUY,92,,,0,BULL,BULL,BULL,2026-01-05 19:00:00,H1,2026-01-05 19:00:00,1.16235
1,FX17,BUY,BUY,BUY,92,,,0,BULL,BULL,BULL,2026-01-05 19:00:00,H1,2026-01-05 19:00:00,1.17235
1,FX18,BUY,BUY,BUY,92,,,0,BULL,BULL,BULL,2026-01-05 19:00:00,H1,2026-01-05 19:00:00,1.18235
1,FX19,BUY,BUY,BUY,92,,,0,BULL,BULL,BULL,2026-01-05 19:00:00,H1,2026-01-05 19:00:00,1.19235
1,FX20,BUY,BUY,BUY,92,,,0,BULL,BULL,BULL,2026-01-05 19:00:00,H1,2026-01-05 19:00:00,1.20235
1,FX21,BUY,BUY,BUY,92,,,0,BULL,BULL,BULL,2026-01-05 19:00:00,H1,2026-01-05 19:00:00,1.21235
1,FX22,BUY,BUY,BUY,92,,,0,BULL,BULL,BULL,2026-01-05 19:00:00,H1,2026-01-05 19:00:00,1.22235
1,FX23,BUY,BUY,BUY,92,,,0,BULL,BULL,BULL,2026-01-05 19:00:00,H1,2026-01-05 19:00:00,1.23235
1,FX24,BUY,BUY,BUY,92,,,0,BULL,BULL,BULL,2026-01-05 19:00:00,H1,2026-01-05 19:00:00,1.24235
1,FX25,BUY,BUY,BUY,92,,,0,BULL,BULL,BULL,2026-01-05 19:00:00,H1,2026-01-05 19:00:00,1.25235
1,FX26,BUY,BUY,BUY,92,,,0,BULL,BULL,BULL,2026-01-05 19:00:00,H1,2026-01-05 19:00:00,1.26235
1,FX27,BUY,BUY,BUY,92,,,0,BULL,BULL,BULL,2026-01-05 19:00:00,H1,2026-01-05 19:00:00,1.27235
1,FX28,BUY,BUY,BUY,92,,,0,BULL,BULL,BULL,2026-01-05 19:00:00,H1,2026-01-05 19:00:00,1.28235
1,FX29,BUY,BUY,BUY,92,,,0,BULL,BULL,BULL,2026-01-05 19:00:00,H1,2026-01-05 19:00:00,1.29235
1,FX00,BUY,BUY,BUY,93,,,0,BULL,BULL,BULL,2026-01-05 20:00:00,H1,2026-01-05 20:00:00,1.00235
1,FX01,BUY,BUY,BUY,93,,,0,BULL,BULL,BULL,2026-01-05 20:00:00,H1,2026-01-05 20:00:00,1.01235
1,FX02,BUY,BUY,BUY,93,,,0,BULL,BULL,BULL,2026-01-05 20:00:00,H1,2026-01-05 20:00:00,1.02235
1,FX03,BUY,BUY,BUY,93,,,0,BULL,BULL,BULL,2026-01-05 20:00:00,H1,2026-01-05 20:00:00,1.03235
1,FX04,BUY,BUY,BUY,93,,,0,BULL,BULL,BULL,2026-01-05 20:00:00,H1,2026-01-05 20:00:00,1.04235
1,FX05,BUY,BUY,BUY,93,,,0,BULL,BULL,BULL,2026-01-05 20:00:00,H1,2026-01-05 20:00:00,1.05235
1,FX06,BUY,BUY,BUY,93,,,0,BULL,BULL,BULL,2026-01-05 20:00:00,H1,2026-01-05 20:00:00,1.06235
1,FX07,BUY,BUY,BUY,93,,,0,BULL,BULL,BULL,2026-01-05 20:00:00,H1,2026-01-05 20:00:00,1.07235
1,FX08,BUY,BUY,BUY,93,,,0,BULL,BULL,BULL,2026-01-05 20:00:00,H1,2026-01-05 20:00:00,1.08235
1,FX09,BUY,BUY,BUY,93,,,0,BULL,BULL,BULL,2026-01-05 20:00:00,H1,2026-01-05 20:00:00,1.09235
1,FX10,BUY,BUY,BUY,93,,,0,BULL,BULL,BULL,2026-01-05 20:00:00,H1,2026-01-05 20:00:00,1.10235
1,FX11,BUY,BUY,BUY,93,,,0,BULL,BULL,BULL,2026-01-05 20:00:00,H1,2026-01-05 20:00:00,1.11235
1,FX12,BUY,BUY,BUY,93,,,0,BULL,BULL,BULL,2026-01-05 20:00:00,H1,2026-01-05 20:00:00,1.12235
1,FX13,BUY,BUY,BUY,93,,,0,BULL,BULL,BULL,2026-01-05 20:00:00,H1,2026-01-05 20:00:00,1.13235
1,FX14,BUY,BUY,BUY,93,,,0,BULL,BULL,BULL,2026-01-05 20:00:00,H1,2026-01-05 20:00:00,1.14235
1,FX15,BUY,BUY,BUY,93,,,0,BULL,BULL,BULL,2026-01-05 20:00:00,H1,2026-01-05 20:00:00,1.15235
1,FX16,BUY,BUY,BUY,93,,,0,BULL,BULL,BULL,2026-01-05 20:00:00,H1,2026-01-05 20:00:00,1.16235
1,FX17,BUY,BUY,BUY,93,,,0,BULL,BULL,BULL,2026-01-05 20:00:00,H1,2026-01-05 20:00:00,1.17235
1,FX18,BUY,BUY,BUY,93,,,0,BULL,BULL,BULL,2026-01-05 20:00:00,H1,2026-01-05 20:00:00,1.18235
1,FX19,BUY,BUY,BUY,93,,,0,BULL,BULL,BULL,2026-01-05 20:00:00,H1,2026-01-05 20:00:00,1.19235
1,FX20,BUY,BUY,BUY,93,,,0,BULL,BULL,BULL,2026-01-05 20:00:00,H1,2026-01-05 20:00:00,1.20235
1,FX21,BUY,BUY,BUY,93,,,0,BULL,BULL,BULL,2026-01-05 20:00:00,H1,2026-01-05 20:00:00,1.21235
1,FX22,BUY,BUY,BUY,93,,,0,BULL,BULL,BULL,2026-01-05 20:00:00,H1,2026-01-05 20:00:00,1.22235
1,FX23,BUY,BUY,BUY,93,,,0,BULL,BULL,BULL,2026-01-05 20:00:00,H1,2026-01-05 20:00:00,1.23235
1,FX24,BUY,BUY,BUY,93,,,0,BULL,BULL,BULL,2026-01-05 20:00:00,H1,2026-01-05 20:00:00,1.24235
1,FX25,BUY,BUY,BUY,93,,,0,BULL,BULL,BULL,2026-01-05 20:00:00,H1,2026-01-05 20:00:00,1.25235
1,FX26,BUY,BUY,BUY,93,,,0,BULL,BULL,BULL,2026-01-05 20:00:00,H1,2026-01-05 20:00:00,1.26235
1,FX27,BUY,BUY,BUY,93,,,0,BULL,BULL,BULL,2026-01-05 20:00:00,H1,2026-01-05 20:00:00,1.27235
1,FX28,BUY,BUY,BUY,93,,,0,BULL,BULL,BULL,2026-01-05 20:00:00,H1,2026-01-05 20:00:00,1.28235
1,FX29,BUY,BUY,BUY,93,,,0,BULL,BULL,BULL,2026-01-05 20:00:00,H1,2026-01-05 20:00:00,1.29235
1,FX00,BUY,BUY,BUY,94,,,0,BULL,BULL,BULL,2026-01-05 21:00:00,H1,2026-01-05 21:00:00,1.00235
1,FX01,BUY,BUY,BUY,94,,,0,BULL,BULL,BULL,2026-01-05 21:00:00,H1,2026-01-05 21:00:00,1.01235
1,FX02,BUY,BUY,BUY,94,,,0,BULL,BULL,BULL,2026-01-05 21:00:00,H1,2026-01-05 21:00:00,1.02235
1,FX03,BUY,BUY,BUY,94,,,0,BULL,BULL,BULL,2026-01-05 21:00:00,H1,2026-01-05 21:00:00,1.03235
1,FX04,BUY,BUY,BUY,94,,,0,BULL,BULL,BULL,2026-01-05 21:00:00,H1,2026-01-05 21:00:00,1.04235
1,FX05,BUY,BUY,BUY,94,,,0,BULL,BULL,BULL,2026-01-05 21:00:00,H1,2026-01-05 21:00:00,1.05235
1,FX06,BUY,BUY,BUY,94,,,0,BULL,BULL,BULL,2026-01-05 21:00:00,H1,2026-01-05 21:00:00,1.06235
1,FX07,BUY,BUY,BUY,94,,,0,BULL,BULL,BULL,2026-01-05 21:00:00,H1,2026-01-05 21:00:00,1.07235
1,FX08,BUY,BUY,BUY,94,,,0,BULL,BULL,BULL,2026-01-05 21:00:00,H1,2026-01-05 21:00:00,1.08235
1,FX09,BUY,BUY,BUY,94,,,0,BULL,BULL,BULL,2026-01-05 21:00:00,H1,2026-01-05 21:00:00,1.09235
1,FX10,BUY,BUY,BUY,94,,,0,BULL,BULL,BULL,2026-01-05 21:00:00,H1,2026-01-05 21:00:00,1.10235
1,FX11,BUY,BUY,BUY,94,,,0,BULL,BULL,BULL,2026-01-05 21:00:00,H1,2026-01-05 21:00:00,1.11235
1,FX12,BUY,BUY,BUY,94,,,0,BULL,BULL,BULL,2026-01-05 21:00:00,H1,2026-01-05 21:00:00,1.12235
1,FX13,BUY,BUY,BUY,94,,,0,BULL,BULL,BULL,2026-01-05 21:00:00,H1,2026-01-05 21:00:00,1.13235
1,FX14,BUY,BUY,BUY,94,,,0,BULL,BULL,BULL,2026-01-05 21:00:00,H1,2026-01-05 21:00:00,1.14235
1,FX15,BUY,BUY,BUY,94,,,0,BULL,BULL,BULL,2026-01-05 21:00:00,H1,2026-01-05 21:00:00,1.15235
1,FX16,BUY,BUY,BUY,94,,,0,BULL,BULL,BULL,2026-01-05 21:00:00,H1,2026-01-05 21:00:00,1.16235
1,FX17,BUY,BUY,BUY,94,,,0,BULL,BULL,BULL,2026-01-05 21:00:00,H1,2026-01-05 21:00:00,1.17235
1,FX18,BUY,BUY,BUY,94,,,0,BULL,BULL,BULL,2026-01-05 21:00:00,H1,2026-01-05 21:00:00,1.18235
1,FX19,BUY,BUY,BUY,94,,,0,BULL,BULL,BULL,2026-01-05 21:00:00,H1,2026-01-05 21:00:00,1.19235
1,FX20,BUY,BUY,BUY,94,,,0,BULL,BULL,BULL,2026-01-05 21:00:00,H1,2026-01-05 21:00:00,1.20235
1,FX21,BUY,BUY,BUY,94,,,0,BULL,BULL,BULL,2026-01-05 21:00:00,H1,2026-01-05 21:00:00,1.21235
1,FX22,BUY,BUY,BUY,94,,,0,BULL,BULL,BULL,2026-01-05 21:00:00,H1,2026-01-05 21:00:00,1.22235
1,FX23,BUY,BUY,BUY,94,,,0,BULL,BULL,BULL,2026-01-05 21:00:00,H1,2026-01-05 21:00:00,1.23235
1,FX24,BUY,BUY,BUY,94,,,0,BULL,BULL,BULL,2026-01-05 21:00:00,H1,2026-01-05 21:00:00,1.24235
1,FX25,BUY,BUY,BUY,94,,,0,BULL,BULL,BULL,2026-01-05 21:00:00,H1,2026-01-05 21:00:00,1.25235
1,FX26,BUY,BUY,BUY,94,,,0,BULL,BULL,BULL,2026-01-05 21:00:00,H1,2026-01-05 21:00:00,1.26235
1,FX27,BUY,BUY,BUY,94,,,0,BULL,BULL,BULL,2026-01-05 21:00:00,H1,2026-01-05 21:00:00,1.27235
1,FX28,BUY,BUY,BUY,94,,,0,BULL,BULL,BULL,2026-01-05 21:00:00,H1,2026-01-05 21:00:00,1.28235
1,FX29,BUY,BUY,BUY,94,,,0,BULL,BULL,BULL,2026-01-05 21:00:00,H1,2026-01-05 21:00:00,1.29235
1,FX00,BUY,BUY,BUY,95,,,0,BULL,BULL,BULL,2026-01-05 22:00:00,H1,2026-01-05 22:00:00,1.00235
1,FX01,BUY,BUY,BUY,95,,,0,BULL,BULL,BULL,2026-01-05 22:00:00,H1,2026-01-05 22:00:00,1.01235
1,FX02,BUY,BUY,BUY,95,,,0,BULL,BULL,BULL,2026-01-05 22:00:00,H1,2026-01-05 22:00:00,1.02235
1,FX03,BUY,BUY,BUY,95,,,0,BULL,BULL,BULL,2026-01-05 22:00:00,H1,2026-01-05 22:00:00,1.03235
1,FX04,BUY,BUY,BUY,95,,,0,BULL,BULL,BULL,2026-01-05 22:00:00,H1,2026-01-05 22:00:00,1.04235
1,FX05,BUY,BUY,BUY,95,,,0,BULL,BULL,BULL,2026-01-05 22:00:00,H1,2026-01-05 22:00:00,1.05235
1,FX06,BUY,BUY,BUY,95,,,0,BULL,BULL,BULL,2026-01-05 22:00:00,H1,2026-01-05 22:00:00,1.06235
1,FX07,BUY,BUY,BUY,95,,,0,BULL,BULL,BULL,2026-01-05 22:00:00,H1,2026-01-05 22:00:00,1.07235
1,FX08,BUY,BUY,BUY,95,,,0,BULL,BULL,BULL,2026-01-05 22:00:00,H1,2026-01-05 22:00:00,1.08235
1,FX09,BUY,BUY,BUY,95,,,0,BULL,BULL,BULL,2026-01-05 22:00:00,H1,2026-01-05 22:00:00,1.09235
1,FX10,BUY,BUY,BUY,95,,,0,BULL,BULL,BULL,2026-01-05 22:00:00,H1,2026-01-05 22:00:00,1.10235
1,FX11,BUY,BUY,BUY,95,,,0,BULL,BULL,BULL,2026-01-05 22:00:00,H1,2026-01-05 22:00:00,1.11235
1,FX12,BUY,BUY,BUY,95,,,0,BULL,BULL,BULL,2026-01-05 22:00:00,H1,2026-01-05 22:00:00,1.12235
1,FX13,BUY,BUY,BUY,95,,,0,BULL,BULL,BULL,2026-01-05 22:00:00,H1,2026-01-05 22:00:00,1.13235
1,FX14,BUY,BUY,BUY,95,,,0,BULL,BULL,BULL,2026-01-05 22:00:00,H1,2026-01-05 22:00:00,1.14235
1,FX15,BUY,BUY,BUY,95,,,0,BULL,BULL,BULL,2026-01-05 22:00:00,H1,2026-01-05 22:00:00,1.15235
1,FX16,BUY,BUY,BUY,95,,,0,BULL,BULL,BULL,2026-01-05 22:00:00,H1,2026-01-05 22:00:00,1.16235
1,FX17,BUY,BUY,BUY,95,,,0,BULL,BULL,BULL,2026-01-05 22:00:00,H1,2026-01-05 22:00:00,1.17235
1,FX18,BUY,BUY,BUY,95,,,0,BULL,BULL,BULL,2026-01-05 22:00:00,H1,2026-01-05 22:00:00,1.18235
1,FX19,BUY,BUY,BUY,95,,,0,BULL,BULL,BULL,2026-01-05 22:00:00,H1,2026-01-05 22:00:00,1.19235
1,FX20,BUY,BUY,BUY,95,,,0,BULL,BULL,BULL,2026-01-05 22:00:00,H1,2026-01-05 22:00:00,1.20235
1,FX21,BUY,BUY,BUY,95,,,0,BULL,BULL,BULL,2026-01-05 22:00:00,H1,2026-01-05 22:00:00,1.21235
1,FX22,BUY,BUY,BUY,95,,,0,BULL,BULL,BULL,2026-01-05 22:00:00,H1,2026-01-05 22:00:00,1.22235
1,FX23,BUY,BUY,BUY,95,,,0,BULL,BULL,BULL,2026-01-05 22:00:00,H1,2026-01-05 22:00:00,1.23235
1,FX24,BUY,BUY,BUY,95,,,0,BULL,BULL,BULL,2026-01-05 22:00:00,H1,2026-01-05 22:00:00,1.24235
1,FX25,BUY,BUY,BUY,95,,,0,BULL,BULL,BULL,2026-01-05 22:00:00,H1,2026-01-05 22:00:00,1.25235
1,FX26,BUY,BUY,BUY,95,,,0,BULL,BULL,BULL,2026-01-05 22:00:00,H1,2026-01-05 22:00:00,1.26235
1,FX27,BUY,BUY,BUY,95,,,0,BULL,BULL,BULL,2026-01-05 22:00:00,H1,2026-01-05 22:00:00,1.27235
1,FX28,BUY,BUY,BUY,95,,,0,BULL,BULL,BULL,2026-01-05 22:00:00,H1,2026-01-05 22:00:00,1.28235
1,FX29,BUY,BUY,BUY,95,,,0,BULL,BULL,BULL,2026-01-05 22:00:00,H1,2026-01-05 22:00:00,1.29235
1,FX00,BUY,BUY,BUY,96,,,0,BULL,BULL,BULL,2026-01-05 23:00:00,H1,2026-01-05 23:00:00,1.00235
1,FX01,BUY,BUY,BUY,96,,,0,BULL,BULL,BULL,2026-01-05 23:00:00,H1,2026-01-05 23:00:00,1.01235
1,FX02,BUY,BUY,BUY,96,,,0,BULL,BULL,BULL,2026-01-05 23:00:00,H1,2026-01-05 23:00:00,1.02235
1,FX03,BUY,BUY,BUY,96,,,0,BULL,BULL,BULL,2026-01-05 23:00:00,H1,2026-01-05 23:00:00,1.03235
1,FX04,BUY,BUY,BUY,96,,,0,BULL,BULL,BULL,2026-01-05 23:00:00,H1,2026-01-05 23:00:00,1.04235
1,FX05,BUY,BUY,BUY,96,,,0,BULL,BULL,BULL,2026-01-05 23:00:00,H1,2026-01-05 23:00:00,1.05235
1,FX06,BUY,BUY,BUY,96,,,0,BULL,BULL,BULL,2026-01-05 23:00:00,H1,2026-01-05 23:00:00,1.06235
1,FX07,BUY,BUY,BUY,96,,,0,BULL,BULL,BULL,2026-01-05 23:00:00,H1,2026-01-05 23:00:00,1.07235
1,FX08,BUY,BUY,BUY,96,,,0,BULL,BULL,BULL,2026-01-05 23:00:00,H1,2026-01-05 23:00:00,1.08235
1,FX09,BUY,BUY,BUY,96,,,0,BULL,BULL,BULL,2026-01-05 23:00:00,H1,2026-01-05 23:00:00,1.09235
1,FX10,BUY,BUY,BUY,96,,,0,BULL,BULL,BULL,2026-01-05 23:00:00,H1,2026-01-05 23:00:00,1.10235
1,FX11,BUY,BUY,BUY,96,,,0,BULL,BULL,BULL,2026-01-05 23:00:00,H1,2026-01-05 23:00:00,1.11235
1,FX12,BUY,BUY,BUY,96,,,0,BULL,BULL,BULL,2026-01-05 23:00:00,H1,2026-01-05 23:00:00,1.12235
1,FX13,BUY,BUY,BUY,96,,,0,BULL,BULL,BULL,2026-01-05 23:00:00,H1,2026-01-05 23:00:00,1.13235
1,FX14,BUY,BUY,BUY,96,,,0,BULL,BULL,BULL,2026-01-05 23:00:00,H1,2026-01-05 23:00:00,1.14235
1,FX15,BUY,BUY,BUY,96,,,0,BULL,BULL,BULL,2026-01-05 23:00:00,H1,2026-01-05 23:00:00,1.15235
1,FX16,BUY,BUY,BUY,96,,,0,BULL,BULL,BULL,2026-01-05 23:00:00,H1,2026-01-05 23:00:00,1.16235
1,FX17,BUY,BUY,BUY,96,,,0,BULL,BULL,BULL,2026-01-05 23:00:00,H1,2026-01-05 23:00:00,1.17235
1,FX18,BUY,BUY,BUY,96,,,0,BULL,BULL,BULL,2026-01-05 23:00:00,H1,2026-01-05 23:00:00,1.18235
1,FX19,BUY,BUY,BUY,96,,,0,BULL,BULL,BULL,2026-01-05 23:00:00,H1,2026-01-05 23:00:00,1.19235
1,FX20,BUY,BUY,BUY,96,,,0,BULL,BULL,BULL,2026-01-05 23:00:00,H1,2026-01-05 23:00:00,1.20235
1,FX21,BUY,BUY,BUY,96,,,0,BULL,BULL,BULL,2026-01-05 23:00:00,H1,2026-01-05 23:00:00,1.21235
1,FX22,BUY,BUY,BUY,96,,,0,BULL,BULL,BULL,2026-01-05 23:00:00,H1,2026-01-05 23:00:00,1.22235
1,FX23,BUY,BUY,BUY,96,,,0,BULL,BULL,BULL,2026-01-05 23:00:00,H1,2026-01-05 23:00:00,1.23235
1,FX24,BUY,BUY,BUY,96,,,0,BULL,BULL,BULL,2026-01-05 23:00:00,H1,2026-01-05 23:00:00,1.24235
1,FX25,BUY,BUY,BUY,96,,,0,BULL,BULL,BULL,2026-01-05 23:00:00,H1,2026-01-05 23:00:00,1.25235
1,FX26,BUY,BUY,BUY,96,,,0,BULL,BULL,BULL,2026-01-05 23:00:00,H1,2026-01-05 23:00:00,1.26235
1,FX27,BUY,BUY,BUY,96,,,0,BULL,BULL,BULL,2026-01-05 23:00:00,H1,2026-01-05 23:00:00,1.27235
1,FX28,BUY,BUY,BUY,96,,,0,BULL,BULL,BULL,2026-01-05 23:00:00,H1,2026-01-05 23:00:00,1.28235
1,FX29,BUY,BUY,BUY,96,,,0,BULL,BULL,BULL,2026-01-05 23:00:00,H1,2026-01-05 23:00:00,1.29235
1,FX00,BUY,BUY,BUY,97,,,0,BULL,BULL,BULL,2026-01-06 00:00:00,H1,2026-01-06 00:00:00,1.00235
1,FX01,BUY,BUY,BUY,97,,,0,BULL,BULL,BULL,2026-01-06 00:00:00,H1,2026-01-06 00:00:00,1.01235
1,FX02,BUY,BUY,BUY,97,,,0,BULL,BULL,BULL,2026-01-06 00:00:00,H1,2026-01-06 00:00:00,1.02235
1,FX03,BUY,BUY,BUY,97,,,0,BULL,BULL,BULL,2026-01-06 00:00:00,H1,2026-01-06 00:00:00,1.03235
1,FX04,BUY,BUY,BUY,97,,,0,BULL,BULL,BULL,2026-01-06 00:00:00,H1,2026-01-06 00:00:00,1.04235
1,FX05,BUY,BUY,BUY,97,,,0,BULL,BULL,BULL,2026-01-06 00:00:00,H1,2026-01-06 00:00:00,1.05235
1,FX06,BUY,BUY,BUY,97,,,0,BULL,BULL,BULL,2026-01-06 00:00:00,H1,2026-01-06 00:00:00,1.06235
1,FX07,BUY,BUY,BUY,97,,,0,BULL,BULL,BULL,2026-01-06 00:00:00,H1,2026-01-06 00:00:00,1.07235
1,FX08,BUY,BUY,BUY,97,,,0,BULL,BULL,BULL,2026-01-06 00:00:00,H1,2026-01-06 00:00:00,1.08235
1,FX09,BUY,BUY,BUY,97,,,0,BULL,BULL,BULL,2026-01-06 00:00:00,H1,2026-01-06 00:00:00,1.09235
1,FX10,BUY,BUY,BUY,97,,,0,BULL,BULL,BULL,2026-01-06 00:00:00,H1,2026-01-06 00:00:00,1.10235
1,FX11,BUY,BUY,BUY,97,,,0,BULL,BULL,BULL,2026-01-06 00:00:00,H1,2026-01-06 00:00:00,1.11235
1,FX12,BUY,BUY,BUY,97,,,0,BULL,BULL,BULL,2026-01-06 00:00:00,H1,2026-01-06 00:00:00,1.12235
1,FX13,BUY,BUY,BUY,97,,,0,BULL,BULL,BULL,2026-01-06 00:00:00,H1,2026-01-06 00:00:00,1.13235
1,FX14,BUY,BUY,BUY,97,,,0,BULL,BULL,BULL,2026-01-06 00:00:00,H1,2026-01-06 00:00:00,1.14235
1,FX15,BUY,BUY,BUY,97,,,0,BULL,BULL,BULL,2026-01-06 00:00:00,H1,2026-01-06 00:00:00,1.15235
1,FX16,BUY,BUY,BUY,97,,,0,BULL,BULL,BULL,2026-01-06 00:00:00,H1,2026-01-06 00:00:00,1.16235
1,FX17,BUY,BUY,BUY,97,,,0,BULL,BULL,BULL,2026-01-06 00:00:00,H1,2026-01-06 00:00:00,1.17235
1,FX18,BUY,BUY,BUY,97,,,0,BULL,BULL,BULL,2026-01-06 00:00:00,H1,2026-01-06 00:00:00,1.18235
1,FX19,BUY,BUY,BUY,97,,,0,BULL,BULL,BULL,2026-01-06 00:00:00,H1,2026-01-06 00:00:00,1.19235
1,FX20,BUY,BUY,BUY,97,,,0,BULL,BULL,BULL,2026-01-06 00:00:00,H1,2026-01-06 00:00:00,1.20235
1,FX21,BUY,BUY,BUY,97,,,0,BULL,BULL,BULL,2026-01-06 00:00:00,H1,2026-01-06 00:00:00,1.21235
1,FX22,BUY,BUY,BUY,97,,,0,BULL,BULL,BULL,2026-01-06 00:00:00,H1,2026-01-06 00:00:00,1.22235
1,FX23,BUY,BUY,BUY,97,,,0,BULL,BULL,BULL,2026-01-06 00:00:00,H1,2026-01-06 00:00:00,1.23235
1,FX24,BUY,BUY,BUY,97,,,0,BULL,BULL,BULL,2026-01-06 00:00:00,H1,2026-01-06 00:00:00,1.24235
1,FX25,BUY,BUY,BUY,97,,,0,BULL,BULL,BULL,2026-01-06 00:00:00,H1,2026-01-06 00:00:00,1.25235
1,FX26,BUY,BUY,BUY,97,,,0,BULL,BULL,BULL,2026-01-06 00:00:00,H1,2026-01-06 00:00:00,1.26235
1,FX27,BUY,BUY,BUY,97,,,0,BULL,BULL,BULL,2026-01-06 00:00:00,H1,2026-01-06 00:00:00,1.27235
1,FX28,BUY,BUY,BUY,97,,,0,BULL,BULL,BULL,2026-01-06 00:00:00,H1,2026-01-06 00:00:00,1.28235
1,FX29,BUY,BUY,BUY,97,,,0,BULL,BULL,BULL,2026-01-06 00:00:00,H1,2026-01-06 00:00:00,1.29235
1,FX00,BUY,BUY,BUY,98,,,0,BULL,BULL,BULL,2026-01-06 01:00:00,H1,2026-01-06 01:00:00,1.00235
1,FX01,BUY,BUY,BUY,98,,,0,BULL,BULL,BULL,2026-01-06 01:00:00,H1,2026-01-06 01:00:00,1.01235
1,FX02,BUY,BUY,BUY,98,,,0,BULL,BULL,BULL,2026-01-06 01:00:00,H1,2026-01-06 01:00:00,1.02235
1,FX03,BUY,BUY,BUY,98,,,0,BULL,BULL,BULL,2026-01-06 01:00:00,H1,2026-01-06 01:00:00,1.03235
1,FX04,BUY,BUY,BUY,98,,,0,BULL,BULL,BULL,2026-01-06 01:00:00,H1,2026-01-06 01:00:00,1.04235
1,FX05,BUY,BUY,BUY,98,,,0,BULL,BULL,BULL,2026-01-06 01:00:00,H1,2026-01-06 01:00:00,1.05235
1,FX06,BUY,BUY,BUY,98,,,0,BULL,BULL,BULL,2026-01-06 01:00:00,H1,2026-01-06 01:00:00,1.06235
1,FX07,BUY,BUY,BUY,98,,,0,BULL,BULL,BULL,2026-01-06 01:00:00,H1,2026-01-06 01:00:00,1.07235
1,FX08,BUY,BUY,BUY,98,,,0,BULL,BULL,BULL,2026-01-06 01:00:00,H1,2026-01-06 01:00:00,1.08235
1,FX09,BUY,BUY,BUY,98,,,0,BULL,BULL,BULL,2026-01-06 01:00:00,H1,2026-01-06 01:00:00,1.09235
1,FX10,BUY,BUY,BUY,98,,,0,BULL,BULL,BULL,2026-01-06 01:00:00,H1,2026-01-06 01:00:00,1.10235
1,FX11,BUY,BUY,BUY,98,,,0,BULL,BULL,BULL,2026-01-06 01:00:00,H1,2026-01-06 01:00:00,1.11235
1,FX12,BUY,BUY,BUY,98,,,0,BULL,BULL,BULL,2026-01-06 01:00:00,H1,2026-01-06 01:00:00,1.12235
1,FX13,BUY,BUY,BUY,98,,,0,BULL,BULL,BULL,2026-01-06 01:00:00,H1,2026-01-06 01:00:00,1.13235
1,FX14,BUY,BUY,BUY,98,,,0,BULL,BULL,BULL,2026-01-06 01:00:00,H1,2026-01-06 01:00:00,1.14235
1,FX15,BUY,BUY,BUY,98,,,0,BULL,BULL,BULL,2026-01-06 01:00:00,H1,2026-01-06 01:00:00,1.15235
1,FX16,BUY,BUY,BUY,98,,,0,BULL,BULL,BULL,2026-01-06 01:00:00,H1,2026-01-06 01:00:00,1.16235
1,FX17,BUY,BUY,BUY,98,,,0,BULL,BULL,BULL,2026-01-06 01:00:00,H1,2026-01-06 01:00:00,1.17235
1,FX18,BUY,BUY,BUY,98,,,0,BULL,BULL,BULL,2026-01-06 01:00:00,H1,2026-01-06 01:00:00,1.18235
1,FX19,BUY,BUY,BUY,98,,,0,BULL,BULL,BULL,2026-01-06 01:00:00,H1,2026-01-06 01:00:00,1.19235
1,FX20,BUY,BUY,BUY,98,,,0,BULL,BULL,BULL,2026-01-06 01:00:00,H1,2026-01-06 01:00:00,1.20235
1,FX21,BUY,BUY,BUY,98,,,0,BULL,BULL,BULL,2026-01-06 01:00:00,H1,2026-01-06 01:00:00,1.21235
1,FX22,BUY,BUY,BUY,98,,,0,BULL,BULL,BULL,2026-01-06 01:00:00,H1,2026-01-06 01:00:00,1.22235
1,FX23,BUY,BUY,BUY,98,,,0,BULL,BULL,BULL,2026-01-06 01:00:00,H1,2026-01-06 01:00:00,1.23235
1,FX24,BUY,BUY,BUY,98,,,0,BULL,BULL,BULL,2026-01-06 01:00:00,H1,2026-01-06 01:00:00,1.24235
1,FX25,BUY,BUY,BUY,98,,,0,BULL,BULL,BULL,2026-01-06 01:00:00,H1,2026-01-06 01:00:00,1.25235
1,FX26,BUY,BUY,BUY,98,,,0,BULL,BULL,BULL,2026-01-06 01:00:00,H1,2026-01-06 01:00:00,1.26235
1,FX27,BUY,BUY,BUY,98,,,0,BULL,BULL,BULL,2026-01-06 01:00:00,H1,2026-01-06 01:00:00,1.27235
1,FX28,BUY,BUY,BUY,98,,,0,BULL,BULL,BULL,2026-01-06 01:00:00,H1,2026-01-06 01:00:00,1.28235
1,FX29,BUY,BUY,BUY,98,,,0,BULL,BULL,BULL,2026-01-06 01:00:00,H1,2026-01-06 01:00:00,1.29235
1,FX00,BUY,BUY,BUY,99,,,0,BULL,BULL,BULL,2026-01-06 02:00:00,H1,2026-01-06 02:00:00,1.00235
1,FX01,BUY,BUY,BUY,99,,,0,BULL,BULL,BULL,2026-01-06 02:00:00,H1,2026-01-06 02:00:00,1.01235
1,FX02,BUY,BUY,BUY,99,,,0,BULL,BULL,BULL,2026-01-06 02:00:00,H1,2026-01-06 02:00:00,1.02235
1,FX03,BUY,BUY,BUY,99,,,0,BULL,BULL,BULL,2026-01-06 02:00:00,H1,2026-01-06 02:00:00,1.03235
1,FX04,BUY,BUY,BUY,99,,,0,BULL,BULL,BULL,2026-01-06 02:00:00,H1,2026-01-06 02:00:00,1.04235
1,FX05,BUY,BUY,BUY,99,,,0,BULL,BULL,BULL,2026-01-06 02:00:00,H1,2026-01-06 02:00:00,1.05235
1,FX06,BUY,BUY,BUY,99,,,0,BULL,BULL,BULL,2026-01-06 02:00:00,H1,2026-01-06 02:00:00,1.06235
1,FX07,BUY,BUY,BUY,99,,,0,BULL,BULL,BULL,2026-01-06 02:00:00,H1,2026-01-06 02:00:00,1.07235
1,FX08,BUY,BUY,BUY,99,,,0,BULL,BULL,BULL,2026-01-06 02:00:00,H1,2026-01-06 02:00:00,1.08235
1,FX09,BUY,BUY,BUY,99,,,0,BULL,BULL,BULL,2026-01-06 02:00:00,H1,2026-01-06 02:00:00,1.09235
1,FX10,BUY,BUY,BUY,99,,,0,BULL,BULL,BULL,2026-01-06 02:00:00,H1,2026-01-06 02:00:00,1.10235
1,FX11,BUY,BUY,BUY,99,,,0,BULL,BULL,BULL,2026-01-06 02:00:00,H1,2026-01-06 02:00:00,1.11235
1,FX12,BUY,BUY,BUY,99,,,0,BULL,BULL,BULL,2026-01-06 02:00:00,H1,2026-01-06 02:00:00,1.12235
1,FX13,BUY,BUY,BUY,99,,,0,BULL,BULL,BULL,2026-01-06 02:00:00,H1,2026-01-06 02:00:00,1.13235
1,FX14,BUY,BUY,BUY,99,,,0,BULL,BULL,BULL,2026-01-06 02:00:00,H1,2026-01-06 02:00:00,1.14235
1,FX15,BUY,BUY,BUY,99,,,0,BULL,BULL,BULL,2026-01-06 02:00:00,H1,2026-01-06 02:00:00,1.15235
1,FX16,BUY,BUY,BUY,99,,,0,BULL,BULL,BULL,2026-01-06 02:00:00,H1,2026-01-06 02:00:00,1.16235
1,FX17,BUY,BUY,BUY,99,,,0,BULL,BULL,BULL,2026-01-06 02:00:00,H1,2026-01-06 02:00:00,1.17235
1,FX18,BUY,BUY,BUY,99,,,0,BULL,BULL,BULL,2026-01-06 02:00:00,H1,2026-01-06 02:00:00,1.18235
1,FX19,BUY,BUY,BUY,99,,,0,BULL,BULL,BULL,2026-01-06 02:00:00,H1,2026-01-06 02:00:00,1.19235
1,FX20,BUY,BUY,BUY,99,,,0,BULL,BULL,BULL,2026-01-06 02:00:00,H1,2026-01-06 02:00:00,1.20235
1,FX21,BUY,BUY,BUY,99,,,0,BULL,BULL,BULL,2026-01-06 02:00:00,H1,2026-01-06 02:00:00,1.21235
1,FX22,BUY,BUY,BUY,99,,,0,BULL,BULL,BULL,2026-01-06 02:00:00,H1,2026-01-06 02:00:00,1.22235
1,FX23,BUY,BUY,BUY,99,,,0,BULL,BULL,BULL,2026-01-06 02:00:00,H1,2026-01-06 02:00:00,1.23235
1,FX24,BUY,BUY,BUY,99,,,0,BULL,BULL,BULL,2026-01-06 02:00:00,H1,2026-01-06 02:00:00,1.24235
1,FX25,BUY,BUY,BUY,99,,,0,BULL,BULL,BULL,2026-01-06 02:00:00,H1,2026-01-06 02:00:00,1.25235
1,FX26,BUY,BUY,BUY,99,,,0,BULL,BULL,BULL,2026-01-06 02:00:00,H1,2026-01-06 02:00:00,1.26235
1,FX27,BUY,BUY,BUY,99,,,0,BULL,BULL,BULL,2026-01-06 02:00:00,H1,2026-01-06 02:00:00,1.27235
1,FX28,BUY,BUY,BUY,99,,,0,BULL,BULL,BULL,2026-01-06 02:00:00,H1,2026-01-06 02:00:00,1.28235
1,FX29,BUY,BUY,BUY,99,,,0,BULL,BULL,BULL,2026-01-06 02:00:00,H1,2026-01-06 02:00:00,1.29235
1,FX00,BUY,BUY,BUY,100,,,0,BULL,BULL,BULL,2026-01-06 03:00:00,H1,2026-01-06 03:00:00,1.00235
1,FX01,BUY,BUY,BUY,100,,,0,BULL,BULL,BULL,2026-01-06 03:00:00,H1,2026-01-06 03:00:00,1.01235
1,FX02,BUY,BUY,BUY,100,,,0,BULL,BULL,BULL,2026-01-06 03:00:00,H1,2026-01-06 03:00:00,1.02235
1,FX03,BUY,BUY,BUY,100,,,0,BULL,BULL,BULL,2026-01-06 03:00:00,H1,2026-01-06 03:00:00,1.03235
1,FX04,BUY,BUY,BUY,100,,,0,BULL,BULL,BULL,2026-01-06 03:00:00,H1,2026-01-06 03:00:00,1.04235
1,FX05,BUY,BUY,BUY,100,,,0,BULL,BULL,BULL,2026-01-06 03:00:00,H1,2026-01-06 03:00:00,1.05235
1,FX06,BUY,BUY,BUY,100,,,0,BULL,BULL,BULL,2026-01-06 03:00:00,H1,2026-01-06 03:00:00,1.06235
1,FX07,BUY,BUY,BUY,100,,,0,BULL,BULL,BULL,2026-01-06 03:00:00,H1,2026-01-06 03:00:00,1.07235
1,FX08,BUY,BUY,BUY,100,,,0,BULL,BULL,BULL,2026-01-06 03:00:00,H1,2026-01-06 03:00:00,1.08235
1,FX09,BUY,BUY,BUY,100,,,0,BULL,BULL,BULL,2026-01-06 03:00:00,H1,2026-01-06 03:00:00,1.09235
1,FX10,BUY,BUY,BUY,100,,,0,BULL,BULL,BULL,2026-01-06 03:00:00,H1,2026-01-06 03:00:00,1.10235
1,FX11,BUY,BUY,BUY,100,,,0,BULL,BULL,BULL,2026-01-06 03:00:00,H1,2026-01-06 03:00:00,1.11235
1,FX12,BUY,BUY,BUY,100,,,0,BULL,BULL,BULL,2026-01-06 03:00:00,H1,2026-01-06 03:00:00,1.12235
1,FX13,BUY,BUY,BUY,100,,,0,BULL,BULL,BULL,2026-01-06 03:00:00,H1,2026-01-06 03:00:00,1.13235
1,FX14,BUY,BUY,BUY,100,,,0,BULL,BULL,BULL,2026-01-06 03:00:00,H1,2026-01-06 03:00:00,1.14235
1,FX15,BUY,BUY,BUY,100,,,0,BULL,BULL,BULL,2026-01-06 03:00:00,H1,2026-01-06 03:00:00,1.15235
1,FX16,BUY,BUY,BUY,100,,,0,BULL,BULL,BULL,2026-01-06 03:00:00,H1,2026-01-06 03:00:00,1.16235
1,FX17,BUY,BUY,BUY,100,,,0,BULL,BULL,BULL,2026-01-06 03:00:00,H1,2026-01-06 03:00:00,1.17235
1,FX18,BUY,BUY,BUY,100,,,0,BULL,BULL,BULL,2026-01-06 03:00:00,H1,2026-01-06 03:00:00,1.18235
1,FX19,BUY,BUY,BUY,100,,,0,BULL,BULL,BULL,2026-01-06 03:00:00,H1,2026-01-06 03:00:00,1.19235
1,FX20,BUY,BUY,BUY,100,,,0,BULL,BULL,BULL,2026-01-06 03:00:00,H1,2026-01-06 03:00:00,1.20235
1,FX21,BUY,BUY,BUY,100,,,0,BULL,BULL,BULL,2026-01-06 03:00:00,H1,2026-01-06 03:00:00,1.21235
1,FX22,BUY,BUY,BUY,100,,,0,BULL,BULL,BULL,2026-01-06 03:00:00,H1,2026-01-06 03:00:00,1.22235
1,FX23,BUY,BUY,BUY,100,,,0,BULL,BULL,BULL,2026-01-06 03:00:00,H1,2026-01-06 03:00:00,1.23235
1,FX24,BUY,BUY,BUY,100,,,0,BULL,BULL,BULL,2026-01-06 03:00:00,H1,2026-01-06 03:00:00,1.24235
1,FX25,BUY,BUY,BUY,100,,,0,BULL,BULL,BULL,2026-01-06 03:00:00,H1,2026-01-06 03:00:00,1.25235
1,FX26,BUY,BUY,BUY,100,,,0,BULL,BULL,BULL,2026-01-06 03:00:00,H1,2026-01-06 03:00:00,1.26235
1,FX27,BUY,BUY,BUY,100,,,0,BULL,BULL,BULL,2026-01-06 03:00:00,H1,2026-01-06 03:00:00,1.27235
1,FX28,BUY,BUY,BUY,100,,,0,BULL,BULL,BULL,2026-01-06 03:00:00,H1,2026-01-06 03:00:00,1.28235
1,FX29,BUY,BUY,BUY,100,,,0,BULL,BULL,BULL,2026-01-06 03:00:00,H1,2026-01-06 03:00:00,1.29235
1,FX00,BUY,BUY,BUY,101,,,0,BULL,BULL,BULL,2026-01-06 04:00:00,H1,2026-01-06 04:00:00,1.00235
1,FX01,BUY,BUY,BUY,101,,,0,BULL,BULL,BULL,2026-01-06 04:00:00,H1,2026-01-06 04:00:00,1.01235
1,FX02,BUY,BUY,BUY,101,,,0,BULL,BULL,BULL,2026-01-06 04:00:00,H1,2026-01-06 04:00:00,1.02235
1,FX03,BUY,BUY,BUY,101,,,0,BULL,BULL,BULL,2026-01-06 04:00:00,H1,2026-01-06 04:00:00,1.03235
1,FX04,BUY,BUY,BUY,101,,,0,BULL,BULL,BULL,2026-01-06 04:00:00,H1,2026-01-06 04:00:00,1.04235
1,FX05,BUY,BUY,BUY,101,,,0,BULL,BULL,BULL,2026-01-06 04:00:00,H1,2026-01-06 04:00:00,1.05235
1,FX06,BUY,BUY,BUY,101,,,0,BULL,BULL,BULL,2026-01-06 04:00:00,H1,2026-01-06 04:00:00,1.06235
1,FX07,BUY,BUY,BUY,101,,,0,BULL,BULL,BULL,2026-01-06 04:00:00,H1,2026-01-06 04:00:00,1.07235
1,FX08,BUY,BUY,BUY,101,,,0,BULL,BULL,BULL,2026-01-06 04:00:00,H1,2026-01-06 04:00:00,1.08235
1,FX09,BUY,BUY,BUY,101,,,0,BULL,BULL,BULL,2026-01-06 04:00:00,H1,2026-01-06 04:00:00,1.09235
1,FX10,BUY,BUY,BUY,101,,,0,BULL,BULL,BULL,2026-01-06 04:00:00,H1,2026-01-06 04:00:00,1.10235
1,FX11,BUY,BUY,BUY,101,,,0,BULL,BULL,BULL,2026-01-06 04:00:00,H1,2026-01-06 04:00:00,1.11235
1,FX12,BUY,BUY,BUY,101,,,0,BULL,BULL,BULL,2026-01-06 04:00:00,H1,2026-01-06 04:00:00,1.12235
1,FX13,BUY,BUY,BUY,101,,,0,BULL,BULL,BULL,2026-01-06 04:00:00,H1,2026-01-06 04:00:00,1.13235
1,FX14,BUY,BUY,BUY,101,,,0,BULL,BULL,BULL,2026-01-06 04:00:00,H1,2026-01-06 04:00:00,1.14235
1,FX15,BUY,BUY,BUY,101,,,0,BULL,BULL,BULL,2026-01-06 04:00:00,H1,2026-01-06 04:00:00,1.15235
1,FX16,BUY,BUY,BUY,101,,,0,BULL,BULL,BULL,2026-01-06 04:00:00,H1,2026-01-06 04:00:00,1.16235
1,FX17,BUY,BUY,BUY,101,,,0,BULL,BULL,BULL,2026-01-06 04:00:00,H1,2026-01-06 04:00:00,1.17235
1,FX18,BUY,BUY,BUY,101,,,0,BULL,BULL,BULL,2026-01-06 04:00:00,H1,2026-01-06 04:00:00,1.18235
1,FX19,BUY,BUY,BUY,101,,,0,BULL,BULL,BULL,2026-01-06 04:00:00,H1,2026-01-06 04:00:00,1.19235
1,FX20,BUY,BUY,BUY,101,,,0,BULL,BULL,BULL,2026-01-06 04:00:00,H1,2026-01-06 04:00:00,1.20235
1,FX21,BUY,BUY,BUY,101,,,0,BULL,BULL,BULL,2026-01-06 04:00:00,H1,2026-01-06 04:00:00,1.21235
1,FX22,BUY,BUY,BUY,101,,,0,BULL,BULL,BULL,2026-01-06 04:00:00,H1,2026-01-06 04:00:00,1.22235
1,FX23,BUY,BUY,BUY,101,,,0,BULL,BULL,BULL,2026-01-06 04:00:00,H1,2026-01-06 04:00:00,1.23235
1,FX24,BUY,BUY,BUY,101,,,0,BULL,BULL,BULL,2026-01-06 04:00:00,H1,2026-01-06 04:00:00,1.24235
1,FX25,BUY,BUY,BUY,101,,,0,BULL,BULL,BULL,2026-01-06 04:00:00,H1,2026-01-06 04:00:00,1.25235
1,FX26,BUY,BUY,BUY,101,,,0,BULL,BULL,BULL,2026-01-06 04:00:00,H1,2026-01-06 04:00:00,1.26235
1,FX27,BUY,BUY,BUY,101,,,0,BULL,BULL,BULL,2026-01-06 04:00:00,H1,2026-01-06 04:00:00,1.27235
1,FX28,BUY,BUY,BUY,101,,,0,BULL,BULL,BULL,2026-01-06 04:00:00,H1,2026-01-06 04:00:00,1.28235
1,FX29,BUY,BUY,BUY,101,,,0,BULL,BULL,BULL,2026-01-06 04:00:00,H1,2026-01-06 04:00:00,1.29235
1,FX00,BUY,BUY,BUY,102,,,0,BULL,BULL,BULL,2026-01-06 05:00:00,H1,2026-01-06 05:00:00,1.00235
1,FX01,BUY,BUY,BUY,102,,,0,BULL,BULL,BULL,2026-01-06 05:00:00,H1,2026-01-06 05:00:00,1.01235
1,FX02,BUY,BUY,BUY,102,,,0,BULL,BULL,BULL,2026-01-06 05:00:00,H1,2026-01-06 05:00:00,1.02235
1,FX03,BUY,BUY,BUY,102,,,0,BULL,BULL,BULL,2026-01-06 05:00:00,H1,2026-01-06 05:00:00,1.03235
1,FX04,BUY,BUY,BUY,102,,,0,BULL,BULL,BULL,2026-01-06 05:00:00,H1,2026-01-06 05:00:00,1.04235
1,FX05,BUY,BUY,BUY,102,,,0,BULL,BULL,BULL,2026-01-06 05:00:00,H1,2026-01-06 05:00:00,1.05235
1,FX06,BUY,BUY,BUY,102,,,0,BULL,BULL,BULL,2026-01-06 05:00:00,H1,2026-01-06 05:00:00,1.06235
1,FX07,BUY,BUY,BUY,102,,,0,BULL,BULL,BULL,2026-01-06 05:00:00,H1,2026-01-06 05:00:00,1.07235
1,FX08,BUY,BUY,BUY,102,,,0,BULL,BULL,BULL,2026-01-06 05:00:00,H1,2026-01-06 05:00:00,1.08235
1,FX09,BUY,BUY,BUY,102,,,0,BULL,BULL,BULL,2026-01-06 05:00:00,H1,2026-01-06 05:00:00,1.09235
1,FX10,BUY,BUY,BUY,102,,,0,BULL,BULL,BULL,2026-01-06 05:00:00,H1,2026-01-06 05:00:00,1.10235
1,FX11,BUY,BUY,BUY,102,,,0,BULL,BULL,BULL,2026-01-06 05:00:00,H1,2026-01-06 05:00:00,1.11235
1,FX12,BUY,BUY,BUY,102,,,0,BULL,BULL,BULL,2026-01-06 05:00:00,H1,2026-01-06 05:00:00,1.12235
1,FX13,BUY,BUY,BUY,102,,,0,BULL,BULL,BULL,2026-01-06 05:00:00,H1,2026-01-06 05:00:00,1.13235
1,FX14,BUY,BUY,BUY,102,,,0,BULL,BULL,BULL,2026-01-06 05:00:00,H1,2026-01-06 05:00:00,1.14235
1,FX15,BUY,BUY,BUY,102,,,0,BULL,BULL,BULL,2026-01-06 05:00:00,H1,2026-01-06 05:00:00,1.15235
1,FX16,BUY,BUY,BUY,102,,,0,BULL,BULL,BULL,2026-01-06 05:00:00,H1,2026-01-06 05:00:00,1.16235
1,FX17,BUY,BUY,BUY,102,,,0,BULL,BULL,BULL,2026-01-06 05:00:00,H1,2026-01-06 05:00:00,1.17235
1,FX18,BUY,BUY,BUY,102,,,0,BULL,BULL,BULL,2026-01-06 05:00:00,H1,2026-01-06 05:00:00,1.18235
1,FX19,BUY,BUY,BUY,102,,,0,BULL,BULL,BULL,2026-01-06 05:00:00,H1,2026-01-06 05:00:00,1.19235
1,FX20,BUY,BUY,BUY,102,,,0,BULL,BULL,BULL,2026-01-06 05:00:00,H1,2026-01-06 05:00:00,1.20235
1,FX21,BUY,BUY,BUY,102,,,0,BULL,BULL,BULL,2026-01-06 05:00:00,H1,2026-01-06 05:00:00,1.21235
1,FX22,BUY,BUY,BUY,102,,,0,BULL,BULL,BULL,2026-01-06 05:00:00,H1,2026-01-06 05:00:00,1.22235
1,FX23,BUY,BUY,BUY,102,,,0,BULL,BULL,BULL,2026-01-06 05:00:00,H1,2026-01-06 05:00:00,1.23235
1,FX24,BUY,BUY,BUY,102,,,0,BULL,BULL,BULL,2026-01-06 05:00:00,H1,2026-01-06 05:00:00,1.24235
1,FX25,BUY,BUY,BUY,102,,,0,BULL,BULL,BULL,2026-01-06 05:00:00,H1,2026-01-06 05:00:00,1.25235
1,FX26,BUY,BUY,BUY,102,,,0,BULL,BULL,BULL,2026-01-06 05:00:00,H1,2026-01-06 05:00:00,1.26235
1,FX27,BUY,BUY,BUY,102,,,0,BULL,BULL,BULL,2026-01-06 05:00:00,H1,2026-01-06 05:00:00,1.27235
1,FX28,BUY,BUY,BUY,102,,,0,BULL,BULL,BULL,2026-01-06 05:00:00,H1,2026-01-06 05:00:00,1.28235
1,FX29,BUY,BUY,BUY,102,,,0,BULL,BULL,BULL,2026-01-06 05:00:00,H1,2026-01-06 05:00:00,1.29235
1,FX00,BUY,BUY,BUY,103,,,0,BULL,BULL,BULL,2026-01-06 06:00:00,H1,2026-01-06 06:00:00,1.00235
1,FX01,BUY,BUY,BUY,103,,,0,BULL,BULL,BULL,2026-01-06 06:00:00,H1,2026-01-06 06:00:00,1.01235
1,FX02,BUY,BUY,BUY,103,,,0,BULL,BULL,BULL,2026-01-06 06:00:00,H1,2026-01-06 06:00:00,1.02235
1,FX03,BUY,BUY,BUY,103,,,0,BULL,BULL,BULL,2026-01-06 06:00:00,H1,2026-01-06 06:00:00,1.03235
1,FX04,BUY,BUY,BUY,103,,,0,BULL,BULL,BULL,2026-01-06 06:00:00,H1,2026-01-06 06:00:00,1.04235
1,FX05,BUY,BUY,BUY,103,,,0,BULL,BULL,BULL,2026-01-06 06:00:00,H1,2026-01-06 06:00:00,1.05235
1,FX06,BUY,BUY,BUY,103,,,0,BULL,BULL,BULL,2026-01-06 06:00:00,H1,2026-01-06 06:00:00,1.06235
1,FX07,BUY,BUY,BUY,103,,,0,BULL,BULL,BULL,2026-01-06 06:00:00,H1,2026-01-06 06:00:00,1.07235
1,FX08,BUY,BUY,BUY,103,,,0,BULL,BULL,BULL,2026-01-06 06:00:00,H1,2026-01-06 06:00:00,1.08235
1,FX09,BUY,BUY,BUY,103,,,0,BULL,BULL,BULL,2026-01-06 06:00:00,H1,2026-01-06 06:00:00,1.09235
1,FX10,BUY,BUY,BUY,103,,,0,BULL,BULL,BULL,2026-01-06 06:00:00,H1,2026-01-06 06:00:00,1.10235
1,FX11,BUY,BUY,BUY,103,,,0,BULL,BULL,BULL,2026-01-06 06:00:00,H1,2026-01-06 06:00:00,1.11235
1,FX12,BUY,BUY,BUY,103,,,0,BULL,BULL,BULL,2026-01-06 06:00:00,H1,2026-01-06 06:00:00,1.12235
1,FX13,BUY,BUY,BUY,103,,,0,BULL,BULL,BULL,2026-01-06 06:00:00,H1,2026-01-06 06:00:00,1.13235
1,FX14,BUY,BUY,BUY,103,,,0,BULL,BULL,BULL,2026-01-06 06:00:00,H1,2026-01-06 06:00:00,1.14235
1,FX15,BUY,BUY,BUY,103,,,0,BULL,BULL,BULL,2026-01-06 06:00:00,H1,2026-01-06 06:00:00,1.15235
1,FX16,BUY,BUY,BUY,103,,,0,BULL,BULL,BULL,2026-01-06 06:00:00,H1,2026-01-06 06:00:00,1.16235
1,FX17,BUY,BUY,BUY,103,,,0,BULL,BULL,BULL,2026-01-06 06:00:00,H1,2026-01-06 06:00:00,1.17235
1,FX18,BUY,BUY,BUY,103,,,0,BULL,BULL,BULL,2026-01-06 06:00:00,H1,2026-01-06 06:00:00,1.18235
1,FX19,BUY,BUY,BUY,103,,,0,BULL,BULL,BULL,2026-01-06 06:00:00,H1,2026-01-06 06:00:00,1.19235
1,FX20,BUY,BUY,BUY,103,,,0,BULL,BULL,BULL,2026-01-06 06:00:00,H1,2026-01-06 06:00:00,1.20235
1,FX21,BUY,BUY,BUY,103,,,0,BULL,BULL,BULL,2026-01-06 06:00:00,H1,2026-01-06 06:00:00,1.21235
1,FX22,BUY,BUY,BUY,103,,,0,BULL,BULL,BULL,2026-01-06 06:00:00,H1,2026-01-06 06:00:00,1.22235
1,FX23,BUY,BUY,BUY,103,,,0,BULL,BULL,BULL,2026-01-06 06:00:00,H1,2026-01-06 06:00:00,1.23235
1,FX24,BUY,BUY,BUY,103,,,0,BULL,BULL,BULL,2026-01-06 06:00:00,H1,2026-01-06 06:00:00,1.24235
1,FX25,BUY,BUY,BUY,103,,,0,BULL,BULL,BULL,2026-01-06 06:00:00,H1,2026-01-06 06:00:00,1.25235
1,FX26,BUY,BUY,BUY,103,,,0,BULL,BULL,BULL,2026-01-06 06:00:00,H1,2026-01-06 06:00:00,1.26235
1,FX27,BUY,BUY,BUY,103,,,0,BULL,BULL,BULL,2026-01-06 06:00:00,H1,2026-01-06 06:00:00,1.27235
1,FX28,BUY,BUY,BUY,103,,,0,BULL,BULL,BULL,2026-01-06 06:00:00,H1,2026-01-06 06:00:00,1.28235
1,FX29,BUY,BUY,BUY,103,,,0,BULL,BULL,BULL,2026-01-06 06:00:00,H1,2026-01-06 06:00:00,1.29235
1,FX00,BUY,BUY,BUY,104,,,0,BULL,BULL,BULL,2026-01-06 07:00:00,H1,2026-01-06 07:00:00,1.00235
1,FX01,BUY,BUY,BUY,104,,,0,BULL,BULL,BULL,2026-01-06 07:00:00,H1,2026-01-06 07:00:00,1.01235
1,FX02,BUY,BUY,BUY,104,,,0,BULL,BULL,BULL,2026-01-06 07:00:00,H1,2026-01-06 07:00:00,1.02235
1,FX03,BUY,BUY,BUY,104,,,0,BULL,BULL,BULL,2026-01-06 07:00:00,H1,2026-01-06 07:00:00,1.03235
1,FX04,BUY,BUY,BUY,104,,,0,BULL,BULL,BULL,2026-01-06 07:00:00,H1,2026-01-06 07:00:00,1.04235
1,FX05,BUY,BUY,BUY,104,,,0,BULL,BULL,BULL,2026-01-06 07:00:00,H1,2026-01-06 07:00:00,1.05235
1,FX06,BUY,BUY,BUY,104,,,0,BULL,BULL,BULL,2026-01-06 07:00:00,H1,2026-01-06 07:00:00,1.06235
1,FX07,BUY,BUY,BUY,104,,,0,BULL,BULL,BULL,2026-01-06 07:00:00,H1,2026-01-06 07:00:00,1.07235
1,FX08,BUY,BUY,BUY,104,,,0,BULL,BULL,BULL,2026-01-06 07:00:00,H1,2026-01-06 07:00:00,1.08235
1,FX09,BUY,BUY,BUY,104,,,0,BULL,BULL,BULL,2026-01-06 07:00:00,H1,2026-01-06 07:00:00,1.09235
1,FX10,BUY,BUY,BUY,104,,,0,BULL,BULL,BULL,2026-01-06 07:00:00,H1,2026-01-06 07:00:00,1.10235
1,FX11,BUY,BUY,BUY,104,,,0,BULL,BULL,BULL,2026-01-06 07:00:00,H1,2026-01-06 07:00:00,1.11235
1,FX12,BUY,BUY,BUY,104,,,0,BULL,BULL,BULL,2026-01-06 07:00:00,H1,2026-01-06 07:00:00,1.12235
1,FX13,BUY,BUY,BUY,104,,,0,BULL,BULL,BULL,2026-01-06 07:00:00,H1,2026-01-06 07:00:00,1.13235
1,FX14,BUY,BUY,BUY,104,,,0,BULL,BULL,BULL,2026-01-06 07:00:00,H1,2026-01-06 07:00:00,1.14235
1,FX15,BUY,BUY,BUY,104,,,0,BULL,BULL,BULL,2026-01-06 07:00:00,H1,2026-01-06 07:00:00,1.15235
1,FX16,BUY,BUY,BUY,104,,,0,BULL,BULL,BULL,2026-01-06 07:00:00,H1,2026-01-06 07:00:00,1.16235
1,FX17,BUY,BUY,BUY,104,,,0,BULL,BULL,BULL,2026-01-06 07:00:00,H1,2026-01-06 07:00:00,1.17235
1,FX18,BUY,BUY,BUY,104,,,0,BULL,BULL,BULL,2026-01-06 07:00:00,H1,2026-01-06 07:00:00,1.18235
1,FX19,BUY,BUY,BUY,104,,,0,BULL,BULL,BULL,2026-01-06 07:00:00,H1,2026-01-06 07:00:00,1.19235
1,FX20,BUY,BUY,BUY,104,,,0,BULL,BULL,BULL,2026-01-06 07:00:00,H1,2026-01-06 07:00:00,1.20235
1,FX21,BUY,BUY,BUY,104,,,0,BULL,BULL,BULL,2026-01-06 07:00:00,H1,2026-01-06 07:00:00,1.21235
1,FX22,BUY,BUY,BUY,104,,,0,BULL,BULL,BULL,2026-01-06 07:00:00,H1,2026-01-06 07:00:00,1.22235
1,FX23,BUY,BUY,BUY,104,,,0,BULL,BULL,BULL,2026-01-06 07:00:00,H1,2026-01-06 07:00:00,1.23235
1,FX24,BUY,BUY,BUY,104,,,0,BULL,BULL,BULL,2026-01-06 07:00:00,H1,2026-01-06 07:00:00,1.24235
1,FX25,BUY,BUY,BUY,104,,,0,BULL,BULL,BULL,2026-01-06 07:00:00,H1,2026-01-06 07:00:00,1.25235
1,FX26,BUY,BUY,BUY,104,,,0,BULL,BULL,BULL,2026-01-06 07:00:00,H1,2026-01-06 07:00:00,1.26235
1,FX27,BUY,BUY,BUY,104,,,0,BULL,BULL,BULL,2026-01-06 07:00:00,H1,2026-01-06 07:00:00,1.27235
1,FX28,BUY,BUY,BUY,104,,,0,BULL,BULL,BULL,2026-01-06 07:00:00,H1,2026-01-06 07:00:00,1.28235
1,FX29,BUY,BUY,BUY,104,,,0,BULL,BULL,BULL,2026-01-06 07:00:00,H1,2026-01-06 07:00:00,1.29235
1,FX00,BUY,BUY,BUY,105,,,0,BULL,BULL,BULL,2026-01-06 08:00:00,H1,2026-01-06 08:00:00,1.00235
1,FX01,BUY,BUY,BUY,105,,,0,BULL,BULL,BULL,2026-01-06 08:00:00,H1,2026-01-06 08:00:00,1.01235
1,FX02,BUY,BUY,BUY,105,,,0,BULL,BULL,BULL,2026-01-06 08:00:00,H1,2026-01-06 08:00:00,1.02235
1,FX03,BUY,BUY,BUY,105,,,0,BULL,BULL,BULL,2026-01-06 08:00:00,H1,2026-01-06 08:00:00,1.03235
1,FX04,BUY,BUY,BUY,105,,,0,BULL,BULL,BULL,2026-01-06 08:00:00,H1,2026-01-06 08:00:00,1.04235
1,FX05,BUY,BUY,BUY,105,,,0,BULL,BULL,BULL,2026-01-06 08:00:00,H1,2026-01-06 08:00:00,1.05235
1,FX06,BUY,BUY,BUY,105,,,0,BULL,BULL,BULL,2026-01-06 08:00:00,H1,2026-01-06 08:00:00,1.06235
1,FX07,BUY,BUY,BUY,105,,,0,BULL,BULL,BULL,2026-01-06 08:00:00,H1,2026-01-06 08:00:00,1.07235
1,FX08,BUY,BUY,BUY,105,,,0,BULL,BULL,BULL,2026-01-06 08:00:00,H1,2026-01-06 08:00:00,1.08235
1,FX09,BUY,BUY,BUY,105,,,0,BULL,BULL,BULL,2026-01-06 08:00:00,H1,2026-01-06 08:00:00,1.09235
1,FX10,BUY,BUY,BUY,105,,,0,BULL,BULL,BULL,2026-01-06 08:00:00,H1,2026-01-06 08:00:00,1.10235
1,FX11,BUY,BUY,BUY,105,,,0,BULL,BULL,BULL,2026-01-06 08:00:00,H1,2026-01-06 08:00:00,1.11235
1,FX12,BUY,BUY,BUY,105,,,0,BULL,BULL,BULL,2026-01-06 08:00:00,H1,2026-01-06 08:00:00,1.12235
1,FX13,BUY,BUY,BUY,105,,,0,BULL,BULL,BULL,2026-01-06 08:00:00,H1,2026-01-06 08:00:00,1.13235
1,FX14,BUY,BUY,BUY,105,,,0,BULL,BULL,BULL,2026-01-06 08:00:00,H1,2026-01-06 08:00:00,1.14235
1,FX15,BUY,BUY,BUY,105,,,0,BULL,BULL,BULL,2026-01-06 08:00:00,H1,2026-01-06 08:00:00,1.15235
1,FX16,BUY,BUY,BUY,105,,,0,BULL,BULL,BULL,2026-01-06 08:00:00,H1,2026-01-06 08:00:00,1.16235
1,FX17,BUY,BUY,BUY,105,,,0,BULL,BULL,BULL,2026-01-06 08:00:00,H1,2026-01-06 08:00:00,1.17235
1,FX18,BUY,BUY,BUY,105,,,0,BULL,BULL,BULL,2026-01-06 08:00:00,H1,2026-01-06 08:00:00,1.18235
1,FX19,BUY,BUY,BUY,105,,,0,BULL,BULL,BULL,2026-01-06 08:00:00,H1,2026-01-06 08:00:00,1.19235
1,FX20,BUY,BUY,BUY,105,,,0,BULL,BULL,BULL,2026-01-06 08:00:00,H1,2026-01-06 08:00:00,1.20235
1,FX21,BUY,BUY,BUY,105,,,0,BULL,BULL,BULL,2026-01-06 08:00:00,H1,2026-01-06 08:00:00,1.21235
1,FX22,BUY,BUY,BUY,105,,,0,BULL,BULL,BULL,2026-01-06 08:00:00,H1,2026-01-06 08:00:00,1.22235
1,FX23,BUY,BUY,BUY,105,,,0,BULL,BULL,BULL,2026-01-06 08:00:00,H1,2026-01-06 08:00:00,1.23235
1,FX24,BUY,BUY,BUY,105,,,0,BULL,BULL,BULL,2026-01-06 08:00:00,H1,2026-01-06 08:00:00,1.24235
1,FX25,BUY,BUY,BUY,105,,,0,BULL,BULL,BULL,2026-01-06 08:00:00,H1,2026-01-06 08:00:00,1.25235
1,FX26,BUY,BUY,BUY,105,,,0,BULL,BULL,BULL,2026-01-06 08:00:00,H1,2026-01-06 08:00:00,1.26235
1,FX27,BUY,BUY,BUY,105,,,0,BULL,BULL,BULL,2026-01-06 08:00:00,H1,2026-01-06 08:00:00,1.27235
1,FX28,BUY,BUY,BUY,105,,,0,BULL,BULL,BULL,2026-01-06 08:00:00,H1,2026-01-06 08:00:00,1.28235
1,FX29,BUY,BUY,BUY,105,,,0,BULL,BULL,BULL,2026-01-06 08:00:00,H1,2026-01-06 08:00:00,1.29235
1,FX00,BUY,BUY,BUY,106,,,0,BULL,BULL,BULL,2026-01-06 09:00:00,H1,2026-01-06 09:00:00,1.00235
1,FX01,BUY,BUY,BUY,106,,,0,BULL,BULL,BULL,2026-01-06 09:00:00,H1,2026-01-06 09:00:00,1.01235
1,FX02,BUY,BUY,BUY,106,,,0,BULL,BULL,BULL,2026-01-06 09:00:00,H1,2026-01-06 09:00:00,1.02235
1,FX03,BUY,BUY,BUY,106,,,0,BULL,BULL,BULL,2026-01-06 09:00:00,H1,2026-01-06 09:00:00,1.03235
1,FX04,BUY,BUY,BUY,106,,,0,BULL,BULL,BULL,2026-01-06 09:00:00,H1,2026-01-06 09:00:00,1.04235
1,FX05,BUY,BUY,BUY,106,,,0,BULL,BULL,BULL,2026-01-06 09:00:00,H1,2026-01-06 09:00:00,1.05235
1,FX06,BUY,BUY,BUY,106,,,0,BULL,BULL,BULL,2026-01-06 09:00:00,H1,2026-01-06 09:00:00,1.06235
1,FX07,BUY,BUY,BUY,106,,,0,BULL,BULL,BULL,2026-01-06 09:00:00,H1,2026-01-06 09:00:00,1.07235
1,FX08,BUY,BUY,BUY,106,,,0,BULL,BULL,BULL,2026-01-06 09:00:00,H1,2026-01-06 09:00:00,1.08235
1,FX09,BUY,BUY,BUY,106,,,0,BULL,BULL,BULL,2026-01-06 09:00:00,H1,2026-01-06 09:00:00,1.09235
1,FX10,BUY,BUY,BUY,106,,,0,BULL,BULL,BULL,2026-01-06 09:00:00,H1,2026-01-06 09:00:00,1.10235
1,FX11,BUY,BUY,BUY,106,,,0,BULL,BULL,BULL,2026-01-06 09:00:00,H1,2026-01-06 09:00:00,1.11235
1,FX12,BUY,BUY,BUY,106,,,0,BULL,BULL,BULL,2026-01-06 09:00:00,H1,2026-01-06 09:00:00,1.12235
1,FX13,BUY,BUY,BUY,106,,,0,BULL,BULL,BULL,2026-01-06 09:00:00,H1,2026-01-06 09:00:00,1.13235
1,FX14,BUY,BUY,BUY,106,,,0,BULL,BULL,BULL,2026-01-06 09:00:00,H1,2026-01-06 09:00:00,1.14235
1,FX15,BUY,BUY,BUY,106,,,0,BULL,BULL,BULL,2026-01-06 09:00:00,H1,2026-01-06 09:00:00,1.15235
1,FX16,BUY,BUY,BUY,106,,,0,BULL,BULL,BULL,2026-01-06 09:00:00,H1,2026-01-06 09:00:00,1.16235
1,FX17,BUY,BUY,BUY,106,,,0,BULL,BULL,BULL,2026-01-06 09:00:00,H1,2026-01-06 09:00:00,1.17235
1,FX18,BUY,BUY,BUY,106,,,0,BULL,BULL,BULL,2026-01-06 09:00:00,H1,2026-01-06 09:00:00,1.18235
1,FX19,BUY,BUY,BUY,106,,,0,BULL,BULL,BULL,2026-01-06 09:00:00,H1,2026-01-06 09:00:00,1.19235
1,FX20,BUY,BUY,BUY,106,,,0,BULL,BULL,BULL,2026-01-06 09:00:00,H1,2026-01-06 09:00:00,1.20235
1,FX21,BUY,BUY,BUY,106,,,0,BULL,BULL,BULL,2026-01-06 09:00:00,H1,2026-01-06 09:00:00,1.21235
1,FX22,BUY,BUY,BUY,106,,,0,BULL,BULL,BULL,2026-01-06 09:00:00,H1,2026-01-06 09:00:00,1.22235
1,FX23,BUY,BUY,BUY,106,,,0,BULL,BULL,BULL,2026-01-06 09:00:00,H1,2026-01-06 09:00:00,1.23235
1,FX24,BUY,BUY,BUY,106,,,0,BULL,BULL,BULL,2026-01-06 09:00:00,H1,2026-01-06 09:00:00,1.24235
1,FX25,BUY,BUY,BUY,106,,,0,BULL,BULL,BULL,2026-01-06 09:00:00,H1,2026-01-06 09:00:00,1.25235
1,FX26,BUY,BUY,BUY,106,,,0,BULL,BULL,BULL,2026-01-06 09:00:00,H1,2026-01-06 09:00:00,1.26235
1,FX27,BUY,BUY,BUY,106,,,0,BULL,BULL,BULL,2026-01-06 09:00:00,H1,2026-01-06 09:00:00,1.27235
1,FX28,BUY,BUY,BUY,106,,,0,BULL,BULL,BULL,2026-01-06 09:00:00,H1,2026-01-06 09:00:00,1.28235
1,FX29,BUY,BUY,BUY,106,,,0,BULL,BULL,BULL,2026-01-06 09:00:00,H1,2026-01-06 09:00:00,1.29235
1,FX00,BUY,BUY,BUY,107,,,0,BULL,BULL,BULL,2026-01-06 10:00:00,H1,2026-01-06 10:00:00,1.00235
1,FX01,BUY,BUY,BUY,107,,,0,BULL,BULL,BULL,2026-01-06 10:00:00,H1,2026-01-06 10:00:00,1.01235
1,FX02,BUY,BUY,BUY,107,,,0,BULL,BULL,BULL,2026-01-06 10:00:00,H1,2026-01-06 10:00:00,1.02235
1,FX03,BUY,BUY,BUY,107,,,0,BULL,BULL,BULL,2026-01-06 10:00:00,H1,2026-01-06 10:00:00,1.03235
1,FX04,BUY,BUY,BUY,107,,,0,BULL,BULL,BULL,2026-01-06 10:00:00,H1,2026-01-06 10:00:00,1.04235
1,FX05,BUY,BUY,BUY,107,,,0,BULL,BULL,BULL,2026-01-06 10:00:00,H1,2026-01-06 10:00:00,1.05235
1,FX06,BUY,BUY,BUY,107,,,0,BULL,BULL,BULL,2026-01-06 10:00:00,H1,2026-01-06 10:00:00,1.06235
1,FX07,BUY,BUY,BUY,107,,,0,BULL,BULL,BULL,2026-01-06 10:00:00,H1,2026-01-06 10:00:00,1.07235
1,FX08,BUY,BUY,BUY,107,,,0,BULL,BULL,BULL,2026-01-06 10:00:00,H1,2026-01-06 10:00:00,1.08235
1,FX09,BUY,BUY,BUY,107,,,0,BULL,BULL,BULL,2026-01-06 10:00:00,H1,2026-01-06 10:00:00,1.09235
1,FX10,BUY,BUY,BUY,107,,,0,BULL,BULL,BULL,2026-01-06 10:00:00,H1,2026-01-06 10:00:00,1.10235
1,FX11,BUY,BUY,BUY,107,,,0,BULL,BULL,BULL,2026-01-06 10:00:00,H1,2026-01-06 10:00:00,1.11235
1,FX12,BUY,BUY,BUY,107,,,0,BULL,BULL,BULL,2026-01-06 10:00:00,H1,2026-01-06 10:00:00,1.12235
1,FX13,BUY,BUY,BUY,107,,,0,BULL,BULL,BULL,2026-01-06 10:00:00,H1,2026-01-06 10:00:00,1.13235
1,FX14,BUY,BUY,BUY,107,,,0,BULL,BULL,BULL,2026-01-06 10:00:00,H1,2026-01-06 10:00:00,1.14235
1,FX15,BUY,BUY,BUY,107,,,0,BULL,BULL,BULL,2026-01-06 10:00:00,H1,2026-01-06 10:00:00,1.15235
1,FX16,BUY,BUY,BUY,107,,,0,BULL,BULL,BULL,2026-01-06 10:00:00,H1,2026-01-06 10:00:00,1.16235
1,FX17,BUY,BUY,BUY,107,,,0,BULL,BULL,BULL,2026-01-06 10:00:00,H1,2026-01-06 10:00:00,1.17235
1,FX18,BUY,BUY,BUY,107,,,0,BULL,BULL,BULL,2026-01-06 10:00:00,H1,2026-01-06 10:00:00,1.18235
1,FX19,BUY,BUY,BUY,107,,,0,BULL,BULL,BULL,2026-01-06 10:00:00,H1,2026-01-06 10:00:00,1.19235
1,FX20,BUY,BUY,BUY,107,,,0,BULL,BULL,BULL,2026-01-06 10:00:00,H1,2026-01-06 10:00:00,1.20235
1,FX21,BUY,BUY,BUY,107,,,0,BULL,BULL,BULL,2026-01-06 10:00:00,H1,2026-01-06 10:00:00,1.21235
1,FX22,BUY,BUY,BUY,107,,,0,BULL,BULL,BULL,2026-01-06 10:00:00,H1,2026-01-06 10:00:00,1.22235
1,FX23,BUY,BUY,BUY,107,,,0,BULL,BULL,BULL,2026-01-06 10:00:00,H1,2026-01-06 10:00:00,1.23235
1,FX24,BUY,BUY,BUY,107,,,0,BULL,BULL,BULL,2026-01-06 10:00:00,H1,2026-01-06 10:00:00,1.24235
1,FX25,BUY,BUY,BUY,107,,,0,BULL,BULL,BULL,2026-01-06 10:00:00,H1,2026-01-06 10:00:00,1.25235
1,FX26,BUY,BUY,BUY,107,,,0,BULL,BULL,BULL,2026-01-06 10:00:00,H1,2026-01-06 10:00:00,1.26235
1,FX27,BUY,BUY,BUY,107,,,0,BULL,BULL,BULL,2026-01-06 10:00:00,H1,2026-01-06 10:00:00,1.27235
1,FX28,BUY,BUY,BUY,107,,,0,BULL,BULL,BULL,2026-01-06 10:00:00,H1,2026-01-06 10:00:00,1.28235
1,FX29,BUY,BUY,BUY,107,,,0,BULL,BULL,BULL,2026-01-06 10:00:00,H1,2026-01-06 10:00:00,1.29235
1,FX00,BUY,BUY,BUY,108,,,0,BULL,BULL,BULL,2026-01-06 11:00:00,H1,2026-01-06 11:00:00,1.00235
1,FX01,BUY,BUY,BUY,108,,,0,BULL,BULL,BULL,2026-01-06 11:00:00,H1,2026-01-06 11:00:00,1.01235
1,FX02,BUY,BUY,BUY,108,,,0,BULL,BULL,BULL,2026-01-06 11:00:00,H1,2026-01-06 11:00:00,1.02235
1,FX03,BUY,BUY,BUY,108,,,0,BULL,BULL,BULL,2026-01-06 11:00:00,H1,2026-01-06 11:00:00,1.03235
1,FX04,BUY,BUY,BUY,108,,,0,BULL,BULL,BULL,2026-01-06 11:00:00,H1,2026-01-06 11:00:00,1.04235
1,FX05,BUY,BUY,BUY,108,,,0,BULL,BULL,BULL,2026-01-06 11:00:00,H1,2026-01-06 11:00:00,1.05235
1,FX06,BUY,BUY,BUY,108,,,0,BULL,BULL,BULL,2026-01-06 11:00:00,H1,2026-01-06 11:00:00,1.06235
1,FX07,BUY,BUY,BUY,108,,,0,BULL,BULL,BULL,2026-01-06 11:00:00,H1,2026-01-06 11:00:00,1.07235
1,FX08,BUY,BUY,BUY,108,,,0,BULL,BULL,BULL,2026-01-06 11:00:00,H1,2026-01-06 11:00:00,1.08235
1,FX09,BUY,BUY,BUY,108,,,0,BULL,BULL,BULL,2026-01-06 11:00:00,H1,2026-01-06 11:00:00,1.09235
1,FX10,BUY,BUY,BUY,108,,,0,BULL,BULL,BULL,2026-01-06 11:00:00,H1,2026-01-06 11:00:00,1.10235
1,FX11,BUY,BUY,BUY,108,,,0,BULL,BULL,BULL,2026-01-06 11:00:00,H1,2026-01-06 11:00:00,1.11235
1,FX12,BUY,BUY,BUY,108,,,0,BULL,BULL,BULL,2026-01-06 11:00:00,H1,2026-01-06 11:00:00,1.12235
1,FX13,BUY,BUY,BUY,108,,,0,BULL,BULL,BULL,2026-01-06 11:00:00,H1,2026-01-06 11:00:00,1.13235
1,FX14,BUY,BUY,BUY,108,,,0,BULL,BULL,BULL,2026-01-06 11:00:00,H1,2026-01-06 11:00:00,1.14235
1,FX15,BUY,BUY,BUY,108,,,0,BULL,BULL,BULL,2026-01-06 11:00:00,H1,2026-01-06 11:00:00,1.15235
1,FX16,BUY,BUY,BUY,108,,,0,BULL,BULL,BULL,2026-01-06 11:00:00,H1,2026-01-06 11:00:00,1.16235
1,FX17,BUY,BUY,BUY,108,,,0,BULL,BULL,BULL,2026-01-06 11:00:00,H1,2026-01-06 11:00:00,1.17235
1,FX18,BUY,BUY,BUY,108,,,0,BULL,BULL,BULL,2026-01-06 11:00:00,H1,2026-01-06 11:00:00,1.18235
1,FX19,BUY,BUY,BUY,108,,,0,BULL,BULL,BULL,2026-01-06 11:00:00,H1,2026-01-06 11:00:00,1.19235
1,FX20,BUY,BUY,BUY,108,,,0,BULL,BULL,BULL,2026-01-06 11:00:00,H1,2026-01-06 11:00:00,1.20235
1,FX21,BUY,BUY,BUY,108,,,0,BULL,BULL,BULL,2026-01-06 11:00:00,H1,2026-01-06 11:00:00,1.21235
1,FX22,BUY,BUY,BUY,108,,,0,BULL,BULL,BULL,2026-01-06 11:00:00,H1,2026-01-06 11:00:00,1.22235
1,FX23,BUY,BUY,BUY,108,,,0,BULL,BULL,BULL,2026-01-06 11:00:00,H1,2026-01-06 11:00:00,1.23235
1,FX24,BUY,BUY,BUY,108,,,0,BULL,BULL,BULL,2026-01-06 11:00:00,H1,2026-01-06 11:00:00,1.24235
1,FX25,BUY,BUY,BUY,108,,,0,BULL,BULL,BULL,2026-01-06 11:00:00,H1,2026-01-06 11:00:00,1.25235
1,FX26,BUY,BUY,BUY,108,,,0,BULL,BULL,BULL,2026-01-06 11:00:00,H1,2026-01-06 11:00:00,1.26235
1,FX27,BUY,BUY,BUY,108,,,0,BULL,BULL,BULL,2026-01-06 11:00:00,H1,2026-01-06 11:00:00,1.27235
1,FX28,BUY,BUY,BUY,108,,,0,BULL,BULL,BULL,2026-01-06 11:00:00,H1,2026-01-06 11:00:00,1.28235
1,FX29,BUY,BUY,BUY,108,,,0,BULL,BULL,BULL,2026-01-06 11:00:00,H1,2026-01-06 11:00:00,1.29235
1,FX00,BUY,BUY,BUY,109,,,0,BULL,BULL,BULL,2026-01-06 12:00:00,H1,2026-01-06 12:00:00,1.00235
1,FX01,BUY,BUY,BUY,109,,,0,BULL,BULL,BULL,2026-01-06 12:00:00,H1,2026-01-06 12:00:00,1.01235
1,FX02,BUY,BUY,BUY,109,,,0,BULL,BULL,BULL,2026-01-06 12:00:00,H1,2026-01-06 12:00:00,1.02235
1,FX03,BUY,BUY,BUY,109,,,0,BULL,BULL,BULL,2026-01-06 12:00:00,H1,2026-01-06 12:00:00,1.03235
1,FX04,BUY,BUY,BUY,109,,,0,BULL,BULL,BULL,2026-01-06 12:00:00,H1,2026-01-06 12:00:00,1.04235
1,FX05,BUY,BUY,BUY,109,,,0,BULL,BULL,BULL,2026-01-06 12:00:00,H1,2026-01-06 12:00:00,1.05235
1,FX06,BUY,BUY,BUY,109,,,0,BULL,BULL,BULL,2026-01-06 12:00:00,H1,2026-01-06 12:00:00,1.06235
1,FX07,BUY,BUY,BUY,109,,,0,BULL,BULL,BULL,2026-01-06 12:00:00,H1,2026-01-06 12:00:00,1.07235
1,FX08,BUY,BUY,BUY,109,,,0,BULL,BULL,BULL,2026-01-06 12:00:00,H1,2026-01-06 12:00:00,1.08235
1,FX09,BUY,BUY,BUY,109,,,0,BULL,BULL,BULL,2026-01-06 12:00:00,H1,2026-01-06 12:00:00,1.09235
1,FX10,BUY,BUY,BUY,109,,,0,BULL,BULL,BULL,2026-01-06 12:00:00,H1,2026-01-06 12:00:00,1.10235
1,FX11,BUY,BUY,BUY,109,,,0,BULL,BULL,BULL,2026-01-06 12:00:00,H1,2026-01-06 12:00:00,1.11235
1,FX12,BUY,BUY,BUY,109,,,0,BULL,BULL,BULL,2026-01-06 12:00:00,H1,2026-01-06 12:00:00,1.12235
1,FX13,BUY,BUY,BUY,109,,,0,BULL,BULL,BULL,2026-01-06 12:00:00,H1,2026-01-06 12:00:00,1.13235
1,FX14,BUY,BUY,BUY,109,,,0,BULL,BULL,BULL,2026-01-06 12:00:00,H1,2026-01-06 12:00:00,1.14235
1,FX15,BUY,BUY,BUY,109,,,0,BULL,BULL,BULL,2026-01-06 12:00:00,H1,2026-01-06 12:00:00,1.15235
1,FX16,BUY,BUY,BUY,109,,,0,BULL,BULL,BULL,2026-01-06 12:00:00,H1,2026-01-06 12:00:00,1.16235
1,FX17,BUY,BUY,BUY,109,,,0,BULL,BULL,BULL,2026-01-06 12:00:00,H1,2026-01-06 12:00:00,1.17235
1,FX18,BUY,BUY,BUY,109,,,0,BULL,BULL,BULL,2026-01-06 12:00:00,H1,2026-01-06 12:00:00,1.18235
1,FX19,BUY,BUY,BUY,109,,,0,BULL,BULL,BULL,2026-01-06 12:00:00,H1,2026-01-06 12:00:00,1.19235
1,FX20,BUY,BUY,BUY,109,,,0,BULL,BULL,BULL,2026-01-06 12:00:00,H1,2026-01-06 12:00:00,1.20235
1,FX21,BUY,BUY,BUY,109,,,0,BULL,BULL,BULL,2026-01-06 12:00:00,H1,2026-01-06 12:00:00,1.21235
1,FX22,BUY,BUY,BUY,109,,,0,BULL,BULL,BULL,2026-01-06 12:00:00,H1,2026-01-06 12:00:00,1.22235
1,FX23,BUY,BUY,BUY,109,,,0,BULL,BULL,BULL,2026-01-06 12:00:00,H1,2026-01-06 12:00:00,1.23235
1,FX24,BUY,BUY,BUY,109,,,0,BULL,BULL,BULL,2026-01-06 12:00:00,H1,2026-01-06 12:00:00,1.24235
1,FX25,BUY,BUY,BUY,109,,,0,BULL,BULL,BULL,2026-01-06 12:00:00,H1,2026-01-06 12:00:00,1.25235
1,FX26,BUY,BUY,BUY,109,,,0,BULL,BULL,BULL,2026-01-06 12:00:00,H1,2026-01-06 12:00:00,1.26235
1,FX27,BUY,BUY,BUY,109,,,0,BULL,BULL,BULL,2026-01-06 12:00:00,H1,2026-01-06 12:00:00,1.27235
1,FX28,BUY,BUY,BUY,109,,,0,BULL,BULL,BULL,2026-01-06 12:00:00,H1,2026-01-06 12:00:00,1.28235
1,FX29,BUY,BUY,BUY,109,,,0,BULL,BULL,BULL,2026-01-06 12:00:00,H1,2026-01-06 12:00:00,1.29235
1,FX00,BUY,BUY,BUY,110,,,0,BULL,BULL,BULL,2026-01-06 13:00:00,H1,2026-01-06 13:00:00,1.00235
1,FX01,BUY,BUY,BUY,110,,,0,BULL,BULL,BULL,2026-01-06 13:00:00,H1,2026-01-06 13:00:00,1.01235
1,FX02,BUY,BUY,BUY,110,,,0,BULL,BULL,BULL,2026-01-06 13:00:00,H1,2026-01-06 13:00:00,1.02235
1,FX03,BUY,BUY,BUY,110,,,0,BULL,BULL,BULL,2026-01-06 13:00:00,H1,2026-01-06 13:00:00,1.03235
1,FX04,BUY,BUY,BUY,110,,,0,BULL,BULL,BULL,2026-01-06 13:00:00,H1,2026-01-06 13:00:00,1.04235
1,FX05,BUY,BUY,BUY,110,,,0,BULL,BULL,BULL,2026-01-06 13:00:00,H1,2026-01-06 13:00:00,1.05235
1,FX06,BUY,BUY,BUY,110,,,0,BULL,BULL,BULL,2026-01-06 13:00:00,H1,2026-01-06 13:00:00,1.06235
1,FX07,BUY,BUY,BUY,110,,,0,BULL,BULL,BULL,2026-01-06 13:00:00,H1,2026-01-06 13:00:00,1.07235
1,FX08,BUY,BUY,BUY,110,,,0,BULL,BULL,BULL,2026-01-06 13:00:00,H1,2026-01-06 13:00:00,1.08235
1,FX09,BUY,BUY,BUY,110,,,0,BULL,BULL,BULL,2026-01-06 13:00:00,H1,2026-01-06 13:00:00,1.09235
1,FX10,BUY,BUY,BUY,110,,,0,BULL,BULL,BULL,2026-01-06 13:00:00,H1,2026-01-06 13:00:00,1.10235
1,FX11,BUY,BUY,BUY,110,,,0,BULL,BULL,BULL,2026-01-06 13:00:00,H1,2026-01-06 13:00:00,1.11235
1,FX12,BUY,BUY,BUY,110,,,0,BULL,BULL,BULL,2026-01-06 13:00:00,H1,2026-01-06 13:00:00,1.12235
1,FX13,BUY,BUY,BUY,110,,,0,BULL,BULL,BULL,2026-01-06 13:00:00,H1,2026-01-06 13:00:00,1.13235
1,FX14,BUY,BUY,BUY,110,,,0,BULL,BULL,BULL,2026-01-06 13:00:00,H1,2026-01-06 13:00:00,1.14235
1,FX15,BUY,BUY,BUY,110,,,0,BULL,BULL,BULL,2026-01-06 13:00:00,H1,2026-01-06 13:00:00,1.15235
1,FX16,BUY,BUY,BUY,110,,,0,BULL,BULL,BULL,2026-01-06 13:00:00,H1,2026-01-06 13:00:00,1.16235
1,FX17,BUY,BUY,BUY,110,,,0,BULL,BULL,BULL,2026-01-06 13:00:00,H1,2026-01-06 13:00:00,1.17235
1,FX18,BUY,BUY,BUY,110,,,0,BULL,BULL,BULL,2026-01-06 13:00:00,H1,2026-01-06 13:00:00,1.18235
1,FX19,BUY,BUY,BUY,110,,,0,BULL,BULL,BULL,2026-01-06 13:00:00,H1,2026-01-06 13:00:00,1.19235
1,FX20,BUY,BUY,BUY,110,,,0,BULL,BULL,BULL,2026-01-06 13:00:00,H1,2026-01-06 13:00:00,1.20235
1,FX21,BUY,BUY,BUY,110,,,0,BULL,BULL,BULL,2026-01-06 13:00:00,H1,2026-01-06 13:00:00,1.21235
1,FX22,BUY,BUY,BUY,110,,,0,BULL,BULL,BULL,2026-01-06 13:00:00,H1,2026-01-06 13:00:00,1.22235
1,FX23,BUY,BUY,BUY,110,,,0,BULL,BULL,BULL,2026-01-06 13:00:00,H1,2026-01-06 13:00:00,1.23235
1,FX24,BUY,BUY,BUY,110,,,0,BULL,BULL,BULL,2026-01-06 13:00:00,H1,2026-01-06 13:00:00,1.24235
1,FX25,BUY,BUY,BUY,110,,,0,BULL,BULL,BULL,2026-01-06 13:00:00,H1,2026-01-06 13:00:00,1.25235
1,FX26,BUY,BUY,BUY,110,,,0,BULL,BULL,BULL,2026-01-06 13:00:00,H1,2026-01-06 13:00:00,1.26235
1,FX27,BUY,BUY,BUY,110,,,0,BULL,BULL,BULL,2026-01-06 13:00:00,H1,2026-01-06 13:00:00,1.27235
1,FX28,BUY,BUY,BUY,110,,,0,BULL,BULL,BULL,2026-01-06 13:00:00,H1,2026-01-06 13:00:00,1.28235
1,FX29,BUY,BUY,BUY,110,,,0,BULL,BULL,BULL,2026-01-06 13:00:00,H1,2026-01-06 13:00:00,1.29235
1,FX00,BUY,BUY,BUY,111,,,0,BULL,BULL,BULL,2026-01-06 14:00:00,H1,2026-01-06 14:00:00,1.00235
1,FX01,BUY,BUY,BUY,111,,,0,BULL,BULL,BULL,2026-01-06 14:00:00,H1,2026-01-06 14:00:00,1.01235
1,FX02,BUY,BUY,BUY,111,,,0,BULL,BULL,BULL,2026-01-06 14:00:00,H1,2026-01-06 14:00:00,1.02235
1,FX03,BUY,BUY,BUY,111,,,0,BULL,BULL,BULL,2026-01-06 14:00:00,H1,2026-01-06 14:00:00,1.03235
1,FX04,BUY,BUY,BUY,111,,,0,BULL,BULL,BULL,2026-01-06 14:00:00,H1,2026-01-06 14:00:00,1.04235
1,FX05,BUY,BUY,BUY,111,,,0,BULL,BULL,BULL,2026-01-06 14:00:00,H1,2026-01-06 14:00:00,1.05235
1,FX06,BUY,BUY,BUY,111,,,0,BULL,BULL,BULL,2026-01-06 14:00:00,H1,2026-01-06 14:00:00,1.06235
1,FX07,BUY,BUY,BUY,111,,,0,BULL,BULL,BULL,2026-01-06 14:00:00,H1,2026-01-06 14:00:00,1.07235
1,FX08,BUY,BUY,BUY,111,,,0,BULL,BULL,BULL,2026-01-06 14:00:00,H1,2026-01-06 14:00:00,1.08235
1,FX09,BUY,BUY,BUY,111,,,0,BULL,BULL,BULL,2026-01-06 14:00:00,H1,2026-01-06 14:00:00,1.09235
1,FX10,BUY,BUY,BUY,111,,,0,BULL,BULL,BULL,2026-01-06 14:00:00,H1,2026-01-06 14:00:00,1.10235
1,FX11,BUY,BUY,BUY,111,,,0,BULL,BULL,BULL,2026-01-06 14:00:00,H1,2026-01-06 14:00:00,1.11235
1,FX12,BUY,BUY,BUY,111,,,0,BULL,BULL,BULL,2026-01-06 14:00:00,H1,2026-01-06 14:00:00,1.12235
1,FX13,BUY,BUY,BUY,111,,,0,BULL,BULL,BULL,2026-01-06 14:00:00,H1,2026-01-06 14:00:00,1.13235
1,FX14,BUY,BUY,BUY,111,,,0,BULL,BULL,BULL,2026-01-06 14:00:00,H1,2026-01-06 14:00:00,1.14235
1,FX15,BUY,BUY,BUY,111,,,0,BULL,BULL,BULL,2026-01-06 14:00:00,H1,2026-01-06 14:00:00,1.15235
1,FX16,BUY,BUY,BUY,111,,,0,BULL,BULL,BULL,2026-01-06 14:00:00,H1,2026-01-06 14:00:00,1.16235
1,FX17,BUY,BUY,BUY,111,,,0,BULL,BULL,BULL,2026-01-06 14:00:00,H1,2026-01-06 14:00:00,1.17235
1,FX18,BUY,BUY,BUY,111,,,0,BULL,BULL,BULL,2026-01-06 14:00:00,H1,2026-01-06 14:00:00,1.18235
1,FX19,BUY,BUY,BUY,111,,,0,BULL,BULL,BULL,2026-01-06 14:00:00,H1,2026-01-06 14:00:00,1.19235
1,FX20,BUY,BUY,BUY,111,,,0,BULL,BULL,BULL,2026-01-06 14:00:00,H1,2026-01-06 14:00:00,1.20235
1,FX21,BUY,BUY,BUY,111,,,0,BULL,BULL,BULL,2026-01-06 14:00:00,H1,2026-01-06 14:00:00,1.21235
1,FX22,BUY,BUY,BUY,111,,,0,BULL,BULL,BULL,2026-01-06 14:00:00,H1,2026-01-06 14:00:00,1.22235
1,FX23,BUY,BUY,BUY,111,,,0,BULL,BULL,BULL,2026-01-06 14:00:00,H1,2026-01-06 14:00:00,1.23235
1,FX24,BUY,BUY,BUY,111,,,0,BULL,BULL,BULL,2026-01-06 14:00:00,H1,2026-01-06 14:00:00,1.24235
1,FX25,BUY,BUY,BUY,111,,,0,BULL,BULL,BULL,2026-01-06 14:00:00,H1,2026-01-06 14:00:00,1.25235
1,FX26,BUY,BUY,BUY,111,,,0,BULL,BULL,BULL,2026-01-06 14:00:00,H1,2026-01-06 14:00:00,1.26235
1,FX27,BUY,BUY,BUY,111,,,0,BULL,BULL,BULL,2026-01-06 14:00:00,H1,2026-01-06 14:00:00,1.27235
1,FX28,BUY,BUY,BUY,111,,,0,BULL,BULL,BULL,2026-01-06 14:00:00,H1,2026-01-06 14:00:00,1.28235
1,FX29,BUY,BUY,BUY,111,,,0,BULL,BULL,BULL,2026-01-06 14:00:00,H1,2026-01-06 14:00:00,1.29235
1,FX00,BUY,BUY,BUY,112,,,0,BULL,BULL,BULL,2026-01-06 15:00:00,H1,2026-01-06 15:00:00,1.00235
1,FX01,BUY,BUY,BUY,112,,,0,BULL,BULL,BULL,2026-01-06 15:00:00,H1,2026-01-06 15:00:00,1.01235
1,FX02,BUY,BUY,BUY,112,,,0,BULL,BULL,BULL,2026-01-06 15:00:00,H1,2026-01-06 15:00:00,1.02235
1,FX03,BUY,BUY,BUY,112,,,0,BULL,BULL,BULL,2026-01-06 15:00:00,H1,2026-01-06 15:00:00,1.03235
1,FX04,BUY,BUY,BUY,112,,,0,BULL,BULL,BULL,2026-01-06 15:00:00,H1,2026-01-06 15:00:00,1.04235
1,FX05,BUY,BUY,BUY,112,,,0,BULL,BULL,BULL,2026-01-06 15:00:00,H1,2026-01-06 15:00:00,1.05235
1,FX06,BUY,BUY,BUY,112,,,0,BULL,BULL,BULL,2026-01-06 15:00:00,H1,2026-01-06 15:00:00,1.06235
1,FX07,BUY,BUY,BUY,112,,,0,BULL,BULL,BULL,2026-01-06 15:00:00,H1,2026-01-06 15:00:00,1.07235
1,FX08,BUY,BUY,BUY,112,,,0,BULL,BULL,BULL,2026-01-06 15:00:00,H1,2026-01-06 15:00:00,1.08235
1,FX09,BUY,BUY,BUY,112,,,0,BULL,BULL,BULL,2026-01-06 15:00:00,H1,2026-01-06 15:00:00,1.09235
1,FX10,BUY,BUY,BUY,112,,,0,BULL,BULL,BULL,2026-01-06 15:00:00,H1,2026-01-06 15:00:00,1.10235
1,FX11,BUY,BUY,BUY,112,,,0,BULL,BULL,BULL,2026-01-06 15:00:00,H1,2026-01-06 15:00:00,1.11235
1,FX12,BUY,BUY,BUY,112,,,0,BULL,BULL,BULL,2026-01-06 15:00:00,H1,2026-01-06 15:00:00,1.12235
1,FX13,BUY,BUY,BUY,112,,,0,BULL,BULL,BULL,2026-01-06 15:00:00,H1,2026-01-06 15:00:00,1.13235
1,FX14,BUY,BUY,BUY,112,,,0,BULL,BULL,BULL,2026-01-06 15:00:00,H1,2026-01-06 15:00:00,1.14235
1,FX15,BUY,BUY,BUY,112,,,0,BULL,BULL,BULL,2026-01-06 15:00:00,H1,2026-01-06 15:00:00,1.15235
1,FX16,BUY,BUY,BUY,112,,,0,BULL,BULL,BULL,2026-01-06 15:00:00,H1,2026-01-06 15:00:00,1.16235
1,FX17,BUY,BUY,BUY,112,,,0,BULL,BULL,BULL,2026-01-06 15:00:00,H1,2026-01-06 15:00:00,1.17235
1,FX18,BUY,BUY,BUY,112,,,0,BULL,BULL,BULL,2026-01-06 15:00:00,H1,2026-01-06 15:00:00,1.18235
1,FX19,BUY,BUY,BUY,112,,,0,BULL,BULL,BULL,2026-01-06 15:00:00,H1,2026-01-06 15:00:00,1.19235
1,FX20,BUY,BUY,BUY,112,,,0,BULL,BULL,BULL,2026-01-06 15:00:00,H1,2026-01-06 15:00:00,1.20235
1,FX21,BUY,BUY,BUY,112,,,0,BULL,BULL,BULL,2026-01-06 15:00:00,H1,2026-01-06 15:00:00,1.21235
1,FX22,BUY,BUY,BUY,112,,,0,BULL,BULL,BULL,2026-01-06 15:00:00,H1,2026-01-06 15:00:00,1.22235
1,FX23,BUY,BUY,BUY,112,,,0,BULL,BULL,BULL,2026-01-06 15:00:00,H1,2026-01-06 15:00:00,1.23235
1,FX24,BUY,BUY,BUY,112,,,0,BULL,BULL,BULL,2026-01-06 15:00:00,H1,2026-01-06 15:00:00,1.24235
1,FX25,BUY,BUY,BUY,112,,,0,BULL,BULL,BULL,2026-01-06 15:00:00,H1,2026-01-06 15:00:00,1.25235
1,FX26,BUY,BUY,BUY,112,,,0,BULL,BULL,BULL,2026-01-06 15:00:00,H1,2026-01-06 15:00:00,1.26235
1,FX27,BUY,BUY,BUY,112,,,0,BULL,BULL,BULL,2026-01-06 15:00:00,H1,2026-01-06 15:00:00,1.27235
1,FX28,BUY,BUY,BUY,112,,,0,BULL,BULL,BULL,2026-01-06 15:00:00,H1,2026-01-06 15:00:00,1.28235
1,FX29,BUY,BUY,BUY,112,,,0,BULL,BULL,BULL,2026-01-06 15:00:00,H1,2026-01-06 15:00:00,1.29235
1,FX00,BUY,BUY,BUY,113,,,0,BULL,BULL,BULL,2026-01-06 16:00:00,H1,2026-01-06 16:00:00,1.00235
1,FX01,BUY,BUY,BUY,113,,,0,BULL,BULL,BULL,2026-01-06 16:00:00,H1,2026-01-06 16:00:00,1.01235
1,FX02,BUY,BUY,BUY,113,,,0,BULL,BULL,BULL,2026-01-06 16:00:00,H1,2026-01-06 16:00:00,1.02235
1,FX03,BUY,BUY,BUY,113,,,0,BULL,BULL,BULL,2026-01-06 16:00:00,H1,2026-01-06 16:00:00,1.03235
1,FX04,BUY,BUY,BUY,113,,,0,BULL,BULL,BULL,2026-01-06 16:00:00,H1,2026-01-06 16:00:00,1.04235
1,FX05,BUY,BUY,BUY,113,,,0,BULL,BULL,BULL,2026-01-06 16:00:00,H1,2026-01-06 16:00:00,1.05235
1,FX06,BUY,BUY,BUY,113,,,0,BULL,BULL,BULL,2026-01-06 16:00:00,H1,2026-01-06 16:00:00,1.06235
1,FX07,BUY,BUY,BUY,113,,,0,BULL,BULL,BULL,2026-01-06 16:00:00,H1,2026-01-06 16:00:00,1.07235
1,FX08,BUY,BUY,BUY,113,,,0,BULL,BULL,BULL,2026-01-06 16:00:00,H1,2026-01-06 16:00:00,1.08235
1,FX09,BUY,BUY,BUY,113,,,0,BULL,BULL,BULL,2026-01-06 16:00:00,H1,2026-01-06 16:00:00,1.09235
1,FX10,BUY,BUY,BUY,113,,,0,BULL,BULL,BULL,2026-01-06 16:00:00,H1,2026-01-06 16:00:00,1.10235
1,FX11,BUY,BUY,BUY,113,,,0,BULL,BULL,BULL,2026-01-06 16:00:00,H1,2026-01-06 16:00:00,1.11235
1,FX12,BUY,BUY,BUY,113,,,0,BULL,BULL,BULL,2026-01-06 16:00:00,H1,2026-01-06 16:00:00,1.12235
1,FX13,BUY,BUY,BUY,113,,,0,BULL,BULL,BULL,2026-01-06 16:00:00,H1,2026-01-06 16:00:00,1.13235
1,FX14,BUY,BUY,BUY,113,,,0,BULL,BULL,BULL,2026-01-06 16:00:00,H1,2026-01-06 16:00:00,1.14235
1,FX15,BUY,BUY,BUY,113,,,0,BULL,BULL,BULL,2026-01-06 16:00:00,H1,2026-01-06 16:00:00,1.15235
1,FX16,BUY,BUY,BUY,113,,,0,BULL,BULL,BULL,2026-01-06 16:00:00,H1,2026-01-06 16:00:00,1.16235
1,FX17,BUY,BUY,BUY,113,,,0,BULL,BULL,BULL,2026-01-06 16:00:00,H1,2026-01-06 16:00:00,1.17235
1,FX18,BUY,BUY,BUY,113,,,0,BULL,BULL,BULL,2026-01-06 16:00:00,H1,2026-01-06 16:00:00,1.18235
1,FX19,BUY,BUY,BUY,113,,,0,BULL,BULL,BULL,2026-01-06 16:00:00,H1,2026-01-06 16:00:00,1.19235
1,FX20,BUY,BUY,BUY,113,,,0,BULL,BULL,BULL,2026-01-06 16:00:00,H1,2026-01-06 16:00:00,1.20235
1,FX21,BUY,BUY,BUY,113,,,0,BULL,BULL,BULL,2026-01-06 16:00:00,H1,2026-01-06 16:00:00,1.21235
1,FX22,BUY,BUY,BUY,113,,,0,BULL,BULL,BULL,2026-01-06 16:00:00,H1,2026-01-06 16:00:00,1.22235
1,FX23,BUY,BUY,BUY,113,,,0,BULL,BULL,BULL,2026-01-06 16:00:00,H1,2026-01-06 16:00:00,1.23235
1,FX24,BUY,BUY,BUY,113,,,0,BULL,BULL,BULL,2026-01-06 16:00:00,H1,2026-01-06 16:00:00,1.24235
1,FX25,BUY,BUY,BUY,113,,,0,BULL,BULL,BULL,2026-01-06 16:00:00,H1,2026-01-06 16:00:00,1.25235
1,FX26,BUY,BUY,BUY,113,,,0,BULL,BULL,BULL,2026-01-06 16:00:00,H1,2026-01-06 16:00:00,1.26235
1,FX27,BUY,BUY,BUY,113,,,0,BULL,BULL,BULL,2026-01-06 16:00:00,H1,2026-01-06 16:00:00,1.27235
1,FX28,BUY,BUY,BUY,113,,,0,BULL,BULL,BULL,2026-01-06 16:00:00,H1,2026-01-06 16:00:00,1.28235
1,FX29,BUY,BUY,BUY,113,,,0,BULL,BULL,BULL,2026-01-06 16:00:00,H1,2026-01-06 16:00:00,1.29235
1,FX00,BUY,BUY,BUY,114,,,0,BULL,BULL,BULL,2026-01-06 17:00:00,H1,2026-01-06 17:00:00,1.00235
1,FX01,BUY,BUY,BUY,114,,,0,BULL,BULL,BULL,2026-01-06 17:00:00,H1,2026-01-06 17:00:00,1.01235
1,FX02,BUY,BUY,BUY,114,,,0,BULL,BULL,BULL,2026-01-06 17:00:00,H1,2026-01-06 17:00:00,1.02235
1,FX03,BUY,BUY,BUY,114,,,0,BULL,BULL,BULL,2026-01-06 17:00:00,H1,2026-01-06 17:00:00,1.03235
1,FX04,BUY,BUY,BUY,114,,,0,BULL,BULL,BULL,2026-01-06 17:00:00,H1,2026-01-06 17:00:00,1.04235
1,FX05,BUY,BUY,BUY,114,,,0,BULL,BULL,BULL,2026-01-06 17:00:00,H1,2026-01-06 17:00:00,1.05235
1,FX06,BUY,BUY,BUY,114,,,0,BULL,BULL,BULL,2026-01-06 17:00:00,H1,2026-01-06 17:00:00,1.06235
1,FX07,BUY,BUY,BUY,114,,,0,BULL,BULL,BULL,2026-01-06 17:00:00,H1,2026-01-06 17:00:00,1.07235
1,FX08,BUY,BUY,BUY,114,,,0,BULL,BULL,BULL,2026-01-06 17:00:00,H1,2026-01-06 17:00:00,1.08235
1,FX09,BUY,BUY,BUY,114,,,0,BULL,BULL,BULL,2026-01-06 17:00:00,H1,2026-01-06 17:00:00,1.09235
1,FX10,BUY,BUY,BUY,114,,,0,BULL,BULL,BULL,2026-01-06 17:00:00,H1,2026-01-06 17:00:00,1.10235
1,FX11,BUY,BUY,BUY,114,,,0,BULL,BULL,BULL,2026-01-06 17:00:00,H1,2026-01-06 17:00:00,1.11235
1,FX12,BUY,BUY,BUY,114,,,0,BULL,BULL,BULL,2026-01-06 17:00:00,H1,2026-01-06 17:00:00,1.12235
1,FX13,BUY,BUY,BUY,114,,,0,BULL,BULL,BULL,2026-01-06 17:00:00,H1,2026-01-06 17:00:00,1.13235
1,FX14,BUY,BUY,BUY,114,,,0,BULL,BULL,BULL,2026-01-06 17:00:00,H1,2026-01-06 17:00:00,1.14235
1,FX15,BUY,BUY,BUY,114,,,0,BULL,BULL,BULL,2026-01-06 17:00:00,H1,2026-01-06 17:00:00,1.15235
1,FX16,BUY,BUY,BUY,114,,,0,BULL,BULL,BULL,2026-01-06 17:00:00,H1,2026-01-06 17:00:00,1.16235
1,FX17,BUY,BUY,BUY,114,,,0,BULL,BULL,BULL,2026-01-06 17:00:00,H1,2026-01-06 17:00:00,1.17235
1,FX18,BUY,BUY,BUY,114,,,0,BULL,BULL,BULL,2026-01-06 17:00:00,H1,2026-01-06 17:00:00,1.18235
1,FX19,BUY,BUY,BUY,114,,,0,BULL,BULL,BULL,2026-01-06 17:00:00,H1,2026-01-06 17:00:00,1.19235
1,FX20,BUY,BUY,BUY,114,,,0,BULL,BULL,BULL,2026-01-06 17:00:00,H1,2026-01-06 17:00:00,1.20235
1,FX21,BUY,BUY,BUY,114,,,0,BULL,BULL,BULL,2026-01-06 17:00:00,H1,2026-01-06 17:00:00,1.21235
1,FX22,BUY,BUY,BUY,114,,,0,BULL,BULL,BULL,2026-01-06 17:00:00,H1,2026-01-06 17:00:00,1.22235
1,FX23,BUY,BUY,BUY,114,,,0,BULL,BULL,BULL,2026-01-06 17:00:00,H1,2026-01-06 17:00:00,1.23235
1,FX24,BUY,BUY,BUY,114,,,0,BULL,BULL,BULL,2026-01-06 17:00:00,H1,2026-01-06 17:00:00,1.24235
1,FX25,BUY,BUY,BUY,114,,,0,BULL,BULL,BULL,2026-01-06 17:00:00,H1,2026-01-06 17:00:00,1.25235
1,FX26,BUY,BUY,BUY,114,,,0,BULL,BULL,BULL,2026-01-06 17:00:00,H1,2026-01-06 17:00:00,1.26235
1,FX27,BUY,BUY,BUY,114,,,0,BULL,BULL,BULL,2026-01-06 17:00:00,H1,2026-01-06 17:00:00,1.27235
1,FX28,BUY,BUY,BUY,114,,,0,BULL,BULL,BULL,2026-01-06 17:00:00,H1,2026-01-06 17:00:00,1.28235
1,FX29,BUY,BUY,BUY,114,,,0,BULL,BULL,BULL,2026-01-06 17:00:00,H1,2026-01-06 17:00:00,1.29235
1,FX00,BUY,BUY,BUY,115,,,0,BULL,BULL,BULL,2026-01-06 18:00:00,H1,2026-01-06 18:00:00,1.00235
1,FX01,BUY,BUY,BUY,115,,,0,BULL,BULL,BULL,2026-01-06 18:00:00,H1,2026-01-06 18:00:00,1.01235
1,FX02,BUY,BUY,BUY,115,,,0,BULL,BULL,BULL,2026-01-06 18:00:00,H1,2026-01-06 18:00:00,1.02235
1,FX03,BUY,BUY,BUY,115,,,0,BULL,BULL,BULL,2026-01-06 18:00:00,H1,2026-01-06 18:00:00,1.03235
1,FX04,BUY,BUY,BUY,115,,,0,BULL,BULL,BULL,2026-01-06 18:00:00,H1,2026-01-06 18:00:00,1.04235
1,FX05,BUY,BUY,BUY,115,,,0,BULL,BULL,BULL,2026-01-06 18:00:00,H1,2026-01-06 18:00:00,1.05235
1,FX06,BUY,BUY,BUY,115,,,0,BULL,BULL,BULL,2026-01-06 18:00:00,H1,2026-01-06 18:00:00,1.06235
1,FX07,BUY,BUY,BUY,115,,,0,BULL,BULL,BULL,2026-01-06 18:00:00,H1,2026-01-06 18:00:00,1.07235
1,FX08,BUY,BUY,BUY,115,,,0,BULL,BULL,BULL,2026-01-06 18:00:00,H1,2026-01-06 18:00:00,1.08235
1,FX09,BUY,BUY,BUY,115,,,0,BULL,BULL,BULL,2026-01-06 18:00:00,H1,2026-01-06 18:00:00,1.09235
1,FX10,BUY,BUY,BUY,115,,,0,BULL,BULL,BULL,2026-01-06 18:00:00,H1,2026-01-06 18:00:00,1.10235
1,FX11,BUY,BUY,BUY,115,,,0,BULL,BULL,BULL,2026-01-06 18:00:00,H1,2026-01-06 18:00:00,1.11235
1,FX12,BUY,BUY,BUY,115,,,0,BULL,BULL,BULL,2026-01-06 18:00:00,H1,2026-01-06 18:00:00,1.12235
1,FX13,BUY,BUY,BUY,115,,,0,BULL,BULL,BULL,2026-01-06 18:00:00,H1,2026-01-06 18:00:00,1.13235
1,FX14,BUY,BUY,BUY,115,,,0,BULL,BULL,BULL,2026-01-06 18:00:00,H1,2026-01-06 18:00:00,1.14235
1,FX15,BUY,BUY,BUY,115,,,0,BULL,BULL,BULL,2026-01-06 18:00:00,H1,2026-01-06 18:00:00,1.15235
1,FX16,BUY,BUY,BUY,115,,,0,BULL,BULL,BULL,2026-01-06 18:00:00,H1,2026-01-06 18:00:00,1.16235
1,FX17,BUY,BUY,BUY,115,,,0,BULL,BULL,BULL,2026-01-06 18:00:00,H1,2026-01-06 18:00:00,1.17235
1,FX18,BUY,BUY,BUY,115,,,0,BULL,BULL,BULL,2026-01-06 18:00:00,H1,2026-01-06 18:00:00,1.18235
1,FX19,BUY,BUY,BUY,115,,,0,BULL,BULL,BULL,2026-01-06 18:00:00,H1,2026-01-06 18:00:00,1.19235
1,FX20,BUY,BUY,BUY,115,,,0,BULL,BULL,BULL,2026-01-06 18:00:00,H1,2026-01-06 18:00:00,1.20235
1,FX21,BUY,BUY,BUY,115,,,0,BULL,BULL,BULL,2026-01-06 18:00:00,H1,2026-01-06 18:00:00,1.21235
1,FX22,BUY,BUY,BUY,115,,,0,BULL,BULL,BULL,2026-01-06 18:00:00,H1,2026-01-06 18:00:00,1.22235
1,FX23,BUY,BUY,BUY,115,,,0,BULL,BULL,BULL,2026-01-06 18:00:00,H1,2026-01-06 18:00:00,1.23235
1,FX24,BUY,BUY,BUY,115,,,0,BULL,BULL,BULL,2026-01-06 18:00:00,H1,2026-01-06 18:00:00,1.24235
1,FX25,BUY,BUY,BUY,115,,,0,BULL,BULL,BULL,2026-01-06 18:00:00,H1,2026-01-06 18:00:00,1.25235
1,FX26,BUY,BUY,BUY,115,,,0,BULL,BULL,BULL,2026-01-06 18:00:00,H1,2026-01-06 18:00:00,1.26235
1,FX27,BUY,BUY,BUY,115,,,0,BULL,BULL,BULL,2026-01-06 18:00:00,H1,2026-01-06 18:00:00,1.27235
1,FX28,BUY,BUY,BUY,115,,,0,BULL,BULL,BULL,2026-01-06 18:00:00,H1,2026-01-06 18:00:00,1.28235
1,FX29,BUY,BUY,BUY,115,,,0,BULL,BULL,BULL,2026-01-06 18:00:00,H1,2026-01-06 18:00:00,1.29235
1,FX00,BUY,BUY,BUY,116,,,0,BULL,BULL,BULL,2026-01-06 19:00:00,H1,2026-01-06 19:00:00,1.00235
1,FX01,BUY,BUY,BUY,116,,,0,BULL,BULL,BULL,2026-01-06 19:00:00,H1,2026-01-06 19:00:00,1.01235
1,FX02,BUY,BUY,BUY,116,,,0,BULL,BULL,BULL,2026-01-06 19:00:00,H1,2026-01-06 19:00:00,1.02235
1,FX03,BUY,BUY,BUY,116,,,0,BULL,BULL,BULL,2026-01-06 19:00:00,H1,2026-01-06 19:00:00,1.03235
1,FX04,BUY,BUY,BUY,116,,,0,BULL,BULL,BULL,2026-01-06 19:00:00,H1,2026-01-06 19:00:00,1.04235
1,FX05,BUY,BUY,BUY,116,,,0,BULL,BULL,BULL,2026-01-06 19:00:00,H1,2026-01-06 19:00:00,1.05235
1,FX06,BUY,BUY,BUY,116,,,0,BULL,BULL,BULL,2026-01-06 19:00:00,H1,2026-01-06 19:00:00,1.06235
1,FX07,BUY,BUY,BUY,116,,,0,BULL,BULL,BULL,2026-01-06 19:00:00,H1,2026-01-06 19:00:00,1.07235
1,FX08,BUY,BUY,BUY,116,,,0,BULL,BULL,BULL,2026-01-06 19:00:00,H1,2026-01-06 19:00:00,1.08235
1,FX09,BUY,BUY,BUY,116,,,0,BULL,BULL,BULL,2026-01-06 19:00:00,H1,2026-01-06 19:00:00,1.09235
1,FX10,BUY,BUY,BUY,116,,,0,BULL,BULL,BULL,2026-01-06 19:00:00,H1,2026-01-06 19:00:00,1.10235
1,FX11,BUY,BUY,BUY,116,,,0,BULL,BULL,BULL,2026-01-06 19:00:00,H1,2026-01-06 19:00:00,1.11235
1,FX12,BUY,BUY,BUY,116,,,0,BULL,BULL,BULL,2026-01-06 19:00:00,H1,2026-01-06 19:00:00,1.12235
1,FX13,BUY,BUY,BUY,116,,,0,BULL,BULL,BULL,2026-01-06 19:00:00,H1,2026-01-06 19:00:00,1.13235
1,FX14,BUY,BUY,BUY,116,,,0,BULL,BULL,BULL,2026-01-06 19:00:00,H1,2026-01-06 19:00:00,1.14235
1,FX15,BUY,BUY,BUY,116,,,0,BULL,BULL,BULL,2026-01-06 19:00:00,H1,2026-01-06 19:00:00,1.15235
1,FX16,BUY,BUY,BUY,116,,,0,BULL,BULL,BULL,2026-01-06 19:00:00,H1,2026-01-06 19:00:00,1.16235
1,FX17,BUY,BUY,BUY,116,,,0,BULL,BULL,BULL,2026-01-06 19:00:00,H1,2026-01-06 19:00:00,1.17235
1,FX18,BUY,BUY,BUY,116,,,0,BULL,BULL,BULL,2026-01-06 19:00:00,H1,2026-01-06 19:00:00,1.18235
1,FX19,BUY,BUY,BUY,116,,,0,BULL,BULL,BULL,2026-01-06 19:00:00,H1,2026-01-06 19:00:00,1.19235
1,FX20,BUY,BUY,BUY,116,,,0,BULL,BULL,BULL,2026-01-06 19:00:00,H1,2026-01-06 19:00:00,1.20235
1,FX21,BUY,BUY,BUY,116,,,0,BULL,BULL,BULL,2026-01-06 19:00:00,H1,2026-01-06 19:00:00,1.21235
1,FX22,BUY,BUY,BUY,116,,,0,BULL,BULL,BULL,2026-01-06 19:00:00,H1,2026-01-06 19:00:00,1.22235
1,FX23,BUY,BUY,BUY,116,,,0,BULL,BULL,BULL,2026-01-06 19:00:00,H1,2026-01-06 19:00:00,1.23235
1,FX24,BUY,BUY,BUY,116,,,0,BULL,BULL,BULL,2026-01-06 19:00:00,H1,2026-01-06 19:00:00,1.24235
1,FX25,BUY,BUY,BUY,116,,,0,BULL,BULL,BULL,2026-01-06 19:00:00,H1,2026-01-06 19:00:00,1.25235
1,FX26,BUY,BUY,BUY,116,,,0,BULL,BULL,BULL,2026-01-06 19:00:00,H1,2026-01-06 19:00:00,1.26235
1,FX27,BUY,BUY,BUY,116,,,0,BULL,BULL,BULL,2026-01-06 19:00:00,H1,2026-01-06 19:00:00,1.27235
1,FX28,BUY,BUY,BUY,116,,,0,BULL,BULL,BULL,2026-01-06 19:00:00,H1,2026-01-06 19:00:00,1.28235
1,FX29,BUY,BUY,BUY,116,,,0,BULL,BULL,BULL,2026-01-06 19:00:00,H1,2026-01-06 19:00:00,1.29235
1,FX00,BUY,BUY,BUY,117,,,0,BULL,BULL,BULL,2026-01-06 20:00:00,H1,2026-01-06 20:00:00,1.00235
1,FX01,BUY,BUY,BUY,117,,,0,BULL,BULL,BULL,2026-01-06 20:00:00,H1,2026-01-06 20:00:00,1.01235
1,FX02,BUY,BUY,BUY,117,,,0,BULL,BULL,BULL,2026-01-06 20:00:00,H1,2026-01-06 20:00:00,1.02235
1,FX03,BUY,BUY,BUY,117,,,0,BULL,BULL,BULL,2026-01-06 20:00:00,H1,2026-01-06 20:00:00,1.03235
1,FX04,BUY,BUY,BUY,117,,,0,BULL,BULL,BULL,2026-01-06 20:00:00,H1,2026-01-06 20:00:00,1.04235
1,FX05,BUY,BUY,BUY,117,,,0,BULL,BULL,BULL,2026-01-06 20:00:00,H1,2026-01-06 20:00:00,1.05235
1,FX06,BUY,BUY,BUY,117,,,0,BULL,BULL,BULL,2026-01-06 20:00:00,H1,2026-01-06 20:00:00,1.06235
1,FX07,BUY,BUY,BUY,117,,,0,BULL,BULL,BULL,2026-01-06 20:00:00,H1,2026-01-06 20:00:00,1.07235
1,FX08,BUY,BUY,BUY,117,,,0,BULL,BULL,BULL,2026-01-06 20:00:00,H1,2026-01-06 20:00:00,1.08235
1,FX09,BUY,BUY,BUY,117,,,0,BULL,BULL,BULL,2026-01-06 20:00:00,H1,2026-01-06 20:00:00,1.09235
1,FX10,BUY,BUY,BUY,117,,,0,BULL,BULL,BULL,2026-01-06 20:00:00,H1,2026-01-06 20:00:00,1.10235
1,FX11,BUY,BUY,BUY,117,,,0,BULL,BULL,BULL,2026-01-06 20:00:00,H1,2026-01-06 20:00:00,1.11235
1,FX12,BUY,BUY,BUY,117,,,0,BULL,BULL,BULL,2026-01-06 20:00:00,H1,2026-01-06 20:00:00,1.12235
1,FX13,BUY,BUY,BUY,117,,,0,BULL,BULL,BULL,2026-01-06 20:00:00,H1,2026-01-06 20:00:00,1.13235
1,FX14,BUY,BUY,BUY,117,,,0,BULL,BULL,BULL,2026-01-06 20:00:00,H1,2026-01-06 20:00:00,1.14235
1,FX15,BUY,BUY,BUY,117,,,0,BULL,BULL,BULL,2026-01-06 20:00:00,H1,2026-01-06 20:00:00,1.15235
1,FX16,BUY,BUY,BUY,117,,,0,BULL,BULL,BULL,2026-01-06 20:00:00,H1,2026-01-06 20:00:00,1.16235
1,FX17,BUY,BUY,BUY,117,,,0,BULL,BULL,BULL,2026-01-06 20:00:00,H1,2026-01-06 20:00:00,1.17235
1,FX18,BUY,BUY,BUY,117,,,0,BULL,BULL,BULL,2026-01-06 20:00:00,H1,2026-01-06 20:00:00,1.18235
1,FX19,BUY,BUY,BUY,117,,,0,BULL,BULL,BULL,2026-01-06 20:00:00,H1,2026-01-06 20:00:00,1.19235
1,FX20,BUY,BUY,BUY,117,,,0,BULL,BULL,BULL,2026-01-06 20:00:00,H1,2026-01-06 20:00:00,1.20235
1,FX21,BUY,BUY,BUY,117,,,0,BULL,BULL,BULL,2026-01-06 20:00:00,H1,2026-01-06 20:00:00,1.21235
1,FX22,BUY,BUY,BUY,117,,,0,BULL,BULL,BULL,2026-01-06 20:00:00,H1,2026-01-06 20:00:00,1.22235
1,FX23,BUY,BUY,BUY,117,,,0,BULL,BULL,BULL,2026-01-06 20:00:00,H1,2026-01-06 20:00:00,1.23235
1,FX24,BUY,BUY,BUY,117,,,0,BULL,BULL,BULL,2026-01-06 20:00:00,H1,2026-01-06 20:00:00,1.24235
1,FX25,BUY,BUY,BUY,117,,,0,BULL,BULL,BULL,2026-01-06 20:00:00,H1,2026-01-06 20:00:00,1.25235
1,FX26,BUY,BUY,BUY,117,,,0,BULL,BULL,BULL,2026-01-06 20:00:00,H1,2026-01-06 20:00:00,1.26235
1,FX27,BUY,BUY,BUY,117,,,0,BULL,BULL,BULL,2026-01-06 20:00:00,H1,2026-01-06 20:00:00,1.27235
1,FX28,BUY,BUY,BUY,117,,,0,BULL,BULL,BULL,2026-01-06 20:00:00,H1,2026-01-06 20:00:00,1.28235
1,FX29,BUY,BUY,BUY,117,,,0,BULL,BULL,BULL,2026-01-06 20:00:00,H1,2026-01-06 20:00:00,1.29235
1,FX00,BUY,BUY,BUY,118,,,0,BULL,BULL,BULL,2026-01-06 21:00:00,H1,2026-01-06 21:00:00,1.00235
1,FX01,BUY,BUY,BUY,118,,,0,BULL,BULL,BULL,2026-01-06 21:00:00,H1,2026-01-06 21:00:00,1.01235
1,FX02,BUY,BUY,BUY,118,,,0,BULL,BULL,BULL,2026-01-06 21:00:00,H1,2026-01-06 21:00:00,1.02235
1,FX03,BUY,BUY,BUY,118,,,0,BULL,BULL,BULL,2026-01-06 21:00:00,H1,2026-01-06 21:00:00,1.03235
1,FX04,BUY,BUY,BUY,118,,,0,BULL,BULL,BULL,2026-01-06 21:00:00,H1,2026-01-06 21:00:00,1.04235
1,FX05,BUY,BUY,BUY,118,,,0,BULL,BULL,BULL,2026-01-06 21:00:00,H1,2026-01-06 21:00:00,1.05235
1,FX06,BUY,BUY,BUY,118,,,0,BULL,BULL,BULL,2026-01-06 21:00:00,H1,2026-01-06 21:00:00,1.06235
1,FX07,BUY,BUY,BUY,118,,,0,BULL,BULL,BULL,2026-01-06 21:00:00,H1,2026-01-06 21:00:00,1.07235
1,FX08,BUY,BUY,BUY,118,,,0,BULL,BULL,BULL,2026-01-06 21:00:00,H1,2026-01-06 21:00:00,1.08235
1,FX09,BUY,BUY,BUY,118,,,0,BULL,BULL,BULL,2026-01-06 21:00:00,H1,2026-01-06 21:00:00,1.09235
1,FX10,BUY,BUY,BUY,118,,,0,BULL,BULL,BULL,2026-01-06 21:00:00,H1,2026-01-06 21:00:00,1.10235
1,FX11,BUY,BUY,BUY,118,,,0,BULL,BULL,BULL,2026-01-06 21:00:00,H1,2026-01-06 21:00:00,1.11235
1,FX12,BUY,BUY,BUY,118,,,0,BULL,BULL,BULL,2026-01-06 21:00:00,H1,2026-01-06 21:00:00,1.12235
1,FX13,BUY,BUY,BUY,118,,,0,BULL,BULL,BULL,2026-01-06 21:00:00,H1,2026-01-06 21:00:00,1.13235
1,FX14,BUY,BUY,BUY,118,,,0,BULL,BULL,BULL,2026-01-06 21:00:00,H1,2026-01-06 21:00:00,1.14235
1,FX15,BUY,BUY,BUY,118,,,0,BULL,BULL,BULL,2026-01-06 21:00:00,H1,2026-01-06 21:00:00,1.15235
1,FX16,BUY,BUY,BUY,118,,,0,BULL,BULL,BULL,2026-01-06 21:00:00,H1,2026-01-06 21:00:00,1.16235
1,FX17,BUY,BUY,BUY,118,,,0,BULL,BULL,BULL,2026-01-06 21:00:00,H1,2026-01-06 21:00:00,1.17235
1,FX18,BUY,BUY,BUY,118,,,0,BULL,BULL,BULL,2026-01-06 21:00:00,H1,2026-01-06 21:00:00,1.18235
1,FX19,BUY,BUY,BUY,118,,,0,BULL,BULL,BULL,2026-01-06 21:00:00,H1,2026-01-06 21:00:00,1.19235
1,FX20,BUY,BUY,BUY,118,,,0,BULL,BULL,BULL,2026-01-06 21:00:00,H1,2026-01-06 21:00:00,1.20235
1,FX21,BUY,BUY,BUY,118,,,0,BULL,BULL,BULL,2026-01-06 21:00:00,H1,2026-01-06 21:00:00,1.21235
1,FX22,BUY,BUY,BUY,118,,,0,BULL,BULL,BULL,2026-01-06 21:00:00,H1,2026-01-06 21:00:00,1.22235
1,FX23,BUY,BUY,BUY,118,,,0,BULL,BULL,BULL,2026-01-06 21:00:00,H1,2026-01-06 21:00:00,1.23235
1,FX24,BUY,BUY,BUY,118,,,0,BULL,BULL,BULL,2026-01-06 21:00:00,H1,2026-01-06 21:00:00,1.24235
1,FX25,BUY,BUY,BUY,118,,,0,BULL,BULL,BULL,2026-01-06 21:00:00,H1,2026-01-06 21:00:00,1.25235
1,FX26,BUY,BUY,BUY,118,,,0,BULL,BULL,BULL,2026-01-06 21:00:00,H1,2026-01-06 21:00:00,1.26235
1,FX27,BUY,BUY,BUY,118,,,0,BULL,BULL,BULL,2026-01-06 21:00:00,H1,2026-01-06 21:00:00,1.27235
1,FX28,BUY,BUY,BUY,118,,,0,BULL,BULL,BULL,2026-01-06 21:00:00,H1,2026-01-06 21:00:00,1.28235
1,FX29,BUY,BUY,BUY,118,,,0,BULL,BULL,BULL,2026-01-06 21:00:00,H1,2026-01-06 21:00:00,1.29235
1,FX00,BUY,BUY,BUY,119,,,0,BULL,BULL,BULL,2026-01-06 22:00:00,H1,2026-01-06 22:00:00,1.00235
1,FX01,BUY,BUY,BUY,119,,,0,BULL,BULL,BULL,2026-01-06 22:00:00,H1,2026-01-06 22:00:00,1.01235
1,FX02,BUY,BUY,BUY,119,,,0,BULL,BULL,BULL,2026-01-06 22:00:00,H1,2026-01-06 22:00:00,1.02235
1,FX03,BUY,BUY,BUY,119,,,0,BULL,BULL,BULL,2026-01-06 22:00:00,H1,2026-01-06 22:00:00,1.03235
1,FX04,BUY,BUY,BUY,119,,,0,BULL,BULL,BULL,2026-01-06 22:00:00,H1,2026-01-06 22:00:00,1.04235
1,FX05,BUY,BUY,BUY,119,,,0,BULL,BULL,BULL,2026-01-06 22:00:00,H1,2026-01-06 22:00:00,1.05235
1,FX06,BUY,BUY,BUY,119,,,0,BULL,BULL,BULL,2026-01-06 22:00:00,H1,2026-01-06 22:00:00,1.06235
1,FX07,BUY,BUY,BUY,119,,,0,BULL,BULL,BULL,2026-01-06 22:00:00,H1,2026-01-06 22:00:00,1.07235
1,FX08,BUY,BUY,BUY,119,,,0,BULL,BULL,BULL,2026-01-06 22:00:00,H1,2026-01-06 22:00:00,1.08235
1,FX09,BUY,BUY,BUY,119,,,0,BULL,BULL,BULL,2026-01-06 22:00:00,H1,2026-01-06 22:00:00,1.09235
1,FX10,BUY,BUY,BUY,119,,,0,BULL,BULL,BULL,2026-01-06 22:00:00,H1,2026-01-06 22:00:00,1.10235
1,FX11,BUY,BUY,BUY,119,,,0,BULL,BULL,BULL,2026-01-06 22:00:00,H1,2026-01-06 22:00:00,1.11235
1,FX12,BUY,BUY,BUY,119,,,0,BULL,BULL,BULL,2026-01-06 22:00:00,H1,2026-01-06 22:00:00,1.12235
1,FX13,BUY,BUY,BUY,119,,,0,BULL,BULL,BULL,2026-01-06 22:00:00,H1,2026-01-06 22:00:00,1.13235
1,FX14,BUY,BUY,BUY,119,,,0,BULL,BULL,BULL,2026-01-06 22:00:00,H1,2026-01-06 22:00:00,1.14235
1,FX15,BUY,BUY,BUY,119,,,0,BULL,BULL,BULL,2026-01-06 22:00:00,H1,2026-01-06 22:00:00,1.15235
1,FX16,BUY,BUY,BUY,119,,,0,BULL,BULL,BULL,2026-01-06 22:00:00,H1,2026-01-06 22:00:00,1.16235
1,FX17,BUY,BUY,BUY,119,,,0,BULL,BULL,BULL,2026-01-06 22:00:00,H1,2026-01-06 22:00:00,1.17235
1,FX18,BUY,BUY,BUY,119,,,0,BULL,BULL,BULL,2026-01-06 22:00:00,H1,2026-01-06 22:00:00,1.18235
1,FX19,BUY,BUY,BUY,119,,,0,BULL,BULL,BULL,2026-01-06 22:00:00,H1,2026-01-06 22:00:00,1.19235
1,FX20,BUY,BUY,BUY,119,,,0,BULL,BULL,BULL,2026-01-06 22:00:00,H1,2026-01-06 22:00:00,1.20235
1,FX21,BUY,BUY,BUY,119,,,0,BULL,BULL,BULL,2026-01-06 22:00:00,H1,2026-01-06 22:00:00,1.21235
1,FX22,BUY,BUY,BUY,119,,,0,BULL,BULL,BULL,2026-01-06 22:00:00,H1,2026-01-06 22:00:00,1.22235
1,FX23,BUY,BUY,BUY,119,,,0,BULL,BULL,BULL,2026-01-06 22:00:00,H1,2026-01-06 22:00:00,1.23235
1,FX24,BUY,BUY,BUY,119,,,0,BULL,BULL,BULL,2026-01-06 22:00:00,H1,2026-01-06 22:00:00,1.24235
1,FX25,BUY,BUY,BUY,119,,,0,BULL,BULL,BULL,2026-01-06 22:00:00,H1,2026-01-06 22:00:00,1.25235
1,FX26,BUY,BUY,BUY,119,,,0,BULL,BULL,BULL,2026-01-06 22:00:00,H1,2026-01-06 22:00:00,1.26235
1,FX27,BUY,BUY,BUY,119,,,0,BULL,BULL,BULL,2026-01-06 22:00:00,H1,2026-01-06 22:00:00,1.27235
1,FX28,BUY,BUY,BUY,119,,,0,BULL,BULL,BULL,2026-01-06 22:00:00,H1,2026-01-06 22:00:00,1.28235
1,FX29,BUY,BUY,BUY,119,,,0,BULL,BULL,BULL,2026-01-06 22:00:00,H1,2026-01-06 22:00:00,1.29235
1,FX00,BUY,BUY,BUY,120,,,0,BULL,BULL,BULL,2026-01-06 23:00:00,H1,2026-01-06 23:00:00,1.00235
1,FX01,BUY,BUY,BUY,120,,,0,BULL,BULL,BULL,2026-01-06 23:00:00,H1,2026-01-06 23:00:00,1.01235
1,FX02,BUY,BUY,BUY,120,,,0,BULL,BULL,BULL,2026-01-06 23:00:00,H1,2026-01-06 23:00:00,1.02235
1,FX03,BUY,BUY,BUY,120,,,0,BULL,BULL,BULL,2026-01-06 23:00:00,H1,2026-01-06 23:00:00,1.03235
1,FX04,BUY,BUY,BUY,120,,,0,BULL,BULL,BULL,2026-01-06 23:00:00,H1,2026-01-06 23:00:00,1.04235
1,FX05,BUY,BUY,BUY,120,,,0,BULL,BULL,BULL,2026-01-06 23:00:00,H1,2026-01-06 23:00:00,1.05235
1,FX06,BUY,BUY,BUY,120,,,0,BULL,BULL,BULL,2026-01-06 23:00:00,H1,2026-01-06 23:00:00,1.06235
1,FX07,BUY,BUY,BUY,120,,,0,BULL,BULL,BULL,2026-01-06 23:00:00,H1,2026-01-06 23:00:00,1.07235
1,FX08,BUY,BUY,BUY,120,,,0,BULL,BULL,BULL,2026-01-06 23:00:00,H1,2026-01-06 23:00:00,1.08235
1,FX09,BUY,BUY,BUY,120,,,0,BULL,BULL,BULL,2026-01-06 23:00:00,H1,2026-01-06 23:00:00,1.09235
1,FX10,BUY,BUY,BUY,120,,,0,BULL,BULL,BULL,2026-01-06 23:00:00,H1,2026-01-06 23:00:00,1.10235
1,FX11,BUY,BUY,BUY,120,,,0,BULL,BULL,BULL,2026-01-06 23:00:00,H1,2026-01-06 23:00:00,1.11235
1,FX12,BUY,BUY,BUY,120,,,0,BULL,BULL,BULL,2026-01-06 23:00:00,H1,2026-01-06 23:00:00,1.12235
1,FX13,BUY,BUY,BUY,120,,,0,BULL,BULL,BULL,2026-01-06 23:00:00,H1,2026-01-06 23:00:00,1.13235
1,FX14,BUY,BUY,BUY,120,,,0,BULL,BULL,BULL,2026-01-06 23:00:00,H1,2026-01-06 23:00:00,1.14235
1,FX15,BUY,BUY,BUY,120,,,0,BULL,BULL,BULL,2026-01-06 23:00:00,H1,2026-01-06 23:00:00,1.15235
1,FX16,BUY,BUY,BUY,120,,,0,BULL,BULL,BULL,2026-01-06 23:00:00,H1,2026-01-06 23:00:00,1.16235
1,FX17,BUY,BUY,BUY,120,,,0,BULL,BULL,BULL,2026-01-06 23:00:00,H1,2026-01-06 23:00:00,1.17235
1,FX18,BUY,BUY,BUY,120,,,0,BULL,BULL,BULL,2026-01-06 23:00:00,H1,2026-01-06 23:00:00,1.18235
1,FX19,BUY,BUY,BUY,120,,,0,BULL,BULL,BULL,2026-01-06 23:00:00,H1,2026-01-06 23:00:00,1.19235
1,FX20,BUY,BUY,BUY,120,,,0,BULL,BULL,BULL,2026-01-06 23:00:00,H1,2026-01-06 23:00:00,1.20235
1,FX21,BUY,BUY,BUY,120,,,0,BULL,BULL,BULL,2026-01-06 23:00:00,H1,2026-01-06 23:00:00,1.21235
1,FX22,BUY,BUY,BUY,120,,,0,BULL,BULL,BULL,2026-01-06 23:00:00,H1,2026-01-06 23:00:00,1.22235
1,FX23,BUY,BUY,BUY,120,,,0,BULL,BULL,BULL,2026-01-06 23:00:00,H1,2026-01-06 23:00:00,1.23235
1,FX24,BUY,BUY,BUY,120,,,0,BULL,BULL,BULL,2026-01-06 23:00:00,H1,2026-01-06 23:00:00,1.24235
1,FX25,BUY,BUY,BUY,120,,,0,BULL,BULL,BULL,2026-01-06 23:00:00,H1,2026-01-06 23:00:00,1.25235
1,FX26,BUY,BUY,BUY,120,,,0,BULL,BULL,BULL,2026-01-06 23:00:00,H1,2026-01-06 23:00:00,1.26235
1,FX27,BUY,BUY,BUY,120,,,0,BULL,BULL,BULL,2026-01-06 23:00:00,H1,2026-01-06 23:00:00,1.27235
1,FX28,BUY,BUY,BUY,120,,,0,BULL,BULL,BULL,2026-01-06 23:00:00,H1,2026-01-06 23:00:00,1.28235
1,FX29,BUY,BUY,BUY,120,,,0,BULL,BULL,BULL,2026-01-06 23:00:00,H1,2026-01-06 23:00:00,1.29235
1,FX00,BUY,BUY,BUY,121,,,0,BULL,BULL,BULL,2026-01-07 00:00:00,H1,2026-01-07 00:00:00,1.00235
1,FX01,BUY,BUY,BUY,121,,,0,BULL,BULL,BULL,2026-01-07 00:00:00,H1,2026-01-07 00:00:00,1.01235
1,FX02,BUY,BUY,BUY,121,,,0,BULL,BULL,BULL,2026-01-07 00:00:00,H1,2026-01-07 00:00:00,1.02235
1,FX03,BUY,BUY,BUY,121,,,0,BULL,BULL,BULL,2026-01-07 00:00:00,H1,2026-01-07 00:00:00,1.03235
1,FX04,BUY,BUY,BUY,121,,,0,BULL,BULL,BULL,2026-01-07 00:00:00,H1,2026-01-07 00:00:00,1.04235
1,FX05,BUY,BUY,BUY,121,,,0,BULL,BULL,BULL,2026-01-07 00:00:00,H1,2026-01-07 00:00:00,1.05235
1,FX06,BUY,BUY,BUY,121,,,0,BULL,BULL,BULL,2026-01-07 00:00:00,H1,2026-01-07 00:00:00,1.06235
1,FX07,BUY,BUY,BUY,121,,,0,BULL,BULL,BULL,2026-01-07 00:00:00,H1,2026-01-07 00:00:00,1.07235
1,FX08,BUY,BUY,BUY,121,,,0,BULL,BULL,BULL,2026-01-07 00:00:00,H1,2026-01-07 00:00:00,1.08235
1,FX09,BUY,BUY,BUY,121,,,0,BULL,BULL,BULL,2026-01-07 00:00:00,H1,2026-01-07 00:00:00,1.09235
1,FX10,BUY,BUY,BUY,121,,,0,BULL,BULL,BULL,2026-01-07 00:00:00,H1,2026-01-07 00:00:00,1.10235
1,FX11,BUY,BUY,BUY,121,,,0,BULL,BULL,BULL,2026-01-07 00:00:00,H1,2026-01-07 00:00:00,1.11235
1,FX12,BUY,BUY,BUY,121,,,0,BULL,BULL,BULL,2026-01-07 00:00:00,H1,2026-01-07 00:00:00,1.12235
1,FX13,BUY,BUY,BUY,121,,,0,BULL,BULL,BULL,2026-01-07 00:00:00,H1,2026-01-07 00:00:00,1.13235
1,FX14,BUY,BUY,BUY,121,,,0,BULL,BULL,BULL,2026-01-07 00:00:00,H1,2026-01-07 00:00:00,1.14235
1,FX15,BUY,BUY,BUY,121,,,0,BULL,BULL,BULL,2026-01-07 00:00:00,H1,2026-01-07 00:00:00,1.15235
1,FX16,BUY,BUY,BUY,121,,,0,BULL,BULL,BULL,2026-01-07 00:00:00,H1,2026-01-07 00:00:00,1.16235
1,FX17,BUY,BUY,BUY,121,,,0,BULL,BULL,BULL,2026-01-07 00:00:00,H1,2026-01-07 00:00:00,1.17235
1,FX18,BUY,BUY,BUY,121,,,0,BULL,BULL,BULL,2026-01-07 00:00:00,H1,2026-01-07 00:00:00,1.18235
1,FX19,BUY,BUY,BUY,121,,,0,BULL,BULL,BULL,2026-01-07 00:00:00,H1,2026-01-07 00:00:00,1.19235
1,FX20,BUY,BUY,BUY,121,,,0,BULL,BULL,BULL,2026-01-07 00:00:00,H1,2026-01-07 00:00:00,1.20235
1,FX21,BUY,BUY,BUY,121,,,0,BULL,BULL,BULL,2026-01-07 00:00:00,H1,2026-01-07 00:00:00,1.21235
1,FX22,BUY,BUY,BUY,121,,,0,BULL,BULL,BULL,2026-01-07 00:00:00,H1,2026-01-07 00:00:00,1.22235
1,FX23,BUY,BUY,BUY,121,,,0,BULL,BULL,BULL,2026-01-07 00:00:00,H1,2026-01-07 00:00:00,1.23235
1,FX24,BUY,BUY,BUY,121,,,0,BULL,BULL,BULL,2026-01-07 00:00:00,H1,2026-01-07 00:00:00,1.24235
1,FX25,BUY,BUY,BUY,121,,,0,BULL,BULL,BULL,2026-01-07 00:00:00,H1,2026-01-07 00:00:00,1.25235
1,FX26,BUY,BUY,BUY,121,,,0,BULL,BULL,BULL,2026-01-07 00:00:00,H1,2026-01-07 00:00:00,1.26235
1,FX27,BUY,BUY,BUY,121,,,0,BULL,BULL,BULL,2026-01-07 00:00:00,H1,2026-01-07 00:00:00,1.27235
1,FX28,BUY,BUY,BUY,121,,,0,BULL,BULL,BULL,2026-01-07 00:00:00,H1,2026-01-07 00:00:00,1.28235
1,FX29,BUY,BUY,BUY,121,,,0,BULL,BULL,BULL,2026-01-07 00:00:00,H1,2026-01-07 00:00:00,1.29235
1,FX00,BUY,BUY,BUY,122,,,0,BULL,BULL,BULL,2026-01-07 01:00:00,H1,2026-01-07 01:00:00,1.00235
1,FX01,BUY,BUY,BUY,122,,,0,BULL,BULL,BULL,2026-01-07 01:00:00,H1,2026-01-07 01:00:00,1.01235
1,FX02,BUY,BUY,BUY,122,,,0,BULL,BULL,BULL,2026-01-07 01:00:00,H1,2026-01-07 01:00:00,1.02235
1,FX03,BUY,BUY,BUY,122,,,0,BULL,BULL,BULL,2026-01-07 01:00:00,H1,2026-01-07 01:00:00,1.03235
1,FX04,BUY,BUY,BUY,122,,,0,BULL,BULL,BULL,2026-01-07 01:00:00,H1,2026-01-07 01:00:00,1.04235
1,FX05,BUY,BUY,BUY,122,,,0,BULL,BULL,BULL,2026-01-07 01:00:00,H1,2026-01-07 01:00:00,1.05235
1,FX06,BUY,BUY,BUY,122,,,0,BULL,BULL,BULL,2026-01-07 01:00:00,H1,2026-01-07 01:00:00,1.06235
1,FX07,BUY,BUY,BUY,122,,,0,BULL,BULL,BULL,2026-01-07 01:00:00,H1,2026-01-07 01:00:00,1.07235
1,FX08,BUY,BUY,BUY,122,,,0,BULL,BULL,BULL,2026-01-07 01:00:00,H1,2026-01-07 01:00:00,1.08235
1,FX09,BUY,BUY,BUY,122,,,0,BULL,BULL,BULL,2026-01-07 01:00:00,H1,2026-01-07 01:00:00,1.09235
1,FX10,BUY,BUY,BUY,122,,,0,BULL,BULL,BULL,2026-01-07 01:00:00,H1,2026-01-07 01:00:00,1.10235
1,FX11,BUY,BUY,BUY,122,,,0,BULL,BULL,BULL,2026-01-07 01:00:00,H1,2026-01-07 01:00:00,1.11235
1,FX12,BUY,BUY,BUY,122,,,0,BULL,BULL,BULL,2026-01-07 01:00:00,H1,2026-01-07 01:00:00,1.12235
1,FX13,BUY,BUY,BUY,122,,,0,BULL,BULL,BULL,2026-01-07 01:00:00,H1,2026-01-07 01:00:00,1.13235
1,FX14,BUY,BUY,BUY,122,,,0,BULL,BULL,BULL,2026-01-07 01:00:00,H1,2026-01-07 01:00:00,1.14235
1,FX15,BUY,BUY,BUY,122,,,0,BULL,BULL,BULL,2026-01-07 01:00:00,H1,2026-01-07 01:00:00,1.15235
1,FX16,BUY,BUY,BUY,122,,,0,BULL,BULL,BULL,2026-01-07 01:00:00,H1,2026-01-07 01:00:00,1.16235
1,FX17,BUY,BUY,BUY,122,,,0,BULL,BULL,BULL,2026-01-07 01:00:00,H1,2026-01-07 01:00:00,1.17235
1,FX18,BUY,BUY,BUY,122,,,0,BULL,BULL,BULL,2026-01-07 01:00:00,H1,2026-01-07 01:00:00,1.18235
1,FX19,BUY,BUY,BUY,122,,,0,BULL,BULL,BULL,2026-01-07 01:00:00,H1,2026-01-07 01:00:00,1.19235
1,FX20,BUY,BUY,BUY,122,,,0,BULL,BULL,BULL,2026-01-07 01:00:00,H1,2026-01-07 01:00:00,1.20235
1,FX21,BUY,BUY,BUY,122,,,0,BULL,BULL,BULL,2026-01-07 01:00:00,H1,2026-01-07 01:00:00,1.21235
1,FX22,BUY,BUY,BUY,122,,,0,BULL,BULL,BULL,2026-01-07 01:00:00,H1,2026-01-07 01:00:00,1.22235
1,FX23,BUY,BUY,BUY,122,,,0,BULL,BULL,BULL,2026-01-07 01:00:00,H1,2026-01-07 01:00:00,1.23235
1,FX24,BUY,BUY,BUY,122,,,0,BULL,BULL,BULL,2026-01-07 01:00:00,H1,2026-01-07 01:00:00,1.24235
1,FX25,BUY,BUY,BUY,122,,,0,BULL,BULL,BULL,2026-01-07 01:00:00,H1,2026-01-07 01:00:00,1.25235
1,FX26,BUY,BUY,BUY,122,,,0,BULL,BULL,BULL,2026-01-07 01:00:00,H1,2026-01-07 01:00:00,1.26235
1,FX27,BUY,BUY,BUY,122,,,0,BULL,BULL,BULL,2026-01-07 01:00:00,H1,2026-01-07 01:00:00,1.27235
1,FX28,BUY,BUY,BUY,122,,,0,BULL,BULL,BULL,2026-01-07 01:00:00,H1,2026-01-07 01:00:00,1.28235
1,FX29,BUY,BUY,BUY,122,,,0,BULL,BULL,BULL,2026-01-07 01:00:00,H1,2026-01-07 01:00:00,1.29235
1,FX00,BUY,BUY,BUY,123,,,0,BULL,BULL,BULL,2026-01-07 02:00:00,H1,2026-01-07 02:00:00,1.00235
1,FX01,BUY,BUY,BUY,123,,,0,BULL,BULL,BULL,2026-01-07 02:00:00,H1,2026-01-07 02:00:00,1.01235
1,FX02,BUY,BUY,BUY,123,,,0,BULL,BULL,BULL,2026-01-07 02:00:00,H1,2026-01-07 02:00:00,1.02235
1,FX03,BUY,BUY,BUY,123,,,0,BULL,BULL,BULL,2026-01-07 02:00:00,H1,2026-01-07 02:00:00,1.03235
1,FX04,BUY,BUY,BUY,123,,,0,BULL,BULL,BULL,2026-01-07 02:00:00,H1,2026-01-07 02:00:00,1.04235
1,FX05,BUY,BUY,BUY,123,,,0,BULL,BULL,BULL,2026-01-07 02:00:00,H1,2026-01-07 02:00:00,1.05235
1,FX06,BUY,BUY,BUY,123,,,0,BULL,BULL,BULL,2026-01-07 02:00:00,H1,2026-01-07 02:00:00,1.06235
1,FX07,BUY,BUY,BUY,123,,,0,BULL,BULL,BULL,2026-01-07 02:00:00,H1,2026-01-07 02:00:00,1.07235
1,FX08,BUY,BUY,BUY,123,,,0,BULL,BULL,BULL,2026-01-07 02:00:00,H1,2026-01-07 02:00:00,1.08235
1,FX09,BUY,BUY,BUY,123,,,0,BULL,BULL,BULL,2026-01-07 02:00:00,H1,2026-01-07 02:00:00,1.09235
1,FX10,BUY,BUY,BUY,123,,,0,BULL,BULL,BULL,2026-01-07 02:00:00,H1,2026-01-07 02:00:00,1.10235
1,FX11,BUY,BUY,BUY,123,,,0,BULL,BULL,BULL,2026-01-07 02:00:00,H1,2026-01-07 02:00:00,1.11235
1,FX12,BUY,BUY,BUY,123,,,0,BULL,BULL,BULL,2026-01-07 02:00:00,H1,2026-01-07 02:00:00,1.12235
1,FX13,BUY,BUY,BUY,123,,,0,BULL,BULL,BULL,2026-01-07 02:00:00,H1,2026-01-07 02:00:00,1.13235
1,FX14,BUY,BUY,BUY,123,,,0,BULL,BULL,BULL,2026-01-07 02:00:00,H1,2026-01-07 02:00:00,1.14235
1,FX15,BUY,BUY,BUY,123,,,0,BULL,BULL,BULL,2026-01-07 02:00:00,H1,2026-01-07 02:00:00,1.15235
1,FX16,BUY,BUY,BUY,123,,,0,BULL,BULL,BULL,2026-01-07 02:00:00,H1,2026-01-07 02:00:00,1.16235
1,FX17,BUY,BUY,BUY,123,,,0,BULL,BULL,BULL,2026-01-07 02:00:00,H1,2026-01-07 02:00:00,1.17235
1,FX18,BUY,BUY,BUY,123,,,0,BULL,BULL,BULL,2026-01-07 02:00:00,H1,2026-01-07 02:00:00,1.18235
1,FX19,BUY,BUY,BUY,123,,,0,BULL,BULL,BULL,2026-01-07 02:00:00,H1,2026-01-07 02:00:00,1.19235
1,FX20,BUY,BUY,BUY,123,,,0,BULL,BULL,BULL,2026-01-07 02:00:00,H1,2026-01-07 02:00:00,1.20235
1,FX21,BUY,BUY,BUY,123,,,0,BULL,BULL,BULL,2026-01-07 02:00:00,H1,2026-01-07 02:00:00,1.21235
1,FX22,BUY,BUY,BUY,123,,,0,BULL,BULL,BULL,2026-01-07 02:00:00,H1,2026-01-07 02:00:00,1.22235
1,FX23,BUY,BUY,BUY,123,,,0,BULL,BULL,BULL,2026-01-07 02:00:00,H1,2026-01-07 02:00:00,1.23235
1,FX24,BUY,BUY,BUY,123,,,0,BULL,BULL,BULL,2026-01-07 02:00:00,H1,2026-01-07 02:00:00,1.24235
1,FX25,BUY,BUY,BUY,123,,,0,BULL,BULL,BULL,2026-01-07 02:00:00,H1,2026-01-07 02:00:00,1.25235
1,FX26,BUY,BUY,BUY,123,,,0,BULL,BULL,BULL,2026-01-07 02:00:00,H1,2026-01-07 02:00:00,1.26235
1,FX27,BUY,BUY,BUY,123,,,0,BULL,BULL,BULL,2026-01-07 02:00:00,H1,2026-01-07 02:00:00,1.27235
1,FX28,BUY,BUY,BUY,123,,,0,BULL,BULL,BULL,2026-01-07 02:00:00,H1,2026-01-07 02:00:00,1.28235
1,FX29,BUY,BUY,BUY,123,,,0,BULL,BULL,BULL,2026-01-07 02:00:00,H1,2026-01-07 02:00:00,1.29235
1,FX00,BUY,BUY,BUY,124,,,0,BULL,BULL,BULL,2026-01-07 03:00:00,H1,2026-01-07 03:00:00,1.00235
1,FX01,BUY,BUY,BUY,124,,,0,BULL,BULL,BULL,2026-01-07 03:00:00,H1,2026-01-07 03:00:00,1.01235
1,FX02,BUY,BUY,BUY,124,,,0,BULL,BULL,BULL,2026-01-07 03:00:00,H1,2026-01-07 03:00:00,1.02235
1,FX03,BUY,BUY,BUY,124,,,0,BULL,BULL,BULL,2026-01-07 03:00:00,H1,2026-01-07 03:00:00,1.03235
1,FX04,BUY,BUY,BUY,124,,,0,BULL,BULL,BULL,2026-01-07 03:00:00,H1,2026-01-07 03:00:00,1.04235
1,FX05,BUY,BUY,BUY,124,,,0,BULL,BULL,BULL,2026-01-07 03:00:00,H1,2026-01-07 03:00:00,1.05235
1,FX06,BUY,BUY,BUY,124,,,0,BULL,BULL,BULL,2026-01-07 03:00:00,H1,2026-01-07 03:00:00,1.06235
1,FX07,BUY,BUY,BUY,124,,,0,BULL,BULL,BULL,2026-01-07 03:00:00,H1,2026-01-07 03:00:00,1.07235
1,FX08,BUY,BUY,BUY,124,,,0,BULL,BULL,BULL,2026-01-07 03:00:00,H1,2026-01-07 03:00:00,1.08235
1,FX09,BUY,BUY,BUY,124,,,0,BULL,BULL,BULL,2026-01-07 03:00:00,H1,2026-01-07 03:00:00,1.09235
1,FX10,BUY,BUY,BUY,124,,,0,BULL,BULL,BULL,2026-01-07 03:00:00,H1,2026-01-07 03:00:00,1.10235
1,FX11,BUY,BUY,BUY,124,,,0,BULL,BULL,BULL,2026-01-07 03:00:00,H1,2026-01-07 03:00:00,1.11235
1,FX12,BUY,BUY,BUY,124,,,0,BULL,BULL,BULL,2026-01-07 03:00:00,H1,2026-01-07 03:00:00,1.12235
1,FX13,BUY,BUY,BUY,124,,,0,BULL,BULL,BULL,2026-01-07 03:00:00,H1,2026-01-07 03:00:00,1.13235
1,FX14,BUY,BUY,BUY,124,,,0,BULL,BULL,BULL,2026-01-07 03:00:00,H1,2026-01-07 03:00:00,1.14235
1,FX15,BUY,BUY,BUY,124,,,0,BULL,BULL,BULL,2026-01-07 03:00:00,H1,2026-01-07 03:00:00,1.15235
1,FX16,BUY,BUY,BUY,124,,,0,BULL,BULL,BULL,2026-01-07 03:00:00,H1,2026-01-07 03:00:00,1.16235
1,FX17,BUY,BUY,BUY,124,,,0,BULL,BULL,BULL,2026-01-07 03:00:00,H1,2026-01-07 03:00:00,1.17235
1,FX18,BUY,BUY,BUY,124,,,0,BULL,BULL,BULL,2026-01-07 03:00:00,H1,2026-01-07 03:00:00,1.18235
1,FX19,BUY,BUY,BUY,124,,,0,BULL,BULL,BULL,2026-01-07 03:00:00,H1,2026-01-07 03:00:00,1.19235
1,FX20,BUY,BUY,BUY,124,,,0,BULL,BULL,BULL,2026-01-07 03:00:00,H1,2026-01-07 03:00:00,1.20235
1,FX21,BUY,BUY,BUY,124,,,0,BULL,BULL,BULL,2026-01-07 03:00:00,H1,2026-01-07 03:00:00,1.21235
1,FX22,BUY,BUY,BUY,124,,,0,BULL,BULL,BULL,2026-01-07 03:00:00,H1,2026-01-07 03:00:00,1.22235
1,FX23,BUY,BUY,BUY,124,,,0,BULL,BULL,BULL,2026-01-07 03:00:00,H1,2026-01-07 03:00:00,1.23235
1,FX24,BUY,BUY,BUY,124,,,0,BULL,BULL,BULL,2026-01-07 03:00:00,H1,2026-01-07 03:00:00,1.24235
1,FX25,BUY,BUY,BUY,124,,,0,BULL,BULL,BULL,2026-01-07 03:00:00,H1,2026-01-07 03:00:00,1.25235
1,FX26,BUY,BUY,BUY,124,,,0,BULL,BULL,BULL,2026-01-07 03:00:00,H1,2026-01-07 03:00:00,1.26235
1,FX27,BUY,BUY,BUY,124,,,0,BULL,BULL,BULL,2026-01-07 03:00:00,H1,2026-01-07 03:00:00,1.27235
1,FX28,BUY,BUY,BUY,124,,,0,BULL,BULL,BULL,2026-01-07 03:00:00,H1,2026-01-07 03:00:00,1.28235
1,FX29,BUY,BUY,BUY,124,,,0,BULL,BULL,BULL,2026-01-07 03:00:00,H1,2026-01-07 03:00:00,1.29235
1,FX00,BUY,BUY,BUY,125,,,0,BULL,BULL,BULL,2026-01-07 04:00:00,H1,2026-01-07 04:00:00,1.00235
1,FX01,BUY,BUY,BUY,125,,,0,BULL,BULL,BULL,2026-01-07 04:00:00,H1,2026-01-07 04:00:00,1.01235
1,FX02,BUY,BUY,BUY,125,,,0,BULL,BULL,BULL,2026-01-07 04:00:00,H1,2026-01-07 04:00:00,1.02235
1,FX03,BUY,BUY,BUY,125,,,0,BULL,BULL,BULL,2026-01-07 04:00:00,H1,2026-01-07 04:00:00,1.03235
1,FX04,BUY,BUY,BUY,125,,,0,BULL,BULL,BULL,2026-01-07 04:00:00,H1,2026-01-07 04:00:00,1.04235
1,FX05,BUY,BUY,BUY,125,,,0,BULL,BULL,BULL,2026-01-07 04:00:00,H1,2026-01-07 04:00:00,1.05235
1,FX06,BUY,BUY,BUY,125,,,0,BULL,BULL,BULL,2026-01-07 04:00:00,H1,2026-01-07 04:00:00,1.06235
1,FX07,BUY,BUY,BUY,125,,,0,BULL,BULL,BULL,2026-01-07 04:00:00,H1,2026-01-07 04:00:00,1.07235
1,FX08,BUY,BUY,BUY,125,,,0,BULL,BULL,BULL,2026-01-07 04:00:00,H1,2026-01-07 04:00:00,1.08235
1,FX09,BUY,BUY,BUY,125,,,0,BULL,BULL,BULL,2026-01-07 04:00:00,H1,2026-01-07 04:00:00,1.09235
1,FX10,BUY,BUY,BUY,125,,,0,BULL,BULL,BULL,2026-01-07 04:00:00,H1,2026-01-07 04:00:00,1.10235
1,FX11,BUY,BUY,BUY,125,,,0,BULL,BULL,BULL,2026-01-07 04:00:00,H1,2026-01-07 04:00:00,1.11235
1,FX12,BUY,BUY,BUY,125,,,0,BULL,BULL,BULL,2026-01-07 04:00:00,H1,2026-01-07 04:00:00,1.12235
1,FX13,BUY,BUY,BUY,125,,,0,BULL,BULL,BULL,2026-01-07 04:00:00,H1,2026-01-07 04:00:00,1.13235
1,FX14,BUY,BUY,BUY,125,,,0,BULL,BULL,BULL,2026-01-07 04:00:00,H1,2026-01-07 04:00:00,1.14235
1,FX15,BUY,BUY,BUY,125,,,0,BULL,BULL,BULL,2026-01-07 04:00:00,H1,2026-01-07 04:00:00,1.15235
1,FX16,BUY,BUY,BUY,125,,,0,BULL,BULL,BULL,2026-01-07 04:00:00,H1,2026-01-07 04:00:00,1.16235
1,FX17,BUY,BUY,BUY,125,,,0,BULL,BULL,BULL,2026-01-07 04:00:00,H1,2026-01-07 04:00:00,1.17235
1,FX18,BUY,BUY,BUY,125,,,0,BULL,BULL,BULL,2026-01-07 04:00:00,H1,2026-01-07 04:00:00,1.18235
1,FX19,BUY,BUY,BUY,125,,,0,BULL,BULL,BULL,2026-01-07 04:00:00,H1,2026-01-07 04:00:00,1.19235
1,FX20,BUY,BUY,BUY,125,,,0,BULL,BULL,BULL,2026-01-07 04:00:00,H1,2026-01-07 04:00:00,1.20235
1,FX21,BUY,BUY,BUY,125,,,0,BULL,BULL,BULL,2026-01-07 04:00:00,H1,2026-01-07 04:00:00,1.21235
1,FX22,BUY,BUY,BUY,125,,,0,BULL,BULL,BULL,2026-01-07 04:00:00,H1,2026-01-07 04:00:00,1.22235
1,FX23,BUY,BUY,BUY,125,,,0,BULL,BULL,BULL,2026-01-07 04:00:00,H1,2026-01-07 04:00:00,1.23235
1,FX24,BUY,BUY,BUY,125,,,0,BULL,BULL,BULL,2026-01-07 04:00:00,H1,2026-01-07 04:00:00,1.24235
1,FX25,BUY,BUY,BUY,125,,,0,BULL,BULL,BULL,2026-01-07 04:00:00,H1,2026-01-07 04:00:00,1.25235
1,FX26,BUY,BUY,BUY,125,,,0,BULL,BULL,BULL,2026-01-07 04:00:00,H1,2026-01-07 04:00:00,1.26235
1,FX27,BUY,BUY,BUY,125,,,0,BULL,BULL,BULL,2026-01-07 04:00:00,H1,2026-01-07 04:00:00,1.27235
1,FX28,BUY,BUY,BUY,125,,,0,BULL,BULL,BULL,2026-01-07 04:00:00,H1,2026-01-07 04:00:00,1.28235
1,FX29,BUY,BUY,BUY,125,,,0,BULL,BULL,BULL,2026-01-07 04:00:00,H1,2026-01-07 04:00:00,1.29235
1,FX00,BUY,BUY,BUY,126,,,0,BULL,BULL,BULL,2026-01-07 05:00:00,H1,2026-01-07 05:00:00,1.00235
1,FX01,BUY,BUY,BUY,126,,,0,BULL,BULL,BULL,2026-01-07 05:00:00,H1,2026-01-07 05:00:00,1.01235
1,FX02,BUY,BUY,BUY,126,,,0,BULL,BULL,BULL,2026-01-07 05:00:00,H1,2026-01-07 05:00:00,1.02235
1,FX03,BUY,BUY,BUY,126,,,0,BULL,BULL,BULL,2026-01-07 05:00:00,H1,2026-01-07 05:00:00,1.03235
1,FX04,BUY,BUY,BUY,126,,,0,BULL,BULL,BULL,2026-01-07 05:00:00,H1,2026-01-07 05:00:00,1.04235
1,FX05,BUY,BUY,BUY,126,,,0,BULL,BULL,BULL,2026-01-07 05:00:00,H1,2026-01-07 05:00:00,1.05235
1,FX06,BUY,BUY,BUY,126,,,0,BULL,BULL,BULL,2026-01-07 05:00:00,H1,2026-01-07 05:00:00,1.06235
1,FX07,BUY,BUY,BUY,126,,,0,BULL,BULL,BULL,2026-01-07 05:00:00,H1,2026-01-07 05:00:00,1.07235
1,FX08,BUY,BUY,BUY,126,,,0,BULL,BULL,BULL,2026-01-07 05:00:00,H1,2026-01-07 05:00:00,1.08235
1,FX09,BUY,BUY,BUY,126,,,0,BULL,BULL,BULL,2026-01-07 05:00:00,H1,2026-01-07 05:00:00,1.09235
1,FX10,BUY,BUY,BUY,126,,,0,BULL,BULL,BULL,2026-01-07 05:00:00,H1,2026-01-07 05:00:00,1.10235
1,FX11,BUY,BUY,BUY,126,,,0,BULL,BULL,BULL,2026-01-07 05:00:00,H1,2026-01-07 05:00:00,1.11235
1,FX12,BUY,BUY,BUY,126,,,0,BULL,BULL,BULL,2026-01-07 05:00:00,H1,2026-01-07 05:00:00,1.12235
1,FX13,BUY,BUY,BUY,126,,,0,BULL,BULL,BULL,2026-01-07 05:00:00,H1,2026-01-07 05:00:00,1.13235
1,FX14,BUY,BUY,BUY,126,,,0,BULL,BULL,BULL,2026-01-07 05:00:00,H1,2026-01-07 05:00:00,1.14235
1,FX15,BUY,BUY,BUY,126,,,0,BULL,BULL,BULL,2026-01-07 05:00:00,H1,2026-01-07 05:00:00,1.15235
1,FX16,BUY,BUY,BUY,126,,,0,BULL,BULL,BULL,2026-01-07 05:00:00,H1,2026-01-07 05:00:00,1.16235
1,FX17,BUY,BUY,BUY,126,,,0,BULL,BULL,BULL,2026-01-07 05:00:00,H1,2026-01-07 05:00:00,1.17235
1,FX18,BUY,BUY,BUY,126,,,0,BULL,BULL,BULL,2026-01-07 05:00:00,H1,2026-01-07 05:00:00,1.18235
1,FX19,BUY,BUY,BUY,126,,,0,BULL,BULL,BULL,2026-01-07 05:00:00,H1,2026-01-07 05:00:00,1.19235
1,FX20,BUY,BUY,BUY,126,,,0,BULL,BULL,BULL,2026-01-07 05:00:00,H1,2026-01-07 05:00:00,1.20235
1,FX21,BUY,BUY,BUY,126,,,0,BULL,BULL,BULL,2026-01-07 05:00:00,H1,2026-01-07 05:00:00,1.21235
1,FX22,BUY,BUY,BUY,126,,,0,BULL,BULL,BULL,2026-01-07 05:00:00,H1,2026-01-07 05:00:00,1.22235
1,FX23,BUY,BUY,BUY,126,,,0,BULL,BULL,BULL,2026-01-07 05:00:00,H1,2026-01-07 05:00:00,1.23235
1,FX24,BUY,BUY,BUY,126,,,0,BULL,BULL,BULL,2026-01-07 05:00:00,H1,2026-01-07 05:00:00,1.24235
1,FX25,BUY,BUY,BUY,126,,,0,BULL,BULL,BULL,2026-01-07 05:00:00,H1,2026-01-07 05:00:00,1.25235
1,FX26,BUY,BUY,BUY,126,,,0,BULL,BULL,BULL,2026-01-07 05:00:00,H1,2026-01-07 05:00:00,1.26235
1,FX27,BUY,BUY,BUY,126,,,0,BULL,BULL,BULL,2026-01-07 05:00:00,H1,2026-01-07 05:00:00,1.27235
1,FX28,BUY,BUY,BUY,126,,,0,BULL,BULL,BULL,2026-01-07 05:00:00,H1,2026-01-07 05:00:00,1.28235
1,FX29,BUY,BUY,BUY,126,,,0,BULL,BULL,BULL,2026-01-07 05:00:00,H1,2026-01-07 05:00:00,1.29235
1,FX00,BUY,BUY,BUY,127,,,0,BULL,BULL,BULL,2026-01-07 06:00:00,H1,2026-01-07 06:00:00,1.00235
1,FX01,BUY,BUY,BUY,127,,,0,BULL,BULL,BULL,2026-01-07 06:00:00,H1,2026-01-07 06:00:00,1.01235
1,FX02,BUY,BUY,BUY,127,,,0,BULL,BULL,BULL,2026-01-07 06:00:00,H1,2026-01-07 06:00:00,1.02235
1,FX03,BUY,BUY,BUY,127,,,0,BULL,BULL,BULL,2026-01-07 06:00:00,H1,2026-01-07 06:00:00,1.03235
1,FX04,BUY,BUY,BUY,127,,,0,BULL,BULL,BULL,2026-01-07 06:00:00,H1,2026-01-07 06:00:00,1.04235
1,FX05,BUY,BUY,BUY,127,,,0,BULL,BULL,BULL,2026-01-07 06:00:00,H1,2026-01-07 06:00:00,1.05235
1,FX06,BUY,BUY,BUY,127,,,0,BULL,BULL,BULL,2026-01-07 06:00:00,H1,2026-01-07 06:00:00,1.06235
1,FX07,BUY,BUY,BUY,127,,,0,BULL,BULL,BULL,2026-01-07 06:00:00,H1,2026-01-07 06:00:00,1.07235
1,FX08,BUY,BUY,BUY,127,,,0,BULL,BULL,BULL,2026-01-07 06:00:00,H1,2026-01-07 06:00:00,1.08235
1,FX09,BUY,BUY,BUY,127,,,0,BULL,BULL,BULL,2026-01-07 06:00:00,H1,2026-01-07 06:00:00,1.09235
1,FX10,BUY,BUY,BUY,127,,,0,BULL,BULL,BULL,2026-01-07 06:00:00,H1,2026-01-07 06:00:00,1.10235
1,FX11,BUY,BUY,BUY,127,,,0,BULL,BULL,BULL,2026-01-07 06:00:00,H1,2026-01-07 06:00:00,1.11235
1,FX12,BUY,BUY,BUY,127,,,0,BULL,BULL,BULL,2026-01-07 06:00:00,H1,2026-01-07 06:00:00,1.12235
1,FX13,BUY,BUY,BUY,127,,,0,BULL,BULL,BULL,2026-01-07 06:00:00,H1,2026-01-07 06:00:00,1.13235
1,FX14,BUY,BUY,BUY,127,,,0,BULL,BULL,BULL,2026-01-07 06:00:00,H1,2026-01-07 06:00:00,1.14235
1,FX15,BUY,BUY,BUY,127,,,0,BULL,BULL,BULL,2026-01-07 06:00:00,H1,2026-01-07 06:00:00,1.15235
1,FX16,BUY,BUY,BUY,127,,,0,BULL,BULL,BULL,2026-01-07 06:00:00,H1,2026-01-07 06:00:00,1.16235
1,FX17,BUY,BUY,BUY,127,,,0,BULL,BULL,BULL,2026-01-07 06:00:00,H1,2026-01-07 06:00:00,1.17235
1,FX18,BUY,BUY,BUY,127,,,0,BULL,BULL,BULL,2026-01-07 06:00:00,H1,2026-01-07 06:00:00,1.18235
1,FX19,BUY,BUY,BUY,127,,,0,BULL,BULL,BULL,2026-01-07 06:00:00,H1,2026-01-07 06:00:00,1.19235
1,FX20,BUY,BUY,BUY,127,,,0,BULL,BULL,BULL,2026-01-07 06:00:00,H1,2026-01-07 06:00:00,1.20235
1,FX21,BUY,BUY,BUY,127,,,0,BULL,BULL,BULL,2026-01-07 06:00:00,H1,2026-01-07 06:00:00,1.21235
1,FX22,BUY,BUY,BUY,127,,,0,BULL,BULL,BULL,2026-01-07 06:00:00,H1,2026-01-07 06:00:00,1.22235
1,FX23,BUY,BUY,BUY,127,,,0,BULL,BULL,BULL,2026-01-07 06:00:00,H1,2026-01-07 06:00:00,1.23235
1,FX24,BUY,BUY,BUY,127,,,0,BULL,BULL,BULL,2026-01-07 06:00:00,H1,2026-01-07 06:00:00,1.24235
1,FX25,BUY,BUY,BUY,127,,,0,BULL,BULL,BULL,2026-01-07 06:00:00,H1,2026-01-07 06:00:00,1.25235
1,FX26,BUY,BUY,BUY,127,,,0,BULL,BULL,BULL,2026-01-07 06:00:00,H1,2026-01-07 06:00:00,1.26235
1,FX27,BUY,BUY,BUY,127,,,0,BULL,BULL,BULL,2026-01-07 06:00:00,H1,2026-01-07 06:00:00,1.27235
1,FX28,BUY,BUY,BUY,127,,,0,BULL,BULL,BULL,2026-01-07 06:00:00,H1,2026-01-07 06:00:00,1.28235
1,FX29,BUY,BUY,BUY,127,,,0,BULL,BULL,BULL,2026-01-07 06:00:00,H1,2026-01-07 06:00:00,1.29235
1,FX00,BUY,BUY,BUY,128,,,0,BULL,BULL,BULL,2026-01-07 07:00:00,H1,2026-01-07 07:00:00,1.00235
1,FX01,BUY,BUY,BUY,128,,,0,BULL,BULL,BULL,2026-01-07 07:00:00,H1,2026-01-07 07:00:00,1.01235
1,FX02,BUY,BUY,BUY,128,,,0,BULL,BULL,BULL,2026-01-07 07:00:00,H1,2026-01-07 07:00:00,1.02235
1,FX03,BUY,BUY,BUY,128,,,0,BULL,BULL,BULL,2026-01-07 07:00:00,H1,2026-01-07 07:00:00,1.03235
1,FX04,BUY,BUY,BUY,128,,,0,BULL,BULL,BULL,2026-01-07 07:00:00,H1,2026-01-07 07:00:00,1.04235
1,FX05,BUY,BUY,BUY,128,,,0,BULL,BULL,BULL,2026-01-07 07:00:00,H1,2026-01-07 07:00:00,1.05235
1,FX06,BUY,BUY,BUY,128,,,0,BULL,BULL,BULL,2026-01-07 07:00:00,H1,2026-01-07 07:00:00,1.06235
1,FX07,BUY,BUY,BUY,128,,,0,BULL,BULL,BULL,2026-01-07 07:00:00,H1,2026-01-07 07:00:00,1.07235
1,FX08,BUY,BUY,BUY,128,,,0,BULL,BULL,BULL,2026-01-07 07:00:00,H1,2026-01-07 07:00:00,1.08235
1,FX09,BUY,BUY,BUY,128,,,0,BULL,BULL,BULL,2026-01-07 07:00:00,H1,2026-01-07 07:00:00,1.09235
1,FX10,BUY,BUY,BUY,128,,,0,BULL,BULL,BULL,2026-01-07 07:00:00,H1,2026-01-07 07:00:00,1.10235
1,FX11,BUY,BUY,BUY,128,,,0,BULL,BULL,BULL,2026-01-07 07:00:00,H1,2026-01-07 07:00:00,1.11235
1,FX12,BUY,BUY,BUY,128,,,0,BULL,BULL,BULL,2026-01-07 07:00:00,H1,2026-01-07 07:00:00,1.12235
1,FX13,BUY,BUY,BUY,128,,,0,BULL,BULL,BULL,2026-01-07 07:00:00,H1,2026-01-07 07:00:00,1.13235
1,FX14,BUY,BUY,BUY,128,,,0,BULL,BULL,BULL,2026-01-07 07:00:00,H1,2026-01-07 07:00:00,1.14235
1,FX15,BUY,BUY,BUY,128,,,0,BULL,BULL,BULL,2026-01-07 07:00:00,H1,2026-01-07 07:00:00,1.15235
1,FX16,BUY,BUY,BUY,128,,,0,BULL,BULL,BULL,2026-01-07 07:00:00,H1,2026-01-07 07:00:00,1.16235
1,FX17,BUY,BUY,BUY,128,,,0,BULL,BULL,BULL,2026-01-07 07:00:00,H1,2026-01-07 07:00:00,1.17235
1,FX18,BUY,BUY,BUY,128,,,0,BULL,BULL,BULL,2026-01-07 07:00:00,H1,2026-01-07 07:00:00,1.18235
1,FX19,BUY,BUY,BUY,128,,,0,BULL,BULL,BULL,2026-01-07 07:00:00,H1,2026-01-07 07:00:00,1.19235
1,FX20,BUY,BUY,BUY,128,,,0,BULL,BULL,BULL,2026-01-07 07:00:00,H1,2026-01-07 07:00:00,1.20235
1,FX21,BUY,BUY,BUY,128,,,0,BULL,BULL,BULL,2026-01-07 07:00:00,H1,2026-01-07 07:00:00,1.21235
1,FX22,BUY,BUY,BUY,128,,,0,BULL,BULL,BULL,2026-01-07 07:00:00,H1,2026-01-07 07:00:00,1.22235
1,FX23,BUY,BUY,BUY,128,,,0,BULL,BULL,BULL,2026-01-07 07:00:00,H1,2026-01-07 07:00:00,1.23235
1,FX24,BUY,BUY,BUY,128,,,0,BULL,BULL,BULL,2026-01-07 07:00:00,H1,2026-01-07 07:00:00,1.24235
1,FX25,BUY,BUY,BUY,128,,,0,BULL,BULL,BULL,2026-01-07 07:00:00,H1,2026-01-07 07:00:00,1.25235
1,FX26,BUY,BUY,BUY,128,,,0,BULL,BULL,BULL,2026-01-07 07:00:00,H1,2026-01-07 07:00:00,1.26235
1,FX27,BUY,BUY,BUY,128,,,0,BULL,BULL,BULL,2026-01-07 07:00:00,H1,2026-01-07 07:00:00,1.27235
1,FX28,BUY,BUY,BUY,128,,,0,BULL,BULL,BULL,2026-01-07 07:00:00,H1,2026-01-07 07:00:00,1.28235
1,FX29,BUY,BUY,BUY,128,,,0,BULL,BULL,BULL,2026-01-07 07:00:00,H1,2026-01-07 07:00:00,1.29235
1,FX00,BUY,BUY,BUY,129,,,0,BULL,BULL,BULL,2026-01-07 08:00:00,H1,2026-01-07 08:00:00,1.00235
1,FX01,BUY,BUY,BUY,129,,,0,BULL,BULL,BULL,2026-01-07 08:00:00,H1,2026-01-07 08:00:00,1.01235
1,FX02,BUY,BUY,BUY,129,,,0,BULL,BULL,BULL,2026-01-07 08:00:00,H1,2026-01-07 08:00:00,1.02235
1,FX03,BUY,BUY,BUY,129,,,0,BULL,BULL,BULL,2026-01-07 08:00:00,H1,2026-01-07 08:00:00,1.03235
1,FX04,BUY,BUY,BUY,129,,,0,BULL,BULL,BULL,2026-01-07 08:00:00,H1,2026-01-07 08:00:00,1.04235
1,FX05,BUY,BUY,BUY,129,,,0,BULL,BULL,BULL,2026-01-07 08:00:00,H1,2026-01-07 08:00:00,1.05235
1,FX06,BUY,BUY,BUY,129,,,0,BULL,BULL,BULL,2026-01-07 08:00:00,H1,2026-01-07 08:00:00,1.06235
1,FX07,BUY,BUY,BUY,129,,,0,BULL,BULL,BULL,2026-01-07 08:00:00,H1,2026-01-07 08:00:00,1.07235
1,FX08,BUY,BUY,BUY,129,,,0,BULL,BULL,BULL,2026-01-07 08:00:00,H1,2026-01-07 08:00:00,1.08235
1,FX09,BUY,BUY,BUY,129,,,0,BULL,BULL,BULL,2026-01-07 08:00:00,H1,2026-01-07 08:00:00,1.09235
1,FX10,BUY,BUY,BUY,129,,,0,BULL,BULL,BULL,2026-01-07 08:00:00,H1,2026-01-07 08:00:00,1.10235
1,FX11,BUY,BUY,BUY,129,,,0,BULL,BULL,BULL,2026-01-07 08:00:00,H1,2026-01-07 08:00:00,1.11235
1,FX12,BUY,BUY,BUY,129,,,0,BULL,BULL,BULL,2026-01-07 08:00:00,H1,2026-01-07 08:00:00,1.12235
1,FX13,BUY,BUY,BUY,129,,,0,BULL,BULL,BULL,2026-01-07 08:00:00,H1,2026-01-07 08:00:00,1.13235
1,FX14,BUY,BUY,BUY,129,,,0,BULL,BULL,BULL,2026-01-07 08:00:00,H1,2026-01-07 08:00:00,1.14235
1,FX15,BUY,BUY,BUY,129,,,0,BULL,BULL,BULL,2026-01-07 08:00:00,H1,2026-01-07 08:00:00,1.15235
1,FX16,BUY,BUY,BUY,129,,,0,BULL,BULL,BULL,2026-01-07 08:00:00,H1,2026-01-07 08:00:00,1.16235
1,FX17,BUY,BUY,BUY,129,,,0,BULL,BULL,BULL,2026-01-07 08:00:00,H1,2026-01-07 08:00:00,1.17235
1,FX18,BUY,BUY,BUY,129,,,0,BULL,BULL,BULL,2026-01-07 08:00:00,H1,2026-01-07 08:00:00,1.18235
1,FX19,BUY,BUY,BUY,129,,,0,BULL,BULL,BULL,2026-01-07 08:00:00,H1,2026-01-07 08:00:00,1.19235
1,FX20,BUY,BUY,BUY,129,,,0,BULL,BULL,BULL,2026-01-07 08:00:00,H1,2026-01-07 08:00:00,1.20235
1,FX21,BUY,BUY,BUY,129,,,0,BULL,BULL,BULL,2026-01-07 08:00:00,H1,2026-01-07 08:00:00,1.21235
1,FX22,BUY,BUY,BUY,129,,,0,BULL,BULL,BULL,2026-01-07 08:00:00,H1,2026-01-07 08:00:00,1.22235
1,FX23,BUY,BUY,BUY,129,,,0,BULL,BULL,BULL,2026-01-07 08:00:00,H1,2026-01-07 08:00:00,1.23235
1,FX24,BUY,BUY,BUY,129,,,0,BULL,BULL,BULL,2026-01-07 08:00:00,H1,2026-01-07 08:00:00,1.24235
1,FX25,BUY,BUY,BUY,129,,,0,BULL,BULL,BULL,2026-01-07 08:00:00,H1,2026-01-07 08:00:00,1.25235
1,FX26,BUY,BUY,BUY,129,,,0,BULL,BULL,BULL,2026-01-07 08:00:00,H1,2026-01-07 08:00:00,1.26235
1,FX27,BUY,BUY,BUY,129,,,0,BULL,BULL,BULL,2026-01-07 08:00:00,H1,2026-01-07 08:00:00,1.27235
1,FX28,BUY,BUY,BUY,129,,,0,BULL,BULL,BULL,2026-01-07 08:00:00,H1,2026-01-07 08:00:00,1.28235
1,FX29,BUY,BUY,BUY,129,,,0,BULL,BULL,BULL,2026-01-07 08:00:00,H1,2026-01-07 08:00:00,1.29235
1,FX00,BUY,BUY,BUY,130,,,0,BULL,BULL,BULL,2026-01-07 09:00:00,H1,2026-01-07 09:00:00,1.00235
1,FX01,BUY,BUY,BUY,130,,,0,BULL,BULL,BULL,2026-01-07 09:00:00,H1,2026-01-07 09:00:00,1.01235
1,FX02,BUY,BUY,BUY,130,,,0,BULL,BULL,BULL,2026-01-07 09:00:00,H1,2026-01-07 09:00:00,1.02235
1,FX03,BUY,BUY,BUY,130,,,0,BULL,BULL,BULL,2026-01-07 09:00:00,H1,2026-01-07 09:00:00,1.03235
1,FX04,BUY,BUY,BUY,130,,,0,BULL,BULL,BULL,2026-01-07 09:00:00,H1,2026-01-07 09:00:00,1.04235
1,FX05,BUY,BUY,BUY,130,,,0,BULL,BULL,BULL,2026-01-07 09:00:00,H1,2026-01-07 09:00:00,1.05235
1,FX06,BUY,BUY,BUY,130,,,0,BULL,BULL,BULL,2026-01-07 09:00:00,H1,2026-01-07 09:00:00,1.06235
1,FX07,BUY,BUY,BUY,130,,,0,BULL,BULL,BULL,2026-01-07 09:00:00,H1,2026-01-07 09:00:00,1.07235
1,FX08,BUY,BUY,BUY,130,,,0,BULL,BULL,BULL,2026-01-07 09:00:00,H1,2026-01-07 09:00:00,1.08235
1,FX09,BUY,BUY,BUY,130,,,0,BULL,BULL,BULL,2026-01-07 09:00:00,H1,2026-01-07 09:00:00,1.09235
1,FX10,BUY,BUY,BUY,130,,,0,BULL,BULL,BULL,2026-01-07 09:00:00,H1,2026-01-07 09:00:00,1.10235
1,FX11,BUY,BUY,BUY,130,,,0,BULL,BULL,BULL,2026-01-07 09:00:00,H1,2026-01-07 09:00:00,1.11235
1,FX12,BUY,BUY,BUY,130,,,0,BULL,BULL,BULL,2026-01-07 09:00:00,H1,2026-01-07 09:00:00,1.12235
1,FX13,BUY,BUY,BUY,130,,,0,BULL,BULL,BULL,2026-01-07 09:00:00,H1,2026-01-07 09:00:00,1.13235
1,FX14,BUY,BUY,BUY,130,,,0,BULL,BULL,BULL,2026-01-07 09:00:00,H1,2026-01-07 09:00:00,1.14235
1,FX15,BUY,BUY,BUY,130,,,0,BULL,BULL,BULL,2026-01-07 09:00:00,H1,2026-01-07 09:00:00,1.15235
1,FX16,BUY,BUY,BUY,130,,,0,BULL,BULL,BULL,2026-01-07 09:00:00,H1,2026-01-07 09:00:00,1.16235
1,FX17,BUY,BUY,BUY,130,,,0,BULL,BULL,BULL,2026-01-07 09:00:00,H1,2026-01-07 09:00:00,1.17235
1,FX18,BUY,BUY,BUY,130,,,0,BULL,BULL,BULL,2026-01-07 09:00:00,H1,2026-01-07 09:00:00,1.18235
1,FX19,BUY,BUY,BUY,130,,,0,BULL,BULL,BULL,2026-01-07 09:00:00,H1,2026-01-07 09:00:00,1.19235
1,FX20,BUY,BUY,BUY,130,,,0,BULL,BULL,BULL,2026-01-07 09:00:00,H1,2026-01-07 09:00:00,1.20235
1,FX21,BUY,BUY,BUY,130,,,0,BULL,BULL,BULL,2026-01-07 09:00:00,H1,2026-01-07 09:00:00,1.21235
1,FX22,BUY,BUY,BUY,130,,,0,BULL,BULL,BULL,2026-01-07 09:00:00,H1,2026-01-07 09:00:00,1.22235
1,FX23,BUY,BUY,BUY,130,,,0,BULL,BULL,BULL,2026-01-07 09:00:00,H1,2026-01-07 09:00:00,1.23235
1,FX24,BUY,BUY,BUY,130,,,0,BULL,BULL,BULL,2026-01-07 09:00:00,H1,2026-01-07 09:00:00,1.24235
1,FX25,BUY,BUY,BUY,130,,,0,BULL,BULL,BULL,2026-01-07 09:00:00,H1,2026-01-07 09:00:00,1.25235
1,FX26,BUY,BUY,BUY,130,,,0,BULL,BULL,BULL,2026-01-07 09:00:00,H1,2026-01-07 09:00:00,1.26235
1,FX27,BUY,BUY,BUY,130,,,0,BULL,BULL,BULL,2026-01-07 09:00:00,H1,2026-01-07 09:00:00,1.27235
1,FX28,BUY,BUY,BUY,130,,,0,BULL,BULL,BULL,2026-01-07 09:00:00,H1,2026-01-07 09:00:00,1.28235
1,FX29,BUY,BUY,BUY,130,,,0,BULL,BULL,BULL,2026-01-07 09:00:00,H1,2026-01-07 09:00:00,1.29235
1,FX00,BUY,BUY,BUY,131,,,0,BULL,BULL,BULL,2026-01-07 10:00:00,H1,2026-01-07 10:00:00,1.00235
1,FX01,BUY,BUY,BUY,131,,,0,BULL,BULL,BULL,2026-01-07 10:00:00,H1,2026-01-07 10:00:00,1.01235
1,FX02,BUY,BUY,BUY,131,,,0,BULL,BULL,BULL,2026-01-07 10:00:00,H1,2026-01-07 10:00:00,1.02235
1,FX03,BUY,BUY,BUY,131,,,0,BULL,BULL,BULL,2026-01-07 10:00:00,H1,2026-01-07 10:00:00,1.03235
1,FX04,BUY,BUY,BUY,131,,,0,BULL,BULL,BULL,2026-01-07 10:00:00,H1,2026-01-07 10:00:00,1.04235
1,FX05,BUY,BUY,BUY,131,,,0,BULL,BULL,BULL,2026-01-07 10:00:00,H1,2026-01-07 10:00:00,1.05235
1,FX06,BUY,BUY,BUY,131,,,0,BULL,BULL,BULL,2026-01-07 10:00:00,H1,2026-01-07 10:00:00,1.06235
1,FX07,BUY,BUY,BUY,131,,,0,BULL,BULL,BULL,2026-01-07 10:00:00,H1,2026-01-07 10:00:00,1.07235
1,FX08,BUY,BUY,BUY,131,,,0,BULL,BULL,BULL,2026-01-07 10:00:00,H1,2026-01-07 10:00:00,1.08235
1,FX09,BUY,BUY,BUY,131,,,0,BULL,BULL,BULL,2026-01-07 10:00:00,H1,2026-01-07 10:00:00,1.09235
1,FX10,BUY,BUY,BUY,131,,,0,BULL,BULL,BULL,2026-01-07 10:00:00,H1,2026-01-07 10:00:00,1.10235
1,FX11,BUY,BUY,BUY,131,,,0,BULL,BULL,BULL,2026-01-07 10:00:00,H1,2026-01-07 10:00:00,1.11235
1,FX12,BUY,BUY,BUY,131,,,0,BULL,BULL,BULL,2026-01-07 10:00:00,H1,2026-01-07 10:00:00,1.12235
1,FX13,BUY,BUY,BUY,131,,,0,BULL,BULL,BULL,2026-01-07 10:00:00,H1,2026-01-07 10:00:00,1.13235
1,FX14,BUY,BUY,BUY,131,,,0,BULL,BULL,BULL,2026-01-07 10:00:00,H1,2026-01-07 10:00:00,1.14235
1,FX15,BUY,BUY,BUY,131,,,0,BULL,BULL,BULL,2026-01-07 10:00:00,H1,2026-01-07 10:00:00,1.15235
1,FX16,BUY,BUY,BUY,131,,,0,BULL,BULL,BULL,2026-01-07 10:00:00,H1,2026-01-07 10:00:00,1.16235
1,FX17,BUY,BUY,BUY,131,,,0,BULL,BULL,BULL,2026-01-07 10:00:00,H1,2026-01-07 10:00:00,1.17235
1,FX18,BUY,BUY,BUY,131,,,0,BULL,BULL,BULL,2026-01-07 10:00:00,H1,2026-01-07 10:00:00,1.18235
1,FX19,BUY,BUY,BUY,131,,,0,BULL,BULL,BULL,2026-01-07 10:00:00,H1,2026-01-07 10:00:00,1.19235
1,FX20,BUY,BUY,BUY,131,,,0,BULL,BULL,BULL,2026-01-07 10:00:00,H1,2026-01-07 10:00:00,1.20235
1,FX21,BUY,BUY,BUY,131,,,0,BULL,BULL,BULL,2026-01-07 10:00:00,H1,2026-01-07 10:00:00,1.21235
1,FX22,BUY,BUY,BUY,131,,,0,BULL,BULL,BULL,2026-01-07 10:00:00,H1,2026-01-07 10:00:00,1.22235
1,FX23,BUY,BUY,BUY,131,,,0,BULL,BULL,BULL,2026-01-07 10:00:00,H1,2026-01-07 10:00:00,1.23235
1,FX24,BUY,BUY,BUY,131,,,0,BULL,BULL,BULL,2026-01-07 10:00:00,H1,2026-01-07 10:00:00,1.24235
1,FX25,BUY,BUY,BUY,131,,,0,BULL,BULL,BULL,2026-01-07 10:00:00,H1,2026-01-07 10:00:00,1.25235
1,FX26,BUY,BUY,BUY,131,,,0,BULL,BULL,BULL,2026-01-07 10:00:00,H1,2026-01-07 10:00:00,1.26235
1,FX27,BUY,BUY,BUY,131,,,0,BULL,BULL,BULL,2026-01-07 10:00:00,H1,2026-01-07 10:00:00,1.27235
1,FX28,BUY,BUY,BUY,131,,,0,BULL,BULL,BULL,2026-01-07 10:00:00,H1,2026-01-07 10:00:00,1.28235
1,FX29,BUY,BUY,BUY,131,,,0,BULL,BULL,BULL,2026-01-07 10:00:00,H1,2026-01-07 10:00:00,1.29235
1,FX00,BUY,BUY,BUY,132,,,0,BULL,BULL,BULL,2026-01-07 11:00:00,H1,2026-01-07 11:00:00,1.00235
1,FX01,BUY,BUY,BUY,132,,,0,BULL,BULL,BULL,2026-01-07 11:00:00,H1,2026-01-07 11:00:00,1.01235
1,FX02,BUY,BUY,BUY,132,,,0,BULL,BULL,BULL,2026-01-07 11:00:00,H1,2026-01-07 11:00:00,1.02235
1,FX03,BUY,BUY,BUY,132,,,0,BULL,BULL,BULL,2026-01-07 11:00:00,H1,2026-01-07 11:00:00,1.03235
1,FX04,BUY,BUY,BUY,132,,,0,BULL,BULL,BULL,2026-01-07 11:00:00,H1,2026-01-07 11:00:00,1.04235
1,FX05,BUY,BUY,BUY,132,,,0,BULL,BULL,BULL,2026-01-07 11:00:00,H1,2026-01-07 11:00:00,1.05235
1,FX06,BUY,BUY,BUY,132,,,0,BULL,BULL,BULL,2026-01-07 11:00:00,H1,2026-01-07 11:00:00,1.06235
1,FX07,BUY,BUY,BUY,132,,,0,BULL,BULL,BULL,2026-01-07 11:00:00,H1,2026-01-07 11:00:00,1.07235
1,FX08,BUY,BUY,BUY,132,,,0,BULL,BULL,BULL,2026-01-07 11:00:00,H1,2026-01-07 11:00:00,1.08235
1,FX09,BUY,BUY,BUY,132,,,0,BULL,BULL,BULL,2026-01-07 11:00:00,H1,2026-01-07 11:00:00,1.09235
1,FX10,BUY,BUY,BUY,132,,,0,BULL,BULL,BULL,2026-01-07 11:00:00,H1,2026-01-07 11:00:00,1.10235
1,FX11,BUY,BUY,BUY,132,,,0,BULL,BULL,BULL,2026-01-07 11:00:00,H1,2026-01-07 11:00:00,1.11235
1,FX12,BUY,BUY,BUY,132,,,0,BULL,BULL,BULL,2026-01-07 11:00:00,H1,2026-01-07 11:00:00,1.12235
1,FX13,BUY,BUY,BUY,132,,,0,BULL,BULL,BULL,2026-01-07 11:00:00,H1,2026-01-07 11:00:00,1.13235
1,FX14,BUY,BUY,BUY,132,,,0,BULL,BULL,BULL,2026-01-07 11:00:00,H1,2026-01-07 11:00:00,1.14235
1,FX15,BUY,BUY,BUY,132,,,0,BULL,BULL,BULL,2026-01-07 11:00:00,H1,2026-01-07 11:00:00,1.15235
1,FX16,BUY,BUY,BUY,132,,,0,BULL,BULL,BULL,2026-01-07 11:00:00,H1,2026-01-07 11:00:00,1.16235
1,FX17,BUY,BUY,BUY,132,,,0,BULL,BULL,BULL,2026-01-07 11:00:00,H1,2026-01-07 11:00:00,1.17235
1,FX18,BUY,BUY,BUY,132,,,0,BULL,BULL,BULL,2026-01-07 11:00:00,H1,2026-01-07 11:00:00,1.18235
1,FX19,BUY,BUY,BUY,132,,,0,BULL,BULL,BULL,2026-01-07 11:00:00,H1,2026-01-07 11:00:00,1.19235
1,FX20,BUY,BUY,BUY,132,,,0,BULL,BULL,BULL,2026-01-07 11:00:00,H1,2026-01-07 11:00:00,1.20235
1,FX21,BUY,BUY,BUY,132,,,0,BULL,BULL,BULL,2026-01-07 11:00:00,H1,2026-01-07 11:00:00,1.21235
1,FX22,BUY,BUY,BUY,132,,,0,BULL,BULL,BULL,2026-01-07 11:00:00,H1,2026-01-07 11:00:00,1.22235
1,FX23,BUY,BUY,BUY,132,,,0,BULL,BULL,BULL,2026-01-07 11:00:00,H1,2026-01-07 11:00:00,1.23235
1,FX24,BUY,BUY,BUY,132,,,0,BULL,BULL,BULL,2026-01-07 11:00:00,H1,2026-01-07 11:00:00,1.24235
1,FX25,BUY,BUY,BUY,132,,,0,BULL,BULL,BULL,2026-01-07 11:00:00,H1,2026-01-07 11:00:00,1.25235
1,FX26,BUY,BUY,BUY,132,,,0,BULL,BULL,BULL,2026-01-07 11:00:00,H1,2026-01-07 11:00:00,1.26235
1,FX27,BUY,BUY,BUY,132,,,0,BULL,BULL,BULL,2026-01-07 11:00:00,H1,2026-01-07 11:00:00,1.27235
1,FX28,BUY,BUY,BUY,132,,,0,BULL,BULL,BULL,2026-01-07 11:00:00,H1,2026-01-07 11:00:00,1.28235
1,FX29,BUY,BUY,BUY,132,,,0,BULL,BULL,BULL,2026-01-07 11:00:00,H1,2026-01-07 11:00:00,1.29235
1,FX00,BUY,BUY,BUY,133,,,0,BULL,BULL,BULL,2026-01-07 12:00:00,H1,2026-01-07 12:00:00,1.00235
1,FX01,BUY,BUY,BUY,133,,,0,BULL,BULL,BULL,2026-01-07 12:00:00,H1,2026-01-07 12:00:00,1.01235
1,FX02,BUY,BUY,BUY,133,,,0,BULL,BULL,BULL,2026-01-07 12:00:00,H1,2026-01-07 12:00:00,1.02235
1,FX03,BUY,BUY,BUY,133,,,0,BULL,BULL,BULL,2026-01-07 12:00:00,H1,2026-01-07 12:00:00,1.03235
1,FX04,BUY,BUY,BUY,133,,,0,BULL,BULL,BULL,2026-01-07 12:00:00,H1,2026-01-07 12:00:00,1.04235
1,FX05,BUY,BUY,BUY,133,,,0,BULL,BULL,BULL,2026-01-07 12:00:00,H1,2026-01-07 12:00:00,1.05235
1,FX06,BUY,BUY,BUY,133,,,0,BULL,BULL,BULL,2026-01-07 12:00:00,H1,2026-01-07 12:00:00,1.06235
1,FX07,BUY,BUY,BUY,133,,,0,BULL,BULL,BULL,2026-01-07 12:00:00,H1,2026-01-07 12:00:00,1.07235
1,FX08,BUY,BUY,BUY,133,,,0,BULL,BULL,BULL,2026-01-07 12:00:00,H1,2026-01-07 12:00:00,1.08235
1,FX09,BUY,BUY,BUY,133,,,0,BULL,BULL,BULL,2026-01-07 12:00:00,H1,2026-01-07 12:00:00,1.09235
1,FX10,BUY,BUY,BUY,133,,,0,BULL,BULL,BULL,2026-01-07 12:00:00,H1,2026-01-07 12:00:00,1.10235
1,FX11,BUY,BUY,BUY,133,,,0,BULL,BULL,BULL,2026-01-07 12:00:00,H1,2026-01-07 12:00:00,1.11235
1,FX12,BUY,BUY,BUY,133,,,0,BULL,BULL,BULL,2026-01-07 12:00:00,H1,2026-01-07 12:00:00,1.12235
1,FX13,BUY,BUY,BUY,133,,,0,BULL,BULL,BULL,2026-01-07 12:00:00,H1,2026-01-07 12:00:00,1.13235
1,FX14,BUY,BUY,BUY,133,,,0,BULL,BULL,BULL,2026-01-07 12:00:00,H1,2026-01-07 12:00:00,1.14235
1,FX15,BUY,BUY,BUY,133,,,0,BULL,BULL,BULL,2026-01-07 12:00:00,H1,2026-01-07 12:00:00,1.15235
1,FX16,BUY,BUY,BUY,133,,,0,BULL,BULL,BULL,2026-01-07 12:00:00,H1,2026-01-07 12:00:00,1.16235
1,FX17,BUY,BUY,BUY,133,,,0,BULL,BULL,BULL,2026-01-07 12:00:00,H1,2026-01-07 12:00:00,1.17235
1,FX18,BUY,BUY,BUY,133,,,0,BULL,BULL,BULL,2026-01-07 12:00:00,H1,2026-01-07 12:00:00,1.18235
1,FX19,BUY,BUY,BUY,133,,,0,BULL,BULL,BULL,2026-01-07 12:00:00,H1,2026-01-07 12:00:00,1.19235
1,FX20,BUY,BUY,BUY,133,,,0,BULL,BULL,BULL,2026-01-07 12:00:00,H1,2026-01-07 12:00:00,1.20235
1,FX21,BUY,BUY,BUY,133,,,0,BULL,BULL,BULL,2026-01-07 12:00:00,H1,2026-01-07 12:00:00,1.21235
1,FX22,BUY,BUY,BUY,133,,,0,BULL,BULL,BULL,2026-01-07 12:00:00,H1,2026-01-07 12:00:00,1.22235
1,FX23,BUY,BUY,BUY,133,,,0,BULL,BULL,BULL,2026-01-07 12:00:00,H1,2026-01-07 12:00:00,1.23235
1,FX24,BUY,BUY,BUY,133,,,0,BULL,BULL,BULL,2026-01-07 12:00:00,H1,2026-01-07 12:00:00,1.24235
1,FX25,BUY,BUY,BUY,133,,,0,BULL,BULL,BULL,2026-01-07 12:00:00,H1,2026-01-07 12:00:00,1.25235
1,FX26,BUY,BUY,BUY,133,,,0,BULL,BULL,BULL,2026-01-07 12:00:00,H1,2026-01-07 12:00:00,1.26235
1,FX27,BUY,BUY,BUY,133,,,0,BULL,BULL,BULL,2026-01-07 12:00:00,H1,2026-01-07 12:00:00,1.27235
1,FX28,BUY,BUY,BUY,133,,,0,BULL,BULL,BULL,2026-01-07 12:00:00,H1,2026-01-07 12:00:00,1.28235
1,FX29,BUY,BUY,BUY,133,,,0,BULL,BULL,BULL,2026-01-07 12:00:00,H1,2026-01-07 12:00:00,1.29235
1,FX00,BUY,BUY,BUY,134,,,0,BULL,BULL,BULL,2026-01-07 13:00:00,H1,2026-01-07 13:00:00,1.00235
1,FX01,BUY,BUY,BUY,134,,,0,BULL,BULL,BULL,2026-01-07 13:00:00,H1,2026-01-07 13:00:00,1.01235
1,FX02,BUY,BUY,BUY,134,,,0,BULL,BULL,BULL,2026-01-07 13:00:00,H1,2026-01-07 13:00:00,1.02235
1,FX03,BUY,BUY,BUY,134,,,0,BULL,BULL,BULL,2026-01-07 13:00:00,H1,2026-01-07 13:00:00,1.03235
1,FX04,BUY,BUY,BUY,134,,,0,BULL,BULL,BULL,2026-01-07 13:00:00,H1,2026-01-07 13:00:00,1.04235
1,FX05,BUY,BUY,BUY,134,,,0,BULL,BULL,BULL,2026-01-07 13:00:00,H1,2026-01-07 13:00:00,1.05235
1,FX06,BUY,BUY,BUY,134,,,0,BULL,BULL,BULL,2026-01-07 13:00:00,H1,2026-01-07 13:00:00,1.06235
1,FX07,BUY,BUY,BUY,134,,,0,BULL,BULL,BULL,2026-01-07 13:00:00,H1,2026-01-07 13:00:00,1.07235
1,FX08,BUY,BUY,BUY,134,,,0,BULL,BULL,BULL,2026-01-07 13:00:00,H1,2026-01-07 13:00:00,1.08235
1,FX09,BUY,BUY,BUY,134,,,0,BULL,BULL,BULL,2026-01-07 13:00:00,H1,2026-01-07 13:00:00,1.09235
1,FX10,BUY,BUY,BUY,134,,,0,BULL,BULL,BULL,2026-01-07 13:00:00,H1,2026-01-07 13:00:00,1.10235
1,FX11,BUY,BUY,BUY,134,,,0,BULL,BULL,BULL,2026-01-07 13:00:00,H1,2026-01-07 13:00:00,1.11235
1,FX12,BUY,BUY,BUY,134,,,0,BULL,BULL,BULL,2026-01-07 13:00:00,H1,2026-01-07 13:00:00,1.12235
1,FX13,BUY,BUY,BUY,134,,,0,BULL,BULL,BULL,2026-01-07 13:00:00,H1,2026-01-07 13:00:00,1.13235
1,FX14,BUY,BUY,BUY,134,,,0,BULL,BULL,BULL,2026-01-07 13:00:00,H1,2026-01-07 13:00:00,1.14235
1,FX15,BUY,BUY,BUY,134,,,0,BULL,BULL,BULL,2026-01-07 13:00:00,H1,2026-01-07 13:00:00,1.15235
1,FX16,BUY,BUY,BUY,134,,,0,BULL,BULL,BULL,2026-01-07 13:00:00,H1,2026-01-07 13:00:00,1.16235
1,FX17,BUY,BUY,BUY,134,,,0,BULL,BULL,BULL,2026-01-07 13:00:00,H1,2026-01-07 13:00:00,1.17235
1,FX18,BUY,BUY,BUY,134,,,0,BULL,BULL,BULL,2026-01-07 13:00:00,H1,2026-01-07 13:00:00,1.18235
1,FX19,BUY,BUY,BUY,134,,,0,BULL,BULL,BULL,2026-01-07 13:00:00,H1,2026-01-07 13:00:00,1.19235
1,FX20,BUY,BUY,BUY,134,,,0,BULL,BULL,BULL,2026-01-07 13:00:00,H1,2026-01-07 13:00:00,1.20235
1,FX21,BUY,BUY,BUY,134,,,0,BULL,BULL,BULL,2026-01-07 13:00:00,H1,2026-01-07 13:00:00,1.21235
1,FX22,BUY,BUY,BUY,134,,,0,BULL,BULL,BULL,2026-01-07 13:00:00,H1,2026-01-07 13:00:00,1.22235
1,FX23,BUY,BUY,BUY,134,,,0,BULL,BULL,BULL,2026-01-07 13:00:00,H1,2026-01-07 13:00:00,1.23235
1,FX24,BUY,BUY,BUY,134,,,0,BULL,BULL,BULL,2026-01-07 13:00:00,H1,2026-01-07 13:00:00,1.24235
1,FX25,BUY,BUY,BUY,134,,,0,BULL,BULL,BULL,2026-01-07 13:00:00,H1,2026-01-07 13:00:00,1.25235
1,FX26,BUY,BUY,BUY,134,,,0,BULL,BULL,BULL,2026-01-07 13:00:00,H1,2026-01-07 13:00:00,1.26235
1,FX27,BUY,BUY,BUY,134,,,0,BULL,BULL,BULL,2026-01-07 13:00:00,H1,2026-01-07 13:00:00,1.27235
1,FX28,BUY,BUY,BUY,134,,,0,BULL,BULL,BULL,2026-01-07 13:00:00,H1,2026-01-07 13:00:00,1.28235
1,FX29,BUY,BUY,BUY,134,,,0,BULL,BULL,BULL,2026-01-07 13:00:00,H1,2026-01-07 13:00:00,1.29235
1,FX00,BUY,BUY,BUY,135,,,0,BULL,BULL,BULL,2026-01-07 14:00:00,H1,2026-01-07 14:00:00,1.00235
1,FX01,BUY,BUY,BUY,135,,,0,BULL,BULL,BULL,2026-01-07 14:00:00,H1,2026-01-07 14:00:00,1.01235
1,FX02,BUY,BUY,BUY,135,,,0,BULL,BULL,BULL,2026-01-07 14:00:00,H1,2026-01-07 14:00:00,1.02235
1,FX03,BUY,BUY,BUY,135,,,0,BULL,BULL,BULL,2026-01-07 14:00:00,H1,2026-01-07 14:00:00,1.03235
1,FX04,BUY,BUY,BUY,135,,,0,BULL,BULL,BULL,2026-01-07 14:00:00,H1,2026-01-07 14:00:00,1.04235
1,FX05,BUY,BUY,BUY,135,,,0,BULL,BULL,BULL,2026-01-07 14:00:00,H1,2026-01-07 14:00:00,1.05235
1,FX06,BUY,BUY,BUY,135,,,0,BULL,BULL,BULL,2026-01-07 14:00:00,H1,2026-01-07 14:00:00,1.06235
1,FX07,BUY,BUY,BUY,135,,,0,BULL,BULL,BULL,2026-01-07 14:00:00,H1,2026-01-07 14:00:00,1.07235
1,FX08,BUY,BUY,BUY,135,,,0,BULL,BULL,BULL,2026-01-07 14:00:00,H1,2026-01-07 14:00:00,1.08235
1,FX09,BUY,BUY,BUY,135,,,0,BULL,BULL,BULL,2026-01-07 14:00:00,H1,2026-01-07 14:00:00,1.09235
1,FX10,BUY,BUY,BUY,135,,,0,BULL,BULL,BULL,2026-01-07 14:00:00,H1,2026-01-07 14:00:00,1.10235
1,FX11,BUY,BUY,BUY,135,,,0,BULL,BULL,BULL,2026-01-07 14:00:00,H1,2026-01-07 14:00:00,1.11235
1,FX12,BUY,BUY,BUY,135,,,0,BULL,BULL,BULL,2026-01-07 14:00:00,H1,2026-01-07 14:00:00,1.12235
1,FX13,BUY,BUY,BUY,135,,,0,BULL,BULL,BULL,2026-01-07 14:00:00,H1,2026-01-07 14:00:00,1.13235
1,FX14,BUY,BUY,BUY,135,,,0,BULL,BULL,BULL,2026-01-07 14:00:00,H1,2026-01-07 14:00:00,1.14235
1,FX15,BUY,BUY,BUY,135,,,0,BULL,BULL,BULL,2026-01-07 14:00:00,H1,2026-01-07 14:00:00,1.15235
1,FX16,BUY,BUY,BUY,135,,,0,BULL,BULL,BULL,2026-01-07 14:00:00,H1,2026-01-07 14:00:00,1.16235
1,FX17,BUY,BUY,BUY,135,,,0,BULL,BULL,BULL,2026-01-07 14:00:00,H1,2026-01-07 14:00:00,1.17235
1,FX18,BUY,BUY,BUY,135,,,0,BULL,BULL,BULL,2026-01-07 14:00:00,H1,2026-01-07 14:00:00,1.18235
1,FX19,BUY,BUY,BUY,135,,,0,BULL,BULL,BULL,2026-01-07 14:00:00,H1,2026-01-07 14:00:00,1.19235
1,FX20,BUY,BUY,BUY,135,,,0,BULL,BULL,BULL,2026-01-07 14:00:00,H1,2026-01-07 14:00:00,1.20235
1,FX21,BUY,BUY,BUY,135,,,0,BULL,BULL,BULL,2026-01-07 14:00:00,H1,2026-01-07 14:00:00,1.21235
1,FX22,BUY,BUY,BUY,135,,,0,BULL,BULL,BULL,2026-01-07 14:00:00,H1,2026-01-07 14:00:00,1.22235
1,FX23,BUY,BUY,BUY,135,,,0,BULL,BULL,BULL,2026-01-07 14:00:00,H1,2026-01-07 14:00:00,1.23235
1,FX24,BUY,BUY,BUY,135,,,0,BULL,BULL,BULL,2026-01-07 14:00:00,H1,2026-01-07 14:00:00,1.24235
1,FX25,BUY,BUY,BUY,135,,,0,BULL,BULL,BULL,2026-01-07 14:00:00,H1,2026-01-07 14:00:00,1.25235
1,FX26,BUY,BUY,BUY,135,,,0,BULL,BULL,BULL,2026-01-07 14:00:00,H1,2026-01-07 14:00:00,1.26235
1,FX27,BUY,BUY,BUY,135,,,0,BULL,BULL,BULL,2026-01-07 14:00:00,H1,2026-01-07 14:00:00,1.27235
1,FX28,BUY,BUY,BUY,135,,,0,BULL,BULL,BULL,2026-01-07 14:00:00,H1,2026-01-07 14:00:00,1.28235
1,FX29,BUY,BUY,BUY,135,,,0,BULL,BULL,BULL,2026-01-07 14:00:00,H1,2026-01-07 14:00:00,1.29235
1,FX00,BUY,BUY,BUY,136,,,0,BULL,BULL,BULL,2026-01-07 15:00:00,H1,2026-01-07 15:00:00,1.00235
1,FX01,BUY,BUY,BUY,136,,,0,BULL,BULL,BULL,2026-01-07 15:00:00,H1,2026-01-07 15:00:00,1.01235
1,FX02,BUY,BUY,BUY,136,,,0,BULL,BULL,BULL,2026-01-07 15:00:00,H1,2026-01-07 15:00:00,1.02235
1,FX03,BUY,BUY,BUY,136,,,0,BULL,BULL,BULL,2026-01-07 15:00:00,H1,2026-01-07 15:00:00,1.03235
1,FX04,BUY,BUY,BUY,136,,,0,BULL,BULL,BULL,2026-01-07 15:00:00,H1,2026-01-07 15:00:00,1.04235
1,FX05,BUY,BUY,BUY,136,,,0,BULL,BULL,BULL,2026-01-07 15:00:00,H1,2026-01-07 15:00:00,1.05235
1,FX06,BUY,BUY,BUY,136,,,0,BULL,BULL,BULL,2026-01-07 15:00:00,H1,2026-01-07 15:00:00,1.06235
1,FX07,BUY,BUY,BUY,136,,,0,BULL,BULL,BULL,2026-01-07 15:00:00,H1,2026-01-07 15:00:00,1.07235
1,FX08,BUY,BUY,BUY,136,,,0,BULL,BULL,BULL,2026-01-07 15:00:00,H1,2026-01-07 15:00:00,1.08235
1,FX09,BUY,BUY,BUY,136,,,0,BULL,BULL,BULL,2026-01-07 15:00:00,H1,2026-01-07 15:00:00,1.09235
1,FX10,BUY,BUY,BUY,136,,,0,BULL,BULL,BULL,2026-01-07 15:00:00,H1,2026-01-07 15:00:00,1.10235
1,FX11,BUY,BUY,BUY,136,,,0,BULL,BULL,BULL,2026-01-07 15:00:00,H1,2026-01-07 15:00:00,1.11235
1,FX12,BUY,BUY,BUY,136,,,0,BULL,BULL,BULL,2026-01-07 15:00:00,H1,2026-01-07 15:00:00,1.12235
1,FX13,BUY,BUY,BUY,136,,,0,BULL,BULL,BULL,2026-01-07 15:00:00,H1,2026-01-07 15:00:00,1.13235
1,FX14,BUY,BUY,BUY,136,,,0,BULL,BULL,BULL,2026-01-07 15:00:00,H1,2026-01-07 15:00:00,1.14235
1,FX15,BUY,BUY,BUY,136,,,0,BULL,BULL,BULL,2026-01-07 15:00:00,H1,2026-01-07 15:00:00,1.15235
1,FX16,BUY,BUY,BUY,136,,,0,BULL,BULL,BULL,2026-01-07 15:00:00,H1,2026-01-07 15:00:00,1.16235
1,FX17,BUY,BUY,BUY,136,,,0,BULL,BULL,BULL,2026-01-07 15:00:00,H1,2026-01-07 15:00:00,1.17235
1,FX18,BUY,BUY,BUY,136,,,0,BULL,BULL,BULL,2026-01-07 15:00:00,H1,2026-01-07 15:00:00,1.18235
1,FX19,BUY,BUY,BUY,136,,,0,BULL,BULL,BULL,2026-01-07 15:00:00,H1,2026-01-07 15:00:00,1.19235
1,FX20,BUY,BUY,BUY,136,,,0,BULL,BULL,BULL,2026-01-07 15:00:00,H1,2026-01-07 15:00:00,1.20235
1,FX21,BUY,BUY,BUY,136,,,0,BULL,BULL,BULL,2026-01-07 15:00:00,H1,2026-01-07 15:00:00,1.21235
1,FX22,BUY,BUY,BUY,136,,,0,BULL,BULL,BULL,2026-01-07 15:00:00,H1,2026-01-07 15:00:00,1.22235
1,FX23,BUY,BUY,BUY,136,,,0,BULL,BULL,BULL,2026-01-07 15:00:00,H1,2026-01-07 15:00:00,1.23235
1,FX24,BUY,BUY,BUY,136,,,0,BULL,BULL,BULL,2026-01-07 15:00:00,H1,2026-01-07 15:00:00,1.24235
1,FX25,BUY,BUY,BUY,136,,,0,BULL,BULL,BULL,2026-01-07 15:00:00,H1,2026-01-07 15:00:00,1.25235
1,FX26,BUY,BUY,BUY,136,,,0,BULL,BULL,BULL,2026-01-07 15:00:00,H1,2026-01-07 15:00:00,1.26235
1,FX27,BUY,BUY,BUY,136,,,0,BULL,BULL,BULL,2026-01-07 15:00:00,H1,2026-01-07 15:00:00,1.27235
1,FX28,BUY,BUY,BUY,136,,,0,BULL,BULL,BULL,2026-01-07 15:00:00,H1,2026-01-07 15:00:00,1.28235
1,FX29,BUY,BUY,BUY,136,,,0,BULL,BULL,BULL,2026-01-07 15:00:00,H1,2026-01-07 15:00:00,1.29235
1,FX00,BUY,BUY,BUY,137,,,0,BULL,BULL,BULL,2026-01-07 16:00:00,H1,2026-01-07 16:00:00,1.00235
1,FX01,BUY,BUY,BUY,137,,,0,BULL,BULL,BULL,2026-01-07 16:00:00,H1,2026-01-07 16:00:00,1.01235
1,FX02,BUY,BUY,BUY,137,,,0,BULL,BULL,BULL,2026-01-07 16:00:00,H1,2026-01-07 16:00:00,1.02235
1,FX03,BUY,BUY,BUY,137,,,0,BULL,BULL,BULL,2026-01-07 16:00:00,H1,2026-01-07 16:00:00,1.03235
1,FX04,BUY,BUY,BUY,137,,,0,BULL,BULL,BULL,2026-01-07 16:00:00,H1,2026-01-07 16:00:00,1.04235
1,FX05,BUY,BUY,BUY,137,,,0,BULL,BULL,BULL,2026-01-07 16:00:00,H1,2026-01-07 16:00:00,1.05235
1,FX06,BUY,BUY,BUY,137,,,0,BULL,BULL,BULL,2026-01-07 16:00:00,H1,2026-01-07 16:00:00,1.06235
1,FX07,BUY,BUY,BUY,137,,,0,BULL,BULL,BULL,2026-01-07 16:00:00,H1,2026-01-07 16:00:00,1.07235
1,FX08,BUY,BUY,BUY,137,,,0,BULL,BULL,BULL,2026-01-07 16:00:00,H1,2026-01-07 16:00:00,1.08235
1,FX09,BUY,BUY,BUY,137,,,0,BULL,BULL,BULL,2026-01-07 16:00:00,H1,2026-01-07 16:00:00,1.09235
1,FX10,BUY,BUY,BUY,137,,,0,BULL,BULL,BULL,2026-01-07 16:00:00,H1,2026-01-07 16:00:00,1.10235
1,FX11,BUY,BUY,BUY,137,,,0,BULL,BULL,BULL,2026-01-07 16:00:00,H1,2026-01-07 16:00:00,1.11235
1,FX12,BUY,BUY,BUY,137,,,0,BULL,BULL,BULL,2026-01-07 16:00:00,H1,2026-01-07 16:00:00,1.12235
1,FX13,BUY,BUY,BUY,137,,,0,BULL,BULL,BULL,2026-01-07 16:00:00,H1,2026-01-07 16:00:00,1.13235
1,FX14,BUY,BUY,BUY,137,,,0,BULL,BULL,BULL,2026-01-07 16:00:00,H1,2026-01-07 16:00:00,1.14235
1,FX15,BUY,BUY,BUY,137,,,0,BULL,BULL,BULL,2026-01-07 16:00:00,H1,2026-01-07 16:00:00,1.15235
1,FX16,BUY,BUY,BUY,137,,,0,BULL,BULL,BULL,2026-01-07 16:00:00,H1,2026-01-07 16:00:00,1.16235
1,FX17,BUY,BUY,BUY,137,,,0,BULL,BULL,BULL,2026-01-07 16:00:00,H1,2026-01-07 16:00:00,1.17235
1,FX18,BUY,BUY,BUY,137,,,0,BULL,BULL,BULL,2026-01-07 16:00:00,H1,2026-01-07 16:00:00,1.18235
1,FX19,BUY,BUY,BUY,137,,,0,BULL,BULL,BULL,2026-01-07 16:00:00,H1,2026-01-07 16:00:00,1.19235
1,FX20,BUY,BUY,BUY,137,,,0,BULL,BULL,BULL,2026-01-07 16:00:00,H1,2026-01-07 16:00:00,1.20235
1,FX21,BUY,BUY,BUY,137,,,0,BULL,BULL,BULL,2026-01-07 16:00:00,H1,2026-01-07 16:00:00,1.21235
1,FX22,BUY,BUY,BUY,137,,,0,BULL,BULL,BULL,2026-01-07 16:00:00,H1,2026-01-07 16:00:00,1.22235
1,FX23,BUY,BUY,BUY,137,,,0,BULL,BULL,BULL,2026-01-07 16:00:00,H1,2026-01-07 16:00:00,1.23235
1,FX24,BUY,BUY,BUY,137,,,0,BULL,BULL,BULL,2026-01-07 16:00:00,H1,2026-01-07 16:00:00,1.24235
1,FX25,BUY,BUY,BUY,137,,,0,BULL,BULL,BULL,2026-01-07 16:00:00,H1,2026-01-07 16:00:00,1.25235
1,FX26,BUY,BUY,BUY,137,,,0,BULL,BULL,BULL,2026-01-07 16:00:00,H1,2026-01-07 16:00:00,1.26235
1,FX27,BUY,BUY,BUY,137,,,0,BULL,BULL,BULL,2026-01-07 16:00:00,H1,2026-01-07 16:00:00,1.27235
1,FX28,BUY,BUY,BUY,137,,,0,BULL,BULL,BULL,2026-01-07 16:00:00,H1,2026-01-07 16:00:00,1.28235
1,FX29,BUY,BUY,BUY,137,,,0,BULL,BULL,BULL,2026-01-07 16:00:00,H1,2026-01-07 16:00:00,1.29235
1,FX00,BUY,BUY,BUY,138,,,0,BULL,BULL,BULL,2026-01-07 17:00:00,H1,2026-01-07 17:00:00,1.00235
1,FX01,BUY,BUY,BUY,138,,,0,BULL,BULL,BULL,2026-01-07 17:00:00,H1,2026-01-07 17:00:00,1.01235
1,FX02,BUY,BUY,BUY,138,,,0,BULL,BULL,BULL,2026-01-07 17:00:00,H1,2026-01-07 17:00:00,1.02235
1,FX03,BUY,BUY,BUY,138,,,0,BULL,BULL,BULL,2026-01-07 17:00:00,H1,2026-01-07 17:00:00,1.03235
1,FX04,BUY,BUY,BUY,138,,,0,BULL,BULL,BULL,2026-01-07 17:00:00,H1,2026-01-07 17:00:00,1.04235
1,FX05,BUY,BUY,BUY,138,,,0,BULL,BULL,BULL,2026-01-07 17:00:00,H1,2026-01-07 17:00:00,1.05235
1,FX06,BUY,BUY,BUY,138,,,0,BULL,BULL,BULL,2026-01-07 17:00:00,H1,2026-01-07 17:00:00,1.06235
1,FX07,BUY,BUY,BUY,138,,,0,BULL,BULL,BULL,2026-01-07 17:00:00,H1,2026-01-07 17:00:00,1.07235
1,FX08,BUY,BUY,BUY,138,,,0,BULL,BULL,BULL,2026-01-07 17:00:00,H1,2026-01-07 17:00:00,1.08235
1,FX09,BUY,BUY,BUY,138,,,0,BULL,BULL,BULL,2026-01-07 17:00:00,H1,2026-01-07 17:00:00,1.09235
1,FX10,BUY,BUY,BUY,138,,,0,BULL,BULL,BULL,2026-01-07 17:00:00,H1,2026-01-07 17:00:00,1.10235
1,FX11,BUY,BUY,BUY,138,,,0,BULL,BULL,BULL,2026-01-07 17:00:00,H1,2026-01-07 17:00:00,1.11235
1,FX12,BUY,BUY,BUY,138,,,0,BULL,BULL,BULL,2026-01-07 17:00:00,H1,2026-01-07 17:00:00,1.12235
1,FX13,BUY,BUY,BUY,138,,,0,BULL,BULL,BULL,2026-01-07 17:00:00,H1,2026-01-07 17:00:00,1.13235
1,FX14,BUY,BUY,BUY,138,,,0,BULL,BULL,BULL,2026-01-07 17:00:00,H1,2026-01-07 17:00:00,1.14235
1,FX15,BUY,BUY,BUY,138,,,0,BULL,BULL,BULL,2026-01-07 17:00:00,H1,2026-01-07 17:00:00,1.15235
1,FX16,BUY,BUY,BUY,138,,,0,BULL,BULL,BULL,2026-01-07 17:00:00,H1,2026-01-07 17:00:00,1.16235
1,FX17,BUY,BUY,BUY,138,,,0,BULL,BULL,BULL,2026-01-07 17:00:00,H1,2026-01-07 17:00:00,1.17235
1,FX18,BUY,BUY,BUY,138,,,0,BULL,BULL,BULL,2026-01-07 17:00:00,H1,2026-01-07 17:00:00,1.18235
1,FX19,BUY,BUY,BUY,138,,,0,BULL,BULL,BULL,2026-01-07 17:00:00,H1,2026-01-07 17:00:00,1.19235
1,FX20,BUY,BUY,BUY,138,,,0,BULL,BULL,BULL,2026-01-07 17:00:00,H1,2026-01-07 17:00:00,1.20235
1,FX21,BUY,BUY,BUY,138,,,0,BULL,BULL,BULL,2026-01-07 17:00:00,H1,2026-01-07 17:00:00,1.21235
1,FX22,BUY,BUY,BUY,138,,,0,BULL,BULL,BULL,2026-01-07 17:00:00,H1,2026-01-07 17:00:00,1.22235
1,FX23,BUY,BUY,BUY,138,,,0,BULL,BULL,BULL,2026-01-07 17:00:00,H1,2026-01-07 17:00:00,1.23235
1,FX24,BUY,BUY,BUY,138,,,0,BULL,BULL,BULL,2026-01-07 17:00:00,H1,2026-01-07 17:00:00,1.24235
1,FX25,BUY,BUY,BUY,138,,,0,BULL,BULL,BULL,2026-01-07 17:00:00,H1,2026-01-07 17:00:00,1.25235
1,FX26,BUY,BUY,BUY,138,,,0,BULL,BULL,BULL,2026-01-07 17:00:00,H1,2026-01-07 17:00:00,1.26235
1,FX27,BUY,BUY,BUY,138,,,0,BULL,BULL,BULL,2026-01-07 17:00:00,H1,2026-01-07 17:00:00,1.27235
1,FX28,BUY,BUY,BUY,138,,,0,BULL,BULL,BULL,2026-01-07 17:00:00,H1,2026-01-07 17:00:00,1.28235
1,FX29,BUY,BUY,BUY,138,,,0,BULL,BULL,BULL,2026-01-07 17:00:00,H1,2026-01-07 17:00:00,1.29235
1,FX00,BUY,BUY,BUY,139,,,0,BULL,BULL,BULL,2026-01-07 18:00:00,H1,2026-01-07 18:00:00,1.00235
1,FX01,BUY,BUY,BUY,139,,,0,BULL,BULL,BULL,2026-01-07 18:00:00,H1,2026-01-07 18:00:00,1.01235
1,FX02,BUY,BUY,BUY,139,,,0,BULL,BULL,BULL,2026-01-07 18:00:00,H1,2026-01-07 18:00:00,1.02235
1,FX03,BUY,BUY,BUY,139,,,0,BULL,BULL,BULL,2026-01-07 18:00:00,H1,2026-01-07 18:00:00,1.03235
1,FX04,BUY,BUY,BUY,139,,,0,BULL,BULL,BULL,2026-01-07 18:00:00,H1,2026-01-07 18:00:00,1.04235
1,FX05,BUY,BUY,BUY,139,,,0,BULL,BULL,BULL,2026-01-07 18:00:00,H1,2026-01-07 18:00:00,1.05235
1,FX06,BUY,BUY,BUY,139,,,0,BULL,BULL,BULL,2026-01-07 18:00:00,H1,2026-01-07 18:00:00,1.06235
1,FX07,BUY,BUY,BUY,139,,,0,BULL,BULL,BULL,2026-01-07 18:00:00,H1,2026-01-07 18:00:00,1.07235
1,FX08,BUY,BUY,BUY,139,,,0,BULL,BULL,BULL,2026-01-07 18:00:00,H1,2026-01-07 18:00:00,1.08235
1,FX09,BUY,BUY,BUY,139,,,0,BULL,BULL,BULL,2026-01-07 18:00:00,H1,2026-01-07 18:00:00,1.09235
1,FX10,BUY,BUY,BUY,139,,,0,BULL,BULL,BULL,2026-01-07 18:00:00,H1,2026-01-07 18:00:00,1.10235
1,FX11,BUY,BUY,BUY,139,,,0,BULL,BULL,BULL,2026-01-07 18:00:00,H1,2026-01-07 18:00:00,1.11235
1,FX12,BUY,BUY,BUY,139,,,0,BULL,BULL,BULL,2026-01-07 18:00:00,H1,2026-01-07 18:00:00,1.12235
1,FX13,BUY,BUY,BUY,139,,,0,BULL,BULL,BULL,2026-01-07 18:00:00,H1,2026-01-07 18:00:00,1.13235
1,FX14,BUY,BUY,BUY,139,,,0,BULL,BULL,BULL,2026-01-07 18:00:00,H1,2026-01-07 18:00:00,1.14235
1,FX15,BUY,BUY,BUY,139,,,0,BULL,BULL,BULL,2026-01-07 18:00:00,H1,2026-01-07 18:00:00,1.15235
1,FX16,BUY,BUY,BUY,139,,,0,BULL,BULL,BULL,2026-01-07 18:00:00,H1,2026-01-07 18:00:00,1.16235
1,FX17,BUY,BUY,BUY,139,,,0,BULL,BULL,BULL,2026-01-07 18:00:00,H1,2026-01-07 18:00:00,1.17235
1,FX18,BUY,BUY,BUY,139,,,0,BULL,BULL,BULL,2026-01-07 18:00:00,H1,2026-01-07 18:00:00,1.18235
1,FX19,BUY,BUY,BUY,139,,,0,BULL,BULL,BULL,2026-01-07 18:00:00,H1,2026-01-07 18:00:00,1.19235
1,FX20,BUY,BUY,BUY,139,,,0,BULL,BULL,BULL,2026-01-07 18:00:00,H1,2026-01-07 18:00:00,1.20235
1,FX21,BUY,BUY,BUY,139,,,0,BULL,BULL,BULL,2026-01-07 18:00:00,H1,2026-01-07 18:00:00,1.21235
1,FX22,BUY,BUY,BUY,139,,,0,BULL,BULL,BULL,2026-01-07 18:00:00,H1,2026-01-07 18:00:00,1.22235
1,FX23,BUY,BUY,BUY,139,,,0,BULL,BULL,BULL,2026-01-07 18:00:00,H1,2026-01-07 18:00:00,1.23235
1,FX24,BUY,BUY,BUY,139,,,0,BULL,BULL,BULL,2026-01-07 18:00:00,H1,2026-01-07 18:00:00,1.24235
1,FX25,BUY,BUY,BUY,139,,,0,BULL,BULL,BULL,2026-01-07 18:00:00,H1,2026-01-07 18:00:00,1.25235
1,FX26,BUY,BUY,BUY,139,,,0,BULL,BULL,BULL,2026-01-07 18:00:00,H1,2026-01-07 18:00:00,1.26235
1,FX27,BUY,BUY,BUY,139,,,0,BULL,BULL,BULL,2026-01-07 18:00:00,H1,2026-01-07 18:00:00,1.27235
1,FX28,BUY,BUY,BUY,139,,,0,BULL,BULL,BULL,2026-01-07 18:00:00,H1,2026-01-07 18:00:00,1.28235
1,FX29,BUY,BUY,BUY,139,,,0,BULL,BULL,BULL,2026-01-07 18:00:00,H1,2026-01-07 18:00:00,1.29235
1,FX00,BUY,BUY,BUY,140,,,0,BULL,BULL,BULL,2026-01-07 19:00:00,H1,2026-01-07 19:00:00,1.00235
1,FX01,BUY,BUY,BUY,140,,,0,BULL,BULL,BULL,2026-01-07 19:00:00,H1,2026-01-07 19:00:00,1.01235
1,FX02,BUY,BUY,BUY,140,,,0,BULL,BULL,BULL,2026-01-07 19:00:00,H1,2026-01-07 19:00:00,1.02235
1,FX03,BUY,BUY,BUY,140,,,0,BULL,BULL,BULL,2026-01-07 19:00:00,H1,2026-01-07 19:00:00,1.03235
1,FX04,BUY,BUY,BUY,140,,,0,BULL,BULL,BULL,2026-01-07 19:00:00,H1,2026-01-07 19:00:00,1.04235
1,FX05,BUY,BUY,BUY,140,,,0,BULL,BULL,BULL,2026-01-07 19:00:00,H1,2026-01-07 19:00:00,1.05235
1,FX06,BUY,BUY,BUY,140,,,0,BULL,BULL,BULL,2026-01-07 19:00:00,H1,2026-01-07 19:00:00,1.06235
1,FX07,BUY,BUY,BUY,140,,,0,BULL,BULL,BULL,2026-01-07 19:00:00,H1,2026-01-07 19:00:00,1.07235
1,FX08,BUY,BUY,BUY,140,,,0,BULL,BULL,BULL,2026-01-07 19:00:00,H1,2026-01-07 19:00:00,1.08235
1,FX09,BUY,BUY,BUY,140,,,0,BULL,BULL,BULL,2026-01-07 19:00:00,H1,2026-01-07 19:00:00,1.09235
1,FX10,BUY,BUY,BUY,140,,,0,BULL,BULL,BULL,2026-01-07 19:00:00,H1,2026-01-07 19:00:00,1.10235
1,FX11,BUY,BUY,BUY,140,,,0,BULL,BULL,BULL,2026-01-07 19:00:00,H1,2026-01-07 19:00:00,1.11235
1,FX12,BUY,BUY,BUY,140,,,0,BULL,BULL,BULL,2026-01-07 19:00:00,H1,2026-01-07 19:00:00,1.12235
1,FX13,BUY,BUY,BUY,140,,,0,BULL,BULL,BULL,2026-01-07 19:00:00,H1,2026-01-07 19:00:00,1.13235
1,FX14,BUY,BUY,BUY,140,,,0,BULL,BULL,BULL,2026-01-07 19:00:00,H1,2026-01-07 19:00:00,1.14235
1,FX15,BUY,BUY,BUY,140,,,0,BULL,BULL,BULL,2026-01-07 19:00:00,H1,2026-01-07 19:00:00,1.15235
1,FX16,BUY,BUY,BUY,140,,,0,BULL,BULL,BULL,2026-01-07 19:00:00,H1,2026-01-07 19:00:00,1.16235
1,FX17,BUY,BUY,BUY,140,,,0,BULL,BULL,BULL,2026-01-07 19:00:00,H1,2026-01-07 19:00:00,1.17235
1,FX18,BUY,BUY,BUY,140,,,0,BULL,BULL,BULL,2026-01-07 19:00:00,H1,2026-01-07 19:00:00,1.18235
1,FX19,BUY,BUY,BUY,140,,,0,BULL,BULL,BULL,2026-01-07 19:00:00,H1,2026-01-07 19:00:00,1.19235
1,FX20,BUY,BUY,BUY,140,,,0,BULL,BULL,BULL,2026-01-07 19:00:00,H1,2026-01-07 19:00:00,1.20235
1,FX21,BUY,BUY,BUY,140,,,0,BULL,BULL,BULL,2026-01-07 19:00:00,H1,2026-01-07 19:00:00,1.21235
1,FX22,BUY,BUY,BUY,140,,,0,BULL,BULL,BULL,2026-01-07 19:00:00,H1,2026-01-07 19:00:00,1.22235
1,FX23,BUY,BUY,BUY,140,,,0,BULL,BULL,BULL,2026-01-07 19:00:00,H1,2026-01-07 19:00:00,1.23235
1,FX24,BUY,BUY,BUY,140,,,0,BULL,BULL,BULL,2026-01-07 19:00:00,H1,2026-01-07 19:00:00,1.24235
1,FX25,BUY,BUY,BUY,140,,,0,BULL,BULL,BULL,2026-01-07 19:00:00,H1,2026-01-07 19:00:00,1.25235
1,FX26,BUY,BUY,BUY,140,,,0,BULL,BULL,BULL,2026-01-07 19:00:00,H1,2026-01-07 19:00:00,1.26235
1,FX27,BUY,BUY,BUY,140,,,0,BULL,BULL,BULL,2026-01-07 19:00:00,H1,2026-01-07 19:00:00,1.27235
1,FX28,BUY,BUY,BUY,140,,,0,BULL,BULL,BULL,2026-01-07 19:00:00,H1,2026-01-07 19:00:00,1.28235
1,FX29,BUY,BUY,BUY,140,,,0,BULL,BULL,BULL,2026-01-07 19:00:00,H1,2026-01-07 19:00:00,1.29235
1,FX00,BUY,BUY,BUY,141,,,0,BULL,BULL,BULL,2026-01-07 20:00:00,H1,2026-01-07 20:00:00,1.00235
1,FX01,BUY,BUY,BUY,141,,,0,BULL,BULL,BULL,2026-01-07 20:00:00,H1,2026-01-07 20:00:00,1.01235
1,FX02,BUY,BUY,BUY,141,,,0,BULL,BULL,BULL,2026-01-07 20:00:00,H1,2026-01-07 20:00:00,1.02235
1,FX03,BUY,BUY,BUY,141,,,0,BULL,BULL,BULL,2026-01-07 20:00:00,H1,2026-01-07 20:00:00,1.03235
1,FX04,BUY,BUY,BUY,141,,,0,BULL,BULL,BULL,2026-01-07 20:00:00,H1,2026-01-07 20:00:00,1.04235
1,FX05,BUY,BUY,BUY,141,,,0,BULL,BULL,BULL,2026-01-07 20:00:00,H1,2026-01-07 20:00:00,1.05235
1,FX06,BUY,BUY,BUY,141,,,0,BULL,BULL,BULL,2026-01-07 20:00:00,H1,2026-01-07 20:00:00,1.06235
1,FX07,BUY,BUY,BUY,141,,,0,BULL,BULL,BULL,2026-01-07 20:00:00,H1,2026-01-07 20:00:00,1.07235
1,FX08,BUY,BUY,BUY,141,,,0,BULL,BULL,BULL,2026-01-07 20:00:00,H1,2026-01-07 20:00:00,1.08235
1,FX09,BUY,BUY,BUY,141,,,0,BULL,BULL,BULL,2026-01-07 20:00:00,H1,2026-01-07 20:00:00,1.09235
1,FX10,BUY,BUY,BUY,141,,,0,BULL,BULL,BULL,2026-01-07 20:00:00,H1,2026-01-07 20:00:00,1.10235
1,FX11,BUY,BUY,BUY,141,,,0,BULL,BULL,BULL,2026-01-07 20:00:00,H1,2026-01-07 20:00:00,1.11235
1,FX12,BUY,BUY,BUY,141,,,0,BULL,BULL,BULL,2026-01-07 20:00:00,H1,2026-01-07 20:00:00,1.12235
1,FX13,BUY,BUY,BUY,141,,,0,BULL,BULL,BULL,2026-01-07 20:00:00,H1,2026-01-07 20:00:00,1.13235
1,FX14,BUY,BUY,BUY,141,,,0,BULL,BULL,BULL,2026-01-07 20:00:00,H1,2026-01-07 20:00:00,1.14235
1,FX15,BUY,BUY,BUY,141,,,0,BULL,BULL,BULL,2026-01-07 20:00:00,H1,2026-01-07 20:00:00,1.15235
1,FX16,BUY,BUY,BUY,141,,,0,BULL,BULL,BULL,2026-01-07 20:00:00,H1,2026-01-07 20:00:00,1.16235
1,FX17,BUY,BUY,BUY,141,,,0,BULL,BULL,BULL,2026-01-07 20:00:00,H1,2026-01-07 20:00:00,1.17235
1,FX18,BUY,BUY,BUY,141,,,0,BULL,BULL,BULL,2026-01-07 20:00:00,H1,2026-01-07 20:00:00,1.18235
1,FX19,BUY,BUY,BUY,141,,,0,BULL,BULL,BULL,2026-01-07 20:00:00,H1,2026-01-07 20:00:00,1.19235
1,FX20,BUY,BUY,BUY,141,,,0,BULL,BULL,BULL,2026-01-07 20:00:00,H1,2026-01-07 20:00:00,1.20235
1,FX21,BUY,BUY,BUY,141,,,0,BULL,BULL,BULL,2026-01-07 20:00:00,H1,2026-01-07 20:00:00,1.21235
1,FX22,BUY,BUY,BUY,141,,,0,BULL,BULL,BULL,2026-01-07 20:00:00,H1,2026-01-07 20:00:00,1.22235
1,FX23,BUY,BUY,BUY,141,,,0,BULL,BULL,BULL,2026-01-07 20:00:00,H1,2026-01-07 20:00:00,1.23235
1,FX24,BUY,BUY,BUY,141,,,0,BULL,BULL,BULL,2026-01-07 20:00:00,H1,2026-01-07 20:00:00,1.24235
1,FX25,BUY,BUY,BUY,141,,,0,BULL,BULL,BULL,2026-01-07 20:00:00,H1,2026-01-07 20:00:00,1.25235
1,FX26,BUY,BUY,BUY,141,,,0,BULL,BULL,BULL,2026-01-07 20:00:00,H1,2026-01-07 20:00:00,1.26235
1,FX27,BUY,BUY,BUY,141,,,0,BULL,BULL,BULL,2026-01-07 20:00:00,H1,2026-01-07 20:00:00,1.27235
1,FX28,BUY,BUY,BUY,141,,,0,BULL,BULL,BULL,2026-01-07 20:00:00,H1,2026-01-07 20:00:00,1.28235
1,FX29,BUY,BUY,BUY,141,,,0,BULL,BULL,BULL,2026-01-07 20:00:00,H1,2026-01-07 20:00:00,1.29235
1,FX00,BUY,BUY,BUY,142,,,0,BULL,BULL,BULL,2026-01-07 21:00:00,H1,2026-01-07 21:00:00,1.00235
1,FX01,BUY,BUY,BUY,142,,,0,BULL,BULL,BULL,2026-01-07 21:00:00,H1,2026-01-07 21:00:00,1.01235
1,FX02,BUY,BUY,BUY,142,,,0,BULL,BULL,BULL,2026-01-07 21:00:00,H1,2026-01-07 21:00:00,1.02235
1,FX03,BUY,BUY,BUY,142,,,0,BULL,BULL,BULL,2026-01-07 21:00:00,H1,2026-01-07 21:00:00,1.03235
1,FX04,BUY,BUY,BUY,142,,,0,BULL,BULL,BULL,2026-01-07 21:00:00,H1,2026-01-07 21:00:00,1.04235
1,FX05,BUY,BUY,BUY,142,,,0,BULL,BULL,BULL,2026-01-07 21:00:00,H1,2026-01-07 21:00:00,1.05235
1,FX06,BUY,BUY,BUY,142,,,0,BULL,BULL,BULL,2026-01-07 21:00:00,H1,2026-01-07 21:00:00,1.06235
1,FX07,BUY,BUY,BUY,142,,,0,BULL,BULL,BULL,2026-01-07 21:00:00,H1,2026-01-07 21:00:00,1.07235
1,FX08,BUY,BUY,BUY,142,,,0,BULL,BULL,BULL,2026-01-07 21:00:00,H1,2026-01-07 21:00:00,1.08235
1,FX09,BUY,BUY,BUY,142,,,0,BULL,BULL,BULL,2026-01-07 21:00:00,H1,2026-01-07 21:00:00,1.09235
1,FX10,BUY,BUY,BUY,142,,,0,BULL,BULL,BULL,2026-01-07 21:00:00,H1,2026-01-07 21:00:00,1.10235
1,FX11,BUY,BUY,BUY,142,,,0,BULL,BULL,BULL,2026-01-07 21:00:00,H1,2026-01-07 21:00:00,1.11235
1,FX12,BUY,BUY,BUY,142,,,0,BULL,BULL,BULL,2026-01-07 21:00:00,H1,2026-01-07 21:00:00,1.12235
1,FX13,BUY,BUY,BUY,142,,,0,BULL,BULL,BULL,2026-01-07 21:00:00,H1,2026-01-07 21:00:00,1.13235
1,FX14,BUY,BUY,BUY,142,,,0,BULL,BULL,BULL,2026-01-07 21:00:00,H1,2026-01-07 21:00:00,1.14235
1,FX15,BUY,BUY,BUY,142,,,0,BULL,BULL,BULL,2026-01-07 21:00:00,H1,2026-01-07 21:00:00,1.15235
1,FX16,BUY,BUY,BUY,142,,,0,BULL,BULL,BULL,2026-01-07 21:00:00,H1,2026-01-07 21:00:00,1.16235
1,FX17,BUY,BUY,BUY,142,,,0,BULL,BULL,BULL,2026-01-07 21:00:00,H1,2026-01-07 21:00:00,1.17235
1,FX18,BUY,BUY,BUY,142,,,0,BULL,BULL,BULL,2026-01-07 21:00:00,H1,2026-01-07 21:00:00,1.18235
1,FX19,BUY,BUY,BUY,142,,,0,BULL,BULL,BULL,2026-01-07 21:00:00,H1,2026-01-07 21:00:00,1.19235
1,FX20,BUY,BUY,BUY,142,,,0,BULL,BULL,BULL,2026-01-07 21:00:00,H1,2026-01-07 21:00:00,1.20235
1,FX21,BUY,BUY,BUY,142,,,0,BULL,BULL,BULL,2026-01-07 21:00:00,H1,2026-01-07 21:00:00,1.21235
1,FX22,BUY,BUY,BUY,142,,,0,BULL,BULL,BULL,2026-01-07 21:00:00,H1,2026-01-07 21:00:00,1.22235
1,FX23,BUY,BUY,BUY,142,,,0,BULL,BULL,BULL,2026-01-07 21:00:00,H1,2026-01-07 21:00:00,1.23235
1,FX24,BUY,BUY,BUY,142,,,0,BULL,BULL,BULL,2026-01-07 21:00:00,H1,2026-01-07 21:00:00,1.24235
1,FX25,BUY,BUY,BUY,142,,,0,BULL,BULL,BULL,2026-01-07 21:00:00,H1,2026-01-07 21:00:00,1.25235
1,FX26,BUY,BUY,BUY,142,,,0,BULL,BULL,BULL,2026-01-07 21:00:00,H1,2026-01-07 21:00:00,1.26235
1,FX27,BUY,BUY,BUY,142,,,0,BULL,BULL,BULL,2026-01-07 21:00:00,H1,2026-01-07 21:00:00,1.27235
1,FX28,BUY,BUY,BUY,142,,,0,BULL,BULL,BULL,2026-01-07 21:00:00,H1,2026-01-07 21:00:00,1.28235
1,FX29,BUY,BUY,BUY,142,,,0,BULL,BULL,BULL,2026-01-07 21:00:00,H1,2026-01-07 21:00:00,1.29235
1,FX00,BUY,BUY,BUY,143,,,0,BULL,BULL,BULL,2026-01-07 22:00:00,H1,2026-01-07 22:00:00,1.00235
1,FX01,BUY,BUY,BUY,143,,,0,BULL,BULL,BULL,2026-01-07 22:00:00,H1,2026-01-07 22:00:00,1.01235
1,FX02,BUY,BUY,BUY,143,,,0,BULL,BULL,BULL,2026-01-07 22:00:00,H1,2026-01-07 22:00:00,1.02235
1,FX03,BUY,BUY,BUY,143,,,0,BULL,BULL,BULL,2026-01-07 22:00:00,H1,2026-01-07 22:00:00,1.03235
1,FX04,BUY,BUY,BUY,143,,,0,BULL,BULL,BULL,2026-01-07 22:00:00,H1,2026-01-07 22:00:00,1.04235
1,FX05,BUY,BUY,BUY,143,,,0,BULL,BULL,BULL,2026-01-07 22:00:00,H1,2026-01-07 22:00:00,1.05235
1,FX06,BUY,BUY,BUY,143,,,0,BULL,BULL,BULL,2026-01-07 22:00:00,H1,2026-01-07 22:00:00,1.06235
1,FX07,BUY,BUY,BUY,143,,,0,BULL,BULL,BULL,2026-01-07 22:00:00,H1,2026-01-07 22:00:00,1.07235
1,FX08,BUY,BUY,BUY,143,,,0,BULL,BULL,BULL,2026-01-07 22:00:00,H1,2026-01-07 22:00:00,1.08235
1,FX09,BUY,BUY,BUY,143,,,0,BULL,BULL,BULL,2026-01-07 22:00:00,H1,2026-01-07 22:00:00,1.09235
1,FX10,BUY,BUY,BUY,143,,,0,BULL,BULL,BULL,2026-01-07 22:00:00,H1,2026-01-07 22:00:00,1.10235
1,FX11,BUY,BUY,BUY,143,,,0,BULL,BULL,BULL,2026-01-07 22:00:00,H1,2026-01-07 22:00:00,1.11235
1,FX12,BUY,BUY,BUY,143,,,0,BULL,BULL,BULL,2026-01-07 22:00:00,H1,2026-01-07 22:00:00,1.12235
1,FX13,BUY,BUY,BUY,143,,,0,BULL,BULL,BULL,2026-01-07 22:00:00,H1,2026-01-07 22:00:00,1.13235
1,FX14,BUY,BUY,BUY,143,,,0,BULL,BULL,BULL,2026-01-07 22:00:00,H1,2026-01-07 22:00:00,1.14235
1,FX15,BUY,BUY,BUY,143,,,0,BULL,BULL,BULL,2026-01-07 22:00:00,H1,2026-01-07 22:00:00,1.15235
1,FX16,BUY,BUY,BUY,143,,,0,BULL,BULL,BULL,2026-01-07 22:00:00,H1,2026-01-07 22:00:00,1.16235
1,FX17,BUY,BUY,BUY,143,,,0,BULL,BULL,BULL,2026-01-07 22:00:00,H1,2026-01-07 22:00:00,1.17235
1,FX18,BUY,BUY,BUY,143,,,0,BULL,BULL,BULL,2026-01-07 22:00:00,H1,2026-01-07 22:00:00,1.18235
1,FX19,BUY,BUY,BUY,143,,,0,BULL,BULL,BULL,2026-01-07 22:00:00,H1,2026-01-07 22:00:00,1.19235
1,FX20,BUY,BUY,BUY,143,,,0,BULL,BULL,BULL,2026-01-07 22:00:00,H1,2026-01-07 22:00:00,1.20235
1,FX21,BUY,BUY,BUY,143,,,0,BULL,BULL,BULL,2026-01-07 22:00:00,H1,2026-01-07 22:00:00,1.21235
1,FX22,BUY,BUY,BUY,143,,,0,BULL,BULL,BULL,2026-01-07 22:00:00,H1,2026-01-07 22:00:00,1.22235
1,FX23,BUY,BUY,BUY,143,,,0,BULL,BULL,BULL,2026-01-07 22:00:00,H1,2026-01-07 22:00:00,1.23235
1,FX24,BUY,BUY,BUY,143,,,0,BULL,BULL,BULL,2026-01-07 22:00:00,H1,2026-01-07 22:00:00,1.24235
1,FX25,BUY,BUY,BUY,143,,,0,BULL,BULL,BULL,2026-01-07 22:00:00,H1,2026-01-07 22:00:00,1.25235
1,FX26,BUY,BUY,BUY,143,,,0,BULL,BULL,BULL,2026-01-07 22:00:00,H1,2026-01-07 22:00:00,1.26235
1,FX27,BUY,BUY,BUY,143,,,0,BULL,BULL,BULL,2026-01-07 22:00:00,H1,2026-01-07 22:00:00,1.27235
1,FX28,BUY,BUY,BUY,143,,,0,BULL,BULL,BULL,2026-01-07 22:00:00,H1,2026-01-07 22:00:00,1.28235
1,FX29,BUY,BUY,BUY,143,,,0,BULL,BULL,BULL,2026-01-07 22:00:00,H1,2026-01-07 22:00:00,1.29235
1,FX00,BUY,BUY,BUY,144,,,0,BULL,BULL,BULL,2026-01-07 23:00:00,H1,2026-01-07 23:00:00,1.00235
1,FX01,BUY,BUY,BUY,144,,,0,BULL,BULL,BULL,2026-01-07 23:00:00,H1,2026-01-07 23:00:00,1.01235
1,FX02,BUY,BUY,BUY,144,,,0,BULL,BULL,BULL,2026-01-07 23:00:00,H1,2026-01-07 23:00:00,1.02235
1,FX03,BUY,BUY,BUY,144,,,0,BULL,BULL,BULL,2026-01-07 23:00:00,H1,2026-01-07 23:00:00,1.03235
1,FX04,BUY,BUY,BUY,144,,,0,BULL,BULL,BULL,2026-01-07 23:00:00,H1,2026-01-07 23:00:00,1.04235
1,FX05,BUY,BUY,BUY,144,,,0,BULL,BULL,BULL,2026-01-07 23:00:00,H1,2026-01-07 23:00:00,1.05235
1,FX06,BUY,BUY,BUY,144,,,0,BULL,BULL,BULL,2026-01-07 23:00:00,H1,2026-01-07 23:00:00,1.06235
1,FX07,BUY,BUY,BUY,144,,,0,BULL,BULL,BULL,2026-01-07 23:00:00,H1,2026-01-07 23:00:00,1.07235
1,FX08,BUY,BUY,BUY,144,,,0,BULL,BULL,BULL,2026-01-07 23:00:00,H1,2026-01-07 23:00:00,1.08235
1,FX09,BUY,BUY,BUY,144,,,0,BULL,BULL,BULL,2026-01-07 23:00:00,H1,2026-01-07 23:00:00,1.09235
1,FX10,BUY,BUY,BUY,144,,,0,BULL,BULL,BULL,2026-01-07 23:00:00,H1,2026-01-07 23:00:00,1.10235
1,FX11,BUY,BUY,BUY,144,,,0,BULL,BULL,BULL,2026-01-07 23:00:00,H1,2026-01-07 23:00:00,1.11235
1,FX12,BUY,BUY,BUY,144,,,0,BULL,BULL,BULL,2026-01-07 23:00:00,H1,2026-01-07 23:00:00,1.12235
1,FX13,BUY,BUY,BUY,144,,,0,BULL,BULL,BULL,2026-01-07 23:00:00,H1,2026-01-07 23:00:00,1.13235
1,FX14,BUY,BUY,BUY,144,,,0,BULL,BULL,BULL,2026-01-07 23:00:00,H1,2026-01-07 23:00:00,1.14235
1,FX15,BUY,BUY,BUY,144,,,0,BULL,BULL,BULL,2026-01-07 23:00:00,H1,2026-01-07 23:00:00,1.15235
1,FX16,BUY,BUY,BUY,144,,,0,BULL,BULL,BULL,2026-01-07 23:00:00,H1,2026-01-07 23:00:00,1.16235
1,FX17,BUY,BUY,BUY,144,,,0,BULL,BULL,BULL,2026-01-07 23:00:00,H1,2026-01-07 23:00:00,1.17235
1,FX18,BUY,BUY,BUY,144,,,0,BULL,BULL,BULL,2026-01-07 23:00:00,H1,2026-01-07 23:00:00,1.18235
1,FX19,BUY,BUY,BUY,144,,,0,BULL,BULL,BULL,2026-01-07 23:00:00,H1,2026-01-07 23:00:00,1.19235
1,FX20,BUY,BUY,BUY,144,,,0,BULL,BULL,BULL,2026-01-07 23:00:00,H1,2026-01-07 23:00:00,1.20235
1,FX21,BUY,BUY,BUY,144,,,0,BULL,BULL,BULL,2026-01-07 23:00:00,H1,2026-01-07 23:00:00,1.21235
1,FX22,BUY,BUY,BUY,144,,,0,BULL,BULL,BULL,2026-01-07 23:00:00,H1,2026-01-07 23:00:00,1.22235
1,FX23,BUY,BUY,BUY,144,,,0,BULL,BULL,BULL,2026-01-07 23:00:00,H1,2026-01-07 23:00:00,1.23235
1,FX24,BUY,BUY,BUY,144,,,0,BULL,BULL,BULL,2026-01-07 23:00:00,H1,2026-01-07 23:00:00,1.24235
1,FX25,BUY,BUY,BUY,144,,,0,BULL,BULL,BULL,2026-01-07 23:00:00,H1,2026-01-07 23:00:00,1.25235
1,FX26,BUY,BUY,BUY,144,,,0,BULL,BULL,BULL,2026-01-07 23:00:00,H1,2026-01-07 23:00:00,1.26235
1,FX27,BUY,BUY,BUY,144,,,0,BULL,BULL,BULL,2026-01-07 23:00:00,H1,2026-01-07 23:00:00,1.27235
1,FX28,BUY,BUY,BUY,144,,,0,BULL,BULL,BULL,2026-01-07 23:00:00,H1,2026-01-07 23:00:00,1.28235
1,FX29,BUY,BUY,BUY,144,,,0,BULL,BULL,BULL,2026-01-07 23:00:00,H1,2026-01-07 23:00:00,1.29235
1,FX00,BUY,BUY,BUY,145,,,0,BULL,BULL,BULL,2026-01-08 00:00:00,H1,2026-01-08 00:00:00,1.00235
1,FX01,BUY,BUY,BUY,145,,,0,BULL,BULL,BULL,2026-01-08 00:00:00,H1,2026-01-08 00:00:00,1.01235
1,FX02,BUY,BUY,BUY,145,,,0,BULL,BULL,BULL,2026-01-08 00:00:00,H1,2026-01-08 00:00:00,1.02235
1,FX03,BUY,BUY,BUY,145,,,0,BULL,BULL,BULL,2026-01-08 00:00:00,H1,2026-01-08 00:00:00,1.03235
1,FX04,BUY,BUY,BUY,145,,,0,BULL,BULL,BULL,2026-01-08 00:00:00,H1,2026-01-08 00:00:00,1.04235
1,FX05,BUY,BUY,BUY,145,,,0,BULL,BULL,BULL,2026-01-08 00:00:00,H1,2026-01-08 00:00:00,1.05235
1,FX06,BUY,BUY,BUY,145,,,0,BULL,BULL,BULL,2026-01-08 00:00:00,H1,2026-01-08 00:00:00,1.06235
1,FX07,BUY,BUY,BUY,145,,,0,BULL,BULL,BULL,2026-01-08 00:00:00,H1,2026-01-08 00:00:00,1.07235
1,FX08,BUY,BUY,BUY,145,,,0,BULL,BULL,BULL,2026-01-08 00:00:00,H1,2026-01-08 00:00:00,1.08235
1,FX09,BUY,BUY,BUY,145,,,0,BULL,BULL,BULL,2026-01-08 00:00:00,H1,2026-01-08 00:00:00,1.09235
1,FX10,BUY,BUY,BUY,145,,,0,BULL,BULL,BULL,2026-01-08 00:00:00,H1,2026-01-08 00:00:00,1.10235
1,FX11,BUY,BUY,BUY,145,,,0,BULL,BULL,BULL,2026-01-08 00:00:00,H1,2026-01-08 00:00:00,1.11235
1,FX12,BUY,BUY,BUY,145,,,0,BULL,BULL,BULL,2026-01-08 00:00:00,H1,2026-01-08 00:00:00,1.12235
1,FX13,BUY,BUY,BUY,145,,,0,BULL,BULL,BULL,2026-01-08 00:00:00,H1,2026-01-08 00:00:00,1.13235
1,FX14,BUY,BUY,BUY,145,,,0,BULL,BULL,BULL,2026-01-08 00:00:00,H1,2026-01-08 00:00:00,1.14235
1,FX15,BUY,BUY,BUY,145,,,0,BULL,BULL,BULL,2026-01-08 00:00:00,H1,2026-01-08 00:00:00,1.15235
1,FX16,BUY,BUY,BUY,145,,,0,BULL,BULL,BULL,2026-01-08 00:00:00,H1,2026-01-08 00:00:00,1.16235
1,FX17,BUY,BUY,BUY,145,,,0,BULL,BULL,BULL,2026-01-08 00:00:00,H1,2026-01-08 00:00:00,1.17235
1,FX18,BUY,BUY,BUY,145,,,0,BULL,BULL,BULL,2026-01-08 00:00:00,H1,2026-01-08 00:00:00,1.18235
1,FX19,BUY,BUY,BUY,145,,,0,BULL,BULL,BULL,2026-01-08 00:00:00,H1,2026-01-08 00:00:00,1.19235
1,FX20,BUY,BUY,BUY,145,,,0,BULL,BULL,BULL,2026-01-08 00:00:00,H1,2026-01-08 00:00:00,1.20235
1,FX21,BUY,BUY,BUY,145,,,0,BULL,BULL,BULL,2026-01-08 00:00:00,H1,2026-01-08 00:00:00,1.21235
1,FX22,BUY,BUY,BUY,145,,,0,BULL,BULL,BULL,2026-01-08 00:00:00,H1,2026-01-08 00:00:00,1.22235
1,FX23,BUY,BUY,BUY,145,,,0,BULL,BULL,BULL,2026-01-08 00:00:00,H1,2026-01-08 00:00:00,1.23235
1,FX24,BUY,BUY,BUY,145,,,0,BULL,BULL,BULL,2026-01-08 00:00:00,H1,2026-01-08 00:00:00,1.24235
1,FX25,BUY,BUY,BUY,145,,,0,BULL,BULL,BULL,2026-01-08 00:00:00,H1,2026-01-08 00:00:00,1.25235
1,FX26,BUY,BUY,BUY,145,,,0,BULL,BULL,BULL,2026-01-08 00:00:00,H1,2026-01-08 00:00:00,1.26235
1,FX27,BUY,BUY,BUY,145,,,0,BULL,BULL,BULL,2026-01-08 00:00:00,H1,2026-01-08 00:00:00,1.27235
1,FX28,BUY,BUY,BUY,145,,,0,BULL,BULL,BULL,2026-01-08 00:00:00,H1,2026-01-08 00:00:00,1.28235
1,FX29,BUY,BUY,BUY,145,,,0,BULL,BULL,BULL,2026-01-08 00:00:00,H1,2026-01-08 00:00:00,1.29235
1,FX00,BUY,BUY,BUY,146,,,0,BULL,BULL,BULL,2026-01-08 01:00:00,H1,2026-01-08 01:00:00,1.00235
1,FX01,BUY,BUY,BUY,146,,,0,BULL,BULL,BULL,2026-01-08 01:00:00,H1,2026-01-08 01:00:00,1.01235
1,FX02,BUY,BUY,BUY,146,,,0,BULL,BULL,BULL,2026-01-08 01:00:00,H1,2026-01-08 01:00:00,1.02235
1,FX03,BUY,BUY,BUY,146,,,0,BULL,BULL,BULL,2026-01-08 01:00:00,H1,2026-01-08 01:00:00,1.03235
1,FX04,BUY,BUY,BUY,146,,,0,BULL,BULL,BULL,2026-01-08 01:00:00,H1,2026-01-08 01:00:00,1.04235
1,FX05,BUY,BUY,BUY,146,,,0,BULL,BULL,BULL,2026-01-08 01:00:00,H1,2026-01-08 01:00:00,1.05235
1,FX06,BUY,BUY,BUY,146,,,0,BULL,BULL,BULL,2026-01-08 01:00:00,H1,2026-01-08 01:00:00,1.06235
1,FX07,BUY,BUY,BUY,146,,,0,BULL,BULL,BULL,2026-01-08 01:00:00,H1,2026-01-08 01:00:00,1.07235
1,FX08,BUY,BUY,BUY,146,,,0,BULL,BULL,BULL,2026-01-08 01:00:00,H1,2026-01-08 01:00:00,1.08235
1,FX09,BUY,BUY,BUY,146,,,0,BULL,BULL,BULL,2026-01-08 01:00:00,H1,2026-01-08 01:00:00,1.09235
1,FX10,BUY,BUY,BUY,146,,,0,BULL,BULL,BULL,2026-01-08 01:00:00,H1,2026-01-08 01:00:00,1.10235
1,FX11,BUY,BUY,BUY,146,,,0,BULL,BULL,BULL,2026-01-08 01:00:00,H1,2026-01-08 01:00:00,1.11235
1,FX12,BUY,BUY,BUY,146,,,0,BULL,BULL,BULL,2026-01-08 01:00:00,H1,2026-01-08 01:00:00,1.12235
1,FX13,BUY,BUY,BUY,146,,,0,BULL,BULL,BULL,2026-01-08 01:00:00,H1,2026-01-08 01:00:00,1.13235
1,FX14,BUY,BUY,BUY,146,,,0,BULL,BULL,BULL,2026-01-08 01:00:00,H1,2026-01-08 01:00:00,1.14235
1,FX15,BUY,BUY,BUY,146,,,0,BULL,BULL,BULL,2026-01-08 01:00:00,H1,2026-01-08 01:00:00,1.15235
1,FX16,BUY,BUY,BUY,146,,,0,BULL,BULL,BULL,2026-01-08 01:00:00,H1,2026-01-08 01:00:00,1.16235
1,FX17,BUY,BUY,BUY,146,,,0,BULL,BULL,BULL,2026-01-08 01:00:00,H1,2026-01-08 01:00:00,1.17235
1,FX18,BUY,BUY,BUY,146,,,0,BULL,BULL,BULL,2026-01-08 01:00:00,H1,2026-01-08 01:00:00,1.18235
1,FX19,BUY,BUY,BUY,146,,,0,BULL,BULL,BULL,2026-01-08 01:00:00,H1,2026-01-08 01:00:00,1.19235
1,FX20,BUY,BUY,BUY,146,,,0,BULL,BULL,BULL,2026-01-08 01:00:00,H1,2026-01-08 01:00:00,1.20235
1,FX21,BUY,BUY,BUY,146,,,0,BULL,BULL,BULL,2026-01-08 01:00:00,H1,2026-01-08 01:00:00,1.21235
1,FX22,BUY,BUY,BUY,146,,,0,BULL,BULL,BULL,2026-01-08 01:00:00,H1,2026-01-08 01:00:00,1.22235
1,FX23,BUY,BUY,BUY,146,,,0,BULL,BULL,BULL,2026-01-08 01:00:00,H1,2026-01-08 01:00:00,1.23235
1,FX24,BUY,BUY,BUY,146,,,0,BULL,BULL,BULL,2026-01-08 01:00:00,H1,2026-01-08 01:00:00,1.24235
1,FX25,BUY,BUY,BUY,146,,,0,BULL,BULL,BULL,2026-01-08 01:00:00,H1,2026-01-08 01:00:00,1.25235
1,FX26,BUY,BUY,BUY,146,,,0,BULL,BULL,BULL,2026-01-08 01:00:00,H1,2026-01-08 01:00:00,1.26235
1,FX27,BUY,BUY,BUY,146,,,0,BULL,BULL,BULL,2026-01-08 01:00:00,H1,2026-01-08 01:00:00,1.27235
1,FX28,BUY,BUY,BUY,146,,,0,BULL,BULL,BULL,2026-01-08 01:00:00,H1,2026-01-08 01:00:00,1.28235
1,FX29,BUY,BUY,BUY,146,,,0,BULL,BULL,BULL,2026-01-08 01:00:00,H1,2026-01-08 01:00:00,1.29235
1,FX00,BUY,BUY,BUY,147,,,0,BULL,BULL,BULL,2026-01-08 02:00:00,H1,2026-01-08 02:00:00,1.00235
1,FX01,BUY,BUY,BUY,147,,,0,BULL,BULL,BULL,2026-01-08 02:00:00,H1,2026-01-08 02:00:00,1.01235
1,FX02,BUY,BUY,BUY,147,,,0,BULL,BULL,BULL,2026-01-08 02:00:00,H1,2026-01-08 02:00:00,1.02235
1,FX03,BUY,BUY,BUY,147,,,0,BULL,BULL,BULL,2026-01-08 02:00:00,H1,2026-01-08 02:00:00,1.03235
1,FX04,BUY,BUY,BUY,147,,,0,BULL,BULL,BULL,2026-01-08 02:00:00,H1,2026-01-08 02:00:00,1.04235
1,FX05,BUY,BUY,BUY,147,,,0,BULL,BULL,BULL,2026-01-08 02:00:00,H1,2026-01-08 02:00:00,1.05235
1,FX06,BUY,BUY,BUY,147,,,0,BULL,BULL,BULL,2026-01-08 02:00:00,H1,2026-01-08 02:00:00,1.06235
1,FX07,BUY,BUY,BUY,147,,,0,BULL,BULL,BULL,2026-01-08 02:00:00,H1,2026-01-08 02:00:00,1.07235
1,FX08,BUY,BUY,BUY,147,,,0,BULL,BULL,BULL,2026-01-08 02:00:00,H1,2026-01-08 02:00:00,1.08235
1,FX09,BUY,BUY,BUY,147,,,0,BULL,BULL,BULL,2026-01-08 02:00:00,H1,2026-01-08 02:00:00,1.09235
1,FX10,BUY,BUY,BUY,147,,,0,BULL,BULL,BULL,2026-01-08 02:00:00,H1,2026-01-08 02:00:00,1.10235
1,FX11,BUY,BUY,BUY,147,,,0,BULL,BULL,BULL,2026-01-08 02:00:00,H1,2026-01-08 02:00:00,1.11235
1,FX12,BUY,BUY,BUY,147,,,0,BULL,BULL,BULL,2026-01-08 02:00:00,H1,2026-01-08 02:00:00,1.12235
1,FX13,BUY,BUY,BUY,147,,,0,BULL,BULL,BULL,2026-01-08 02:00:00,H1,2026-01-08 02:00:00,1.13235
1,FX14,BUY,BUY,BUY,147,,,0,BULL,BULL,BULL,2026-01-08 02:00:00,H1,2026-01-08 02:00:00,1.14235
1,FX15,BUY,BUY,BUY,147,,,0,BULL,BULL,BULL,2026-01-08 02:00:00,H1,2026-01-08 02:00:00,1.15235
1,FX16,BUY,BUY,BUY,147,,,0,BULL,BULL,BULL,2026-01-08 02:00:00,H1,2026-01-08 02:00:00,1.16235
1,FX17,BUY,BUY,BUY,147,,,0,BULL,BULL,BULL,2026-01-08 02:00:00,H1,2026-01-08 02:00:00,1.17235
1,FX18,BUY,BUY,BUY,147,,,0,BULL,BULL,BULL,2026-01-08 02:00:00,H1,2026-01-08 02:00:00,1.18235
1,FX19,BUY,BUY,BUY,147,,,0,BULL,BULL,BULL,2026-01-08 02:00:00,H1,2026-01-08 02:00:00,1.19235
1,FX20,BUY,BUY,BUY,147,,,0,BULL,BULL,BULL,2026-01-08 02:00:00,H1,2026-01-08 02:00:00,1.20235
1,FX21,BUY,BUY,BUY,147,,,0,BULL,BULL,BULL,2026-01-08 02:00:00,H1,2026-01-08 02:00:00,1.21235
1,FX22,BUY,BUY,BUY,147,,,0,BULL,BULL,BULL,2026-01-08 02:00:00,H1,2026-01-08 02:00:00,1.22235
1,FX23,BUY,BUY,BUY,147,,,0,BULL,BULL,BULL,2026-01-08 02:00:00,H1,2026-01-08 02:00:00,1.23235
1,FX24,BUY,BUY,BUY,147,,,0,BULL,BULL,BULL,2026-01-08 02:00:00,H1,2026-01-08 02:00:00,1.24235
1,FX25,BUY,BUY,BUY,147,,,0,BULL,BULL,BULL,2026-01-08 02:00:00,H1,2026-01-08 02:00:00,1.25235
1,FX26,BUY,BUY,BUY,147,,,0,BULL,BULL,BULL,2026-01-08 02:00:00,H1,2026-01-08 02:00:00,1.26235
1,FX27,BUY,BUY,BUY,147,,,0,BULL,BULL,BULL,2026-01-08 02:00:00,H1,2026-01-08 02:00:00,1.27235
1,FX28,BUY,BUY,BUY,147,,,0,BULL,BULL,BULL,2026-01-08 02:00:00,H1,2026-01-08 02:00:00,1.28235
1,FX29,BUY,BUY,BUY,147,,,0,BULL,BULL,BULL,2026-01-08 02:00:00,H1,2026-01-08 02:00:00,1.29235
1,FX00,BUY,BUY,BUY,148,,,0,BULL,BULL,BULL,2026-01-08 03:00:00,H1,2026-01-08 03:00:00,1.00235
1,FX01,BUY,BUY,BUY,148,,,0,BULL,BULL,BULL,2026-01-08 03:00:00,H1,2026-01-08 03:00:00,1.01235
1,FX02,BUY,BUY,BUY,148,,,0,BULL,BULL,BULL,2026-01-08 03:00:00,H1,2026-01-08 03:00:00,1.02235
1,FX03,BUY,BUY,BUY,148,,,0,BULL,BULL,BULL,2026-01-08 03:00:00,H1,2026-01-08 03:00:00,1.03235
1,FX04,BUY,BUY,BUY,148,,,0,BULL,BULL,BULL,2026-01-08 03:00:00,H1,2026-01-08 03:00:00,1.04235
1,FX05,BUY,BUY,BUY,148,,,0,BULL,BULL,BULL,2026-01-08 03:00:00,H1,2026-01-08 03:00:00,1.05235
1,FX06,BUY,BUY,BUY,148,,,0,BULL,BULL,BULL,2026-01-08 03:00:00,H1,2026-01-08 03:00:00,1.06235
1,FX07,BUY,BUY,BUY,148,,,0,BULL,BULL,BULL,2026-01-08 03:00:00,H1,2026-01-08 03:00:00,1.07235
1,FX08,BUY,BUY,BUY,148,,,0,BULL,BULL,BULL,2026-01-08 03:00:00,H1,2026-01-08 03:00:00,1.08235
1,FX09,BUY,BUY,BUY,148,,,0,BULL,BULL,BULL,2026-01-08 03:00:00,H1,2026-01-08 03:00:00,1.09235
1,FX10,BUY,BUY,BUY,148,,,0,BULL,BULL,BULL,2026-01-08 03:00:00,H1,2026-01-08 03:00:00,1.10235
1,FX11,BUY,BUY,BUY,148,,,0,BULL,BULL,BULL,2026-01-08 03:00:00,H1,2026-01-08 03:00:00,1.11235
1,FX12,BUY,BUY,BUY,148,,,0,BULL,BULL,BULL,2026-01-08 03:00:00,H1,2026-01-08 03:00:00,1.12235
1,FX13,BUY,BUY,BUY,148,,,0,BULL,BULL,BULL,2026-01-08 03:00:00,H1,2026-01-08 03:00:00,1.13235
1,FX14,BUY,BUY,BUY,148,,,0,BULL,BULL,BULL,2026-01-08 03:00:00,H1,2026-01-08 03:00:00,1.14235
1,FX15,BUY,BUY,BUY,148,,,0,BULL,BULL,BULL,2026-01-08 03:00:00,H1,2026-01-08 03:00:00,1.15235
1,FX16,BUY,BUY,BUY,148,,,0,BULL,BULL,BULL,2026-01-08 03:00:00,H1,2026-01-08 03:00:00,1.16235
1,FX17,BUY,BUY,BUY,148,,,0,BULL,BULL,BULL,2026-01-08 03:00:00,H1,2026-01-08 03:00:00,1.17235
1,FX18,BUY,BUY,BUY,148,,,0,BULL,BULL,BULL,2026-01-08 03:00:00,H1,2026-01-08 03:00:00,1.18235
1,FX19,BUY,BUY,BUY,148,,,0,BULL,BULL,BULL,2026-01-08 03:00:00,H1,2026-01-08 03:00:00,1.19235
1,FX20,BUY,BUY,BUY,148,,,0,BULL,BULL,BULL,2026-01-08 03:00:00,H1,2026-01-08 03:00:00,1.20235
1,FX21,BUY,BUY,BUY,148,,,0,BULL,BULL,BULL,2026-01-08 03:00:00,H1,2026-01-08 03:00:00,1.21235
1,FX22,BUY,BUY,BUY,148,,,0,BULL,BULL,BULL,2026-01-08 03:00:00,H1,2026-01-08 03:00:00,1.22235
1,FX23,BUY,BUY,BUY,148,,,0,BULL,BULL,BULL,2026-01-08 03:00:00,H1,2026-01-08 03:00:00,1.23235
1,FX24,BUY,BUY,BUY,148,,,0,BULL,BULL,BULL,2026-01-08 03:00:00,H1,2026-01-08 03:00:00,1.24235
1,FX25,BUY,BUY,BUY,148,,,0,BULL,BULL,BULL,2026-01-08 03:00:00,H1,2026-01-08 03:00:00,1.25235
1,FX26,BUY,BUY,BUY,148,,,0,BULL,BULL,BULL,2026-01-08 03:00:00,H1,2026-01-08 03:00:00,1.26235
1,FX27,BUY,BUY,BUY,148,,,0,BULL,BULL,BULL,2026-01-08 03:00:00,H1,2026-01-08 03:00:00,1.27235
1,FX28,BUY,BUY,BUY,148,,,0,BULL,BULL,BULL,2026-01-08 03:00:00,H1,2026-01-08 03:00:00,1.28235
1,FX29,BUY,BUY,BUY,148,,,0,BULL,BULL,BULL,2026-01-08 03:00:00,H1,2026-01-08 03:00:00,1.29235
1,FX00,BUY,BUY,BUY,149,,,0,BULL,BULL,BULL,2026-01-08 04:00:00,H1,2026-01-08 04:00:00,1.00235
1,FX01,BUY,BUY,BUY,149,,,0,BULL,BULL,BULL,2026-01-08 04:00:00,H1,2026-01-08 04:00:00,1.01235
1,FX02,BUY,BUY,BUY,149,,,0,BULL,BULL,BULL,2026-01-08 04:00:00,H1,2026-01-08 04:00:00,1.02235
1,FX03,BUY,BUY,BUY,149,,,0,BULL,BULL,BULL,2026-01-08 04:00:00,H1,2026-01-08 04:00:00,1.03235
1,FX04,BUY,BUY,BUY,149,,,0,BULL,BULL,BULL,2026-01-08 04:00:00,H1,2026-01-08 04:00:00,1.04235
1,FX05,BUY,BUY,BUY,149,,,0,BULL,BULL,BULL,2026-01-08 04:00:00,H1,2026-01-08 04:00:00,1.05235
1,FX06,BUY,BUY,BUY,149,,,0,BULL,BULL,BULL,2026-01-08 04:00:00,H1,2026-01-08 04:00:00,1.06235
1,FX07,BUY,BUY,BUY,149,,,0,BULL,BULL,BULL,2026-01-08 04:00:00,H1,2026-01-08 04:00:00,1.07235
1,FX08,BUY,BUY,BUY,149,,,0,BULL,BULL,BULL,2026-01-08 04:00:00,H1,2026-01-08 04:00:00,1.08235
1,FX09,BUY,BUY,BUY,149,,,0,BULL,BULL,BULL,2026-01-08 04:00:00,H1,2026-01-08 04:00:00,1.09235
1,FX10,BUY,BUY,BUY,149,,,0,BULL,BULL,BULL,2026-01-08 04:00:00,H1,2026-01-08 04:00:00,1.10235
1,FX11,BUY,BUY,BUY,149,,,0,BULL,BULL,BULL,2026-01-08 04:00:00,H1,2026-01-08 04:00:00,1.11235
1,FX12,BUY,BUY,BUY,149,,,0,BULL,BULL,BULL,2026-01-08 04:00:00,H1,2026-01-08 04:00:00,1.12235
1,FX13,BUY,BUY,BUY,149,,,0,BULL,BULL,BULL,2026-01-08 04:00:00,H1,2026-01-08 04:00:00,1.13235
1,FX14,BUY,BUY,BUY,149,,,0,BULL,BULL,BULL,2026-01-08 04:00:00,H1,2026-01-08 04:00:00,1.14235
1,FX15,BUY,BUY,BUY,149,,,0,BULL,BULL,BULL,2026-01-08 04:00:00,H1,2026-01-08 04:00:00,1.15235
1,FX16,BUY,BUY,BUY,149,,,0,BULL,BULL,BULL,2026-01-08 04:00:00,H1,2026-01-08 04:00:00,1.16235
1,FX17,BUY,BUY,BUY,149,,,0,BULL,BULL,BULL,2026-01-08 04:00:00,H1,2026-01-08 04:00:00,1.17235
1,FX18,BUY,BUY,BUY,149,,,0,BULL,BULL,BULL,2026-01-08 04:00:00,H1,2026-01-08 04:00:00,1.18235
1,FX19,BUY,BUY,BUY,149,,,0,BULL,BULL,BULL,2026-01-08 04:00:00,H1,2026-01-08 04:00:00,1.19235
1,FX20,BUY,BUY,BUY,149,,,0,BULL,BULL,BULL,2026-01-08 04:00:00,H1,2026-01-08 04:00:00,1.20235
1,FX21,BUY,BUY,BUY,149,,,0,BULL,BULL,BULL,2026-01-08 04:00:00,H1,2026-01-08 04:00:00,1.21235
1,FX22,BUY,BUY,BUY,149,,,0,BULL,BULL,BULL,2026-01-08 04:00:00,H1,2026-01-08 04:00:00,1.22235
1,FX23,BUY,BUY,BUY,149,,,0,BULL,BULL,BULL,2026-01-08 04:00:00,H1,2026-01-08 04:00:00,1.23235
1,FX24,BUY,BUY,BUY,149,,,0,BULL,BULL,BULL,2026-01-08 04:00:00,H1,2026-01-08 04:00:00,1.24235
1,FX25,BUY,BUY,BUY,149,,,0,BULL,BULL,BULL,2026-01-08 04:00:00,H1,2026-01-08 04:00:00,1.25235
1,FX26,BUY,BUY,BUY,149,,,0,BULL,BULL,BULL,2026-01-08 04:00:00,H1,2026-01-08 04:00:00,1.26235
1,FX27,BUY,BUY,BUY,149,,,0,BULL,BULL,BULL,2026-01-08 04:00:00,H1,2026-01-08 04:00:00,1.27235
1,FX28,BUY,BUY,BUY,149,,,0,BULL,BULL,BULL,2026-01-08 04:00:00,H1,2026-01-08 04:00:00,1.28235
1,FX29,BUY,BUY,BUY,149,,,0,BULL,BULL,BULL,2026-01-08 04:00:00,H1,2026-01-08 04:00:00,1.29235
1,FX00,BUY,BUY,BUY,150,,,0,BULL,BULL,BULL,2026-01-08 05:00:00,H1,2026-01-08 05:00:00,1.00235
1,FX01,BUY,BUY,BUY,150,,,0,BULL,BULL,BULL,2026-01-08 05:00:00,H1,2026-01-08 05:00:00,1.01235
1,FX02,BUY,BUY,BUY,150,,,0,BULL,BULL,BULL,2026-01-08 05:00:00,H1,2026-01-08 05:00:00,1.02235
1,FX03,BUY,BUY,BUY,150,,,0,BULL,BULL,BULL,2026-01-08 05:00:00,H1,2026-01-08 05:00:00,1.03235
1,FX04,BUY,BUY,BUY,150,,,0,BULL,BULL,BULL,2026-01-08 05:00:00,H1,2026-01-08 05:00:00,1.04235
1,FX05,BUY,BUY,BUY,150,,,0,BULL,BULL,BULL,2026-01-08 05:00:00,H1,2026-01-08 05:00:00,1.05235
1,FX06,BUY,BUY,BUY,150,,,0,BULL,BULL,BULL,2026-01-08 05:00:00,H1,2026-01-08 05:00:00,1.06235
1,FX07,BUY,BUY,BUY,150,,,0,BULL,BULL,BULL,2026-01-08 05:00:00,H1,2026-01-08 05:00:00,1.07235
1,FX08,BUY,BUY,BUY,150,,,0,BULL,BULL,BULL,2026-01-08 05:00:00,H1,2026-01-08 05:00:00,1.08235
1,FX09,BUY,BUY,BUY,150,,,0,BULL,BULL,BULL,2026-01-08 05:00:00,H1,2026-01-08 05:00:00,1.09235
1,FX10,BUY,BUY,BUY,150,,,0,BULL,BULL,BULL,2026-01-08 05:00:00,H1,2026-01-08 05:00:00,1.10235
1,FX11,BUY,BUY,BUY,150,,,0,BULL,BULL,BULL,2026-01-08 05:00:00,H1,2026-01-08 05:00:00,1.11235
1,FX12,BUY,BUY,BUY,150,,,0,BULL,BULL,BULL,2026-01-08 05:00:00,H1,2026-01-08 05:00:00,1.12235
1,FX13,BUY,BUY,BUY,150,,,0,BULL,BULL,BULL,2026-01-08 05:00:00,H1,2026-01-08 05:00:00,1.13235
1,FX14,BUY,BUY,BUY,150,,,0,BULL,BULL,BULL,2026-01-08 05:00:00,H1,2026-01-08 05:00:00,1.14235
1,FX15,BUY,BUY,BUY,150,,,0,BULL,BULL,BULL,2026-01-08 05:00:00,H1,2026-01-08 05:00:00,1.15235
1,FX16,BUY,BUY,BUY,150,,,0,BULL,BULL,BULL,2026-01-08 05:00:00,H1,2026-01-08 05:00:00,1.16235
1,FX17,BUY,BUY,BUY,150,,,0,BULL,BULL,BULL,2026-01-08 05:00:00,H1,2026-01-08 05:00:00,1.17235
1,FX18,BUY,BUY,BUY,150,,,0,BULL,BULL,BULL,2026-01-08 05:00:00,H1,2026-01-08 05:00:00,1.18235
1,FX19,BUY,BUY,BUY,150,,,0,BULL,BULL,BULL,2026-01-08 05:00:00,H1,2026-01-08 05:00:00,1.19235
1,FX20,BUY,BUY,BUY,150,,,0,BULL,BULL,BULL,2026-01-08 05:00:00,H1,2026-01-08 05:00:00,1.20235
1,FX21,BUY,BUY,BUY,150,,,0,BULL,BULL,BULL,2026-01-08 05:00:00,H1,2026-01-08 05:00:00,1.21235
1,FX22,BUY,BUY,BUY,150,,,0,BULL,BULL,BULL,2026-01-08 05:00:00,H1,2026-01-08 05:00:00,1.22235
1,FX23,BUY,BUY,BUY,150,,,0,BULL,BULL,BULL,2026-01-08 05:00:00,H1,2026-01-08 05:00:00,1.23235
1,FX24,BUY,BUY,BUY,150,,,0,BULL,BULL,BULL,2026-01-08 05:00:00,H1,2026-01-08 05:00:00,1.24235
1,FX25,BUY,BUY,BUY,150,,,0,BULL,BULL,BULL,2026-01-08 05:00:00,H1,2026-01-08 05:00:00,1.25235
1,FX26,BUY,BUY,BUY,150,,,0,BULL,BULL,BULL,2026-01-08 05:00:00,H1,2026-01-08 05:00:00,1.26235
1,FX27,BUY,BUY,BUY,150,,,0,BULL,BULL,BULL,2026-01-08 05:00:00,H1,2026-01-08 05:00:00,1.27235
1,FX28,BUY,BUY,BUY,150,,,0,BULL,BULL,BULL,2026-01-08 05:00:00,H1,2026-01-08 05:00:00,1.28235
1,FX29,BUY,BUY,BUY,150,,,0,BULL,BULL,BULL,2026-01-08 05:00:00,H1,2026-01-08 05:00:00,1.29235
1,FX00,BUY,BUY,BUY,151,,,0,BULL,BULL,BULL,2026-01-08 06:00:00,H1,2026-01-08 06:00:00,1.00235
1,FX01,BUY,BUY,BUY,151,,,0,BULL,BULL,BULL,2026-01-08 06:00:00,H1,2026-01-08 06:00:00,1.01235
1,FX02,BUY,BUY,BUY,151,,,0,BULL,BULL,BULL,2026-01-08 06:00:00,H1,2026-01-08 06:00:00,1.02235
1,FX03,BUY,BUY,BUY,151,,,0,BULL,BULL,BULL,2026-01-08 06:00:00,H1,2026-01-08 06:00:00,1.03235
1,FX04,BUY,BUY,BUY,151,,,0,BULL,BULL,BULL,2026-01-08 06:00:00,H1,2026-01-08 06:00:00,1.04235
1,FX05,BUY,BUY,BUY,151,,,0,BULL,BULL,BULL,2026-01-08 06:00:00,H1,2026-01-08 06:00:00,1.05235
1,FX06,BUY,BUY,BUY,151,,,0,BULL,BULL,BULL,2026-01-08 06:00:00,H1,2026-01-08 06:00:00,1.06235
1,FX07,BUY,BUY,BUY,151,,,0,BULL,BULL,BULL,2026-01-08 06:00:00,H1,2026-01-08 06:00:00,1.07235
1,FX08,BUY,BUY,BUY,151,,,0,BULL,BULL,BULL,2026-01-08 06:00:00,H1,2026-01-08 06:00:00,1.08235
1,FX09,BUY,BUY,BUY,151,,,0,BULL,BULL,BULL,2026-01-08 06:00:00,H1,2026-01-08 06:00:00,1.09235
1,FX10,BUY,BUY,BUY,151,,,0,BULL,BULL,BULL,2026-01-08 06:00:00,H1,2026-01-08 06:00:00,1.10235
1,FX11,BUY,BUY,BUY,151,,,0,BULL,BULL,BULL,2026-01-08 06:00:00,H1,2026-01-08 06:00:00,1.11235
1,FX12,BUY,BUY,BUY,151,,,0,BULL,BULL,BULL,2026-01-08 06:00:00,H1,2026-01-08 06:00:00,1.12235
1,FX13,BUY,BUY,BUY,151,,,0,BULL,BULL,BULL,2026-01-08 06:00:00,H1,2026-01-08 06:00:00,1.13235
1,FX14,BUY,BUY,BUY,151,,,0,BULL,BULL,BULL,2026-01-08 06:00:00,H1,2026-01-08 06:00:00,1.14235
1,FX15,BUY,BUY,BUY,151,,,0,BULL,BULL,BULL,2026-01-08 06:00:00,H1,2026-01-08 06:00:00,1.15235
1,FX16,BUY,BUY,BUY,151,,,0,BULL,BULL,BULL,2026-01-08 06:00:00,H1,2026-01-08 06:00:00,1.16235
1,FX17,BUY,BUY,BUY,151,,,0,BULL,BULL,BULL,2026-01-08 06:00:00,H1,2026-01-08 06:00:00,1.17235
1,FX18,BUY,BUY,BUY,151,,,0,BULL,BULL,BULL,2026-01-08 06:00:00,H1,2026-01-08 06:00:00,1.18235
1,FX19,BUY,BUY,BUY,151,,,0,BULL,BULL,BULL,2026-01-08 06:00:00,H1,2026-01-08 06:00:00,1.19235
1,FX20,BUY,BUY,BUY,151,,,0,BULL,BULL,BULL,2026-01-08 06:00:00,H1,2026-01-08 06:00:00,1.20235
1,FX21,BUY,BUY,BUY,151,,,0,BULL,BULL,BULL,2026-01-08 06:00:00,H1,2026-01-08 06:00:00,1.21235
1,FX22,BUY,BUY,BUY,151,,,0,BULL,BULL,BULL,2026-01-08 06:00:00,H1,2026-01-08 06:00:00,1.22235
1,FX23,BUY,BUY,BUY,151,,,0,BULL,BULL,BULL,2026-01-08 06:00:00,H1,2026-01-08 06:00:00,1.23235
1,FX24,BUY,BUY,BUY,151,,,0,BULL,BULL,BULL,2026-01-08 06:00:00,H1,2026-01-08 06:00:00,1.24235
1,FX25,BUY,BUY,BUY,151,,,0,BULL,BULL,BULL,2026-01-08 06:00:00,H1,2026-01-08 06:00:00,1.25235
1,FX26,BUY,BUY,BUY,151,,,0,BULL,BULL,BULL,2026-01-08 06:00:00,H1,2026-01-08 06:00:00,1.26235
1,FX27,BUY,BUY,BUY,151,,,0,BULL,BULL,BULL,2026-01-08 06:00:00,H1,2026-01-08 06:00:00,1.27235
1,FX28,BUY,BUY,BUY,151,,,0,BULL,BULL,BULL,2026-01-08 06:00:00,H1,2026-01-08 06:00:00,1.28235
1,FX29,BUY,BUY,BUY,151,,,0,BULL,BULL,BULL,2026-01-08 06:00:00,H1,2026-01-08 06:00:00,1.29235
1,FX00,BUY,BUY,BUY,152,,,0,BULL,BULL,BULL,2026-01-08 07:00:00,H1,2026-01-08 07:00:00,1.00235
1,FX01,BUY,BUY,BUY,152,,,0,BULL,BULL,BULL,2026-01-08 07:00:00,H1,2026-01-08 07:00:00,1.01235
1,FX02,BUY,BUY,BUY,152,,,0,BULL,BULL,BULL,2026-01-08 07:00:00,H1,2026-01-08 07:00:00,1.02235
1,FX03,BUY,BUY,BUY,152,,,0,BULL,BULL,BULL,2026-01-08 07:00:00,H1,2026-01-08 07:00:00,1.03235
1,FX04,BUY,BUY,BUY,152,,,0,BULL,BULL,BULL,2026-01-08 07:00:00,H1,2026-01-08 07:00:00,1.04235
1,FX05,BUY,BUY,BUY,152,,,0,BULL,BULL,BULL,2026-01-08 07:00:00,H1,2026-01-08 07:00:00,1.05235
1,FX06,BUY,BUY,BUY,152,,,0,BULL,BULL,BULL,2026-01-08 07:00:00,H1,2026-01-08 07:00:00,1.06235
1,FX07,BUY,BUY,BUY,152,,,0,BULL,BULL,BULL,2026-01-08 07:00:00,H1,2026-01-08 07:00:00,1.07235
1,FX08,BUY,BUY,BUY,152,,,0,BULL,BULL,BULL,2026-01-08 07:00:00,H1,2026-01-08 07:00:00,1.08235
1,FX09,BUY,BUY,BUY,152,,,0,BULL,BULL,BULL,2026-01-08 07:00:00,H1,2026-01-08 07:00:00,1.09235
1,FX10,BUY,BUY,BUY,152,,,0,BULL,BULL,BULL,2026-01-08 07:00:00,H1,2026-01-08 07:00:00,1.10235
1,FX11,BUY,BUY,BUY,152,,,0,BULL,BULL,BULL,2026-01-08 07:00:00,H1,2026-01-08 07:00:00,1.11235
1,FX12,BUY,BUY,BUY,152,,,0,BULL,BULL,BULL,2026-01-08 07:00:00,H1,2026-01-08 07:00:00,1.12235
1,FX13,BUY,BUY,BUY,152,,,0,BULL,BULL,BULL,2026-01-08 07:00:00,H1,2026-01-08 07:00:00,1.13235
1,FX14,BUY,BUY,BUY,152,,,0,BULL,BULL,BULL,2026-01-08 07:00:00,H1,2026-01-08 07:00:00,1.14235
1,FX15,BUY,BUY,BUY,152,,,0,BULL,BULL,BULL,2026-01-08 07:00:00,H1,2026-01-08 07:00:00,1.15235
1,FX16,BUY,BUY,BUY,152,,,0,BULL,BULL,BULL,2026-01-08 07:00:00,H1,2026-01-08 07:00:00,1.16235
1,FX17,BUY,BUY,BUY,152,,,0,BULL,BULL,BULL,2026-01-08 07:00:00,H1,2026-01-08 07:00:00,1.17235
1,FX18,BUY,BUY,BUY,152,,,0,BULL,BULL,BULL,2026-01-08 07:00:00,H1,2026-01-08 07:00:00,1.18235
1,FX19,BUY,BUY,BUY,152,,,0,BULL,BULL,BULL,2026-01-08 07:00:00,H1,2026-01-08 07:00:00,1.19235
1,FX20,BUY,BUY,BUY,152,,,0,BULL,BULL,BULL,2026-01-08 07:00:00,H1,2026-01-08 07:00:00,1.20235
1,FX21,BUY,BUY,BUY,152,,,0,BULL,BULL,BULL,2026-01-08 07:00:00,H1,2026-01-08 07:00:00,1.21235
1,FX22,BUY,BUY,BUY,152,,,0,BULL,BULL,BULL,2026-01-08 07:00:00,H1,2026-01-08 07:00:00,1.22235
1,FX23,BUY,BUY,BUY,152,,,0,BULL,BULL,BULL,2026-01-08 07:00:00,H1,2026-01-08 07:00:00,1.23235
1,FX24,BUY,BUY,BUY,152,,,0,BULL,BULL,BULL,2026-01-08 07:00:00,H1,2026-01-08 07:00:00,1.24235
1,FX25,BUY,BUY,BUY,152,,,0,BULL,BULL,BULL,2026-01-08 07:00:00,H1,2026-01-08 07:00:00,1.25235
1,FX26,BUY,BUY,BUY,152,,,0,BULL,BULL,BULL,2026-01-08 07:00:00,H1,2026-01-08 07:00:00,1.26235
1,FX27,BUY,BUY,BUY,152,,,0,BULL,BULL,BULL,2026-01-08 07:00:00,H1,2026-01-08 07:00:00,1.27235
1,FX28,BUY,BUY,BUY,152,,,0,BULL,BULL,BULL,2026-01-08 07:00:00,H1,2026-01-08 07:00:00,1.28235
1,FX29,BUY,BUY,BUY,152,,,0,BULL,BULL,BULL,2026-01-08 07:00:00,H1,2026-01-08 07:00:00,1.29235
1,FX00,BUY,BUY,BUY,153,,,0,BULL,BULL,BULL,2026-01-08 08:00:00,H1,2026-01-08 08:00:00,1.00235
1,FX01,BUY,BUY,BUY,153,,,0,BULL,BULL,BULL,2026-01-08 08:00:00,H1,2026-01-08 08:00:00,1.01235
1,FX02,BUY,BUY,BUY,153,,,0,BULL,BULL,BULL,2026-01-08 08:00:00,H1,2026-01-08 08:00:00,1.02235
1,FX03,BUY,BUY,BUY,153,,,0,BULL,BULL,BULL,2026-01-08 08:00:00,H1,2026-01-08 08:00:00,1.03235
1,FX04,BUY,BUY,BUY,153,,,0,BULL,BULL,BULL,2026-01-08 08:00:00,H1,2026-01-08 08:00:00,1.04235
1,FX05,BUY,BUY,BUY,153,,,0,BULL,BULL,BULL,2026-01-08 08:00:00,H1,2026-01-08 08:00:00,1.05235
1,FX06,BUY,BUY,BUY,153,,,0,BULL,BULL,BULL,2026-01-08 08:00:00,H1,2026-01-08 08:00:00,1.06235
1,FX07,BUY,BUY,BUY,153,,,0,BULL,BULL,BULL,2026-01-08 08:00:00,H1,2026-01-08 08:00:00,1.07235
1,FX08,BUY,BUY,BUY,153,,,0,BULL,BULL,BULL,2026-01-08 08:00:00,H1,2026-01-08 08:00:00,1.08235
1,FX09,BUY,BUY,BUY,153,,,0,BULL,BULL,BULL,2026-01-08 08:00:00,H1,2026-01-08 08:00:00,1.09235
1,FX10,BUY,BUY,BUY,153,,,0,BULL,BULL,BULL,2026-01-08 08:00:00,H1,2026-01-08 08:00:00,1.10235
1,FX11,BUY,BUY,BUY,153,,,0,BULL,BULL,BULL,2026-01-08 08:00:00,H1,2026-01-08 08:00:00,1.11235
1,FX12,BUY,BUY,BUY,153,,,0,BULL,BULL,BULL,2026-01-08 08:00:00,H1,2026-01-08 08:00:00,1.12235
1,FX13,BUY,BUY,BUY,153,,,0,BULL,BULL,BULL,2026-01-08 08:00:00,H1,2026-01-08 08:00:00,1.13235
1,FX14,BUY,BUY,BUY,153,,,0,BULL,BULL,BULL,2026-01-08 08:00:00,H1,2026-01-08 08:00:00,1.14235
1,FX15,BUY,BUY,BUY,153,,,0,BULL,BULL,BULL,2026-01-08 08:00:00,H1,2026-01-08 08:00:00,1.15235
1,FX16,BUY,BUY,BUY,153,,,0,BULL,BULL,BULL,2026-01-08 08:00:00,H1,2026-01-08 08:00:00,1.16235
1,FX17,BUY,BUY,BUY,153,,,0,BULL,BULL,BULL,2026-01-08 08:00:00,H1,2026-01-08 08:00:00,1.17235
1,FX18,BUY,BUY,BUY,153,,,0,BULL,BULL,BULL,2026-01-08 08:00:00,H1,2026-01-08 08:00:00,1.18235
1,FX19,BUY,BUY,BUY,153,,,0,BULL,BULL,BULL,2026-01-08 08:00:00,H1,2026-01-08 08:00:00,1.19235
1,FX20,BUY,BUY,BUY,153,,,0,BULL,BULL,BULL,2026-01-08 08:00:00,H1,2026-01-08 08:00:00,1.20235
1,FX21,BUY,BUY,BUY,153,,,0,BULL,BULL,BULL,2026-01-08 08:00:00,H1,2026-01-08 08:00:00,1.21235
1,FX22,BUY,BUY,BUY,153,,,0,BULL,BULL,BULL,2026-01-08 08:00:00,H1,2026-01-08 08:00:00,1.22235
1,FX23,BUY,BUY,BUY,153,,,0,BULL,BULL,BULL,2026-01-08 08:00:00,H1,2026-01-08 08:00:00,1.23235
1,FX24,BUY,BUY,BUY,153,,,0,BULL,BULL,BULL,2026-01-08 08:00:00,H1,2026-01-08 08:00:00,1.24235
1,FX25,BUY,BUY,BUY,153,,,0,BULL,BULL,BULL,2026-01-08 08:00:00,H1,2026-01-08 08:00:00,1.25235
1,FX26,BUY,BUY,BUY,153,,,0,BULL,BULL,BULL,2026-01-08 08:00:00,H1,2026-01-08 08:00:00,1.26235
1,FX27,BUY,BUY,BUY,153,,,0,BULL,BULL,BULL,2026-01-08 08:00:00,H1,2026-01-08 08:00:00,1.27235
1,FX28,BUY,BUY,BUY,153,,,0,BULL,BULL,BULL,2026-01-08 08:00:00,H1,2026-01-08 08:00:00,1.28235
1,FX29,BUY,BUY,BUY,153,,,0,BULL,BULL,BULL,2026-01-08 08:00:00,H1,2026-01-08 08:00:00,1.29235
1,FX00,BUY,BUY,BUY,154,,,0,BULL,BULL,BULL,2026-01-08 09:00:00,H1,2026-01-08 09:00:00,1.00235
1,FX01,BUY,BUY,BUY,154,,,0,BULL,BULL,BULL,2026-01-08 09:00:00,H1,2026-01-08 09:00:00,1.01235
1,FX02,BUY,BUY,BUY,154,,,0,BULL,BULL,BULL,2026-01-08 09:00:00,H1,2026-01-08 09:00:00,1.02235
1,FX03,BUY,BUY,BUY,154,,,0,BULL,BULL,BULL,2026-01-08 09:00:00,H1,2026-01-08 09:00:00,1.03235
1,FX04,BUY,BUY,BUY,154,,,0,BULL,BULL,BULL,2026-01-08 09:00:00,H1,2026-01-08 09:00:00,1.04235
1,FX05,BUY,BUY,BUY,154,,,0,BULL,BULL,BULL,2026-01-08 09:00:00,H1,2026-01-08 09:00:00,1.05235
1,FX06,BUY,BUY,BUY,154,,,0,BULL,BULL,BULL,2026-01-08 09:00:00,H1,2026-01-08 09:00:00,1.06235
1,FX07,BUY,BUY,BUY,154,,,0,BULL,BULL,BULL,2026-01-08 09:00:00,H1,2026-01-08 09:00:00,1.07235
1,FX08,BUY,BUY,BUY,154,,,0,BULL,BULL,BULL,2026-01-08 09:00:00,H1,2026-01-08 09:00:00,1.08235
1,FX09,BUY,BUY,BUY,154,,,0,BULL,BULL,BULL,2026-01-08 09:00:00,H1,2026-01-08 09:00:00,1.09235
1,FX10,BUY,BUY,BUY,154,,,0,BULL,BULL,BULL,2026-01-08 09:00:00,H1,2026-01-08 09:00:00,1.10235
1,FX11,BUY,BUY,BUY,154,,,0,BULL,BULL,BULL,2026-01-08 09:00:00,H1,2026-01-08 09:00:00,1.11235
1,FX12,BUY,BUY,BUY,154,,,0,BULL,BULL,BULL,2026-01-08 09:00:00,H1,2026-01-08 09:00:00,1.12235
1,FX13,BUY,BUY,BUY,154,,,0,BULL,BULL,BULL,2026-01-08 09:00:00,H1,2026-01-08 09:00:00,1.13235
1,FX14,BUY,BUY,BUY,154,,,0,BULL,BULL,BULL,2026-01-08 09:00:00,H1,2026-01-08 09:00:00,1.14235
1,FX15,BUY,BUY,BUY,154,,,0,BULL,BULL,BULL,2026-01-08 09:00:00,H1,2026-01-08 09:00:00,1.15235
1,FX16,BUY,BUY,BUY,154,,,0,BULL,BULL,BULL,2026-01-08 09:00:00,H1,2026-01-08 09:00:00,1.16235
1,FX17,BUY,BUY,BUY,154,,,0,BULL,BULL,BULL,2026-01-08 09:00:00,H1,2026-01-08 09:00:00,1.17235
1,FX18,BUY,BUY,BUY,154,,,0,BULL,BULL,BULL,2026-01-08 09:00:00,H1,2026-01-08 09:00:00,1.18235
1,FX19,BUY,BUY,BUY,154,,,0,BULL,BULL,BULL,2026-01-08 09:00:00,H1,2026-01-08 09:00:00,1.19235
1,FX20,BUY,BUY,BUY,154,,,0,BULL,BULL,BULL,2026-01-08 09:00:00,H1,2026-01-08 09:00:00,1.20235
1,FX21,BUY,BUY,BUY,154,,,0,BULL,BULL,BULL,2026-01-08 09:00:00,H1,2026-01-08 09:00:00,1.21235
1,FX22,BUY,BUY,BUY,154,,,0,BULL,BULL,BULL,2026-01-08 09:00:00,H1,2026-01-08 09:00:00,1.22235
1,FX23,BUY,BUY,BUY,154,,,0,BULL,BULL,BULL,2026-01-08 09:00:00,H1,2026-01-08 09:00:00,1.23235
1,FX24,BUY,BUY,BUY,154,,,0,BULL,BULL,BULL,2026-01-08 09:00:00,H1,2026-01-08 09:00:00,1.24235
1,FX25,BUY,BUY,BUY,154,,,0,BULL,BULL,BULL,2026-01-08 09:00:00,H1,2026-01-08 09:00:00,1.25235
1,FX26,BUY,BUY,BUY,154,,,0,BULL,BULL,BULL,2026-01-08 09:00:00,H1,2026-01-08 09:00:00,1.26235
1,FX27,BUY,BUY,BUY,154,,,0,BULL,BULL,BULL,2026-01-08 09:00:00,H1,2026-01-08 09:00:00,1.27235
1,FX28,BUY,BUY,BUY,154,,,0,BULL,BULL,BULL,2026-01-08 09:00:00,H1,2026-01-08 09:00:00,1.28235
1,FX29,BUY,BUY,BUY,154,,,0,BULL,BULL,BULL,2026-01-08 09:00:00,H1,2026-01-08 09:00:00,1.29235
1,FX00,BUY,BUY,BUY,155,,,0,BULL,BULL,BULL,2026-01-08 10:00:00,H1,2026-01-08 10:00:00,1.00235
1,FX01,BUY,BUY,BUY,155,,,0,BULL,BULL,BULL,2026-01-08 10:00:00,H1,2026-01-08 10:00:00,1.01235
1,FX02,BUY,BUY,BUY,155,,,0,BULL,BULL,BULL,2026-01-08 10:00:00,H1,2026-01-08 10:00:00,1.02235
1,FX03,BUY,BUY,BUY,155,,,0,BULL,BULL,BULL,2026-01-08 10:00:00,H1,2026-01-08 10:00:00,1.03235
1,FX04,BUY,BUY,BUY,155,,,0,BULL,BULL,BULL,2026-01-08 10:00:00,H1,2026-01-08 10:00:00,1.04235
1,FX05,BUY,BUY,BUY,155,,,0,BULL,BULL,BULL,2026-01-08 10:00:00,H1,2026-01-08 10:00:00,1.05235
1,FX06,BUY,BUY,BUY,155,,,0,BULL,BULL,BULL,2026-01-08 10:00:00,H1,2026-01-08 10:00:00,1.06235
1,FX07,BUY,BUY,BUY,155,,,0,BULL,BULL,BULL,2026-01-08 10:00:00,H1,2026-01-08 10:00:00,1.07235
1,FX08,BUY,BUY,BUY,155,,,0,BULL,BULL,BULL,2026-01-08 10:00:00,H1,2026-01-08 10:00:00,1.08235
1,FX09,BUY,BUY,BUY,155,,,0,BULL,BULL,BULL,2026-01-08 10:00:00,H1,2026-01-08 10:00:00,1.09235
1,FX10,BUY,BUY,BUY,155,,,0,BULL,BULL,BULL,2026-01-08 10:00:00,H1,2026-01-08 10:00:00,1.10235
1,FX11,BUY,BUY,BUY,155,,,0,BULL,BULL,BULL,2026-01-08 10:00:00,H1,2026-01-08 10:00:00,1.11235
1,FX12,BUY,BUY,BUY,155,,,0,BULL,BULL,BULL,2026-01-08 10:00:00,H1,2026-01-08 10:00:00,1.12235
1,FX13,BUY,BUY,BUY,155,,,0,BULL,BULL,BULL,2026-01-08 10:00:00,H1,2026-01-08 10:00:00,1.13235
1,FX14,BUY,BUY,BUY,155,,,0,BULL,BULL,BULL,2026-01-08 10:00:00,H1,2026-01-08 10:00:00,1.14235
1,FX15,BUY,BUY,BUY,155,,,0,BULL,BULL,BULL,2026-01-08 10:00:00,H1,2026-01-08 10:00:00,1.15235
1,FX16,BUY,BUY,BUY,155,,,0,BULL,BULL,BULL,2026-01-08 10:00:00,H1,2026-01-08 10:00:00,1.16235
1,FX17,BUY,BUY,BUY,155,,,0,BULL,BULL,BULL,2026-01-08 10:00:00,H1,2026-01-08 10:00:00,1.17235
1,FX18,BUY,BUY,BUY,155,,,0,BULL,BULL,BULL,2026-01-08 10:00:00,H1,2026-01-08 10:00:00,1.18235
1,FX19,BUY,BUY,BUY,155,,,0,BULL,BULL,BULL,2026-01-08 10:00:00,H1,2026-01-08 10:00:00,1.19235
1,FX20,BUY,BUY,BUY,155,,,0,BULL,BULL,BULL,2026-01-08 10:00:00,H1,2026-01-08 10:00:00,1.20235
1,FX21,BUY,BUY,BUY,155,,,0,BULL,BULL,BULL,2026-01-08 10:00:00,H1,2026-01-08 10:00:00,1.21235
1,FX22,BUY,BUY,BUY,155,,,0,BULL,BULL,BULL,2026-01-08 10:00:00,H1,2026-01-08 10:00:00,1.22235
1,FX23,BUY,BUY,BUY,155,,,0,BULL,BULL,BULL,2026-01-08 10:00:00,H1,2026-01-08 10:00:00,1.23235
1,FX24,BUY,BUY,BUY,155,,,0,BULL,BULL,BULL,2026-01-08 10:00:00,H1,2026-01-08 10:00:00,1.24235
1,FX25,BUY,BUY,BUY,155,,,0,BULL,BULL,BULL,2026-01-08 10:00:00,H1,2026-01-08 10:00:00,1.25235
1,FX26,BUY,BUY,BUY,155,,,0,BULL,BULL,BULL,2026-01-08 10:00:00,H1,2026-01-08 10:00:00,1.26235
1,FX27,BUY,BUY,BUY,155,,,0,BULL,BULL,BULL,2026-01-08 10:00:00,H1,2026-01-08 10:00:00,1.27235
1,FX28,BUY,BUY,BUY,155,,,0,BULL,BULL,BULL,2026-01-08 10:00:00,H1,2026-01-08 10:00:00,1.28235
1,FX29,BUY,BUY,BUY,155,,,0,BULL,BULL,BULL,2026-01-08 10:00:00,H1,2026-01-08 10:00:00,1.29235
1,FX00,BUY,BUY,BUY,156,,,0,BULL,BULL,BULL,2026-01-08 11:00:00,H1,2026-01-08 11:00:00,1.00235
1,FX01,BUY,BUY,BUY,156,,,0,BULL,BULL,BULL,2026-01-08 11:00:00,H1,2026-01-08 11:00:00,1.01235
1,FX02,BUY,BUY,BUY,156,,,0,BULL,BULL,BULL,2026-01-08 11:00:00,H1,2026-01-08 11:00:00,1.02235
1,FX03,BUY,BUY,BUY,156,,,0,BULL,BULL,BULL,2026-01-08 11:00:00,H1,2026-01-08 11:00:00,1.03235
1,FX04,BUY,BUY,BUY,156,,,0,BULL,BULL,BULL,2026-01-08 11:00:00,H1,2026-01-08 11:00:00,1.04235
1,FX05,BUY,BUY,BUY,156,,,0,BULL,BULL,BULL,2026-01-08 11:00:00,H1,2026-01-08 11:00:00,1.05235
1,FX06,BUY,BUY,BUY,156,,,0,BULL,BULL,BULL,2026-01-08 11:00:00,H1,2026-01-08 11:00:00,1.06235
1,FX07,BUY,BUY,BUY,156,,,0,BULL,BULL,BULL,2026-01-08 11:00:00,H1,2026-01-08 11:00:00,1.07235
1,FX08,BUY,BUY,BUY,156,,,0,BULL,BULL,BULL,2026-01-08 11:00:00,H1,2026-01-08 11:00:00,1.08235
1,FX09,BUY,BUY,BUY,156,,,0,BULL,BULL,BULL,2026-01-08 11:00:00,H1,2026-01-08 11:00:00,1.09235
1,FX10,BUY,BUY,BUY,156,,,0,BULL,BULL,BULL,2026-01-08 11:00:00,H1,2026-01-08 11:00:00,1.10235
1,FX11,BUY,BUY,BUY,156,,,0,BULL,BULL,BULL,2026-01-08 11:00:00,H1,2026-01-08 11:00:00,1.11235
1,FX12,BUY,BUY,BUY,156,,,0,BULL,BULL,BULL,2026-01-08 11:00:00,H1,2026-01-08 11:00:00,1.12235
1,FX13,BUY,BUY,BUY,156,,,0,BULL,BULL,BULL,2026-01-08 11:00:00,H1,2026-01-08 11:00:00,1.13235
1,FX14,BUY,BUY,BUY,156,,,0,BULL,BULL,BULL,2026-01-08 11:00:00,H1,2026-01-08 11:00:00,1.14235
1,FX15,BUY,BUY,BUY,156,,,0,BULL,BULL,BULL,2026-01-08 11:00:00,H1,2026-01-08 11:00:00,1.15235
1,FX16,BUY,BUY,BUY,156,,,0,BULL,BULL,BULL,2026-01-08 11:00:00,H1,2026-01-08 11:00:00,1.16235
1,FX17,BUY,BUY,BUY,156,,,0,BULL,BULL,BULL,2026-01-08 11:00:00,H1,2026-01-08 11:00:00,1.17235
1,FX18,BUY,BUY,BUY,156,,,0,BULL,BULL,BULL,2026-01-08 11:00:00,H1,2026-01-08 11:00:00,1.18235
1,FX19,BUY,BUY,BUY,156,,,0,BULL,BULL,BULL,2026-01-08 11:00:00,H1,2026-01-08 11:00:00,1.19235
1,FX20,BUY,BUY,BUY,156,,,0,BULL,BULL,BULL,2026-01-08 11:00:00,H1,2026-01-08 11:00:00,1.20235
1,FX21,BUY,BUY,BUY,156,,,0,BULL,BULL,BULL,2026-01-08 11:00:00,H1,2026-01-08 11:00:00,1.21235
1,FX22,BUY,BUY,BUY,156,,,0,BULL,BULL,BULL,2026-01-08 11:00:00,H1,2026-01-08 11:00:00,1.22235
1,FX23,BUY,BUY,BUY,156,,,0,BULL,BULL,BULL,2026-01-08 11:00:00,H1,2026-01-08 11:00:00,1.23235
1,FX24,BUY,BUY,BUY,156,,,0,BULL,BULL,BULL,2026-01-08 11:00:00,H1,2026-01-08 11:00:00,1.24235
1,FX25,BUY,BUY,BUY,156,,,0,BULL,BULL,BULL,2026-01-08 11:00:00,H1,2026-01-08 11:00:00,1.25235
1,FX26,BUY,BUY,BUY,156,,,0,BULL,BULL,BULL,2026-01-08 11:00:00,H1,2026-01-08 11:00:00,1.26235
1,FX27,BUY,BUY,BUY,156,,,0,BULL,BULL,BULL,2026-01-08 11:00:00,H1,2026-01-08 11:00:00,1.27235
1,FX28,BUY,BUY,BUY,156,,,0,BULL,BULL,BULL,2026-01-08 11:00:00,H1,2026-01-08 11:00:00,1.28235
1,FX29,BUY,BUY,BUY,156,,,0,BULL,BULL,BULL,2026-01-08 11:00:00,H1,2026-01-08 11:00:00,1.29235
